complaint_id,date,complaint_type,reported_amount,victim_account,suspected_account,transaction_id,channel,city,state,status,risk_score,risk_label
CMP-1000,2025-06-08T22:00:00,Phishing,8706.8,ACC00291,ACC00451,TXN100000,UPI,Kanpur,Uttar Pradesh,Closed,33,LOW
CMP-1001,2025-02-05T11:00:00,OTP Fraud,6819.46,ACC00147,ACC00095,TXN100001,Wallet,Delhi,Delhi,Escalated,14,LOW
CMP-1002,2025-02-12T20:00:00,Phishing,7420.81,ACC00400,ACC00387,TXN100002,Card,Lucknow,Uttar Pradesh,Open,22,LOW
CMP-1003,2025-05-04T08:00:00,UPI Fraud,1555.41,ACC00440,ACC00316,TXN100003,NEFT,Jaipur,Rajasthan,Closed,13,LOW
CMP-1004,2025-07-03T14:00:00,Romance Scam,2045.41,ACC00280,ACC00064,TXN100004,IMPS,Kanpur,Uttar Pradesh,Open,34,LOW
CMP-1005,2025-01-21T00:00:00,Loan App Harassment,3503.21,ACC00279,ACC00047,TXN100005,Wallet,Delhi,Delhi,Open,27,LOW
CMP-1006,2025-07-29T23:00:00,Credit Card Fraud,10199.67,ACC00319,ACC00098,TXN100006,RTGS,Bengaluru,Karnataka,Escalated,87,CRITICAL
CMP-1007,2025-05-16T02:00:00,OTP Fraud,20190.88,ACC00411,ACC00455,TXN100007,NEFT,Lucknow,Uttar Pradesh,Open,43,MEDIUM
CMP-1008,2025-07-08T15:00:00,Credit Card Fraud,21814.49,ACC00273,ACC00023,TXN100008,RTGS,Kanpur,Uttar Pradesh,Closed,87,CRITICAL
CMP-1009,2025-01-14T16:00:00,Phishing,5507.28,ACC00135,ACC00081,TXN100009,RTGS,Patna,Bihar,Closed,28,LOW
CMP-1010,2025-09-17T13:00:00,Loan App Harassment,573.79,ACC00292,ACC00043,TXN100010,RTGS,Bengaluru,Karnataka,Open,31,LOW
CMP-1011,2025-02-01T17:00:00,UPI Fraud,3975.64,ACC00497,ACC00405,TXN100011,IMPS,Jaipur,Rajasthan,Open,33,LOW
CMP-1012,2025-04-20T19:00:00,Romance Scam,21857.44,ACC00486,ACC00086,TXN100012,RTGS,Mumbai,Maharashtra,Open,42,MEDIUM
CMP-1013,2025-06-17T15:00:00,Online Shopping Fraud,13259.64,ACC00348,ACC00053,TXN100013,UPI,Patna,Bihar,Open,50,MEDIUM
CMP-1014,2025-05-06T21:00:00,Romance Scam,304.21,ACC00320,ACC00086,TXN100014,Wallet,Jaipur,Rajasthan,Under Investigation,50,MEDIUM
CMP-1015,2025-04-16T13:00:00,Fake Investment App,5960.82,ACC00123,ACC00076,TXN100015,NEFT,Kanpur,Uttar Pradesh,Open,51,MEDIUM
CMP-1016,2025-06-22T17:00:00,Phishing,267.21,ACC00492,ACC00032,TXN100016,UPI,Bengaluru,Karnataka,Open,43,MEDIUM
CMP-1017,2025-08-16T10:00:00,Fake Investment App,6514.45,ACC00482,ACC00016,TXN100017,Wallet,Hyderabad,Telangana,Under Investigation,34,LOW
CMP-1018,2025-01-01T04:00:00,UPI Fraud,9946.68,ACC00136,ACC00094,TXN100018,Card,Jaipur,Rajasthan,Open,32,LOW
CMP-1019,2025-01-19T00:00:00,Job Fraud,4785.26,ACC00260,ACC00073,TXN100019,NEFT,Delhi,Delhi,Under Investigation,28,LOW
CMP-1020,2025-05-31T06:00:00,Credit Card Fraud,2025.08,ACC00307,ACC00041,TXN100020,Card,Delhi,Delhi,Open,32,LOW
CMP-1021,2025-03-29T12:00:00,Credit Card Fraud,634.3,ACC00145,ACC00013,TXN100021,Card,Jaipur,Rajasthan,Open,31,LOW
CMP-1022,2025-08-10T17:00:00,SIM Swap Fraud,853.68,ACC00302,ACC00481,TXN100022,IMPS,Delhi,Delhi,Open,42,MEDIUM
CMP-1023,2025-08-25T01:00:00,SIM Swap Fraud,3753.42,ACC00361,ACC00067,TXN100023,NEFT,Delhi,Delhi,Under Investigation,24,LOW
CMP-1024,2025-02-02T22:00:00,Credit Card Fraud,2408.1,ACC00220,ACC00032,TXN100024,IMPS,Mumbai,Maharashtra,Open,44,MEDIUM
CMP-1025,2025-06-03T23:00:00,Credit Card Fraud,6424.32,ACC00190,ACC00421,TXN100025,Wallet,Delhi,Delhi,Under Investigation,46,MEDIUM
CMP-1026,2025-08-23T23:00:00,Credit Card Fraud,4416.89,ACC00448,ACC00389,TXN100026,NEFT,Hyderabad,Telangana,Under Investigation,35,LOW
CMP-1027,2025-04-15T20:00:00,Loan App Harassment,9700.71,ACC00177,ACC00060,TXN100027,NEFT,Jaipur,Rajasthan,Under Investigation,28,LOW
CMP-1028,2025-02-01T01:00:00,UPI Fraud,3110.52,ACC00280,ACC00039,TXN100028,UPI,Lucknow,Uttar Pradesh,Under Investigation,33,LOW
CMP-1029,2025-09-06T19:00:00,Online Shopping Fraud,8662.86,ACC00246,ACC00011,TXN100029,Card,Jaipur,Rajasthan,Under Investigation,49,MEDIUM
CMP-1030,2025-02-26T12:00:00,Romance Scam,9843.74,ACC00397,ACC00094,TXN100030,Wallet,Hyderabad,Telangana,Closed,64,MEDIUM
CMP-1031,2025-03-09T12:00:00,UPI Fraud,5923.12,ACC00264,ACC00064,TXN100031,Card,Bengaluru,Karnataka,Open,34,LOW
CMP-1032,2025-08-22T11:00:00,OTP Fraud,22384.01,ACC00275,ACC00143,TXN100032,UPI,Delhi,Delhi,Under Investigation,43,MEDIUM
CMP-1033,2025-01-10T21:00:00,Credit Card Fraud,4245.59,ACC00462,ACC00056,TXN100033,IMPS,Bengaluru,Karnataka,Under Investigation,48,MEDIUM
CMP-1034,2025-04-12T06:00:00,SIM Swap Fraud,2527.31,ACC00290,ACC00298,TXN100034,RTGS,Jaipur,Rajasthan,Under Investigation,34,LOW
CMP-1035,2025-08-10T00:00:00,Online Shopping Fraud,8581.88,ACC00423,ACC00008,TXN100035,RTGS,Lucknow,Uttar Pradesh,Open,32,LOW
CMP-1036,2025-07-11T06:00:00,Credit Card Fraud,3793.32,ACC00245,ACC00084,TXN100036,IMPS,Patna,Bihar,Closed,36,LOW
CMP-1037,2025-05-19T23:00:00,Loan App Harassment,5154.36,ACC00141,ACC00018,TXN100037,RTGS,Jaipur,Rajasthan,Closed,47,MEDIUM
CMP-1038,2025-08-24T13:00:00,Job Fraud,8947.54,ACC00166,ACC00010,TXN100038,RTGS,Patna,Bihar,Open,59,MEDIUM
CMP-1039,2025-08-13T17:00:00,Online Shopping Fraud,16511.67,ACC00165,ACC00094,TXN100039,UPI,Jaipur,Rajasthan,Closed,75,HIGH
CMP-1040,2025-03-05T03:00:00,Fake Investment App,2948.47,ACC00360,ACC00046,TXN100040,NEFT,Patna,Bihar,Open,23,LOW
CMP-1041,2025-03-04T22:00:00,Loan App Harassment,6971.5,ACC00198,ACC00017,TXN100041,UPI,Hyderabad,Telangana,Open,27,LOW
CMP-1042,2025-02-19T21:00:00,Credit Card Fraud,4694.83,ACC00438,ACC00098,TXN100042,Card,Lucknow,Uttar Pradesh,Under Investigation,41,MEDIUM
CMP-1043,2025-08-17T00:00:00,OTP Fraud,2707.85,ACC00183,ACC00088,TXN100043,RTGS,Mumbai,Maharashtra,Escalated,42,MEDIUM
CMP-1044,2025-08-25T00:00:00,Romance Scam,27557.74,ACC00122,ACC00086,TXN100044,Wallet,Hyderabad,Telangana,Escalated,79,HIGH
CMP-1045,2025-03-09T04:00:00,Fake Investment App,3740.26,ACC00485,ACC00057,TXN100045,NEFT,Kanpur,Uttar Pradesh,Open,27,LOW
CMP-1046,2025-05-26T02:00:00,Romance Scam,3853.29,ACC00199,ACC00073,TXN100046,NEFT,Hyderabad,Telangana,Closed,37,LOW
CMP-1047,2025-03-15T00:00:00,Credit Card Fraud,18124.61,ACC00357,ACC00020,TXN100047,IMPS,Patna,Bihar,Escalated,72,HIGH
CMP-1048,2025-04-12T04:00:00,Phishing,11469.74,ACC00126,ACC00047,TXN100048,RTGS,Kanpur,Uttar Pradesh,Under Investigation,83,HIGH
CMP-1049,2025-02-15T18:00:00,Online Shopping Fraud,11238.41,ACC00245,ACC00020,TXN100049,IMPS,Delhi,Delhi,Open,86,CRITICAL
CMP-1050,2025-05-04T01:00:00,SIM Swap Fraud,45362.55,ACC00146,ACC00213,TXN100050,UPI,Patna,Bihar,Escalated,26,LOW
CMP-1051,2025-06-04T09:00:00,Phishing,17158.78,ACC00127,ACC00047,TXN100051,NEFT,Patna,Bihar,Open,69,HIGH
CMP-1052,2025-03-07T00:00:00,SIM Swap Fraud,4340.34,ACC00114,ACC00012,TXN100052,IMPS,Bengaluru,Karnataka,Escalated,20,LOW
CMP-1053,2025-09-03T02:00:00,OTP Fraud,5419.98,ACC00119,ACC00060,TXN100053,RTGS,Mumbai,Maharashtra,Under Investigation,48,MEDIUM
CMP-1054,2025-08-03T07:00:00,Fake Investment App,8185.31,ACC00329,ACC00010,TXN100054,IMPS,Hyderabad,Telangana,Open,41,MEDIUM
CMP-1055,2025-03-01T03:00:00,UPI Fraud,644.55,ACC00156,ACC00030,TXN100055,IMPS,Patna,Bihar,Open,28,LOW
CMP-1056,2025-03-25T17:00:00,Romance Scam,2083.22,ACC00427,ACC00058,TXN100056,Wallet,Patna,Bihar,Open,42,MEDIUM
CMP-1057,2025-08-14T17:00:00,Loan App Harassment,1367.11,ACC00423,ACC00030,TXN100057,Card,Lucknow,Uttar Pradesh,Escalated,65,HIGH
CMP-1058,2025-05-22T03:00:00,Phishing,4127.71,ACC00414,ACC00073,TXN100058,Wallet,Lucknow,Uttar Pradesh,Under Investigation,20,LOW
CMP-1059,2025-05-18T00:00:00,Online Shopping Fraud,2404.34,ACC00134,ACC00378,TXN100059,Wallet,Jaipur,Rajasthan,Under Investigation,46,MEDIUM
CMP-1060,2025-08-26T23:00:00,SIM Swap Fraud,4114.25,ACC00299,ACC00122,TXN100060,NEFT,Lucknow,Uttar Pradesh,Under Investigation,18,LOW
CMP-1061,2025-01-01T14:00:00,Phishing,1023.79,ACC00282,ACC00044,TXN100061,Wallet,Lucknow,Uttar Pradesh,Open,42,MEDIUM
CMP-1062,2025-05-26T05:00:00,OTP Fraud,8015.41,ACC00168,ACC00069,TXN100062,RTGS,Jaipur,Rajasthan,Open,23,LOW
CMP-1063,2025-03-26T14:00:00,Phishing,6809.71,ACC00456,ACC00023,TXN100063,RTGS,Hyderabad,Telangana,Escalated,34,LOW
CMP-1064,2025-02-08T11:00:00,UPI Fraud,1753.34,ACC00118,ACC00005,TXN100064,NEFT,Hyderabad,Telangana,Escalated,54,MEDIUM
CMP-1065,2025-09-11T17:00:00,UPI Fraud,18707.33,ACC00363,ACC00069,TXN100065,RTGS,Kanpur,Uttar Pradesh,Under Investigation,83,HIGH
CMP-1066,2025-09-05T21:00:00,SIM Swap Fraud,13819.46,ACC00246,ACC00099,TXN100066,NEFT,Bengaluru,Karnataka,Open,85,CRITICAL
CMP-1067,2025-02-07T02:00:00,Job Fraud,3443.72,ACC00288,ACC00051,TXN100067,NEFT,Delhi,Delhi,Escalated,35,LOW
CMP-1068,2025-05-06T05:00:00,Online Shopping Fraud,18065.43,ACC00354,ACC00047,TXN100068,NEFT,Mumbai,Maharashtra,Closed,67,HIGH
CMP-1069,2025-09-02T01:00:00,OTP Fraud,15145.45,ACC00472,ACC00055,TXN100069,Wallet,Delhi,Delhi,Under Investigation,76,HIGH
CMP-1070,2025-01-22T19:00:00,Loan App Harassment,1070.72,ACC00264,ACC00041,TXN100070,Card,Kanpur,Uttar Pradesh,Under Investigation,21,LOW
CMP-1071,2025-09-12T04:00:00,SIM Swap Fraud,13510.64,ACC00185,ACC00044,TXN100071,Wallet,Patna,Bihar,Under Investigation,81,HIGH
CMP-1072,2025-01-11T16:00:00,Job Fraud,6195.79,ACC00240,ACC00007,TXN100072,NEFT,Patna,Bihar,Open,45,MEDIUM
CMP-1073,2025-06-10T14:00:00,Romance Scam,7399.41,ACC00115,ACC00077,TXN100073,UPI,Mumbai,Maharashtra,Under Investigation,32,LOW
CMP-1074,2025-09-04T15:00:00,Job Fraud,8689.53,ACC00134,ACC00082,TXN100074,Wallet,Mumbai,Maharashtra,Under Investigation,50,MEDIUM
CMP-1075,2025-05-06T15:00:00,SIM Swap Fraud,52652.73,ACC00409,ACC00057,TXN100075,Card,Lucknow,Uttar Pradesh,Closed,89,CRITICAL
CMP-1076,2025-07-23T11:00:00,Loan App Harassment,31389.01,ACC00393,ACC00046,TXN100076,IMPS,Delhi,Delhi,Under Investigation,69,HIGH
CMP-1077,2025-06-04T15:00:00,Online Shopping Fraud,66530.45,ACC00113,ACC00063,TXN100077,UPI,Delhi,Delhi,Under Investigation,69,HIGH
CMP-1078,2025-03-27T11:00:00,Credit Card Fraud,9212.47,ACC00496,ACC00057,TXN100078,NEFT,Kanpur,Uttar Pradesh,Open,39,LOW
CMP-1079,2025-04-23T01:00:00,Romance Scam,1161.72,ACC00202,ACC00009,TXN100079,UPI,Hyderabad,Telangana,Under Investigation,49,MEDIUM
CMP-1080,2025-05-22T11:00:00,Loan App Harassment,4051.48,ACC00441,ACC00008,TXN100080,NEFT,Jaipur,Rajasthan,Under Investigation,25,LOW
CMP-1081,2025-02-27T10:00:00,SIM Swap Fraud,8354.03,ACC00464,ACC00089,TXN100081,Wallet,Mumbai,Maharashtra,Under Investigation,29,LOW
CMP-1082,2025-02-15T23:00:00,Romance Scam,17058.06,ACC00162,ACC00171,TXN100082,UPI,Bengaluru,Karnataka,Open,31,LOW
CMP-1083,2025-06-13T17:00:00,Online Shopping Fraud,5071.83,ACC00383,ACC00059,TXN100083,IMPS,Jaipur,Rajasthan,Escalated,53,MEDIUM
CMP-1084,2025-05-22T12:00:00,Online Shopping Fraud,3132.54,ACC00133,ACC00091,TXN100084,Card,Delhi,Delhi,Escalated,35,LOW
CMP-1085,2025-04-13T14:00:00,Romance Scam,20923.7,ACC00394,ACC00040,TXN100085,Card,Patna,Bihar,Under Investigation,80,HIGH
CMP-1086,2025-06-20T23:00:00,Credit Card Fraud,1850.05,ACC00165,ACC00499,TXN100086,IMPS,Jaipur,Rajasthan,Under Investigation,18,LOW
CMP-1087,2025-04-10T11:00:00,Online Shopping Fraud,2868.39,ACC00321,ACC00007,TXN100087,IMPS,Mumbai,Maharashtra,Escalated,42,MEDIUM
CMP-1088,2025-07-21T09:00:00,Online Shopping Fraud,30514.05,ACC00184,ACC00090,TXN100088,NEFT,Kanpur,Uttar Pradesh,Open,90,CRITICAL
CMP-1089,2025-04-07T12:00:00,Loan App Harassment,2266.37,ACC00228,ACC00070,TXN100089,Wallet,Delhi,Delhi,Open,33,LOW
CMP-1090,2025-04-24T02:00:00,OTP Fraud,28884.9,ACC00357,ACC00075,TXN100090,IMPS,Delhi,Delhi,Closed,55,MEDIUM
CMP-1091,2025-05-31T15:00:00,Credit Card Fraud,6601.41,ACC00388,ACC00003,TXN100091,NEFT,Jaipur,Rajasthan,Open,26,LOW
CMP-1092,2025-03-23T09:00:00,Romance Scam,32482.02,ACC00492,ACC00079,TXN100092,RTGS,Bengaluru,Karnataka,Under Investigation,93,CRITICAL
CMP-1093,2025-04-14T05:00:00,Job Fraud,7914.56,ACC00428,ACC00347,TXN100093,NEFT,Kanpur,Uttar Pradesh,Open,31,LOW
CMP-1094,2025-04-25T07:00:00,Romance Scam,42029.95,ACC00137,ACC00020,TXN100094,Card,Hyderabad,Telangana,Under Investigation,67,HIGH
CMP-1095,2025-02-07T10:00:00,SIM Swap Fraud,9381.92,ACC00274,ACC00040,TXN100095,RTGS,Bengaluru,Karnataka,Closed,36,LOW
CMP-1096,2025-03-07T08:00:00,Phishing,23040.24,ACC00304,ACC00047,TXN100096,NEFT,Jaipur,Rajasthan,Under Investigation,55,MEDIUM
CMP-1097,2025-04-03T12:00:00,Phishing,10699.29,ACC00338,ACC00057,TXN100097,UPI,Bengaluru,Karnataka,Open,86,CRITICAL
CMP-1098,2025-04-27T20:00:00,OTP Fraud,28068.52,ACC00296,ACC00314,TXN100098,NEFT,Kanpur,Uttar Pradesh,Open,62,MEDIUM
CMP-1099,2025-01-09T23:00:00,Romance Scam,3450.29,ACC00197,ACC00063,TXN100099,Card,Jaipur,Rajasthan,Closed,29,LOW
CMP-1100,2025-01-14T15:00:00,Fake Investment App,2474.37,ACC00354,ACC00050,TXN100100,IMPS,Kanpur,Uttar Pradesh,Under Investigation,28,LOW
CMP-1101,2025-01-24T02:00:00,Romance Scam,32445.97,ACC00124,ACC00063,TXN100101,NEFT,Jaipur,Rajasthan,Under Investigation,84,HIGH
CMP-1102,2025-04-14T11:00:00,Job Fraud,898.83,ACC00155,ACC00033,TXN100102,NEFT,Lucknow,Uttar Pradesh,Escalated,41,MEDIUM
CMP-1103,2025-05-16T08:00:00,Online Shopping Fraud,1522.15,ACC00305,ACC00071,TXN100103,NEFT,Lucknow,Uttar Pradesh,Open,36,LOW
CMP-1104,2025-02-04T03:00:00,Credit Card Fraud,5272.41,ACC00297,ACC00097,TXN100104,RTGS,Delhi,Delhi,Under Investigation,36,LOW
CMP-1105,2025-02-12T04:00:00,SIM Swap Fraud,2224.15,ACC00165,ACC00301,TXN100105,Wallet,Delhi,Delhi,Under Investigation,40,MEDIUM
CMP-1106,2025-03-02T23:00:00,Online Shopping Fraud,11916.89,ACC00486,ACC00077,TXN100106,UPI,Jaipur,Rajasthan,Under Investigation,60,MEDIUM
CMP-1107,2025-09-12T08:00:00,Online Shopping Fraud,6015.82,ACC00119,ACC00042,TXN100107,Card,Lucknow,Uttar Pradesh,Escalated,37,LOW
CMP-1108,2025-07-19T02:00:00,Credit Card Fraud,9699.52,ACC00410,ACC00171,TXN100108,NEFT,Mumbai,Maharashtra,Open,36,LOW
CMP-1109,2025-08-03T16:00:00,Credit Card Fraud,641.6,ACC00301,ACC00478,TXN100109,NEFT,Mumbai,Maharashtra,Escalated,46,MEDIUM
CMP-1110,2025-02-11T14:00:00,SIM Swap Fraud,11881.26,ACC00462,ACC00060,TXN100110,NEFT,Hyderabad,Telangana,Escalated,70,HIGH
CMP-1111,2025-09-16T18:00:00,UPI Fraud,3684.3,ACC00313,ACC00092,TXN100111,Wallet,Delhi,Delhi,Closed,28,LOW
CMP-1112,2025-01-29T15:00:00,Fake Investment App,13248.27,ACC00235,ACC00497,TXN100112,RTGS,Hyderabad,Telangana,Under Investigation,33,LOW
CMP-1113,2025-08-17T07:00:00,Credit Card Fraud,3458.14,ACC00398,ACC00067,TXN100113,Card,Lucknow,Uttar Pradesh,Under Investigation,46,MEDIUM
CMP-1114,2025-03-19T15:00:00,Phishing,16650.35,ACC00448,ACC00073,TXN100114,IMPS,Mumbai,Maharashtra,Closed,57,MEDIUM
CMP-1115,2025-06-08T13:00:00,Fake Investment App,12865.67,ACC00325,ACC00019,TXN100115,Card,Lucknow,Uttar Pradesh,Under Investigation,49,MEDIUM
CMP-1116,2025-06-05T13:00:00,Fake Investment App,3521.58,ACC00476,ACC00090,TXN100116,Wallet,Hyderabad,Telangana,Open,34,LOW
CMP-1117,2025-06-02T04:00:00,OTP Fraud,19852.69,ACC00439,ACC00048,TXN100117,Card,Jaipur,Rajasthan,Open,83,HIGH
CMP-1118,2025-05-11T13:00:00,Loan App Harassment,817.51,ACC00379,ACC00098,TXN100118,Wallet,Jaipur,Rajasthan,Closed,37,LOW
CMP-1119,2025-05-04T09:00:00,Fake Investment App,29343.32,ACC00198,ACC00242,TXN100119,NEFT,Hyderabad,Telangana,Under Investigation,38,LOW
CMP-1120,2025-07-06T12:00:00,Romance Scam,3649.48,ACC00460,ACC00090,TXN100120,NEFT,Kanpur,Uttar Pradesh,Under Investigation,50,MEDIUM
CMP-1121,2025-08-22T01:00:00,Job Fraud,5665.99,ACC00247,ACC00086,TXN100121,NEFT,Kanpur,Uttar Pradesh,Under Investigation,39,LOW
CMP-1122,2025-04-09T04:00:00,Romance Scam,1056.51,ACC00248,ACC00091,TXN100122,RTGS,Mumbai,Maharashtra,Open,33,LOW
CMP-1123,2025-02-13T14:00:00,Loan App Harassment,46821.45,ACC00482,ACC00025,TXN100123,Wallet,Kanpur,Uttar Pradesh,Escalated,78,HIGH
CMP-1124,2025-08-30T12:00:00,Fake Investment App,1974.71,ACC00170,ACC00094,TXN100124,UPI,Kanpur,Uttar Pradesh,Under Investigation,36,LOW
CMP-1125,2025-07-06T09:00:00,Romance Scam,1533.79,ACC00426,ACC00012,TXN100125,UPI,Bengaluru,Karnataka,Under Investigation,35,LOW
CMP-1126,2025-08-12T19:00:00,Romance Scam,2593.18,ACC00102,ACC00180,TXN100126,Card,Mumbai,Maharashtra,Under Investigation,24,LOW
CMP-1127,2025-07-26T04:00:00,UPI Fraud,4195.51,ACC00487,ACC00264,TXN100127,UPI,Bengaluru,Karnataka,Open,44,MEDIUM
CMP-1128,2025-01-23T19:00:00,OTP Fraud,8305.76,ACC00373,ACC00004,TXN100128,Card,Bengaluru,Karnataka,Closed,7,LOW
CMP-1129,2025-01-30T00:00:00,OTP Fraud,6452.66,ACC00118,ACC00303,TXN100129,RTGS,Mumbai,Maharashtra,Escalated,62,MEDIUM
CMP-1130,2025-06-04T19:00:00,SIM Swap Fraud,1532.52,ACC00119,ACC00072,TXN100130,NEFT,Kanpur,Uttar Pradesh,Under Investigation,40,MEDIUM
CMP-1131,2025-04-04T21:00:00,OTP Fraud,6963.35,ACC00428,ACC00063,TXN100131,Wallet,Hyderabad,Telangana,Closed,53,MEDIUM
CMP-1132,2025-03-08T07:00:00,Romance Scam,10529.85,ACC00239,ACC00014,TXN100132,RTGS,Hyderabad,Telangana,Open,80,HIGH
CMP-1133,2025-06-24T19:00:00,Loan App Harassment,2631.92,ACC00467,ACC00094,TXN100133,Wallet,Kanpur,Uttar Pradesh,Open,40,MEDIUM
CMP-1134,2025-04-21T03:00:00,Job Fraud,8544.81,ACC00189,ACC00081,TXN100134,Wallet,Bengaluru,Karnataka,Closed,30,LOW
CMP-1135,2025-05-03T12:00:00,OTP Fraud,2691.25,ACC00144,ACC00012,TXN100135,Card,Jaipur,Rajasthan,Open,23,LOW
CMP-1136,2025-03-01T04:00:00,Loan App Harassment,1142.46,ACC00227,ACC00049,TXN100136,NEFT,Jaipur,Rajasthan,Open,44,MEDIUM
CMP-1137,2025-06-14T01:00:00,SIM Swap Fraud,3046.33,ACC00398,ACC00001,TXN100137,RTGS,Kanpur,Uttar Pradesh,Open,26,LOW
CMP-1138,2025-06-05T16:00:00,Job Fraud,629.53,ACC00131,ACC00059,TXN100138,RTGS,Bengaluru,Karnataka,Open,11,LOW
CMP-1139,2025-07-08T00:00:00,Fake Investment App,15473.28,ACC00453,ACC00037,TXN100139,IMPS,Kanpur,Uttar Pradesh,Under Investigation,68,HIGH
CMP-1140,2025-06-06T08:00:00,SIM Swap Fraud,5919.67,ACC00344,ACC00095,TXN100140,Card,Mumbai,Maharashtra,Closed,38,LOW
CMP-1141,2025-03-10T15:00:00,Fake Investment App,816.76,ACC00487,ACC00085,TXN100141,RTGS,Hyderabad,Telangana,Escalated,53,MEDIUM
CMP-1142,2025-04-06T08:00:00,Credit Card Fraud,1596.1,ACC00369,ACC00090,TXN100142,UPI,Delhi,Delhi,Under Investigation,59,MEDIUM
CMP-1143,2025-08-05T16:00:00,OTP Fraud,6098.42,ACC00380,ACC00203,TXN100143,IMPS,Lucknow,Uttar Pradesh,Under Investigation,27,LOW
CMP-1144,2025-03-12T14:00:00,Credit Card Fraud,1473.19,ACC00366,ACC00087,TXN100144,Card,Jaipur,Rajasthan,Open,43,MEDIUM
CMP-1145,2025-04-29T04:00:00,Online Shopping Fraud,4197.05,ACC00361,ACC00007,TXN100145,Card,Delhi,Delhi,Under Investigation,28,LOW
CMP-1146,2025-04-05T23:00:00,Loan App Harassment,574.65,ACC00388,ACC00059,TXN100146,RTGS,Hyderabad,Telangana,Under Investigation,27,LOW
CMP-1147,2025-05-31T02:00:00,Credit Card Fraud,5549.92,ACC00302,ACC00000,TXN100147,UPI,Lucknow,Uttar Pradesh,Escalated,39,LOW
CMP-1148,2025-07-16T04:00:00,UPI Fraud,887.49,ACC00316,ACC00008,TXN100148,UPI,Lucknow,Uttar Pradesh,Under Investigation,13,LOW
CMP-1149,2025-08-02T00:00:00,Job Fraud,376.48,ACC00116,ACC00023,TXN100149,NEFT,Hyderabad,Telangana,Escalated,29,LOW
CMP-1150,2025-02-01T23:00:00,Online Shopping Fraud,2146.02,ACC00329,ACC00293,TXN100150,IMPS,Patna,Bihar,Under Investigation,44,MEDIUM
CMP-1151,2025-06-24T02:00:00,OTP Fraud,12023.59,ACC00160,ACC00068,TXN100151,RTGS,Jaipur,Rajasthan,Under Investigation,66,HIGH
CMP-1152,2025-08-13T14:00:00,Online Shopping Fraud,1258.93,ACC00101,ACC00038,TXN100152,Card,Bengaluru,Karnataka,Under Investigation,35,LOW
CMP-1153,2025-01-17T02:00:00,Fake Investment App,2321.02,ACC00217,ACC00044,TXN100153,RTGS,Patna,Bihar,Open,20,LOW
CMP-1154,2025-04-10T08:00:00,UPI Fraud,5250.25,ACC00116,ACC00053,TXN100154,IMPS,Delhi,Delhi,Under Investigation,15,LOW
CMP-1155,2025-08-03T06:00:00,UPI Fraud,8053.9,ACC00134,ACC00004,TXN100155,IMPS,Bengaluru,Karnataka,Under Investigation,28,LOW
CMP-1156,2025-05-30T13:00:00,UPI Fraud,5058.04,ACC00305,ACC00069,TXN100156,IMPS,Lucknow,Uttar Pradesh,Open,5,LOW
CMP-1157,2025-04-14T12:00:00,Credit Card Fraud,24928.34,ACC00219,ACC00093,TXN100157,Wallet,Kanpur,Uttar Pradesh,Under Investigation,88,CRITICAL
CMP-1158,2025-05-19T17:00:00,Online Shopping Fraud,3302.63,ACC00221,ACC00018,TXN100158,IMPS,Jaipur,Rajasthan,Closed,29,LOW
CMP-1159,2025-08-01T07:00:00,OTP Fraud,10759.01,ACC00253,ACC00071,TXN100159,RTGS,Patna,Bihar,Closed,76,HIGH
CMP-1160,2025-05-30T11:00:00,Job Fraud,13408.07,ACC00384,ACC00044,TXN100160,Wallet,Patna,Bihar,Closed,55,MEDIUM
CMP-1161,2025-02-06T21:00:00,OTP Fraud,2785.32,ACC00456,ACC00019,TXN100161,Wallet,Jaipur,Rajasthan,Open,46,MEDIUM
CMP-1162,2025-09-05T19:00:00,OTP Fraud,2039.6,ACC00223,ACC00038,TXN100162,Card,Hyderabad,Telangana,Closed,39,LOW
CMP-1163,2025-05-05T12:00:00,OTP Fraud,4364.06,ACC00387,ACC00053,TXN100163,Card,Lucknow,Uttar Pradesh,Under Investigation,34,LOW
CMP-1164,2025-07-21T02:00:00,Romance Scam,10130.15,ACC00230,ACC00082,TXN100164,NEFT,Bengaluru,Karnataka,Open,76,HIGH
CMP-1165,2025-08-16T06:00:00,Job Fraud,5187.25,ACC00374,ACC00024,TXN100165,RTGS,Delhi,Delhi,Open,32,LOW
CMP-1166,2025-04-05T09:00:00,Online Shopping Fraud,1136.43,ACC00137,ACC00097,TXN100166,IMPS,Lucknow,Uttar Pradesh,Under Investigation,38,LOW
CMP-1167,2025-02-25T11:00:00,UPI Fraud,10001.69,ACC00206,ACC00270,TXN100167,IMPS,Hyderabad,Telangana,Open,51,MEDIUM
CMP-1168,2025-03-19T10:00:00,Fake Investment App,2252.87,ACC00479,ACC00096,TXN100168,RTGS,Bengaluru,Karnataka,Under Investigation,45,MEDIUM
CMP-1169,2025-02-16T16:00:00,Loan App Harassment,26194.1,ACC00303,ACC00382,TXN100169,Card,Bengaluru,Karnataka,Open,51,MEDIUM
CMP-1170,2025-03-01T05:00:00,Online Shopping Fraud,2560.32,ACC00373,ACC00039,TXN100170,Card,Hyderabad,Telangana,Open,28,LOW
CMP-1171,2025-06-20T20:00:00,SIM Swap Fraud,12897.47,ACC00150,ACC00092,TXN100171,IMPS,Hyderabad,Telangana,Under Investigation,83,HIGH
CMP-1172,2025-04-16T15:00:00,OTP Fraud,7468.09,ACC00260,ACC00072,TXN100172,UPI,Jaipur,Rajasthan,Closed,8,LOW
CMP-1173,2025-05-06T04:00:00,Loan App Harassment,7785.57,ACC00383,ACC00396,TXN100173,IMPS,Kanpur,Uttar Pradesh,Escalated,33,LOW
CMP-1174,2025-03-06T03:00:00,Romance Scam,22167.56,ACC00268,ACC00072,TXN100174,Wallet,Bengaluru,Karnataka,Escalated,70,HIGH
CMP-1175,2025-06-01T16:00:00,Romance Scam,8129.8,ACC00231,ACC00062,TXN100175,Card,Jaipur,Rajasthan,Closed,20,LOW
CMP-1176,2025-03-26T20:00:00,Online Shopping Fraud,1320.96,ACC00475,ACC00021,TXN100176,Card,Mumbai,Maharashtra,Open,41,MEDIUM
CMP-1177,2025-01-17T01:00:00,Phishing,1067.7,ACC00377,ACC00130,TXN100177,RTGS,Mumbai,Maharashtra,Under Investigation,25,LOW
CMP-1178,2025-06-17T11:00:00,Fake Investment App,2308.59,ACC00491,ACC00017,TXN100178,UPI,Lucknow,Uttar Pradesh,Escalated,29,LOW
CMP-1179,2025-02-03T20:00:00,Credit Card Fraud,10999.22,ACC00104,ACC00058,TXN100179,RTGS,Mumbai,Maharashtra,Under Investigation,60,MEDIUM
CMP-1180,2025-07-30T14:00:00,Job Fraud,3505.88,ACC00437,ACC00000,TXN100180,UPI,Hyderabad,Telangana,Under Investigation,47,MEDIUM
CMP-1181,2025-09-06T03:00:00,UPI Fraud,6772.29,ACC00371,ACC00068,TXN100181,Wallet,Lucknow,Uttar Pradesh,Closed,26,LOW
CMP-1182,2025-09-03T19:00:00,Fake Investment App,3953.73,ACC00191,ACC00012,TXN100182,IMPS,Patna,Bihar,Under Investigation,30,LOW
CMP-1183,2025-08-30T06:00:00,Job Fraud,9386.43,ACC00281,ACC00050,TXN100183,Card,Kanpur,Uttar Pradesh,Open,41,MEDIUM
CMP-1184,2025-05-09T09:00:00,Phishing,934.15,ACC00456,ACC00087,TXN100184,RTGS,Bengaluru,Karnataka,Escalated,31,LOW
CMP-1185,2025-08-20T10:00:00,UPI Fraud,4754.62,ACC00147,ACC00048,TXN100185,RTGS,Lucknow,Uttar Pradesh,Under Investigation,38,LOW
CMP-1186,2025-01-13T00:00:00,SIM Swap Fraud,11758.86,ACC00459,ACC00063,TXN100186,Wallet,Lucknow,Uttar Pradesh,Escalated,89,CRITICAL
CMP-1187,2025-07-28T02:00:00,Credit Card Fraud,4969.26,ACC00370,ACC00217,TXN100187,Card,Delhi,Delhi,Open,28,LOW
CMP-1188,2025-04-11T11:00:00,Online Shopping Fraud,1503.68,ACC00123,ACC00450,TXN100188,Wallet,Kanpur,Uttar Pradesh,Closed,13,LOW
CMP-1189,2025-05-23T19:00:00,Fake Investment App,4278.97,ACC00191,ACC00261,TXN100189,Wallet,Lucknow,Uttar Pradesh,Open,26,LOW
CMP-1190,2025-01-22T12:00:00,Loan App Harassment,5951.63,ACC00485,ACC00050,TXN100190,IMPS,Mumbai,Maharashtra,Closed,37,LOW
CMP-1191,2025-03-01T23:00:00,Online Shopping Fraud,1905.46,ACC00390,ACC00049,TXN100191,NEFT,Bengaluru,Karnataka,Under Investigation,24,LOW
CMP-1192,2025-01-19T23:00:00,Online Shopping Fraud,14163.44,ACC00486,ACC00088,TXN100192,RTGS,Patna,Bihar,Escalated,74,HIGH
CMP-1193,2025-03-25T03:00:00,SIM Swap Fraud,1617.03,ACC00127,ACC00029,TXN100193,Wallet,Jaipur,Rajasthan,Escalated,34,LOW
CMP-1194,2025-05-07T22:00:00,Romance Scam,66170.95,ACC00496,ACC00081,TXN100194,Card,Patna,Bihar,Open,80,HIGH
CMP-1195,2025-02-10T01:00:00,Credit Card Fraud,6329.33,ACC00282,ACC00048,TXN100195,RTGS,Bengaluru,Karnataka,Under Investigation,24,LOW
CMP-1196,2025-01-25T09:00:00,Phishing,453.86,ACC00143,ACC00037,TXN100196,UPI,Patna,Bihar,Escalated,46,MEDIUM
CMP-1197,2025-02-12T06:00:00,Job Fraud,6195.8,ACC00178,ACC00081,TXN100197,NEFT,Kanpur,Uttar Pradesh,Open,41,MEDIUM
CMP-1198,2025-05-09T00:00:00,Loan App Harassment,11167.98,ACC00154,ACC00039,TXN100198,UPI,Jaipur,Rajasthan,Under Investigation,70,HIGH
CMP-1199,2025-03-09T13:00:00,Online Shopping Fraud,1254.57,ACC00144,ACC00057,TXN100199,Card,Mumbai,Maharashtra,Under Investigation,42,MEDIUM
CMP-1200,2025-09-12T17:00:00,Credit Card Fraud,1184.51,ACC00113,ACC00070,TXN100200,NEFT,Delhi,Delhi,Open,37,LOW
CMP-1201,2025-01-15T07:00:00,Online Shopping Fraud,1975.73,ACC00106,ACC00049,TXN100201,IMPS,Patna,Bihar,Escalated,45,MEDIUM
CMP-1202,2025-05-21T17:00:00,Loan App Harassment,7007.52,ACC00450,ACC00017,TXN100202,Card,Mumbai,Maharashtra,Open,26,LOW
CMP-1203,2025-01-24T23:00:00,Romance Scam,1318.56,ACC00132,ACC00035,TXN100203,UPI,Mumbai,Maharashtra,Under Investigation,34,LOW
CMP-1204,2025-03-31T09:00:00,Credit Card Fraud,11894.01,ACC00228,ACC00469,TXN100204,Wallet,Jaipur,Rajasthan,Under Investigation,45,MEDIUM
CMP-1205,2025-06-09T02:00:00,Job Fraud,14796.52,ACC00334,ACC00038,TXN100205,NEFT,Bengaluru,Karnataka,Open,77,HIGH
CMP-1206,2025-04-23T03:00:00,Credit Card Fraud,21152.01,ACC00268,ACC00055,TXN100206,IMPS,Patna,Bihar,Escalated,77,HIGH
CMP-1207,2025-07-12T21:00:00,SIM Swap Fraud,1917.81,ACC00264,ACC00088,TXN100207,IMPS,Kanpur,Uttar Pradesh,Open,27,LOW
CMP-1208,2025-08-17T15:00:00,Credit Card Fraud,16479.88,ACC00263,ACC00088,TXN100208,IMPS,Patna,Bihar,Under Investigation,64,MEDIUM
CMP-1209,2025-07-31T14:00:00,Credit Card Fraud,1659.4,ACC00292,ACC00050,TXN100209,IMPS,Jaipur,Rajasthan,Under Investigation,52,MEDIUM
CMP-1210,2025-05-21T12:00:00,Romance Scam,6336.15,ACC00449,ACC00003,TXN100210,RTGS,Mumbai,Maharashtra,Closed,37,LOW
CMP-1211,2025-08-05T00:00:00,Job Fraud,12206.13,ACC00324,ACC00088,TXN100211,RTGS,Bengaluru,Karnataka,Open,84,HIGH
CMP-1212,2025-06-26T18:00:00,OTP Fraud,4373.56,ACC00171,ACC00030,TXN100212,RTGS,Hyderabad,Telangana,Open,49,MEDIUM
CMP-1213,2025-05-11T02:00:00,Job Fraud,27449.66,ACC00293,ACC00076,TXN100213,Wallet,Patna,Bihar,Under Investigation,59,MEDIUM
CMP-1214,2025-07-22T05:00:00,Online Shopping Fraud,7580.26,ACC00378,ACC00046,TXN100214,Wallet,Patna,Bihar,Escalated,24,LOW
CMP-1215,2025-01-01T04:00:00,OTP Fraud,3109.4,ACC00155,ACC00084,TXN100215,RTGS,Delhi,Delhi,Under Investigation,20,LOW
CMP-1216,2025-04-15T20:00:00,SIM Swap Fraud,35290.59,ACC00388,ACC00446,TXN100216,Card,Lucknow,Uttar Pradesh,Under Investigation,35,LOW
CMP-1217,2025-01-28T05:00:00,Online Shopping Fraud,3757.02,ACC00105,ACC00028,TXN100217,Wallet,Delhi,Delhi,Under Investigation,36,LOW
CMP-1218,2025-05-07T14:00:00,Credit Card Fraud,3508.74,ACC00328,ACC00059,TXN100218,RTGS,Bengaluru,Karnataka,Escalated,35,LOW
CMP-1219,2025-03-25T15:00:00,Job Fraud,8107.96,ACC00276,ACC00347,TXN100219,UPI,Mumbai,Maharashtra,Open,25,LOW
CMP-1220,2025-07-13T23:00:00,Fake Investment App,9032.64,ACC00473,ACC00039,TXN100220,Wallet,Delhi,Delhi,Open,29,LOW
CMP-1221,2025-05-16T08:00:00,Romance Scam,7311.91,ACC00278,ACC00056,TXN100221,NEFT,Hyderabad,Telangana,Escalated,28,LOW
CMP-1222,2025-03-03T08:00:00,SIM Swap Fraud,11503.54,ACC00253,ACC00090,TXN100222,RTGS,Delhi,Delhi,Open,85,CRITICAL
CMP-1223,2025-03-19T04:00:00,OTP Fraud,4584.25,ACC00446,ACC00094,TXN100223,Wallet,Delhi,Delhi,Open,62,MEDIUM
CMP-1224,2025-02-16T16:00:00,Job Fraud,6864.77,ACC00269,ACC00059,TXN100224,RTGS,Mumbai,Maharashtra,Open,18,LOW
CMP-1225,2025-09-12T03:00:00,Credit Card Fraud,10826.9,ACC00195,ACC00055,TXN100225,IMPS,Mumbai,Maharashtra,Under Investigation,95,CRITICAL
CMP-1226,2025-06-02T16:00:00,Fake Investment App,2586.98,ACC00403,ACC00000,TXN100226,NEFT,Hyderabad,Telangana,Escalated,19,LOW
CMP-1227,2025-05-01T11:00:00,SIM Swap Fraud,10543.25,ACC00395,ACC00068,TXN100227,IMPS,Delhi,Delhi,Open,73,HIGH
CMP-1228,2025-07-03T15:00:00,SIM Swap Fraud,5485.68,ACC00158,ACC00062,TXN100228,Wallet,Hyderabad,Telangana,Under Investigation,36,LOW
CMP-1229,2025-01-02T01:00:00,Romance Scam,2949.08,ACC00412,ACC00014,TXN100229,Wallet,Patna,Bihar,Open,30,LOW
CMP-1230,2025-04-14T22:00:00,Credit Card Fraud,3460.23,ACC00444,ACC00038,TXN100230,UPI,Mumbai,Maharashtra,Closed,34,LOW
CMP-1231,2025-03-15T01:00:00,SIM Swap Fraud,13029.39,ACC00260,ACC00039,TXN100231,RTGS,Mumbai,Maharashtra,Open,66,HIGH
CMP-1232,2025-09-11T08:00:00,Job Fraud,17610.39,ACC00361,ACC00076,TXN100232,Card,Mumbai,Maharashtra,Open,72,HIGH
CMP-1233,2025-03-11T03:00:00,OTP Fraud,15652.14,ACC00349,ACC00088,TXN100233,Wallet,Mumbai,Maharashtra,Closed,99,CRITICAL
CMP-1234,2025-03-31T07:00:00,Romance Scam,4081.92,ACC00350,ACC00023,TXN100234,Wallet,Mumbai,Maharashtra,Open,36,LOW
CMP-1235,2025-03-03T17:00:00,Job Fraud,1526.27,ACC00283,ACC00348,TXN100235,Wallet,Lucknow,Uttar Pradesh,Open,36,LOW
CMP-1236,2025-08-18T09:00:00,Romance Scam,8400.91,ACC00309,ACC00053,TXN100236,Card,Hyderabad,Telangana,Escalated,41,MEDIUM
CMP-1237,2025-06-12T11:00:00,UPI Fraud,1955.65,ACC00142,ACC00097,TXN100237,NEFT,Mumbai,Maharashtra,Open,42,MEDIUM
CMP-1238,2025-03-29T07:00:00,Romance Scam,2519.76,ACC00375,ACC00099,TXN100238,Wallet,Bengaluru,Karnataka,Under Investigation,54,MEDIUM
CMP-1239,2025-01-24T16:00:00,SIM Swap Fraud,7419.6,ACC00393,ACC00099,TXN100239,Wallet,Delhi,Delhi,Under Investigation,35,LOW
CMP-1240,2025-03-01T09:00:00,Job Fraud,23918.24,ACC00489,ACC00069,TXN100240,UPI,Lucknow,Uttar Pradesh,Open,77,HIGH
CMP-1241,2025-05-23T14:00:00,SIM Swap Fraud,9013.26,ACC00252,ACC00116,TXN100241,UPI,Bengaluru,Karnataka,Under Investigation,29,LOW
CMP-1242,2025-04-22T03:00:00,Credit Card Fraud,1426.93,ACC00160,ACC00030,TXN100242,RTGS,Hyderabad,Telangana,Open,42,MEDIUM
CMP-1243,2025-01-26T20:00:00,OTP Fraud,29611.49,ACC00463,ACC00054,TXN100243,IMPS,Jaipur,Rajasthan,Open,71,HIGH
CMP-1244,2025-03-17T18:00:00,Online Shopping Fraud,3523.77,ACC00130,ACC00068,TXN100244,IMPS,Bengaluru,Karnataka,Open,25,LOW
CMP-1245,2025-09-12T19:00:00,Online Shopping Fraud,470.39,ACC00460,ACC00073,TXN100245,RTGS,Jaipur,Rajasthan,Open,34,LOW
CMP-1246,2025-08-15T13:00:00,Loan App Harassment,11789.71,ACC00169,ACC00310,TXN100246,RTGS,Delhi,Delhi,Closed,44,MEDIUM
CMP-1247,2025-01-05T03:00:00,SIM Swap Fraud,1683.38,ACC00459,ACC00227,TXN100247,IMPS,Mumbai,Maharashtra,Open,40,MEDIUM
CMP-1248,2025-03-08T22:00:00,Job Fraud,28025.03,ACC00350,ACC00080,TXN100248,Card,Patna,Bihar,Open,79,HIGH
CMP-1249,2025-05-26T13:00:00,Online Shopping Fraud,3658.05,ACC00138,ACC00098,TXN100249,RTGS,Hyderabad,Telangana,Open,26,LOW
CMP-1250,2025-03-15T09:00:00,Romance Scam,2778.75,ACC00455,ACC00288,TXN100250,NEFT,Kanpur,Uttar Pradesh,Under Investigation,49,MEDIUM
CMP-1251,2025-04-28T09:00:00,Romance Scam,4273.36,ACC00496,ACC00011,TXN100251,RTGS,Lucknow,Uttar Pradesh,Escalated,24,LOW
CMP-1252,2025-02-20T04:00:00,Job Fraud,3702.29,ACC00132,ACC00050,TXN100252,IMPS,Jaipur,Rajasthan,Open,26,LOW
CMP-1253,2025-07-16T06:00:00,Credit Card Fraud,15593.66,ACC00237,ACC00036,TXN100253,IMPS,Hyderabad,Telangana,Open,58,MEDIUM
CMP-1254,2025-02-20T21:00:00,Phishing,236.14,ACC00275,ACC00490,TXN100254,RTGS,Hyderabad,Telangana,Open,47,MEDIUM
CMP-1255,2025-05-26T03:00:00,UPI Fraud,878.1,ACC00108,ACC00020,TXN100255,Card,Hyderabad,Telangana,Under Investigation,50,MEDIUM
CMP-1256,2025-08-22T04:00:00,Loan App Harassment,80662.95,ACC00452,ACC00432,TXN100256,UPI,Bengaluru,Karnataka,Open,37,LOW
CMP-1257,2025-01-09T08:00:00,OTP Fraud,11614.15,ACC00228,ACC00085,TXN100257,UPI,Jaipur,Rajasthan,Closed,81,HIGH
CMP-1258,2025-03-23T19:00:00,Job Fraud,7144.72,ACC00420,ACC00089,TXN100258,RTGS,Patna,Bihar,Escalated,28,LOW
CMP-1259,2025-03-25T23:00:00,OTP Fraud,1535.35,ACC00460,ACC00027,TXN100259,Wallet,Delhi,Delhi,Under Investigation,34,LOW
CMP-1260,2025-07-08T07:00:00,SIM Swap Fraud,1904.33,ACC00365,ACC00001,TXN100260,UPI,Bengaluru,Karnataka,Open,39,LOW
CMP-1261,2025-06-28T02:00:00,Phishing,2761.71,ACC00455,ACC00009,TXN100261,RTGS,Patna,Bihar,Open,19,LOW
CMP-1262,2025-09-11T08:00:00,OTP Fraud,8367.83,ACC00152,ACC00038,TXN100262,RTGS,Delhi,Delhi,Open,32,LOW
CMP-1263,2025-01-29T18:00:00,OTP Fraud,1140.55,ACC00135,ACC00001,TXN100263,Card,Mumbai,Maharashtra,Under Investigation,47,MEDIUM
CMP-1264,2025-03-08T19:00:00,Job Fraud,5306.87,ACC00469,ACC00095,TXN100264,Wallet,Jaipur,Rajasthan,Open,47,MEDIUM
CMP-1265,2025-03-05T02:00:00,Phishing,6425.28,ACC00211,ACC00012,TXN100265,Wallet,Hyderabad,Telangana,Open,29,LOW
CMP-1266,2025-04-20T21:00:00,Fake Investment App,2074.68,ACC00279,ACC00261,TXN100266,NEFT,Patna,Bihar,Escalated,42,MEDIUM
CMP-1267,2025-06-09T10:00:00,Loan App Harassment,28022.02,ACC00227,ACC00076,TXN100267,RTGS,Delhi,Delhi,Escalated,81,HIGH
CMP-1268,2025-07-29T20:00:00,Online Shopping Fraud,2869.79,ACC00437,ACC00205,TXN100268,IMPS,Lucknow,Uttar Pradesh,Under Investigation,38,LOW
CMP-1269,2025-03-23T00:00:00,Phishing,1780.33,ACC00251,ACC00030,TXN100269,IMPS,Patna,Bihar,Under Investigation,41,MEDIUM
CMP-1270,2025-06-20T23:00:00,UPI Fraud,12767.16,ACC00426,ACC00067,TXN100270,NEFT,Hyderabad,Telangana,Closed,70,HIGH
CMP-1271,2025-02-26T08:00:00,Online Shopping Fraud,24434.49,ACC00167,ACC00072,TXN100271,RTGS,Jaipur,Rajasthan,Under Investigation,68,HIGH
CMP-1272,2025-08-23T05:00:00,Credit Card Fraud,6703.79,ACC00490,ACC00098,TXN100272,UPI,Mumbai,Maharashtra,Open,43,MEDIUM
CMP-1273,2025-08-16T00:00:00,Job Fraud,3238.08,ACC00234,ACC00007,TXN100273,Wallet,Lucknow,Uttar Pradesh,Closed,21,LOW
CMP-1274,2025-04-09T05:00:00,Job Fraud,1724.97,ACC00421,ACC00098,TXN100274,UPI,Kanpur,Uttar Pradesh,Under Investigation,31,LOW
CMP-1275,2025-04-18T19:00:00,Fake Investment App,3244.07,ACC00242,ACC00010,TXN100275,IMPS,Mumbai,Maharashtra,Under Investigation,34,LOW
CMP-1276,2025-04-20T00:00:00,Phishing,8910.24,ACC00300,ACC00097,TXN100276,NEFT,Jaipur,Rajasthan,Escalated,45,MEDIUM
CMP-1277,2025-08-07T23:00:00,Phishing,14817.06,ACC00473,ACC00222,TXN100277,Card,Patna,Bihar,Open,59,MEDIUM
CMP-1278,2025-06-13T12:00:00,OTP Fraud,2091.99,ACC00332,ACC00007,TXN100278,UPI,Delhi,Delhi,Open,60,MEDIUM
CMP-1279,2025-02-26T02:00:00,SIM Swap Fraud,4307.62,ACC00462,ACC00001,TXN100279,Wallet,Lucknow,Uttar Pradesh,Open,32,LOW
CMP-1280,2025-01-12T13:00:00,Loan App Harassment,12246.05,ACC00185,ACC00095,TXN100280,RTGS,Kanpur,Uttar Pradesh,Escalated,68,HIGH
CMP-1281,2025-01-20T05:00:00,Loan App Harassment,10108.9,ACC00494,ACC00271,TXN100281,Wallet,Delhi,Delhi,Escalated,53,MEDIUM
CMP-1282,2025-01-17T21:00:00,Romance Scam,3318.23,ACC00234,ACC00073,TXN100282,Card,Delhi,Delhi,Under Investigation,44,MEDIUM
CMP-1283,2025-03-30T23:00:00,OTP Fraud,9091.32,ACC00128,ACC00072,TXN100283,NEFT,Jaipur,Rajasthan,Open,62,MEDIUM
CMP-1284,2025-08-06T06:00:00,Online Shopping Fraud,821.71,ACC00393,ACC00014,TXN100284,UPI,Delhi,Delhi,Open,29,LOW
CMP-1285,2025-07-25T13:00:00,OTP Fraud,1275.98,ACC00106,ACC00060,TXN100285,IMPS,Lucknow,Uttar Pradesh,Under Investigation,44,MEDIUM
CMP-1286,2025-02-27T11:00:00,Job Fraud,6001.38,ACC00383,ACC00091,TXN100286,IMPS,Lucknow,Uttar Pradesh,Escalated,55,MEDIUM
CMP-1287,2025-01-09T20:00:00,Phishing,1433.01,ACC00227,ACC00092,TXN100287,Wallet,Jaipur,Rajasthan,Open,33,LOW
CMP-1288,2025-03-30T03:00:00,Online Shopping Fraud,23751.17,ACC00161,ACC00006,TXN100288,UPI,Jaipur,Rajasthan,Open,71,HIGH
CMP-1289,2025-06-16T16:00:00,Loan App Harassment,3297.73,ACC00135,ACC00244,TXN100289,NEFT,Patna,Bihar,Escalated,28,LOW
CMP-1290,2025-07-24T23:00:00,Credit Card Fraud,1834.27,ACC00383,ACC00047,TXN100290,NEFT,Delhi,Delhi,Open,23,LOW
CMP-1291,2025-05-03T23:00:00,Fake Investment App,2475.09,ACC00337,ACC00063,TXN100291,RTGS,Bengaluru,Karnataka,Closed,16,LOW
CMP-1292,2025-08-20T00:00:00,Online Shopping Fraud,5523.66,ACC00177,ACC00052,TXN100292,NEFT,Bengaluru,Karnataka,Open,29,LOW
CMP-1293,2025-08-24T05:00:00,Loan App Harassment,313.57,ACC00271,ACC00084,TXN100293,UPI,Lucknow,Uttar Pradesh,Under Investigation,16,LOW
CMP-1294,2025-05-03T14:00:00,UPI Fraud,308.22,ACC00371,ACC00314,TXN100294,IMPS,Bengaluru,Karnataka,Under Investigation,17,LOW
CMP-1295,2025-05-04T14:00:00,Online Shopping Fraud,17587.03,ACC00147,ACC00029,TXN100295,Card,Kanpur,Uttar Pradesh,Closed,76,HIGH
CMP-1296,2025-01-13T19:00:00,Online Shopping Fraud,2882.85,ACC00334,ACC00143,TXN100296,IMPS,Jaipur,Rajasthan,Under Investigation,44,MEDIUM
CMP-1297,2025-05-01T10:00:00,OTP Fraud,2859.53,ACC00138,ACC00007,TXN100297,IMPS,Patna,Bihar,Under Investigation,18,LOW
CMP-1298,2025-01-12T06:00:00,SIM Swap Fraud,2594.49,ACC00233,ACC00301,TXN100298,NEFT,Kanpur,Uttar Pradesh,Escalated,45,MEDIUM
CMP-1299,2025-08-01T12:00:00,Credit Card Fraud,6093.1,ACC00239,ACC00025,TXN100299,UPI,Hyderabad,Telangana,Open,46,MEDIUM
CMP-1300,2025-01-08T16:00:00,Phishing,4580.31,ACC00154,ACC00059,TXN100300,Wallet,Mumbai,Maharashtra,Open,27,LOW
CMP-1301,2025-08-30T03:00:00,Phishing,25049.89,ACC00494,ACC00039,TXN100301,UPI,Jaipur,Rajasthan,Under Investigation,66,HIGH
CMP-1302,2025-08-18T16:00:00,UPI Fraud,12402.36,ACC00451,ACC00090,TXN100302,IMPS,Mumbai,Maharashtra,Under Investigation,61,MEDIUM
CMP-1303,2025-03-19T17:00:00,Job Fraud,11989.35,ACC00175,ACC00031,TXN100303,Wallet,Jaipur,Rajasthan,Closed,81,HIGH
CMP-1304,2025-01-11T20:00:00,Job Fraud,12094.35,ACC00446,ACC00022,TXN100304,Card,Lucknow,Uttar Pradesh,Open,60,MEDIUM
CMP-1305,2025-07-28T15:00:00,UPI Fraud,6079.85,ACC00148,ACC00017,TXN100305,IMPS,Bengaluru,Karnataka,Open,25,LOW
CMP-1306,2025-05-23T21:00:00,Phishing,779.08,ACC00201,ACC00047,TXN100306,Wallet,Mumbai,Maharashtra,Under Investigation,24,LOW
CMP-1307,2025-07-14T09:00:00,Romance Scam,21230.65,ACC00138,ACC00008,TXN100307,IMPS,Kanpur,Uttar Pradesh,Open,90,CRITICAL
CMP-1308,2025-08-19T14:00:00,Credit Card Fraud,1401.28,ACC00269,ACC00059,TXN100308,Card,Delhi,Delhi,Open,35,LOW
CMP-1309,2025-01-31T03:00:00,SIM Swap Fraud,8077.16,ACC00354,ACC00087,TXN100309,IMPS,Patna,Bihar,Under Investigation,22,LOW
CMP-1310,2025-07-12T12:00:00,Credit Card Fraud,9087.42,ACC00240,ACC00019,TXN100310,Wallet,Mumbai,Maharashtra,Open,46,MEDIUM
CMP-1311,2025-05-19T10:00:00,Romance Scam,4004.87,ACC00431,ACC00052,TXN100311,UPI,Bengaluru,Karnataka,Closed,25,LOW
CMP-1312,2025-08-25T19:00:00,Online Shopping Fraud,4055.78,ACC00243,ACC00053,TXN100312,IMPS,Delhi,Delhi,Open,17,LOW
CMP-1313,2025-08-01T01:00:00,Romance Scam,15564.32,ACC00295,ACC00045,TXN100313,NEFT,Lucknow,Uttar Pradesh,Under Investigation,70,HIGH
CMP-1314,2025-04-16T01:00:00,Fake Investment App,16811.48,ACC00298,ACC00003,TXN100314,UPI,Jaipur,Rajasthan,Open,76,HIGH
CMP-1315,2025-06-03T05:00:00,Credit Card Fraud,1768.92,ACC00129,ACC00060,TXN100315,IMPS,Kanpur,Uttar Pradesh,Under Investigation,9,LOW
CMP-1316,2025-05-31T18:00:00,UPI Fraud,4509.32,ACC00151,ACC00030,TXN100316,IMPS,Mumbai,Maharashtra,Open,30,LOW
CMP-1317,2025-05-17T12:00:00,Credit Card Fraud,8051.86,ACC00281,ACC00188,TXN100317,NEFT,Patna,Bihar,Open,22,LOW
CMP-1318,2025-01-12T18:00:00,Credit Card Fraud,4146.78,ACC00402,ACC00089,TXN100318,Wallet,Jaipur,Rajasthan,Under Investigation,40,MEDIUM
CMP-1319,2025-05-15T09:00:00,OTP Fraud,7943.17,ACC00388,ACC00352,TXN100319,Card,Mumbai,Maharashtra,Under Investigation,50,MEDIUM
CMP-1320,2025-01-27T20:00:00,Online Shopping Fraud,18851.27,ACC00146,ACC00077,TXN100320,Card,Lucknow,Uttar Pradesh,Open,76,HIGH
CMP-1321,2025-05-31T13:00:00,SIM Swap Fraud,5068.23,ACC00269,ACC00203,TXN100321,RTGS,Lucknow,Uttar Pradesh,Escalated,40,MEDIUM
CMP-1322,2025-02-05T02:00:00,OTP Fraud,703.43,ACC00265,ACC00018,TXN100322,UPI,Mumbai,Maharashtra,Under Investigation,17,LOW
CMP-1323,2025-03-23T03:00:00,Phishing,1471.83,ACC00137,ACC00084,TXN100323,NEFT,Jaipur,Rajasthan,Under Investigation,34,LOW
CMP-1324,2025-08-06T08:00:00,Job Fraud,2915.36,ACC00265,ACC00020,TXN100324,RTGS,Kanpur,Uttar Pradesh,Escalated,7,LOW
CMP-1325,2025-04-26T23:00:00,Credit Card Fraud,1904.06,ACC00432,ACC00090,TXN100325,NEFT,Hyderabad,Telangana,Closed,36,LOW
CMP-1326,2025-06-07T03:00:00,Loan App Harassment,88984.45,ACC00440,ACC00022,TXN100326,IMPS,Bengaluru,Karnataka,Under Investigation,53,MEDIUM
CMP-1327,2025-02-13T05:00:00,Job Fraud,3051.58,ACC00473,ACC00089,TXN100327,Wallet,Mumbai,Maharashtra,Closed,47,MEDIUM
CMP-1328,2025-08-03T17:00:00,Credit Card Fraud,5082.43,ACC00193,ACC00078,TXN100328,UPI,Lucknow,Uttar Pradesh,Open,19,LOW
CMP-1329,2025-06-26T05:00:00,SIM Swap Fraud,5930.8,ACC00172,ACC00009,TXN100329,IMPS,Hyderabad,Telangana,Open,50,MEDIUM
CMP-1330,2025-02-12T13:00:00,Romance Scam,2768.08,ACC00462,ACC00093,TXN100330,UPI,Delhi,Delhi,Closed,41,MEDIUM
CMP-1331,2025-07-23T17:00:00,Phishing,1550.95,ACC00207,ACC00008,TXN100331,RTGS,Kanpur,Uttar Pradesh,Under Investigation,20,LOW
CMP-1332,2025-07-26T11:00:00,OTP Fraud,2291.0,ACC00124,ACC00093,TXN100332,Card,Lucknow,Uttar Pradesh,Under Investigation,40,MEDIUM
CMP-1333,2025-08-10T17:00:00,Romance Scam,30665.22,ACC00293,ACC00048,TXN100333,Wallet,Hyderabad,Telangana,Open,93,CRITICAL
CMP-1334,2025-04-02T11:00:00,SIM Swap Fraud,2329.99,ACC00183,ACC00004,TXN100334,NEFT,Bengaluru,Karnataka,Open,35,LOW
CMP-1335,2025-06-26T11:00:00,Phishing,5017.36,ACC00137,ACC00048,TXN100335,Wallet,Delhi,Delhi,Open,42,MEDIUM
CMP-1336,2025-01-25T18:00:00,UPI Fraud,591.53,ACC00273,ACC00078,TXN100336,Card,Delhi,Delhi,Closed,34,LOW
CMP-1337,2025-05-08T12:00:00,SIM Swap Fraud,667.57,ACC00410,ACC00180,TXN100337,IMPS,Mumbai,Maharashtra,Open,58,MEDIUM
CMP-1338,2025-06-07T22:00:00,Online Shopping Fraud,22003.16,ACC00309,ACC00092,TXN100338,NEFT,Bengaluru,Karnataka,Closed,65,HIGH
CMP-1339,2025-08-21T10:00:00,Online Shopping Fraud,50080.64,ACC00252,ACC00006,TXN100339,Card,Kanpur,Uttar Pradesh,Under Investigation,60,MEDIUM
CMP-1340,2025-06-03T19:00:00,Credit Card Fraud,5880.32,ACC00127,ACC00054,TXN100340,Card,Mumbai,Maharashtra,Open,34,LOW
CMP-1341,2025-01-16T00:00:00,Phishing,1071.58,ACC00149,ACC00021,TXN100341,Card,Bengaluru,Karnataka,Under Investigation,46,MEDIUM
CMP-1342,2025-03-04T07:00:00,Loan App Harassment,13016.91,ACC00257,ACC00060,TXN100342,UPI,Delhi,Delhi,Under Investigation,84,HIGH
CMP-1343,2025-08-30T00:00:00,Romance Scam,5360.97,ACC00194,ACC00048,TXN100343,UPI,Patna,Bihar,Under Investigation,47,MEDIUM
CMP-1344,2025-06-14T15:00:00,Credit Card Fraud,2748.73,ACC00325,ACC00028,TXN100344,UPI,Kanpur,Uttar Pradesh,Escalated,47,MEDIUM
CMP-1345,2025-07-10T12:00:00,SIM Swap Fraud,4289.39,ACC00485,ACC00012,TXN100345,Wallet,Mumbai,Maharashtra,Open,30,LOW
CMP-1346,2025-06-14T01:00:00,Job Fraud,8212.38,ACC00487,ACC00070,TXN100346,Wallet,Patna,Bihar,Open,40,MEDIUM
CMP-1347,2025-08-18T16:00:00,Fake Investment App,3847.6,ACC00374,ACC00060,TXN100347,Card,Patna,Bihar,Under Investigation,24,LOW
CMP-1348,2025-07-08T06:00:00,Credit Card Fraud,8244.94,ACC00140,ACC00091,TXN100348,Wallet,Kanpur,Uttar Pradesh,Open,12,LOW
CMP-1349,2025-06-14T13:00:00,OTP Fraud,2236.11,ACC00161,ACC00329,TXN100349,IMPS,Mumbai,Maharashtra,Open,39,LOW
CMP-1350,2025-08-07T05:00:00,Job Fraud,1362.93,ACC00164,ACC00010,TXN100350,IMPS,Bengaluru,Karnataka,Closed,34,LOW
CMP-1351,2025-07-04T16:00:00,Phishing,7856.88,ACC00404,ACC00093,TXN100351,UPI,Mumbai,Maharashtra,Closed,30,LOW
CMP-1352,2025-04-15T07:00:00,Online Shopping Fraud,2933.05,ACC00384,ACC00041,TXN100352,Card,Patna,Bihar,Closed,26,LOW
CMP-1353,2025-01-06T13:00:00,Phishing,5939.22,ACC00458,ACC00066,TXN100353,Card,Lucknow,Uttar Pradesh,Escalated,49,MEDIUM
CMP-1354,2025-02-27T00:00:00,Phishing,3142.87,ACC00175,ACC00074,TXN100354,UPI,Mumbai,Maharashtra,Escalated,18,LOW
CMP-1355,2025-07-17T04:00:00,Loan App Harassment,10360.32,ACC00246,ACC00276,TXN100355,Card,Delhi,Delhi,Closed,39,LOW
CMP-1356,2025-04-29T19:00:00,Job Fraud,46975.56,ACC00392,ACC00004,TXN100356,IMPS,Hyderabad,Telangana,Open,84,HIGH
CMP-1357,2025-05-17T11:00:00,UPI Fraud,2113.95,ACC00119,ACC00042,TXN100357,RTGS,Patna,Bihar,Under Investigation,22,LOW
CMP-1358,2025-03-17T13:00:00,Loan App Harassment,2286.97,ACC00237,ACC00110,TXN100358,NEFT,Hyderabad,Telangana,Open,53,MEDIUM
CMP-1359,2025-02-11T21:00:00,Fake Investment App,9061.95,ACC00351,ACC00450,TXN100359,IMPS,Kanpur,Uttar Pradesh,Open,44,MEDIUM
CMP-1360,2025-03-12T09:00:00,Job Fraud,10694.65,ACC00480,ACC00041,TXN100360,Wallet,Kanpur,Uttar Pradesh,Open,86,CRITICAL
CMP-1361,2025-06-04T21:00:00,Online Shopping Fraud,1696.33,ACC00196,ACC00052,TXN100361,NEFT,Delhi,Delhi,Escalated,64,MEDIUM
CMP-1362,2025-03-30T22:00:00,Online Shopping Fraud,4078.99,ACC00363,ACC00008,TXN100362,Card,Lucknow,Uttar Pradesh,Open,36,LOW
CMP-1363,2025-05-27T20:00:00,Fake Investment App,12636.75,ACC00499,ACC00391,TXN100363,IMPS,Mumbai,Maharashtra,Open,36,LOW
CMP-1364,2025-09-03T10:00:00,Fake Investment App,9543.49,ACC00227,ACC00006,TXN100364,NEFT,Lucknow,Uttar Pradesh,Closed,32,LOW
CMP-1365,2025-06-25T02:00:00,UPI Fraud,5357.13,ACC00337,ACC00081,TXN100365,IMPS,Jaipur,Rajasthan,Closed,28,LOW
CMP-1366,2025-08-30T20:00:00,Romance Scam,1945.67,ACC00350,ACC00022,TXN100366,Wallet,Jaipur,Rajasthan,Closed,39,LOW
CMP-1367,2025-03-08T21:00:00,Phishing,2596.89,ACC00276,ACC00033,TXN100367,NEFT,Jaipur,Rajasthan,Escalated,25,LOW
CMP-1368,2025-02-03T16:00:00,Fake Investment App,57829.14,ACC00297,ACC00073,TXN100368,IMPS,Lucknow,Uttar Pradesh,Escalated,70,HIGH
CMP-1369,2025-09-17T02:00:00,UPI Fraud,341.13,ACC00446,ACC00083,TXN100369,RTGS,Bengaluru,Karnataka,Under Investigation,34,LOW
CMP-1370,2025-08-14T11:00:00,UPI Fraud,6747.58,ACC00342,ACC00431,TXN100370,IMPS,Lucknow,Uttar Pradesh,Open,24,LOW
CMP-1371,2025-07-20T00:00:00,Loan App Harassment,3586.63,ACC00411,ACC00039,TXN100371,Card,Kanpur,Uttar Pradesh,Escalated,38,LOW
CMP-1372,2025-05-24T09:00:00,Online Shopping Fraud,1969.85,ACC00278,ACC00027,TXN100372,Wallet,Patna,Bihar,Under Investigation,52,MEDIUM
CMP-1373,2025-08-15T17:00:00,SIM Swap Fraud,17402.44,ACC00399,ACC00065,TXN100373,Wallet,Patna,Bihar,Closed,81,HIGH
CMP-1374,2025-07-16T00:00:00,Loan App Harassment,10302.84,ACC00252,ACC00061,TXN100374,RTGS,Kanpur,Uttar Pradesh,Open,73,HIGH
CMP-1375,2025-02-02T17:00:00,Loan App Harassment,3368.58,ACC00241,ACC00091,TXN100375,IMPS,Jaipur,Rajasthan,Closed,58,MEDIUM
CMP-1376,2025-05-31T02:00:00,Credit Card Fraud,5568.14,ACC00364,ACC00007,TXN100376,Card,Mumbai,Maharashtra,Escalated,31,LOW
CMP-1377,2025-08-03T18:00:00,Loan App Harassment,1775.08,ACC00448,ACC00003,TXN100377,NEFT,Jaipur,Rajasthan,Under Investigation,36,LOW
CMP-1378,2025-06-28T05:00:00,Credit Card Fraud,5967.81,ACC00307,ACC00004,TXN100378,IMPS,Patna,Bihar,Under Investigation,35,LOW
CMP-1379,2025-01-09T17:00:00,Romance Scam,10147.01,ACC00471,ACC00087,TXN100379,RTGS,Jaipur,Rajasthan,Under Investigation,71,HIGH
CMP-1380,2025-03-11T17:00:00,Online Shopping Fraud,23226.85,ACC00359,ACC00021,TXN100380,IMPS,Jaipur,Rajasthan,Escalated,68,HIGH
CMP-1381,2025-04-29T06:00:00,Online Shopping Fraud,3022.49,ACC00149,ACC00094,TXN100381,IMPS,Kanpur,Uttar Pradesh,Open,30,LOW
CMP-1382,2025-08-11T13:00:00,Loan App Harassment,3980.34,ACC00435,ACC00045,TXN100382,Card,Jaipur,Rajasthan,Open,26,LOW
CMP-1383,2025-04-06T04:00:00,Phishing,616.09,ACC00290,ACC00037,TXN100383,Card,Jaipur,Rajasthan,Under Investigation,26,LOW
CMP-1384,2025-03-30T17:00:00,Fake Investment App,9814.22,ACC00424,ACC00079,TXN100384,Wallet,Lucknow,Uttar Pradesh,Open,20,LOW
CMP-1385,2025-05-29T13:00:00,OTP Fraud,9415.61,ACC00448,ACC00038,TXN100385,IMPS,Delhi,Delhi,Under Investigation,58,MEDIUM
CMP-1386,2025-08-17T16:00:00,Romance Scam,19695.14,ACC00275,ACC00072,TXN100386,IMPS,Bengaluru,Karnataka,Closed,77,HIGH
CMP-1387,2025-06-07T06:00:00,OTP Fraud,2924.72,ACC00466,ACC00010,TXN100387,NEFT,Jaipur,Rajasthan,Under Investigation,30,LOW
CMP-1388,2025-08-22T17:00:00,OTP Fraud,5797.3,ACC00102,ACC00026,TXN100388,Wallet,Lucknow,Uttar Pradesh,Escalated,42,MEDIUM
CMP-1389,2025-05-04T01:00:00,Credit Card Fraud,12506.38,ACC00350,ACC00099,TXN100389,Card,Mumbai,Maharashtra,Open,96,CRITICAL
CMP-1390,2025-09-15T05:00:00,UPI Fraud,50974.42,ACC00306,ACC00061,TXN100390,Wallet,Patna,Bihar,Under Investigation,80,HIGH
CMP-1391,2025-06-17T13:00:00,Online Shopping Fraud,2349.79,ACC00474,ACC00001,TXN100391,IMPS,Bengaluru,Karnataka,Closed,42,MEDIUM
CMP-1392,2025-07-08T14:00:00,SIM Swap Fraud,1406.9,ACC00446,ACC00093,TXN100392,NEFT,Lucknow,Uttar Pradesh,Open,23,LOW
CMP-1393,2025-09-13T12:00:00,Phishing,16901.38,ACC00152,ACC00075,TXN100393,UPI,Mumbai,Maharashtra,Open,81,HIGH
CMP-1394,2025-09-04T08:00:00,SIM Swap Fraud,6844.15,ACC00248,ACC00066,TXN100394,Card,Kanpur,Uttar Pradesh,Under Investigation,55,MEDIUM
CMP-1395,2025-01-16T16:00:00,Fake Investment App,8059.2,ACC00275,ACC00350,TXN100395,IMPS,Mumbai,Maharashtra,Under Investigation,37,LOW
CMP-1396,2025-05-10T05:00:00,Fake Investment App,4399.24,ACC00109,ACC00093,TXN100396,RTGS,Patna,Bihar,Closed,28,LOW
CMP-1397,2025-03-20T18:00:00,UPI Fraud,8112.66,ACC00401,ACC00015,TXN100397,Card,Lucknow,Uttar Pradesh,Under Investigation,33,LOW
CMP-1398,2025-09-08T14:00:00,UPI Fraud,1166.39,ACC00494,ACC00006,TXN100398,RTGS,Kanpur,Uttar Pradesh,Under Investigation,37,LOW
CMP-1399,2025-04-30T13:00:00,Job Fraud,4612.99,ACC00434,ACC00006,TXN100399,Card,Delhi,Delhi,Under Investigation,48,MEDIUM
CMP-1400,2025-08-22T16:00:00,Fake Investment App,360.24,ACC00163,ACC00060,TXN100400,RTGS,Patna,Bihar,Escalated,42,MEDIUM
CMP-1401,2025-06-21T02:00:00,Loan App Harassment,4758.19,ACC00254,ACC00012,TXN100401,Wallet,Lucknow,Uttar Pradesh,Under Investigation,62,MEDIUM
CMP-1402,2025-04-16T22:00:00,Credit Card Fraud,933.87,ACC00314,ACC00013,TXN100402,UPI,Mumbai,Maharashtra,Under Investigation,36,LOW
CMP-1403,2025-04-30T22:00:00,Fake Investment App,2817.99,ACC00158,ACC00063,TXN100403,NEFT,Kanpur,Uttar Pradesh,Open,28,LOW
CMP-1404,2025-01-04T00:00:00,Online Shopping Fraud,8854.27,ACC00283,ACC00037,TXN100404,Card,Bengaluru,Karnataka,Open,44,MEDIUM
CMP-1405,2025-04-03T16:00:00,UPI Fraud,8765.47,ACC00452,ACC00269,TXN100405,RTGS,Bengaluru,Karnataka,Open,33,LOW
CMP-1406,2025-09-09T09:00:00,Phishing,7695.74,ACC00156,ACC00085,TXN100406,Wallet,Delhi,Delhi,Under Investigation,41,MEDIUM
CMP-1407,2025-03-22T05:00:00,Romance Scam,25196.37,ACC00470,ACC00032,TXN100407,NEFT,Delhi,Delhi,Under Investigation,72,HIGH
CMP-1408,2025-09-07T18:00:00,Loan App Harassment,6881.66,ACC00337,ACC00022,TXN100408,NEFT,Kanpur,Uttar Pradesh,Closed,47,MEDIUM
CMP-1409,2025-08-06T18:00:00,UPI Fraud,13148.14,ACC00318,ACC00012,TXN100409,UPI,Jaipur,Rajasthan,Closed,49,MEDIUM
CMP-1410,2025-07-29T01:00:00,Romance Scam,2867.1,ACC00439,ACC00042,TXN100410,Wallet,Mumbai,Maharashtra,Under Investigation,40,MEDIUM
CMP-1411,2025-05-14T19:00:00,Job Fraud,1940.72,ACC00475,ACC00043,TXN100411,Card,Kanpur,Uttar Pradesh,Open,25,LOW
CMP-1412,2025-04-15T21:00:00,Job Fraud,4876.0,ACC00239,ACC00088,TXN100412,RTGS,Hyderabad,Telangana,Closed,42,MEDIUM
CMP-1413,2025-05-14T11:00:00,OTP Fraud,2199.13,ACC00157,ACC00092,TXN100413,UPI,Mumbai,Maharashtra,Open,37,LOW
CMP-1414,2025-01-09T01:00:00,OTP Fraud,753.58,ACC00402,ACC00072,TXN100414,Wallet,Patna,Bihar,Under Investigation,29,LOW
CMP-1415,2025-06-11T23:00:00,OTP Fraud,19325.04,ACC00498,ACC00003,TXN100415,Card,Patna,Bihar,Closed,52,MEDIUM
CMP-1416,2025-04-19T20:00:00,Loan App Harassment,8399.11,ACC00157,ACC00325,TXN100416,RTGS,Hyderabad,Telangana,Open,42,MEDIUM
CMP-1417,2025-03-01T22:00:00,Credit Card Fraud,7986.95,ACC00106,ACC00086,TXN100417,RTGS,Jaipur,Rajasthan,Under Investigation,24,LOW
CMP-1418,2025-02-28T10:00:00,Credit Card Fraud,8442.01,ACC00442,ACC00365,TXN100418,UPI,Bengaluru,Karnataka,Under Investigation,55,MEDIUM
CMP-1419,2025-04-22T07:00:00,Job Fraud,4024.06,ACC00438,ACC00061,TXN100419,IMPS,Patna,Bihar,Open,37,LOW
CMP-1420,2025-04-22T21:00:00,Romance Scam,3471.86,ACC00105,ACC00020,TXN100420,Card,Lucknow,Uttar Pradesh,Under Investigation,48,MEDIUM
CMP-1421,2025-07-18T19:00:00,Loan App Harassment,5562.3,ACC00138,ACC00041,TXN100421,UPI,Mumbai,Maharashtra,Open,46,MEDIUM
CMP-1422,2025-02-23T06:00:00,Phishing,11166.92,ACC00381,ACC00051,TXN100422,Card,Bengaluru,Karnataka,Escalated,55,MEDIUM
CMP-1423,2025-01-09T15:00:00,Phishing,1046.98,ACC00393,ACC00063,TXN100423,Card,Hyderabad,Telangana,Under Investigation,23,LOW
CMP-1424,2025-08-17T11:00:00,UPI Fraud,2396.46,ACC00152,ACC00004,TXN100424,UPI,Lucknow,Uttar Pradesh,Under Investigation,49,MEDIUM
CMP-1425,2025-08-03T12:00:00,SIM Swap Fraud,2527.69,ACC00360,ACC00083,TXN100425,NEFT,Kanpur,Uttar Pradesh,Under Investigation,34,LOW
CMP-1426,2025-03-17T22:00:00,Credit Card Fraud,14021.21,ACC00214,ACC00042,TXN100426,Wallet,Lucknow,Uttar Pradesh,Under Investigation,48,MEDIUM
CMP-1427,2025-05-19T14:00:00,Phishing,4060.72,ACC00466,ACC00091,TXN100427,RTGS,Hyderabad,Telangana,Under Investigation,28,LOW
CMP-1428,2025-07-08T04:00:00,Loan App Harassment,14683.5,ACC00101,ACC00081,TXN100428,Wallet,Bengaluru,Karnataka,Closed,73,HIGH
CMP-1429,2025-01-14T04:00:00,Job Fraud,16608.82,ACC00459,ACC00021,TXN100429,UPI,Jaipur,Rajasthan,Under Investigation,64,MEDIUM
CMP-1430,2025-06-16T09:00:00,Job Fraud,9416.51,ACC00412,ACC00015,TXN100430,IMPS,Kanpur,Uttar Pradesh,Closed,51,MEDIUM
CMP-1431,2025-08-21T19:00:00,UPI Fraud,1921.13,ACC00197,ACC00013,TXN100431,RTGS,Hyderabad,Telangana,Escalated,23,LOW
CMP-1432,2025-02-02T08:00:00,Online Shopping Fraud,10677.58,ACC00495,ACC00334,TXN100432,IMPS,Delhi,Delhi,Under Investigation,25,LOW
CMP-1433,2025-05-22T03:00:00,Job Fraud,1189.18,ACC00102,ACC00006,TXN100433,Wallet,Hyderabad,Telangana,Under Investigation,13,LOW
CMP-1434,2025-07-15T00:00:00,OTP Fraud,5690.67,ACC00360,ACC00022,TXN100434,RTGS,Hyderabad,Telangana,Under Investigation,14,LOW
CMP-1435,2025-03-11T15:00:00,SIM Swap Fraud,417.91,ACC00153,ACC00076,TXN100435,Wallet,Mumbai,Maharashtra,Under Investigation,31,LOW
CMP-1436,2025-09-04T15:00:00,Loan App Harassment,5938.53,ACC00314,ACC00454,TXN100436,Card,Patna,Bihar,Escalated,22,LOW
CMP-1437,2025-07-22T17:00:00,Credit Card Fraud,1304.61,ACC00250,ACC00017,TXN100437,RTGS,Jaipur,Rajasthan,Open,32,LOW
CMP-1438,2025-02-16T02:00:00,Online Shopping Fraud,3634.1,ACC00459,ACC00040,TXN100438,RTGS,Kanpur,Uttar Pradesh,Escalated,37,LOW
CMP-1439,2025-02-02T20:00:00,SIM Swap Fraud,3922.89,ACC00202,ACC00091,TXN100439,RTGS,Bengaluru,Karnataka,Open,34,LOW
CMP-1440,2025-01-14T03:00:00,SIM Swap Fraud,9956.66,ACC00463,ACC00022,TXN100440,RTGS,Mumbai,Maharashtra,Under Investigation,21,LOW
CMP-1441,2025-02-10T02:00:00,Job Fraud,11060.22,ACC00489,ACC00061,TXN100441,RTGS,Delhi,Delhi,Under Investigation,88,CRITICAL
CMP-1442,2025-04-24T13:00:00,Job Fraud,4019.08,ACC00316,ACC00066,TXN100442,IMPS,Kanpur,Uttar Pradesh,Open,11,LOW
CMP-1443,2025-05-12T09:00:00,OTP Fraud,3168.24,ACC00443,ACC00034,TXN100443,NEFT,Lucknow,Uttar Pradesh,Escalated,38,LOW
CMP-1444,2025-07-27T14:00:00,Fake Investment App,5215.09,ACC00174,ACC00088,TXN100444,Wallet,Kanpur,Uttar Pradesh,Escalated,70,HIGH
CMP-1445,2025-07-03T12:00:00,Online Shopping Fraud,377.62,ACC00283,ACC00013,TXN100445,IMPS,Lucknow,Uttar Pradesh,Under Investigation,51,MEDIUM
CMP-1446,2025-03-22T11:00:00,UPI Fraud,7805.62,ACC00221,ACC00089,TXN100446,Card,Patna,Bihar,Open,31,LOW
CMP-1447,2025-07-30T16:00:00,Online Shopping Fraud,955.21,ACC00313,ACC00450,TXN100447,UPI,Patna,Bihar,Open,47,MEDIUM
CMP-1448,2025-08-01T12:00:00,Romance Scam,3921.92,ACC00480,ACC00079,TXN100448,IMPS,Lucknow,Uttar Pradesh,Closed,29,LOW
CMP-1449,2025-09-01T20:00:00,Fake Investment App,5063.23,ACC00486,ACC00094,TXN100449,NEFT,Jaipur,Rajasthan,Under Investigation,36,LOW
CMP-1450,2025-03-06T03:00:00,OTP Fraud,1274.66,ACC00190,ACC00138,TXN100450,RTGS,Hyderabad,Telangana,Open,29,LOW
CMP-1451,2025-04-18T22:00:00,OTP Fraud,14912.75,ACC00293,ACC00035,TXN100451,IMPS,Delhi,Delhi,Under Investigation,72,HIGH
CMP-1452,2025-06-07T05:00:00,UPI Fraud,2342.59,ACC00102,ACC00090,TXN100452,IMPS,Kanpur,Uttar Pradesh,Closed,32,LOW
CMP-1453,2025-03-28T16:00:00,Loan App Harassment,5891.22,ACC00405,ACC00080,TXN100453,Card,Jaipur,Rajasthan,Under Investigation,34,LOW
CMP-1454,2025-07-24T17:00:00,OTP Fraud,6569.7,ACC00137,ACC00040,TXN100454,Wallet,Jaipur,Rajasthan,Under Investigation,30,LOW
CMP-1455,2025-07-24T14:00:00,Phishing,4769.43,ACC00358,ACC00069,TXN100455,NEFT,Delhi,Delhi,Under Investigation,31,LOW
CMP-1456,2025-09-12T02:00:00,Fake Investment App,7532.54,ACC00209,ACC00042,TXN100456,Wallet,Bengaluru,Karnataka,Under Investigation,35,LOW
CMP-1457,2025-05-25T04:00:00,SIM Swap Fraud,1117.18,ACC00387,ACC00083,TXN100457,Card,Hyderabad,Telangana,Open,39,LOW
CMP-1458,2025-05-16T01:00:00,UPI Fraud,7552.65,ACC00428,ACC00079,TXN100458,RTGS,Bengaluru,Karnataka,Open,64,MEDIUM
CMP-1459,2025-07-12T15:00:00,Online Shopping Fraud,38519.6,ACC00295,ACC00158,TXN100459,RTGS,Jaipur,Rajasthan,Under Investigation,40,MEDIUM
CMP-1460,2025-02-07T14:00:00,Online Shopping Fraud,4323.01,ACC00112,ACC00494,TXN100460,Card,Kanpur,Uttar Pradesh,Under Investigation,26,LOW
CMP-1461,2025-06-30T10:00:00,Online Shopping Fraud,5575.2,ACC00122,ACC00083,TXN100461,UPI,Hyderabad,Telangana,Open,24,LOW
CMP-1462,2025-06-16T16:00:00,UPI Fraud,14889.61,ACC00185,ACC00495,TXN100462,RTGS,Delhi,Delhi,Under Investigation,10,LOW
CMP-1463,2025-04-28T16:00:00,Job Fraud,11565.14,ACC00207,ACC00099,TXN100463,UPI,Delhi,Delhi,Open,99,CRITICAL
CMP-1464,2025-03-06T00:00:00,Phishing,52620.76,ACC00375,ACC00094,TXN100464,RTGS,Bengaluru,Karnataka,Escalated,63,MEDIUM
CMP-1465,2025-02-25T22:00:00,Phishing,1003.28,ACC00112,ACC00042,TXN100465,UPI,Mumbai,Maharashtra,Open,52,MEDIUM
CMP-1466,2025-01-14T15:00:00,Loan App Harassment,9733.61,ACC00228,ACC00073,TXN100466,Card,Mumbai,Maharashtra,Escalated,33,LOW
CMP-1467,2025-05-21T22:00:00,Job Fraud,10879.4,ACC00330,ACC00055,TXN100467,RTGS,Patna,Bihar,Open,64,MEDIUM
CMP-1468,2025-06-10T17:00:00,Credit Card Fraud,10005.87,ACC00373,ACC00092,TXN100468,UPI,Delhi,Delhi,Under Investigation,61,MEDIUM
CMP-1469,2025-05-10T17:00:00,Loan App Harassment,10947.36,ACC00283,ACC00154,TXN100469,Wallet,Delhi,Delhi,Open,31,LOW
CMP-1470,2025-01-22T19:00:00,UPI Fraud,6548.41,ACC00244,ACC00056,TXN100470,Card,Delhi,Delhi,Under Investigation,38,LOW
CMP-1471,2025-05-14T10:00:00,Online Shopping Fraud,42696.64,ACC00373,ACC00095,TXN100471,NEFT,Mumbai,Maharashtra,Under Investigation,81,HIGH
CMP-1472,2025-07-02T04:00:00,UPI Fraud,15763.12,ACC00252,ACC00093,TXN100472,Wallet,Mumbai,Maharashtra,Under Investigation,81,HIGH
CMP-1473,2025-01-14T21:00:00,Online Shopping Fraud,4529.92,ACC00163,ACC00073,TXN100473,Wallet,Mumbai,Maharashtra,Under Investigation,32,LOW
CMP-1474,2025-01-05T01:00:00,SIM Swap Fraud,3748.31,ACC00256,ACC00094,TXN100474,IMPS,Delhi,Delhi,Closed,43,MEDIUM
CMP-1475,2025-04-21T05:00:00,Fake Investment App,28429.16,ACC00430,ACC00172,TXN100475,Wallet,Patna,Bihar,Open,54,MEDIUM
CMP-1476,2025-04-07T07:00:00,UPI Fraud,3649.4,ACC00199,ACC00085,TXN100476,Wallet,Kanpur,Uttar Pradesh,Escalated,45,MEDIUM
CMP-1477,2025-05-09T06:00:00,Loan App Harassment,2917.27,ACC00430,ACC00037,TXN100477,UPI,Hyderabad,Telangana,Under Investigation,50,MEDIUM
CMP-1478,2025-05-14T06:00:00,Fake Investment App,3187.62,ACC00471,ACC00042,TXN100478,UPI,Bengaluru,Karnataka,Under Investigation,52,MEDIUM
CMP-1479,2025-02-23T19:00:00,Romance Scam,12565.69,ACC00417,ACC00024,TXN100479,NEFT,Kanpur,Uttar Pradesh,Open,70,HIGH
CMP-1480,2025-08-26T20:00:00,SIM Swap Fraud,14753.9,ACC00455,ACC00072,TXN100480,Card,Kanpur,Uttar Pradesh,Under Investigation,72,HIGH
CMP-1481,2025-06-15T20:00:00,Job Fraud,177467.04,ACC00102,ACC00028,TXN100481,NEFT,Mumbai,Maharashtra,Escalated,74,HIGH
CMP-1482,2025-02-07T18:00:00,Romance Scam,4929.31,ACC00168,ACC00042,TXN100482,Card,Jaipur,Rajasthan,Closed,5,LOW
CMP-1483,2025-07-24T14:00:00,Credit Card Fraud,7602.96,ACC00496,ACC00070,TXN100483,UPI,Jaipur,Rajasthan,Open,19,LOW
CMP-1484,2025-04-16T11:00:00,Phishing,14426.42,ACC00171,ACC00200,TXN100484,RTGS,Kanpur,Uttar Pradesh,Open,22,LOW
CMP-1485,2025-01-03T09:00:00,Credit Card Fraud,25247.94,ACC00109,ACC00080,TXN100485,Wallet,Delhi,Delhi,Open,76,HIGH
CMP-1486,2025-09-03T17:00:00,Online Shopping Fraud,11965.49,ACC00493,ACC00004,TXN100486,Wallet,Patna,Bihar,Under Investigation,81,HIGH
CMP-1487,2025-04-27T19:00:00,Credit Card Fraud,38429.35,ACC00434,ACC00046,TXN100487,RTGS,Hyderabad,Telangana,Under Investigation,51,MEDIUM
CMP-1488,2025-03-08T17:00:00,SIM Swap Fraud,2858.28,ACC00168,ACC00065,TXN100488,Wallet,Kanpur,Uttar Pradesh,Open,41,MEDIUM
CMP-1489,2025-07-30T18:00:00,Online Shopping Fraud,1069.8,ACC00439,ACC00078,TXN100489,IMPS,Lucknow,Uttar Pradesh,Under Investigation,52,MEDIUM
CMP-1490,2025-03-12T05:00:00,OTP Fraud,9913.83,ACC00181,ACC00072,TXN100490,RTGS,Hyderabad,Telangana,Under Investigation,31,LOW
CMP-1491,2025-01-21T19:00:00,Phishing,6898.69,ACC00283,ACC00097,TXN100491,NEFT,Hyderabad,Telangana,Under Investigation,9,LOW
CMP-1492,2025-07-26T21:00:00,SIM Swap Fraud,2804.99,ACC00219,ACC00026,TXN100492,Card,Jaipur,Rajasthan,Under Investigation,10,LOW
CMP-1493,2025-04-18T00:00:00,SIM Swap Fraud,3281.47,ACC00332,ACC00120,TXN100493,UPI,Hyderabad,Telangana,Closed,12,LOW
CMP-1494,2025-04-17T17:00:00,Job Fraud,3849.02,ACC00479,ACC00069,TXN100494,RTGS,Kanpur,Uttar Pradesh,Under Investigation,6,LOW
CMP-1495,2025-04-22T17:00:00,Job Fraud,5476.98,ACC00287,ACC00009,TXN100495,IMPS,Patna,Bihar,Under Investigation,48,MEDIUM
CMP-1496,2025-07-25T07:00:00,Romance Scam,509.05,ACC00280,ACC00044,TXN100496,Wallet,Patna,Bihar,Under Investigation,41,MEDIUM
CMP-1497,2025-04-18T17:00:00,Phishing,16827.5,ACC00356,ACC00325,TXN100497,Wallet,Lucknow,Uttar Pradesh,Open,57,MEDIUM
CMP-1498,2025-01-31T05:00:00,Phishing,1829.64,ACC00208,ACC00020,TXN100498,RTGS,Kanpur,Uttar Pradesh,Under Investigation,28,LOW
CMP-1499,2025-03-05T06:00:00,Romance Scam,18374.49,ACC00312,ACC00092,TXN100499,Card,Bengaluru,Karnataka,Open,65,HIGH
CMP-1500,2025-05-29T23:00:00,UPI Fraud,25537.52,ACC00402,ACC00052,TXN100500,IMPS,Bengaluru,Karnataka,Open,68,HIGH
CMP-1501,2025-08-15T16:00:00,OTP Fraud,25304.17,ACC00168,ACC00005,TXN100501,UPI,Mumbai,Maharashtra,Closed,68,HIGH
CMP-1502,2025-02-22T07:00:00,Credit Card Fraud,57522.39,ACC00232,ACC00364,TXN100502,Wallet,Mumbai,Maharashtra,Closed,51,MEDIUM
CMP-1503,2025-01-06T22:00:00,Fake Investment App,4691.83,ACC00468,ACC00036,TXN100503,Card,Lucknow,Uttar Pradesh,Closed,58,MEDIUM
CMP-1504,2025-08-31T10:00:00,Credit Card Fraud,4970.07,ACC00346,ACC00052,TXN100504,IMPS,Hyderabad,Telangana,Under Investigation,39,LOW
CMP-1505,2025-01-30T18:00:00,Credit Card Fraud,16346.16,ACC00185,ACC00043,TXN100505,Wallet,Kanpur,Uttar Pradesh,Closed,83,HIGH
CMP-1506,2025-09-05T18:00:00,Fake Investment App,15221.5,ACC00217,ACC00016,TXN100506,Wallet,Delhi,Delhi,Open,78,HIGH
CMP-1507,2025-06-25T09:00:00,Credit Card Fraud,3681.91,ACC00176,ACC00022,TXN100507,Wallet,Patna,Bihar,Under Investigation,39,LOW
CMP-1508,2025-07-05T21:00:00,OTP Fraud,13453.02,ACC00372,ACC00015,TXN100508,Wallet,Lucknow,Uttar Pradesh,Open,87,CRITICAL
CMP-1509,2025-07-15T11:00:00,SIM Swap Fraud,3664.35,ACC00496,ACC00055,TXN100509,UPI,Lucknow,Uttar Pradesh,Under Investigation,39,LOW
CMP-1510,2025-02-03T06:00:00,Job Fraud,15500.23,ACC00217,ACC00346,TXN100510,NEFT,Patna,Bihar,Escalated,72,HIGH
CMP-1511,2025-08-02T09:00:00,Phishing,3434.06,ACC00317,ACC00061,TXN100511,NEFT,Delhi,Delhi,Escalated,34,LOW
CMP-1512,2025-04-17T15:00:00,UPI Fraud,1127.8,ACC00231,ACC00090,TXN100512,Wallet,Patna,Bihar,Escalated,33,LOW
CMP-1513,2025-07-13T20:00:00,SIM Swap Fraud,7308.16,ACC00366,ACC00083,TXN100513,Card,Delhi,Delhi,Open,35,LOW
CMP-1514,2025-04-28T12:00:00,Loan App Harassment,2151.92,ACC00154,ACC00083,TXN100514,Wallet,Jaipur,Rajasthan,Under Investigation,33,LOW
CMP-1515,2025-07-09T14:00:00,Job Fraud,1856.39,ACC00389,ACC00035,TXN100515,IMPS,Patna,Bihar,Closed,52,MEDIUM
CMP-1516,2025-04-07T01:00:00,Online Shopping Fraud,9316.81,ACC00382,ACC00061,TXN100516,Wallet,Patna,Bihar,Open,32,LOW
CMP-1517,2025-04-09T19:00:00,Job Fraud,3201.94,ACC00229,ACC00395,TXN100517,RTGS,Hyderabad,Telangana,Open,47,MEDIUM
CMP-1518,2025-06-14T02:00:00,OTP Fraud,791.14,ACC00437,ACC00029,TXN100518,UPI,Mumbai,Maharashtra,Under Investigation,56,MEDIUM
CMP-1519,2025-05-23T12:00:00,Credit Card Fraud,21422.57,ACC00360,ACC00043,TXN100519,RTGS,Bengaluru,Karnataka,Escalated,61,MEDIUM
CMP-1520,2025-07-17T00:00:00,Phishing,10254.94,ACC00182,ACC00081,TXN100520,IMPS,Lucknow,Uttar Pradesh,Open,63,MEDIUM
CMP-1521,2025-04-11T15:00:00,SIM Swap Fraud,1388.43,ACC00407,ACC00008,TXN100521,UPI,Hyderabad,Telangana,Open,15,LOW
CMP-1522,2025-02-11T06:00:00,Online Shopping Fraud,1226.83,ACC00470,ACC00051,TXN100522,NEFT,Lucknow,Uttar Pradesh,Under Investigation,58,MEDIUM
CMP-1523,2025-07-21T20:00:00,UPI Fraud,28228.32,ACC00496,ACC00081,TXN100523,IMPS,Lucknow,Uttar Pradesh,Under Investigation,78,HIGH
CMP-1524,2025-03-21T09:00:00,Fake Investment App,2027.25,ACC00199,ACC00076,TXN100524,Wallet,Kanpur,Uttar Pradesh,Under Investigation,53,MEDIUM
CMP-1525,2025-06-03T04:00:00,OTP Fraud,15326.18,ACC00445,ACC00030,TXN100525,UPI,Mumbai,Maharashtra,Under Investigation,78,HIGH
CMP-1526,2025-08-14T17:00:00,Credit Card Fraud,7459.24,ACC00499,ACC00085,TXN100526,IMPS,Kanpur,Uttar Pradesh,Under Investigation,54,MEDIUM
CMP-1527,2025-06-02T03:00:00,Online Shopping Fraud,665.1,ACC00477,ACC00011,TXN100527,Wallet,Lucknow,Uttar Pradesh,Under Investigation,10,LOW
CMP-1528,2025-09-07T10:00:00,Fake Investment App,29546.91,ACC00277,ACC00241,TXN100528,Card,Jaipur,Rajasthan,Open,64,MEDIUM
CMP-1529,2025-06-15T17:00:00,Phishing,5860.33,ACC00394,ACC00022,TXN100529,Wallet,Patna,Bihar,Under Investigation,16,LOW
CMP-1530,2025-08-03T11:00:00,Loan App Harassment,13201.82,ACC00357,ACC00014,TXN100530,Wallet,Delhi,Delhi,Escalated,59,MEDIUM
CMP-1531,2025-08-03T01:00:00,Fake Investment App,9656.9,ACC00455,ACC00048,TXN100531,NEFT,Kanpur,Uttar Pradesh,Under Investigation,41,MEDIUM
CMP-1532,2025-04-30T23:00:00,Romance Scam,10220.41,ACC00448,ACC00075,TXN100532,UPI,Hyderabad,Telangana,Closed,83,HIGH
CMP-1533,2025-07-14T03:00:00,Fake Investment App,3990.47,ACC00134,ACC00028,TXN100533,NEFT,Kanpur,Uttar Pradesh,Under Investigation,17,LOW
CMP-1534,2025-03-10T09:00:00,Loan App Harassment,14444.99,ACC00280,ACC00001,TXN100534,IMPS,Patna,Bihar,Escalated,79,HIGH
CMP-1535,2025-07-23T10:00:00,Phishing,5296.44,ACC00147,ACC00095,TXN100535,Wallet,Kanpur,Uttar Pradesh,Escalated,17,LOW
CMP-1536,2025-07-11T10:00:00,Loan App Harassment,2353.31,ACC00343,ACC00027,TXN100536,IMPS,Mumbai,Maharashtra,Closed,38,LOW
CMP-1537,2025-07-14T19:00:00,Loan App Harassment,72722.48,ACC00355,ACC00030,TXN100537,IMPS,Bengaluru,Karnataka,Escalated,60,MEDIUM
CMP-1538,2025-03-21T07:00:00,Phishing,3549.24,ACC00203,ACC00079,TXN100538,UPI,Bengaluru,Karnataka,Under Investigation,48,MEDIUM
CMP-1539,2025-01-04T01:00:00,Online Shopping Fraud,1579.86,ACC00446,ACC00352,TXN100539,UPI,Delhi,Delhi,Under Investigation,48,MEDIUM
CMP-1540,2025-02-04T12:00:00,Credit Card Fraud,715.87,ACC00290,ACC00063,TXN100540,NEFT,Hyderabad,Telangana,Closed,16,LOW
CMP-1541,2025-04-12T01:00:00,Fake Investment App,21604.77,ACC00193,ACC00361,TXN100541,Wallet,Hyderabad,Telangana,Open,44,MEDIUM
CMP-1542,2025-06-25T03:00:00,Online Shopping Fraud,30233.35,ACC00127,ACC00054,TXN100542,UPI,Mumbai,Maharashtra,Under Investigation,97,CRITICAL
CMP-1543,2025-08-14T09:00:00,Phishing,22673.47,ACC00301,ACC00497,TXN100543,RTGS,Jaipur,Rajasthan,Open,16,LOW
CMP-1544,2025-06-14T11:00:00,Job Fraud,3529.32,ACC00261,ACC00001,TXN100544,Wallet,Hyderabad,Telangana,Under Investigation,5,LOW
CMP-1545,2025-08-12T11:00:00,Loan App Harassment,4950.09,ACC00266,ACC00033,TXN100545,IMPS,Delhi,Delhi,Open,43,MEDIUM
CMP-1546,2025-09-04T19:00:00,Romance Scam,13794.76,ACC00341,ACC00275,TXN100546,Card,Kanpur,Uttar Pradesh,Under Investigation,30,LOW
CMP-1547,2025-01-29T22:00:00,Job Fraud,2775.73,ACC00314,ACC00047,TXN100547,NEFT,Bengaluru,Karnataka,Under Investigation,36,LOW
CMP-1548,2025-06-17T23:00:00,Phishing,5457.1,ACC00192,ACC00073,TXN100548,RTGS,Hyderabad,Telangana,Under Investigation,26,LOW
CMP-1549,2025-07-14T19:00:00,OTP Fraud,1130.47,ACC00220,ACC00048,TXN100549,Card,Kanpur,Uttar Pradesh,Open,30,LOW
CMP-1550,2025-01-12T13:00:00,Online Shopping Fraud,9908.11,ACC00190,ACC00017,TXN100550,Wallet,Lucknow,Uttar Pradesh,Closed,34,LOW
CMP-1551,2025-01-16T16:00:00,UPI Fraud,548.65,ACC00349,ACC00071,TXN100551,Card,Jaipur,Rajasthan,Closed,10,LOW
CMP-1552,2025-06-28T21:00:00,Romance Scam,7962.74,ACC00453,ACC00027,TXN100552,RTGS,Delhi,Delhi,Escalated,36,LOW
CMP-1553,2025-08-18T14:00:00,Online Shopping Fraud,8015.09,ACC00330,ACC00033,TXN100553,Wallet,Delhi,Delhi,Under Investigation,47,MEDIUM
CMP-1554,2025-01-21T17:00:00,Credit Card Fraud,6085.25,ACC00276,ACC00015,TXN100554,IMPS,Kanpur,Uttar Pradesh,Under Investigation,24,LOW
CMP-1555,2025-07-02T01:00:00,Romance Scam,5888.46,ACC00499,ACC00041,TXN100555,RTGS,Mumbai,Maharashtra,Under Investigation,33,LOW
CMP-1556,2025-06-10T05:00:00,OTP Fraud,12303.65,ACC00140,ACC00036,TXN100556,IMPS,Hyderabad,Telangana,Under Investigation,94,CRITICAL
CMP-1557,2025-05-11T23:00:00,Phishing,1612.7,ACC00315,ACC00073,TXN100557,UPI,Jaipur,Rajasthan,Under Investigation,52,MEDIUM
CMP-1558,2025-07-28T21:00:00,Loan App Harassment,3716.5,ACC00275,ACC00040,TXN100558,Wallet,Mumbai,Maharashtra,Under Investigation,31,LOW
CMP-1559,2025-02-26T16:00:00,SIM Swap Fraud,29377.23,ACC00238,ACC00499,TXN100559,RTGS,Patna,Bihar,Closed,51,MEDIUM
CMP-1560,2025-09-02T18:00:00,Fake Investment App,3329.35,ACC00311,ACC00002,TXN100560,RTGS,Hyderabad,Telangana,Open,24,LOW
CMP-1561,2025-04-24T09:00:00,Job Fraud,10969.81,ACC00480,ACC00010,TXN100561,UPI,Kanpur,Uttar Pradesh,Open,78,HIGH
CMP-1562,2025-03-21T13:00:00,UPI Fraud,3179.89,ACC00132,ACC00342,TXN100562,Card,Delhi,Delhi,Under Investigation,51,MEDIUM
CMP-1563,2025-02-13T11:00:00,Job Fraud,4346.98,ACC00153,ACC00019,TXN100563,NEFT,Delhi,Delhi,Open,25,LOW
CMP-1564,2025-05-18T23:00:00,OTP Fraud,8934.06,ACC00226,ACC00056,TXN100564,Wallet,Bengaluru,Karnataka,Under Investigation,20,LOW
CMP-1565,2025-02-27T00:00:00,SIM Swap Fraud,3000.13,ACC00114,ACC00045,TXN100565,Card,Mumbai,Maharashtra,Closed,48,MEDIUM
CMP-1566,2025-04-02T07:00:00,Online Shopping Fraud,6119.45,ACC00376,ACC00380,TXN100566,IMPS,Hyderabad,Telangana,Under Investigation,38,LOW
CMP-1567,2025-01-20T23:00:00,Online Shopping Fraud,2870.57,ACC00423,ACC00072,TXN100567,NEFT,Hyderabad,Telangana,Under Investigation,31,LOW
CMP-1568,2025-08-04T16:00:00,SIM Swap Fraud,1516.04,ACC00346,ACC00011,TXN100568,Card,Jaipur,Rajasthan,Under Investigation,39,LOW
CMP-1569,2025-05-05T18:00:00,OTP Fraud,1498.44,ACC00179,ACC00000,TXN100569,NEFT,Kanpur,Uttar Pradesh,Under Investigation,21,LOW
CMP-1570,2025-01-01T04:00:00,Romance Scam,4118.27,ACC00340,ACC00088,TXN100570,NEFT,Kanpur,Uttar Pradesh,Closed,47,MEDIUM
CMP-1571,2025-09-13T09:00:00,UPI Fraud,1642.58,ACC00492,ACC00037,TXN100571,Wallet,Lucknow,Uttar Pradesh,Under Investigation,46,MEDIUM
CMP-1572,2025-04-05T04:00:00,Fake Investment App,9827.17,ACC00196,ACC00071,TXN100572,IMPS,Jaipur,Rajasthan,Under Investigation,10,LOW
CMP-1573,2025-09-15T15:00:00,Fake Investment App,5951.25,ACC00293,ACC00010,TXN100573,Wallet,Patna,Bihar,Under Investigation,22,LOW
CMP-1574,2025-07-18T22:00:00,Job Fraud,5005.06,ACC00245,ACC00068,TXN100574,IMPS,Kanpur,Uttar Pradesh,Escalated,30,LOW
CMP-1575,2025-05-03T15:00:00,Credit Card Fraud,37306.26,ACC00193,ACC00014,TXN100575,Card,Delhi,Delhi,Under Investigation,82,HIGH
CMP-1576,2025-06-21T02:00:00,OTP Fraud,3516.25,ACC00458,ACC00024,TXN100576,UPI,Kanpur,Uttar Pradesh,Open,37,LOW
CMP-1577,2025-07-01T09:00:00,Romance Scam,13601.53,ACC00195,ACC00244,TXN100577,RTGS,Lucknow,Uttar Pradesh,Open,35,LOW
CMP-1578,2025-08-20T19:00:00,SIM Swap Fraud,32926.27,ACC00219,ACC00001,TXN100578,Card,Lucknow,Uttar Pradesh,Under Investigation,75,HIGH
CMP-1579,2025-05-14T20:00:00,UPI Fraud,7580.06,ACC00355,ACC00337,TXN100579,NEFT,Kanpur,Uttar Pradesh,Under Investigation,34,LOW
CMP-1580,2025-08-31T17:00:00,Job Fraud,2352.64,ACC00484,ACC00128,TXN100580,UPI,Delhi,Delhi,Open,30,LOW
CMP-1581,2025-08-11T03:00:00,UPI Fraud,4752.2,ACC00192,ACC00032,TXN100581,UPI,Hyderabad,Telangana,Escalated,49,MEDIUM
CMP-1582,2025-04-16T21:00:00,UPI Fraud,22470.58,ACC00297,ACC00056,TXN100582,IMPS,Bengaluru,Karnataka,Open,97,CRITICAL
CMP-1583,2025-05-26T08:00:00,Fake Investment App,2293.23,ACC00476,ACC00066,TXN100583,Card,Hyderabad,Telangana,Under Investigation,44,MEDIUM
CMP-1584,2025-09-02T21:00:00,UPI Fraud,19188.41,ACC00448,ACC00265,TXN100584,RTGS,Patna,Bihar,Open,24,LOW
CMP-1585,2025-05-30T08:00:00,UPI Fraud,5704.11,ACC00229,ACC00038,TXN100585,RTGS,Delhi,Delhi,Open,14,LOW
CMP-1586,2025-05-16T14:00:00,OTP Fraud,10271.31,ACC00157,ACC00055,TXN100586,NEFT,Bengaluru,Karnataka,Open,91,CRITICAL
CMP-1587,2025-06-06T01:00:00,Credit Card Fraud,1151.41,ACC00302,ACC00001,TXN100587,RTGS,Delhi,Delhi,Closed,27,LOW
CMP-1588,2025-03-10T13:00:00,Fake Investment App,2440.8,ACC00452,ACC00047,TXN100588,IMPS,Hyderabad,Telangana,Escalated,23,LOW
CMP-1589,2025-03-03T22:00:00,UPI Fraud,5746.24,ACC00146,ACC00043,TXN100589,UPI,Hyderabad,Telangana,Closed,41,MEDIUM
CMP-1590,2025-08-29T18:00:00,OTP Fraud,11118.53,ACC00430,ACC00068,TXN100590,Card,Jaipur,Rajasthan,Escalated,86,CRITICAL
CMP-1591,2025-06-09T18:00:00,Romance Scam,39185.79,ACC00262,ACC00430,TXN100591,RTGS,Bengaluru,Karnataka,Escalated,36,LOW
CMP-1592,2025-09-01T09:00:00,Loan App Harassment,3873.63,ACC00110,ACC00045,TXN100592,UPI,Bengaluru,Karnataka,Escalated,57,MEDIUM
CMP-1593,2025-06-25T18:00:00,Romance Scam,5679.18,ACC00461,ACC00037,TXN100593,IMPS,Hyderabad,Telangana,Under Investigation,30,LOW
CMP-1594,2025-02-28T16:00:00,Credit Card Fraud,26576.96,ACC00378,ACC00093,TXN100594,Wallet,Mumbai,Maharashtra,Under Investigation,72,HIGH
CMP-1595,2025-02-02T15:00:00,Loan App Harassment,10886.57,ACC00135,ACC00057,TXN100595,Wallet,Mumbai,Maharashtra,Open,69,HIGH
CMP-1596,2025-08-30T23:00:00,OTP Fraud,10038.19,ACC00332,ACC00081,TXN100596,UPI,Jaipur,Rajasthan,Under Investigation,84,HIGH
CMP-1597,2025-02-26T08:00:00,Online Shopping Fraud,26505.03,ACC00497,ACC00041,TXN100597,Card,Jaipur,Rajasthan,Escalated,72,HIGH
CMP-1598,2025-08-26T04:00:00,Credit Card Fraud,6293.88,ACC00368,ACC00098,TXN100598,NEFT,Bengaluru,Karnataka,Under Investigation,40,MEDIUM
CMP-1599,2025-06-08T04:00:00,Phishing,5480.98,ACC00309,ACC00014,TXN100599,UPI,Jaipur,Rajasthan,Open,27,LOW
CMP-1600,2025-06-19T05:00:00,Fake Investment App,16991.75,ACC00191,ACC00203,TXN100600,UPI,Mumbai,Maharashtra,Open,37,LOW
CMP-1601,2025-08-06T22:00:00,Online Shopping Fraud,1014.44,ACC00392,ACC00049,TXN100601,Wallet,Lucknow,Uttar Pradesh,Under Investigation,22,LOW
CMP-1602,2025-07-14T10:00:00,UPI Fraud,3746.49,ACC00125,ACC00077,TXN100602,IMPS,Kanpur,Uttar Pradesh,Escalated,29,LOW
CMP-1603,2025-04-19T07:00:00,Online Shopping Fraud,1266.19,ACC00140,ACC00081,TXN100603,RTGS,Hyderabad,Telangana,Open,22,LOW
CMP-1604,2025-01-11T15:00:00,Loan App Harassment,31870.75,ACC00288,ACC00007,TXN100604,Wallet,Patna,Bihar,Escalated,87,CRITICAL
CMP-1605,2025-02-20T07:00:00,Fake Investment App,22491.8,ACC00475,ACC00038,TXN100605,Wallet,Lucknow,Uttar Pradesh,Open,94,CRITICAL
CMP-1606,2025-05-12T08:00:00,Fake Investment App,3725.42,ACC00151,ACC00068,TXN100606,Wallet,Delhi,Delhi,Under Investigation,42,MEDIUM
CMP-1607,2025-04-29T16:00:00,Online Shopping Fraud,509.4,ACC00391,ACC00022,TXN100607,Card,Bengaluru,Karnataka,Under Investigation,41,MEDIUM
CMP-1608,2025-04-24T19:00:00,Job Fraud,2263.03,ACC00492,ACC00045,TXN100608,UPI,Delhi,Delhi,Under Investigation,29,LOW
CMP-1609,2025-03-23T20:00:00,OTP Fraud,7056.02,ACC00192,ACC00064,TXN100609,Wallet,Mumbai,Maharashtra,Open,35,LOW
CMP-1610,2025-09-02T10:00:00,SIM Swap Fraud,2903.18,ACC00280,ACC00381,TXN100610,NEFT,Hyderabad,Telangana,Closed,29,LOW
CMP-1611,2025-03-04T17:00:00,Fake Investment App,1866.38,ACC00491,ACC00092,TXN100611,Wallet,Patna,Bihar,Open,19,LOW
CMP-1612,2025-04-27T21:00:00,Romance Scam,1158.66,ACC00292,ACC00095,TXN100612,Card,Bengaluru,Karnataka,Open,45,MEDIUM
CMP-1613,2025-02-16T07:00:00,Online Shopping Fraud,3962.99,ACC00100,ACC00036,TXN100613,IMPS,Patna,Bihar,Under Investigation,52,MEDIUM
CMP-1614,2025-08-13T05:00:00,SIM Swap Fraud,10935.7,ACC00103,ACC00028,TXN100614,UPI,Kanpur,Uttar Pradesh,Open,80,HIGH
CMP-1615,2025-04-03T18:00:00,OTP Fraud,1559.83,ACC00383,ACC00073,TXN100615,UPI,Kanpur,Uttar Pradesh,Closed,22,LOW
CMP-1616,2025-01-28T10:00:00,Credit Card Fraud,5780.79,ACC00335,ACC00017,TXN100616,IMPS,Lucknow,Uttar Pradesh,Open,35,LOW
CMP-1617,2025-06-06T20:00:00,Credit Card Fraud,3109.55,ACC00231,ACC00011,TXN100617,IMPS,Bengaluru,Karnataka,Under Investigation,39,LOW
CMP-1618,2025-05-07T02:00:00,Credit Card Fraud,6983.75,ACC00470,ACC00061,TXN100618,UPI,Delhi,Delhi,Open,36,LOW
CMP-1619,2025-02-05T17:00:00,UPI Fraud,17452.44,ACC00119,ACC00073,TXN100619,NEFT,Kanpur,Uttar Pradesh,Under Investigation,96,CRITICAL
CMP-1620,2025-04-12T08:00:00,Fake Investment App,5153.29,ACC00322,ACC00015,TXN100620,RTGS,Jaipur,Rajasthan,Closed,31,LOW
CMP-1621,2025-01-28T20:00:00,Online Shopping Fraud,39578.99,ACC00424,ACC00048,TXN100621,UPI,Lucknow,Uttar Pradesh,Open,77,HIGH
CMP-1622,2025-04-17T13:00:00,Fake Investment App,12035.15,ACC00376,ACC00041,TXN100622,IMPS,Jaipur,Rajasthan,Under Investigation,66,HIGH
CMP-1623,2025-01-26T01:00:00,Credit Card Fraud,2198.0,ACC00444,ACC00050,TXN100623,Wallet,Lucknow,Uttar Pradesh,Closed,32,LOW
CMP-1624,2025-06-02T05:00:00,SIM Swap Fraud,6061.95,ACC00213,ACC00050,TXN100624,UPI,Delhi,Delhi,Open,38,LOW
CMP-1625,2025-07-01T14:00:00,Phishing,3294.2,ACC00392,ACC00070,TXN100625,Card,Hyderabad,Telangana,Under Investigation,40,MEDIUM
CMP-1626,2025-08-16T18:00:00,Online Shopping Fraud,7569.31,ACC00496,ACC00097,TXN100626,IMPS,Patna,Bihar,Open,54,MEDIUM
CMP-1627,2025-03-06T10:00:00,Online Shopping Fraud,2280.93,ACC00302,ACC00025,TXN100627,IMPS,Hyderabad,Telangana,Under Investigation,44,MEDIUM
CMP-1628,2025-02-07T02:00:00,Credit Card Fraud,5042.53,ACC00136,ACC00055,TXN100628,UPI,Bengaluru,Karnataka,Open,29,LOW
CMP-1629,2025-02-26T23:00:00,SIM Swap Fraud,1503.95,ACC00443,ACC00046,TXN100629,NEFT,Delhi,Delhi,Open,37,LOW
CMP-1630,2025-06-29T21:00:00,Romance Scam,3719.47,ACC00494,ACC00044,TXN100630,Wallet,Lucknow,Uttar Pradesh,Under Investigation,36,LOW
CMP-1631,2025-08-21T19:00:00,SIM Swap Fraud,1335.77,ACC00325,ACC00029,TXN100631,IMPS,Mumbai,Maharashtra,Open,37,LOW
CMP-1632,2025-08-05T08:00:00,OTP Fraud,5688.55,ACC00157,ACC00031,TXN100632,NEFT,Delhi,Delhi,Closed,45,MEDIUM
CMP-1633,2025-02-17T03:00:00,Romance Scam,25429.78,ACC00275,ACC00014,TXN100633,UPI,Lucknow,Uttar Pradesh,Open,80,HIGH
CMP-1634,2025-07-23T06:00:00,Online Shopping Fraud,2733.57,ACC00207,ACC00027,TXN100634,NEFT,Jaipur,Rajasthan,Open,37,LOW
CMP-1635,2025-04-20T14:00:00,UPI Fraud,4050.68,ACC00418,ACC00018,TXN100635,Card,Hyderabad,Telangana,Under Investigation,39,LOW
CMP-1636,2025-03-06T15:00:00,Credit Card Fraud,907.44,ACC00230,ACC00036,TXN100636,NEFT,Lucknow,Uttar Pradesh,Open,48,MEDIUM
CMP-1637,2025-08-30T20:00:00,Loan App Harassment,2225.07,ACC00338,ACC00001,TXN100637,RTGS,Lucknow,Uttar Pradesh,Open,25,LOW
CMP-1638,2025-05-14T18:00:00,Job Fraud,5344.71,ACC00155,ACC00083,TXN100638,Wallet,Jaipur,Rajasthan,Under Investigation,32,LOW
CMP-1639,2025-06-18T05:00:00,OTP Fraud,7710.94,ACC00261,ACC00076,TXN100639,IMPS,Delhi,Delhi,Under Investigation,37,LOW
CMP-1640,2025-01-13T07:00:00,Online Shopping Fraud,13409.67,ACC00387,ACC00111,TXN100640,NEFT,Hyderabad,Telangana,Open,33,LOW
CMP-1641,2025-09-08T10:00:00,SIM Swap Fraud,6178.04,ACC00350,ACC00020,TXN100641,NEFT,Jaipur,Rajasthan,Open,54,MEDIUM
CMP-1642,2025-05-20T06:00:00,UPI Fraud,2261.61,ACC00220,ACC00356,TXN100642,RTGS,Kanpur,Uttar Pradesh,Open,23,LOW
CMP-1643,2025-05-25T00:00:00,Loan App Harassment,5480.63,ACC00298,ACC00115,TXN100643,IMPS,Kanpur,Uttar Pradesh,Closed,16,LOW
CMP-1644,2025-07-04T02:00:00,Job Fraud,1873.15,ACC00274,ACC00436,TXN100644,Wallet,Mumbai,Maharashtra,Open,21,LOW
CMP-1645,2025-08-06T01:00:00,Loan App Harassment,410.86,ACC00313,ACC00019,TXN100645,Wallet,Bengaluru,Karnataka,Under Investigation,27,LOW
CMP-1646,2025-03-24T06:00:00,Credit Card Fraud,3644.58,ACC00329,ACC00026,TXN100646,Wallet,Jaipur,Rajasthan,Under Investigation,27,LOW
CMP-1647,2025-01-12T18:00:00,OTP Fraud,1362.58,ACC00170,ACC00090,TXN100647,Card,Bengaluru,Karnataka,Closed,9,LOW
CMP-1648,2025-08-21T15:00:00,Online Shopping Fraud,3176.64,ACC00435,ACC00180,TXN100648,Wallet,Mumbai,Maharashtra,Open,31,LOW
CMP-1649,2025-07-19T12:00:00,SIM Swap Fraud,876.14,ACC00194,ACC00018,TXN100649,Card,Delhi,Delhi,Escalated,30,LOW
CMP-1650,2025-05-23T06:00:00,Loan App Harassment,4194.99,ACC00255,ACC00081,TXN100650,IMPS,Patna,Bihar,Closed,37,LOW
CMP-1651,2025-08-18T13:00:00,Credit Card Fraud,8883.46,ACC00154,ACC00003,TXN100651,Wallet,Bengaluru,Karnataka,Escalated,44,MEDIUM
CMP-1652,2025-07-01T07:00:00,Fake Investment App,2220.31,ACC00410,ACC00029,TXN100652,RTGS,Kanpur,Uttar Pradesh,Under Investigation,27,LOW
CMP-1653,2025-08-11T19:00:00,Online Shopping Fraud,1511.65,ACC00283,ACC00099,TXN100653,Wallet,Lucknow,Uttar Pradesh,Under Investigation,32,LOW
CMP-1654,2025-04-10T14:00:00,Romance Scam,25178.38,ACC00464,ACC00023,TXN100654,Card,Hyderabad,Telangana,Closed,72,HIGH
CMP-1655,2025-09-17T04:00:00,UPI Fraud,375.58,ACC00183,ACC00004,TXN100655,NEFT,Mumbai,Maharashtra,Under Investigation,18,LOW
CMP-1656,2025-03-21T04:00:00,Phishing,4380.05,ACC00213,ACC00025,TXN100656,IMPS,Patna,Bihar,Escalated,5,LOW
CMP-1657,2025-08-27T18:00:00,Fake Investment App,6035.93,ACC00415,ACC00041,TXN100657,Card,Hyderabad,Telangana,Closed,22,LOW
CMP-1658,2025-04-25T19:00:00,SIM Swap Fraud,13865.11,ACC00497,ACC00094,TXN100658,Card,Patna,Bihar,Escalated,88,CRITICAL
CMP-1659,2025-03-30T19:00:00,UPI Fraud,2598.99,ACC00366,ACC00058,TXN100659,IMPS,Lucknow,Uttar Pradesh,Escalated,32,LOW
CMP-1660,2025-03-03T19:00:00,UPI Fraud,4310.51,ACC00476,ACC00049,TXN100660,IMPS,Patna,Bihar,Under Investigation,38,LOW
CMP-1661,2025-03-10T06:00:00,Loan App Harassment,4129.49,ACC00325,ACC00038,TXN100661,Card,Kanpur,Uttar Pradesh,Escalated,34,LOW
CMP-1662,2025-08-12T17:00:00,OTP Fraud,1467.08,ACC00316,ACC00006,TXN100662,Card,Mumbai,Maharashtra,Under Investigation,25,LOW
CMP-1663,2025-07-01T08:00:00,Credit Card Fraud,4305.73,ACC00146,ACC00014,TXN100663,RTGS,Hyderabad,Telangana,Open,35,LOW
CMP-1664,2025-01-17T12:00:00,Romance Scam,27465.79,ACC00301,ACC00057,TXN100664,Wallet,Mumbai,Maharashtra,Open,79,HIGH
CMP-1665,2025-02-04T12:00:00,OTP Fraud,1369.05,ACC00332,ACC00041,TXN100665,RTGS,Bengaluru,Karnataka,Under Investigation,31,LOW
CMP-1666,2025-02-27T07:00:00,Phishing,3268.04,ACC00146,ACC00057,TXN100666,Wallet,Delhi,Delhi,Under Investigation,32,LOW
CMP-1667,2025-01-24T04:00:00,OTP Fraud,5744.3,ACC00472,ACC00065,TXN100667,Card,Patna,Bihar,Under Investigation,28,LOW
CMP-1668,2025-03-16T06:00:00,OTP Fraud,18662.47,ACC00122,ACC00042,TXN100668,IMPS,Patna,Bihar,Under Investigation,59,MEDIUM
CMP-1669,2025-08-15T18:00:00,Loan App Harassment,4300.97,ACC00191,ACC00006,TXN100669,RTGS,Mumbai,Maharashtra,Under Investigation,56,MEDIUM
CMP-1670,2025-06-30T13:00:00,Fake Investment App,2401.45,ACC00247,ACC00015,TXN100670,UPI,Hyderabad,Telangana,Closed,27,LOW
CMP-1671,2025-03-19T21:00:00,UPI Fraud,31389.6,ACC00106,ACC00063,TXN100671,Wallet,Kanpur,Uttar Pradesh,Under Investigation,79,HIGH
CMP-1672,2025-04-01T09:00:00,Job Fraud,4509.48,ACC00221,ACC00084,TXN100672,Card,Hyderabad,Telangana,Under Investigation,33,LOW
CMP-1673,2025-08-04T14:00:00,Loan App Harassment,16107.25,ACC00407,ACC00031,TXN100673,Wallet,Delhi,Delhi,Closed,68,HIGH
CMP-1674,2025-03-06T23:00:00,UPI Fraud,1184.17,ACC00125,ACC00007,TXN100674,IMPS,Bengaluru,Karnataka,Under Investigation,20,LOW
CMP-1675,2025-03-23T02:00:00,Phishing,6874.46,ACC00441,ACC00077,TXN100675,UPI,Lucknow,Uttar Pradesh,Open,25,LOW
CMP-1676,2025-08-16T18:00:00,Credit Card Fraud,5754.16,ACC00313,ACC00182,TXN100676,RTGS,Delhi,Delhi,Under Investigation,21,LOW
CMP-1677,2025-01-28T01:00:00,Phishing,8222.33,ACC00333,ACC00046,TXN100677,NEFT,Mumbai,Maharashtra,Closed,59,MEDIUM
CMP-1678,2025-01-22T00:00:00,Online Shopping Fraud,6441.31,ACC00288,ACC00134,TXN100678,UPI,Jaipur,Rajasthan,Escalated,5,LOW
CMP-1679,2025-01-31T04:00:00,SIM Swap Fraud,19244.25,ACC00341,ACC00088,TXN100679,Wallet,Kanpur,Uttar Pradesh,Closed,66,HIGH
CMP-1680,2025-05-12T15:00:00,Phishing,770.34,ACC00368,ACC00026,TXN100680,Wallet,Patna,Bihar,Under Investigation,10,LOW
CMP-1681,2025-06-10T15:00:00,Loan App Harassment,56875.55,ACC00347,ACC00077,TXN100681,Card,Delhi,Delhi,Closed,75,HIGH
CMP-1682,2025-01-07T10:00:00,OTP Fraud,2382.44,ACC00232,ACC00079,TXN100682,Wallet,Jaipur,Rajasthan,Under Investigation,30,LOW
CMP-1683,2025-01-26T14:00:00,OTP Fraud,783.51,ACC00366,ACC00063,TXN100683,Wallet,Hyderabad,Telangana,Under Investigation,36,LOW
CMP-1684,2025-05-03T11:00:00,UPI Fraud,9025.63,ACC00462,ACC00024,TXN100684,Card,Bengaluru,Karnataka,Open,21,LOW
CMP-1685,2025-07-23T18:00:00,Job Fraud,6713.99,ACC00477,ACC00078,TXN100685,UPI,Delhi,Delhi,Closed,64,MEDIUM
CMP-1686,2025-01-16T06:00:00,Fake Investment App,10425.81,ACC00279,ACC00081,TXN100686,RTGS,Jaipur,Rajasthan,Open,74,HIGH
CMP-1687,2025-03-26T15:00:00,Online Shopping Fraud,1239.68,ACC00230,ACC00039,TXN100687,NEFT,Kanpur,Uttar Pradesh,Open,44,MEDIUM
CMP-1688,2025-06-19T05:00:00,Credit Card Fraud,7383.5,ACC00158,ACC00043,TXN100688,Wallet,Lucknow,Uttar Pradesh,Under Investigation,26,LOW
CMP-1689,2025-01-30T23:00:00,Romance Scam,7360.53,ACC00189,ACC00043,TXN100689,Card,Lucknow,Uttar Pradesh,Closed,20,LOW
CMP-1690,2025-04-17T03:00:00,Online Shopping Fraud,5360.54,ACC00430,ACC00019,TXN100690,NEFT,Lucknow,Uttar Pradesh,Under Investigation,31,LOW
CMP-1691,2025-07-29T20:00:00,Loan App Harassment,26431.28,ACC00311,ACC00128,TXN100691,Wallet,Hyderabad,Telangana,Escalated,33,LOW
CMP-1692,2025-06-24T17:00:00,SIM Swap Fraud,61290.19,ACC00384,ACC00026,TXN100692,NEFT,Jaipur,Rajasthan,Under Investigation,73,HIGH
CMP-1693,2025-07-29T09:00:00,Job Fraud,7509.89,ACC00176,ACC00003,TXN100693,RTGS,Delhi,Delhi,Open,50,MEDIUM
CMP-1694,2025-02-13T00:00:00,Loan App Harassment,10812.72,ACC00392,ACC00023,TXN100694,RTGS,Mumbai,Maharashtra,Under Investigation,49,MEDIUM
CMP-1695,2025-08-07T03:00:00,Fake Investment App,7435.0,ACC00463,ACC00052,TXN100695,NEFT,Jaipur,Rajasthan,Open,38,LOW
CMP-1696,2025-02-09T20:00:00,SIM Swap Fraud,852.9,ACC00254,ACC00038,TXN100696,UPI,Hyderabad,Telangana,Open,45,MEDIUM
CMP-1697,2025-08-06T14:00:00,Online Shopping Fraud,904.49,ACC00147,ACC00003,TXN100697,IMPS,Bengaluru,Karnataka,Escalated,41,MEDIUM
CMP-1698,2025-07-16T01:00:00,Loan App Harassment,3844.98,ACC00274,ACC00475,TXN100698,NEFT,Bengaluru,Karnataka,Closed,41,MEDIUM
CMP-1699,2025-02-03T10:00:00,OTP Fraud,5404.94,ACC00493,ACC00364,TXN100699,IMPS,Mumbai,Maharashtra,Under Investigation,32,LOW
CMP-1700,2025-08-23T20:00:00,Loan App Harassment,4483.98,ACC00335,ACC00066,TXN100700,UPI,Lucknow,Uttar Pradesh,Open,5,LOW
CMP-1701,2025-03-24T21:00:00,Loan App Harassment,1115.47,ACC00270,ACC00005,TXN100701,UPI,Delhi,Delhi,Open,46,MEDIUM
CMP-1702,2025-03-19T21:00:00,Loan App Harassment,1383.83,ACC00427,ACC00264,TXN100702,NEFT,Kanpur,Uttar Pradesh,Open,37,LOW
CMP-1703,2025-01-24T19:00:00,OTP Fraud,5627.48,ACC00495,ACC00015,TXN100703,NEFT,Jaipur,Rajasthan,Open,46,MEDIUM
CMP-1704,2025-07-31T09:00:00,Fake Investment App,2712.76,ACC00107,ACC00386,TXN100704,Wallet,Delhi,Delhi,Under Investigation,18,LOW
CMP-1705,2025-05-05T03:00:00,Loan App Harassment,4573.04,ACC00381,ACC00018,TXN100705,Wallet,Jaipur,Rajasthan,Closed,38,LOW
CMP-1706,2025-01-23T01:00:00,Online Shopping Fraud,4449.68,ACC00187,ACC00078,TXN100706,Card,Bengaluru,Karnataka,Closed,46,MEDIUM
CMP-1707,2025-03-25T11:00:00,Job Fraud,4301.82,ACC00166,ACC00086,TXN100707,UPI,Lucknow,Uttar Pradesh,Open,10,LOW
CMP-1708,2025-08-12T14:00:00,Credit Card Fraud,1660.96,ACC00318,ACC00090,TXN100708,RTGS,Delhi,Delhi,Under Investigation,52,MEDIUM
CMP-1709,2025-07-12T15:00:00,Online Shopping Fraud,6054.28,ACC00415,ACC00042,TXN100709,UPI,Hyderabad,Telangana,Escalated,23,LOW
CMP-1710,2025-03-08T19:00:00,Romance Scam,5595.25,ACC00390,ACC00089,TXN100710,NEFT,Hyderabad,Telangana,Under Investigation,32,LOW
CMP-1711,2025-06-25T18:00:00,Credit Card Fraud,4497.95,ACC00340,ACC00028,TXN100711,NEFT,Hyderabad,Telangana,Open,11,LOW
CMP-1712,2025-07-27T05:00:00,SIM Swap Fraud,6688.34,ACC00300,ACC00085,TXN100712,Card,Jaipur,Rajasthan,Open,16,LOW
CMP-1713,2025-05-17T06:00:00,Romance Scam,1536.46,ACC00115,ACC00014,TXN100713,IMPS,Hyderabad,Telangana,Under Investigation,23,LOW
CMP-1714,2025-07-20T15:00:00,Phishing,2152.16,ACC00493,ACC00073,TXN100714,Card,Kanpur,Uttar Pradesh,Open,34,LOW
CMP-1715,2025-01-13T07:00:00,Online Shopping Fraud,5139.23,ACC00266,ACC00009,TXN100715,Card,Delhi,Delhi,Escalated,44,MEDIUM
CMP-1716,2025-03-12T09:00:00,OTP Fraud,31539.97,ACC00402,ACC00079,TXN100716,Card,Patna,Bihar,Open,88,CRITICAL
CMP-1717,2025-02-10T23:00:00,Job Fraud,1459.72,ACC00133,ACC00088,TXN100717,Wallet,Patna,Bihar,Under Investigation,36,LOW
CMP-1718,2025-08-21T01:00:00,Phishing,14939.63,ACC00378,ACC00022,TXN100718,RTGS,Jaipur,Rajasthan,Under Investigation,83,HIGH
CMP-1719,2025-03-29T22:00:00,Phishing,32860.75,ACC00158,ACC00059,TXN100719,Card,Hyderabad,Telangana,Open,77,HIGH
CMP-1720,2025-08-29T23:00:00,Credit Card Fraud,2789.3,ACC00257,ACC00135,TXN100720,Card,Mumbai,Maharashtra,Under Investigation,45,MEDIUM
CMP-1721,2025-09-09T15:00:00,OTP Fraud,6145.43,ACC00353,ACC00007,TXN100721,Wallet,Jaipur,Rajasthan,Open,40,MEDIUM
CMP-1722,2025-03-21T08:00:00,Loan App Harassment,23802.5,ACC00487,ACC00019,TXN100722,Card,Lucknow,Uttar Pradesh,Under Investigation,77,HIGH
CMP-1723,2025-03-24T13:00:00,Loan App Harassment,15888.51,ACC00200,ACC00040,TXN100723,Card,Hyderabad,Telangana,Open,68,HIGH
CMP-1724,2025-05-02T01:00:00,Job Fraud,1676.09,ACC00145,ACC00078,TXN100724,IMPS,Jaipur,Rajasthan,Closed,34,LOW
CMP-1725,2025-01-30T22:00:00,UPI Fraud,4230.3,ACC00131,ACC00070,TXN100725,RTGS,Kanpur,Uttar Pradesh,Closed,47,MEDIUM
CMP-1726,2025-09-14T00:00:00,Credit Card Fraud,25969.52,ACC00156,ACC00115,TXN100726,Card,Jaipur,Rajasthan,Open,52,MEDIUM
CMP-1727,2025-04-29T09:00:00,Fake Investment App,402.47,ACC00464,ACC00048,TXN100727,RTGS,Jaipur,Rajasthan,Under Investigation,20,LOW
CMP-1728,2025-07-09T03:00:00,SIM Swap Fraud,2774.08,ACC00343,ACC00071,TXN100728,Card,Mumbai,Maharashtra,Under Investigation,29,LOW
CMP-1729,2025-03-10T12:00:00,UPI Fraud,1953.83,ACC00247,ACC00443,TXN100729,UPI,Mumbai,Maharashtra,Open,28,LOW
CMP-1730,2025-06-25T00:00:00,OTP Fraud,25609.4,ACC00173,ACC00062,TXN100730,UPI,Lucknow,Uttar Pradesh,Under Investigation,85,CRITICAL
CMP-1731,2025-02-25T01:00:00,Credit Card Fraud,2108.56,ACC00428,ACC00058,TXN100731,Card,Mumbai,Maharashtra,Closed,31,LOW
CMP-1732,2025-01-31T06:00:00,Job Fraud,6632.7,ACC00332,ACC00070,TXN100732,NEFT,Mumbai,Maharashtra,Escalated,12,LOW
CMP-1733,2025-06-26T14:00:00,Fake Investment App,3652.53,ACC00195,ACC00000,TXN100733,RTGS,Bengaluru,Karnataka,Under Investigation,31,LOW
CMP-1734,2025-08-17T13:00:00,UPI Fraud,3440.17,ACC00310,ACC00395,TXN100734,Wallet,Kanpur,Uttar Pradesh,Under Investigation,46,MEDIUM
CMP-1735,2025-06-09T12:00:00,Phishing,3423.68,ACC00460,ACC00074,TXN100735,IMPS,Hyderabad,Telangana,Under Investigation,11,LOW
CMP-1736,2025-05-11T04:00:00,Phishing,15224.64,ACC00338,ACC00066,TXN100736,IMPS,Kanpur,Uttar Pradesh,Closed,67,HIGH
CMP-1737,2025-08-27T08:00:00,Online Shopping Fraud,1699.76,ACC00422,ACC00085,TXN100737,Wallet,Hyderabad,Telangana,Open,27,LOW
CMP-1738,2025-06-26T07:00:00,UPI Fraud,26791.5,ACC00413,ACC00043,TXN100738,Card,Kanpur,Uttar Pradesh,Under Investigation,56,MEDIUM
CMP-1739,2025-07-28T11:00:00,Job Fraud,7620.25,ACC00362,ACC00393,TXN100739,NEFT,Hyderabad,Telangana,Escalated,29,LOW
CMP-1740,2025-06-10T08:00:00,Loan App Harassment,7306.84,ACC00248,ACC00088,TXN100740,RTGS,Kanpur,Uttar Pradesh,Closed,17,LOW
CMP-1741,2025-04-02T14:00:00,UPI Fraud,3856.31,ACC00131,ACC00074,TXN100741,RTGS,Kanpur,Uttar Pradesh,Open,31,LOW
CMP-1742,2025-04-30T18:00:00,OTP Fraud,3673.47,ACC00477,ACC00036,TXN100742,Wallet,Kanpur,Uttar Pradesh,Under Investigation,18,LOW
CMP-1743,2025-02-21T06:00:00,Loan App Harassment,2118.06,ACC00242,ACC00078,TXN100743,UPI,Delhi,Delhi,Open,35,LOW
CMP-1744,2025-02-26T22:00:00,Romance Scam,337.78,ACC00409,ACC00075,TXN100744,NEFT,Delhi,Delhi,Escalated,16,LOW
CMP-1745,2025-01-04T05:00:00,Online Shopping Fraud,4349.77,ACC00233,ACC00030,TXN100745,UPI,Mumbai,Maharashtra,Under Investigation,36,LOW
CMP-1746,2025-04-18T00:00:00,OTP Fraud,3133.71,ACC00143,ACC00404,TXN100746,Card,Jaipur,Rajasthan,Closed,34,LOW
CMP-1747,2025-08-02T19:00:00,OTP Fraud,2303.41,ACC00494,ACC00084,TXN100747,IMPS,Patna,Bihar,Under Investigation,45,MEDIUM
CMP-1748,2025-08-06T13:00:00,UPI Fraud,23769.53,ACC00127,ACC00096,TXN100748,IMPS,Jaipur,Rajasthan,Escalated,57,MEDIUM
CMP-1749,2025-01-04T03:00:00,Online Shopping Fraud,1910.4,ACC00304,ACC00060,TXN100749,IMPS,Hyderabad,Telangana,Escalated,44,MEDIUM
CMP-1750,2025-06-05T09:00:00,Online Shopping Fraud,3366.84,ACC00449,ACC00060,TXN100750,Card,Patna,Bihar,Open,41,MEDIUM
CMP-1751,2025-02-20T11:00:00,SIM Swap Fraud,15695.03,ACC00247,ACC00329,TXN100751,Wallet,Lucknow,Uttar Pradesh,Under Investigation,68,HIGH
CMP-1752,2025-09-16T04:00:00,Job Fraud,2789.15,ACC00149,ACC00426,TXN100752,Wallet,Lucknow,Uttar Pradesh,Under Investigation,31,LOW
CMP-1753,2025-08-27T18:00:00,Credit Card Fraud,266.66,ACC00271,ACC00012,TXN100753,Card,Kanpur,Uttar Pradesh,Open,51,MEDIUM
CMP-1754,2025-03-27T14:00:00,Credit Card Fraud,507.06,ACC00495,ACC00030,TXN100754,IMPS,Hyderabad,Telangana,Escalated,11,LOW
CMP-1755,2025-09-01T23:00:00,UPI Fraud,9993.46,ACC00446,ACC00023,TXN100755,RTGS,Jaipur,Rajasthan,Open,43,MEDIUM
CMP-1756,2025-06-26T03:00:00,Romance Scam,5853.32,ACC00134,ACC00012,TXN100756,NEFT,Lucknow,Uttar Pradesh,Under Investigation,30,LOW
CMP-1757,2025-07-09T01:00:00,Credit Card Fraud,14288.59,ACC00471,ACC00024,TXN100757,UPI,Bengaluru,Karnataka,Open,60,MEDIUM
CMP-1758,2025-02-14T01:00:00,Phishing,17366.41,ACC00404,ACC00027,TXN100758,RTGS,Lucknow,Uttar Pradesh,Closed,66,HIGH
CMP-1759,2025-04-18T15:00:00,Credit Card Fraud,3338.48,ACC00144,ACC00166,TXN100759,IMPS,Delhi,Delhi,Under Investigation,35,LOW
CMP-1760,2025-09-15T00:00:00,Phishing,5205.91,ACC00456,ACC00037,TXN100760,RTGS,Delhi,Delhi,Under Investigation,40,MEDIUM
CMP-1761,2025-09-08T02:00:00,SIM Swap Fraud,1194.82,ACC00241,ACC00088,TXN100761,NEFT,Hyderabad,Telangana,Closed,34,LOW
CMP-1762,2025-01-14T14:00:00,Job Fraud,7665.34,ACC00499,ACC00099,TXN100762,NEFT,Mumbai,Maharashtra,Open,18,LOW
CMP-1763,2025-01-30T07:00:00,Phishing,3443.44,ACC00232,ACC00235,TXN100763,Card,Lucknow,Uttar Pradesh,Open,52,MEDIUM
CMP-1764,2025-06-13T15:00:00,OTP Fraud,2955.78,ACC00412,ACC00082,TXN100764,Wallet,Bengaluru,Karnataka,Under Investigation,45,MEDIUM
CMP-1765,2025-06-28T23:00:00,Loan App Harassment,4513.84,ACC00211,ACC00013,TXN100765,UPI,Patna,Bihar,Closed,56,MEDIUM
CMP-1766,2025-06-13T17:00:00,Romance Scam,4075.17,ACC00137,ACC00093,TXN100766,UPI,Lucknow,Uttar Pradesh,Open,35,LOW
CMP-1767,2025-02-20T19:00:00,Job Fraud,13796.18,ACC00176,ACC00000,TXN100767,NEFT,Hyderabad,Telangana,Closed,63,MEDIUM
CMP-1768,2025-04-07T12:00:00,Online Shopping Fraud,2682.0,ACC00458,ACC00050,TXN100768,RTGS,Mumbai,Maharashtra,Under Investigation,59,MEDIUM
CMP-1769,2025-06-25T14:00:00,Phishing,2358.93,ACC00344,ACC00093,TXN100769,Wallet,Hyderabad,Telangana,Escalated,36,LOW
CMP-1770,2025-06-14T18:00:00,Romance Scam,8599.18,ACC00101,ACC00088,TXN100770,UPI,Bengaluru,Karnataka,Escalated,54,MEDIUM
CMP-1771,2025-04-23T03:00:00,Phishing,713.73,ACC00270,ACC00051,TXN100771,NEFT,Jaipur,Rajasthan,Open,21,LOW
CMP-1772,2025-03-20T17:00:00,Fake Investment App,11037.75,ACC00141,ACC00097,TXN100772,IMPS,Jaipur,Rajasthan,Escalated,94,CRITICAL
CMP-1773,2025-09-02T08:00:00,Phishing,11132.71,ACC00296,ACC00038,TXN100773,RTGS,Lucknow,Uttar Pradesh,Under Investigation,60,MEDIUM
CMP-1774,2025-02-21T07:00:00,Fake Investment App,2723.31,ACC00349,ACC00080,TXN100774,IMPS,Jaipur,Rajasthan,Under Investigation,43,MEDIUM
CMP-1775,2025-05-03T01:00:00,Job Fraud,1561.33,ACC00198,ACC00075,TXN100775,UPI,Lucknow,Uttar Pradesh,Open,49,MEDIUM
CMP-1776,2025-07-13T09:00:00,UPI Fraud,5255.46,ACC00355,ACC00057,TXN100776,UPI,Kanpur,Uttar Pradesh,Closed,18,LOW
CMP-1777,2025-02-03T10:00:00,Phishing,9398.3,ACC00128,ACC00092,TXN100777,IMPS,Jaipur,Rajasthan,Open,31,LOW
CMP-1778,2025-01-16T16:00:00,Credit Card Fraud,2668.1,ACC00447,ACC00374,TXN100778,IMPS,Hyderabad,Telangana,Open,23,LOW
CMP-1779,2025-04-19T21:00:00,Romance Scam,3476.7,ACC00118,ACC00062,TXN100779,Wallet,Delhi,Delhi,Under Investigation,32,LOW
CMP-1780,2025-03-24T02:00:00,UPI Fraud,6162.22,ACC00224,ACC00016,TXN100780,NEFT,Lucknow,Uttar Pradesh,Open,22,LOW
CMP-1781,2025-01-16T00:00:00,Phishing,1847.73,ACC00333,ACC00075,TXN100781,UPI,Delhi,Delhi,Open,51,MEDIUM
CMP-1782,2025-02-02T06:00:00,Fake Investment App,1120.74,ACC00404,ACC00028,TXN100782,Card,Hyderabad,Telangana,Open,45,MEDIUM
CMP-1783,2025-05-09T02:00:00,Credit Card Fraud,750.69,ACC00477,ACC00041,TXN100783,Wallet,Jaipur,Rajasthan,Open,44,MEDIUM
CMP-1784,2025-06-13T19:00:00,Credit Card Fraud,908.75,ACC00264,ACC00027,TXN100784,IMPS,Mumbai,Maharashtra,Escalated,45,MEDIUM
CMP-1785,2025-03-08T07:00:00,OTP Fraud,3223.4,ACC00132,ACC00018,TXN100785,RTGS,Jaipur,Rajasthan,Escalated,30,LOW
CMP-1786,2025-07-25T09:00:00,UPI Fraud,44936.63,ACC00383,ACC00031,TXN100786,IMPS,Jaipur,Rajasthan,Closed,58,MEDIUM
CMP-1787,2025-06-03T01:00:00,Romance Scam,3204.82,ACC00423,ACC00099,TXN100787,UPI,Delhi,Delhi,Open,39,LOW
CMP-1788,2025-07-07T18:00:00,Credit Card Fraud,9611.42,ACC00103,ACC00011,TXN100788,NEFT,Lucknow,Uttar Pradesh,Escalated,54,MEDIUM
CMP-1789,2025-01-04T08:00:00,OTP Fraud,855.9,ACC00455,ACC00098,TXN100789,IMPS,Patna,Bihar,Under Investigation,52,MEDIUM
CMP-1790,2025-08-13T07:00:00,OTP Fraud,1583.46,ACC00427,ACC00057,TXN100790,Wallet,Mumbai,Maharashtra,Under Investigation,24,LOW
CMP-1791,2025-03-28T13:00:00,Phishing,14594.3,ACC00405,ACC00063,TXN100791,RTGS,Lucknow,Uttar Pradesh,Under Investigation,90,CRITICAL
CMP-1792,2025-07-30T21:00:00,Phishing,1964.51,ACC00278,ACC00071,TXN100792,Wallet,Kanpur,Uttar Pradesh,Open,43,MEDIUM
CMP-1793,2025-02-04T15:00:00,Online Shopping Fraud,3195.09,ACC00416,ACC00097,TXN100793,IMPS,Delhi,Delhi,Closed,33,LOW
CMP-1794,2025-02-05T00:00:00,Fake Investment App,3190.45,ACC00494,ACC00026,TXN100794,UPI,Hyderabad,Telangana,Open,18,LOW
CMP-1795,2025-04-03T21:00:00,OTP Fraud,4998.54,ACC00450,ACC00060,TXN100795,RTGS,Mumbai,Maharashtra,Under Investigation,28,LOW
CMP-1796,2025-06-26T22:00:00,Loan App Harassment,18658.61,ACC00127,ACC00036,TXN100796,NEFT,Lucknow,Uttar Pradesh,Open,80,HIGH
CMP-1797,2025-01-22T09:00:00,OTP Fraud,12740.59,ACC00122,ACC00006,TXN100797,IMPS,Hyderabad,Telangana,Closed,71,HIGH
CMP-1798,2025-02-09T03:00:00,Romance Scam,3159.7,ACC00348,ACC00009,TXN100798,Wallet,Lucknow,Uttar Pradesh,Closed,33,LOW
CMP-1799,2025-02-17T23:00:00,Fake Investment App,40897.67,ACC00314,ACC00086,TXN100799,UPI,Jaipur,Rajasthan,Closed,62,MEDIUM
CMP-1800,2025-07-08T08:00:00,Fake Investment App,3254.24,ACC00216,ACC00094,TXN100800,Card,Jaipur,Rajasthan,Under Investigation,29,LOW
CMP-1801,2025-03-23T15:00:00,Job Fraud,12131.98,ACC00137,ACC00062,TXN100801,IMPS,Bengaluru,Karnataka,Open,75,HIGH
CMP-1802,2025-07-31T19:00:00,Romance Scam,2463.21,ACC00412,ACC00049,TXN100802,RTGS,Bengaluru,Karnataka,Under Investigation,47,MEDIUM
CMP-1803,2025-07-18T03:00:00,OTP Fraud,19177.58,ACC00423,ACC00034,TXN100803,UPI,Bengaluru,Karnataka,Open,91,CRITICAL
CMP-1804,2025-01-07T18:00:00,OTP Fraud,3663.45,ACC00243,ACC00059,TXN100804,NEFT,Lucknow,Uttar Pradesh,Under Investigation,40,MEDIUM
CMP-1805,2025-07-31T01:00:00,OTP Fraud,3309.53,ACC00251,ACC00081,TXN100805,Wallet,Bengaluru,Karnataka,Closed,65,HIGH
CMP-1806,2025-05-22T22:00:00,Fake Investment App,6931.41,ACC00144,ACC00066,TXN100806,Wallet,Bengaluru,Karnataka,Under Investigation,39,LOW
CMP-1807,2025-03-13T21:00:00,Fake Investment App,3185.1,ACC00336,ACC00093,TXN100807,IMPS,Hyderabad,Telangana,Under Investigation,33,LOW
CMP-1808,2025-06-24T05:00:00,Credit Card Fraud,2034.74,ACC00322,ACC00075,TXN100808,UPI,Jaipur,Rajasthan,Closed,22,LOW
CMP-1809,2025-01-17T04:00:00,Online Shopping Fraud,4837.77,ACC00122,ACC00060,TXN100809,UPI,Patna,Bihar,Escalated,33,LOW
CMP-1810,2025-01-22T16:00:00,Romance Scam,3191.36,ACC00371,ACC00089,TXN100810,Card,Patna,Bihar,Escalated,43,MEDIUM
CMP-1811,2025-07-23T19:00:00,Job Fraud,5101.88,ACC00142,ACC00001,TXN100811,IMPS,Bengaluru,Karnataka,Under Investigation,37,LOW
CMP-1812,2025-01-22T15:00:00,UPI Fraud,24870.84,ACC00283,ACC00082,TXN100812,Card,Mumbai,Maharashtra,Closed,90,CRITICAL
CMP-1813,2025-03-21T20:00:00,UPI Fraud,8893.35,ACC00182,ACC00073,TXN100813,Card,Kanpur,Uttar Pradesh,Escalated,46,MEDIUM
CMP-1814,2025-06-15T09:00:00,SIM Swap Fraud,725.36,ACC00495,ACC00090,TXN100814,RTGS,Hyderabad,Telangana,Under Investigation,43,MEDIUM
CMP-1815,2025-05-05T19:00:00,SIM Swap Fraud,4165.07,ACC00460,ACC00080,TXN100815,Wallet,Hyderabad,Telangana,Open,43,MEDIUM
CMP-1816,2025-05-02T16:00:00,Credit Card Fraud,2081.72,ACC00251,ACC00034,TXN100816,Wallet,Lucknow,Uttar Pradesh,Under Investigation,29,LOW
CMP-1817,2025-06-09T07:00:00,UPI Fraud,2791.99,ACC00450,ACC00042,TXN100817,Wallet,Bengaluru,Karnataka,Escalated,32,LOW
CMP-1818,2025-04-01T20:00:00,UPI Fraud,11327.62,ACC00126,ACC00046,TXN100818,NEFT,Jaipur,Rajasthan,Under Investigation,62,MEDIUM
CMP-1819,2025-06-13T20:00:00,Fake Investment App,4458.48,ACC00189,ACC00090,TXN100819,IMPS,Jaipur,Rajasthan,Open,36,LOW
CMP-1820,2025-01-15T06:00:00,Credit Card Fraud,1193.4,ACC00222,ACC00083,TXN100820,RTGS,Jaipur,Rajasthan,Under Investigation,36,LOW
CMP-1821,2025-02-13T11:00:00,Loan App Harassment,2349.17,ACC00485,ACC00028,TXN100821,Wallet,Bengaluru,Karnataka,Open,33,LOW
CMP-1822,2025-04-14T11:00:00,Romance Scam,16059.03,ACC00241,ACC00047,TXN100822,Wallet,Patna,Bihar,Open,73,HIGH
CMP-1823,2025-05-18T11:00:00,Loan App Harassment,19255.11,ACC00340,ACC00086,TXN100823,Card,Delhi,Delhi,Escalated,70,HIGH
CMP-1824,2025-08-21T20:00:00,Romance Scam,1945.46,ACC00444,ACC00133,TXN100824,UPI,Jaipur,Rajasthan,Open,39,LOW
CMP-1825,2025-03-13T01:00:00,Phishing,6139.87,ACC00300,ACC00247,TXN100825,UPI,Delhi,Delhi,Closed,41,MEDIUM
CMP-1826,2025-07-14T07:00:00,Fake Investment App,2919.57,ACC00241,ACC00018,TXN100826,Wallet,Mumbai,Maharashtra,Under Investigation,43,MEDIUM
CMP-1827,2025-01-01T09:00:00,OTP Fraud,2045.44,ACC00250,ACC00087,TXN100827,Card,Lucknow,Uttar Pradesh,Under Investigation,66,HIGH
CMP-1828,2025-08-13T02:00:00,Fake Investment App,10562.61,ACC00315,ACC00082,TXN100828,UPI,Jaipur,Rajasthan,Open,99,CRITICAL
CMP-1829,2025-03-15T19:00:00,Job Fraud,12238.22,ACC00218,ACC00066,TXN100829,Wallet,Lucknow,Uttar Pradesh,Under Investigation,85,CRITICAL
CMP-1830,2025-08-16T17:00:00,Online Shopping Fraud,11360.52,ACC00435,ACC00041,TXN100830,Wallet,Jaipur,Rajasthan,Under Investigation,63,MEDIUM
CMP-1831,2025-03-22T05:00:00,Loan App Harassment,5655.01,ACC00334,ACC00016,TXN100831,IMPS,Hyderabad,Telangana,Closed,32,LOW
CMP-1832,2025-07-04T05:00:00,UPI Fraud,6709.97,ACC00216,ACC00036,TXN100832,IMPS,Kanpur,Uttar Pradesh,Escalated,37,LOW
CMP-1833,2025-01-29T05:00:00,OTP Fraud,1947.96,ACC00245,ACC00021,TXN100833,RTGS,Jaipur,Rajasthan,Under Investigation,46,MEDIUM
CMP-1834,2025-06-12T01:00:00,OTP Fraud,30583.36,ACC00193,ACC00462,TXN100834,IMPS,Kanpur,Uttar Pradesh,Under Investigation,31,LOW
CMP-1835,2025-06-28T19:00:00,Romance Scam,6923.07,ACC00159,ACC00040,TXN100835,NEFT,Bengaluru,Karnataka,Under Investigation,40,MEDIUM
CMP-1836,2025-06-24T00:00:00,SIM Swap Fraud,2689.4,ACC00194,ACC00090,TXN100836,NEFT,Jaipur,Rajasthan,Open,35,LOW
CMP-1837,2025-07-30T07:00:00,Phishing,757.9,ACC00290,ACC00020,TXN100837,UPI,Mumbai,Maharashtra,Under Investigation,40,MEDIUM
CMP-1838,2025-07-23T21:00:00,OTP Fraud,15168.09,ACC00355,ACC00058,TXN100838,UPI,Patna,Bihar,Closed,71,HIGH
CMP-1839,2025-03-11T12:00:00,Credit Card Fraud,3112.41,ACC00431,ACC00060,TXN100839,RTGS,Jaipur,Rajasthan,Closed,45,MEDIUM
CMP-1840,2025-09-06T02:00:00,Phishing,1126.56,ACC00389,ACC00056,TXN100840,RTGS,Mumbai,Maharashtra,Open,36,LOW
CMP-1841,2025-04-22T01:00:00,UPI Fraud,2491.29,ACC00120,ACC00070,TXN100841,Card,Hyderabad,Telangana,Open,20,LOW
CMP-1842,2025-04-25T23:00:00,Fake Investment App,9642.08,ACC00328,ACC00041,TXN100842,Wallet,Bengaluru,Karnataka,Open,44,MEDIUM
CMP-1843,2025-05-20T20:00:00,Romance Scam,19840.55,ACC00492,ACC00002,TXN100843,RTGS,Bengaluru,Karnataka,Open,63,MEDIUM
CMP-1844,2025-09-16T07:00:00,Credit Card Fraud,13357.8,ACC00362,ACC00062,TXN100844,Wallet,Delhi,Delhi,Open,80,HIGH
CMP-1845,2025-08-27T17:00:00,Job Fraud,1708.19,ACC00441,ACC00018,TXN100845,NEFT,Lucknow,Uttar Pradesh,Escalated,20,LOW
CMP-1846,2025-01-06T18:00:00,Romance Scam,32235.09,ACC00290,ACC00044,TXN100846,Wallet,Patna,Bihar,Under Investigation,72,HIGH
CMP-1847,2025-02-06T10:00:00,Job Fraud,962.99,ACC00210,ACC00056,TXN100847,Card,Delhi,Delhi,Escalated,33,LOW
CMP-1848,2025-01-31T20:00:00,Job Fraud,3375.35,ACC00183,ACC00054,TXN100848,IMPS,Kanpur,Uttar Pradesh,Escalated,35,LOW
CMP-1849,2025-07-28T23:00:00,Online Shopping Fraud,5409.27,ACC00173,ACC00060,TXN100849,NEFT,Delhi,Delhi,Closed,64,MEDIUM
CMP-1850,2025-08-17T22:00:00,Loan App Harassment,3386.53,ACC00402,ACC00011,TXN100850,Card,Delhi,Delhi,Open,53,MEDIUM
CMP-1851,2025-06-03T16:00:00,OTP Fraud,3794.7,ACC00384,ACC00072,TXN100851,IMPS,Mumbai,Maharashtra,Escalated,18,LOW
CMP-1852,2025-08-04T15:00:00,Loan App Harassment,33605.88,ACC00295,ACC00062,TXN100852,Wallet,Mumbai,Maharashtra,Open,63,MEDIUM
CMP-1853,2025-01-31T09:00:00,UPI Fraud,2448.36,ACC00352,ACC00059,TXN100853,IMPS,Kanpur,Uttar Pradesh,Open,42,MEDIUM
CMP-1854,2025-02-18T22:00:00,Loan App Harassment,2328.0,ACC00253,ACC00425,TXN100854,Card,Kanpur,Uttar Pradesh,Under Investigation,25,LOW
CMP-1855,2025-09-10T17:00:00,Phishing,11809.92,ACC00351,ACC00430,TXN100855,NEFT,Mumbai,Maharashtra,Open,40,MEDIUM
CMP-1856,2025-01-31T16:00:00,Credit Card Fraud,20380.33,ACC00134,ACC00046,TXN100856,Card,Hyderabad,Telangana,Under Investigation,75,HIGH
CMP-1857,2025-05-13T14:00:00,SIM Swap Fraud,377.4,ACC00421,ACC00088,TXN100857,Wallet,Kanpur,Uttar Pradesh,Escalated,6,LOW
CMP-1858,2025-07-19T15:00:00,Romance Scam,2075.15,ACC00232,ACC00007,TXN100858,RTGS,Lucknow,Uttar Pradesh,Open,60,MEDIUM
CMP-1859,2025-05-19T17:00:00,SIM Swap Fraud,8896.38,ACC00282,ACC00034,TXN100859,UPI,Mumbai,Maharashtra,Under Investigation,45,MEDIUM
CMP-1860,2025-08-29T19:00:00,OTP Fraud,39300.57,ACC00249,ACC00009,TXN100860,UPI,Kanpur,Uttar Pradesh,Under Investigation,83,HIGH
CMP-1861,2025-08-29T14:00:00,Loan App Harassment,8875.91,ACC00378,ACC00040,TXN100861,NEFT,Mumbai,Maharashtra,Escalated,46,MEDIUM
CMP-1862,2025-05-24T05:00:00,UPI Fraud,8155.8,ACC00149,ACC00045,TXN100862,IMPS,Jaipur,Rajasthan,Escalated,34,LOW
CMP-1863,2025-06-21T13:00:00,OTP Fraud,5721.8,ACC00290,ACC00052,TXN100863,UPI,Kanpur,Uttar Pradesh,Open,43,MEDIUM
CMP-1864,2025-05-17T18:00:00,Online Shopping Fraud,1849.54,ACC00179,ACC00024,TXN100864,Wallet,Bengaluru,Karnataka,Escalated,42,MEDIUM
CMP-1865,2025-05-03T11:00:00,OTP Fraud,7089.1,ACC00313,ACC00009,TXN100865,UPI,Delhi,Delhi,Open,6,LOW
CMP-1866,2025-04-18T04:00:00,Romance Scam,2222.62,ACC00278,ACC00046,TXN100866,Wallet,Hyderabad,Telangana,Open,33,LOW
CMP-1867,2025-05-30T20:00:00,Phishing,1952.27,ACC00188,ACC00003,TXN100867,IMPS,Jaipur,Rajasthan,Escalated,51,MEDIUM
CMP-1868,2025-01-23T04:00:00,Fake Investment App,1020.71,ACC00455,ACC00029,TXN100868,IMPS,Mumbai,Maharashtra,Open,37,LOW
CMP-1869,2025-05-22T05:00:00,Romance Scam,3461.68,ACC00317,ACC00014,TXN100869,Card,Delhi,Delhi,Open,47,MEDIUM
CMP-1870,2025-03-05T19:00:00,UPI Fraud,2086.34,ACC00200,ACC00084,TXN100870,Card,Lucknow,Uttar Pradesh,Under Investigation,31,LOW
CMP-1871,2025-05-29T13:00:00,Phishing,1694.1,ACC00229,ACC00038,TXN100871,UPI,Delhi,Delhi,Under Investigation,44,MEDIUM
CMP-1872,2025-04-26T06:00:00,UPI Fraud,1771.67,ACC00400,ACC00194,TXN100872,UPI,Bengaluru,Karnataka,Under Investigation,47,MEDIUM
CMP-1873,2025-06-05T04:00:00,OTP Fraud,4918.61,ACC00482,ACC00396,TXN100873,Wallet,Mumbai,Maharashtra,Open,32,LOW
CMP-1874,2025-06-01T13:00:00,UPI Fraud,4192.98,ACC00358,ACC00012,TXN100874,Wallet,Bengaluru,Karnataka,Escalated,30,LOW
CMP-1875,2025-05-10T05:00:00,Online Shopping Fraud,42134.98,ACC00466,ACC00036,TXN100875,UPI,Bengaluru,Karnataka,Open,73,HIGH
CMP-1876,2025-03-10T14:00:00,Credit Card Fraud,3046.5,ACC00209,ACC00462,TXN100876,IMPS,Delhi,Delhi,Under Investigation,40,MEDIUM
CMP-1877,2025-08-27T13:00:00,Job Fraud,2532.75,ACC00444,ACC00192,TXN100877,Card,Hyderabad,Telangana,Escalated,14,LOW
CMP-1878,2025-03-23T17:00:00,SIM Swap Fraud,8580.65,ACC00363,ACC00014,TXN100878,UPI,Bengaluru,Karnataka,Escalated,40,MEDIUM
CMP-1879,2025-09-14T18:00:00,Loan App Harassment,788.29,ACC00156,ACC00063,TXN100879,Wallet,Hyderabad,Telangana,Escalated,47,MEDIUM
CMP-1880,2025-05-22T00:00:00,Romance Scam,3314.29,ACC00142,ACC00014,TXN100880,Wallet,Lucknow,Uttar Pradesh,Under Investigation,54,MEDIUM
CMP-1881,2025-01-06T01:00:00,Job Fraud,21543.71,ACC00451,ACC00327,TXN100881,NEFT,Kanpur,Uttar Pradesh,Open,13,LOW
CMP-1882,2025-05-01T14:00:00,SIM Swap Fraud,49646.36,ACC00196,ACC00343,TXN100882,IMPS,Patna,Bihar,Closed,31,LOW
CMP-1883,2025-02-26T02:00:00,Online Shopping Fraud,3162.54,ACC00445,ACC00013,TXN100883,RTGS,Lucknow,Uttar Pradesh,Under Investigation,65,HIGH
CMP-1884,2025-01-07T09:00:00,Phishing,5349.25,ACC00161,ACC00051,TXN100884,RTGS,Delhi,Delhi,Under Investigation,23,LOW
CMP-1885,2025-04-13T14:00:00,Credit Card Fraud,2501.36,ACC00133,ACC00025,TXN100885,Card,Mumbai,Maharashtra,Open,46,MEDIUM
CMP-1886,2025-09-08T12:00:00,Credit Card Fraud,26541.92,ACC00219,ACC00092,TXN100886,Wallet,Delhi,Delhi,Under Investigation,87,CRITICAL
CMP-1887,2025-06-23T12:00:00,SIM Swap Fraud,2462.25,ACC00487,ACC00082,TXN100887,Card,Kanpur,Uttar Pradesh,Closed,33,LOW
CMP-1888,2025-01-06T08:00:00,Phishing,1516.06,ACC00348,ACC00018,TXN100888,UPI,Patna,Bihar,Escalated,15,LOW
CMP-1889,2025-02-05T17:00:00,UPI Fraud,40078.27,ACC00350,ACC00080,TXN100889,UPI,Kanpur,Uttar Pradesh,Closed,74,HIGH
CMP-1890,2025-08-11T10:00:00,Job Fraud,7649.62,ACC00134,ACC00003,TXN100890,Wallet,Lucknow,Uttar Pradesh,Closed,32,LOW
CMP-1891,2025-05-15T11:00:00,Phishing,7317.06,ACC00178,ACC00079,TXN100891,RTGS,Jaipur,Rajasthan,Open,48,MEDIUM
CMP-1892,2025-03-26T04:00:00,Online Shopping Fraud,50190.47,ACC00338,ACC00084,TXN100892,NEFT,Hyderabad,Telangana,Under Investigation,91,CRITICAL
CMP-1893,2025-02-23T20:00:00,Job Fraud,3799.26,ACC00376,ACC00097,TXN100893,UPI,Jaipur,Rajasthan,Open,26,LOW
CMP-1894,2025-06-26T06:00:00,UPI Fraud,8890.28,ACC00330,ACC00048,TXN100894,UPI,Patna,Bihar,Under Investigation,43,MEDIUM
CMP-1895,2025-07-25T02:00:00,OTP Fraud,3055.66,ACC00385,ACC00099,TXN100895,Card,Mumbai,Maharashtra,Open,26,LOW
CMP-1896,2025-05-15T17:00:00,Phishing,8588.68,ACC00168,ACC00049,TXN100896,Wallet,Patna,Bihar,Under Investigation,45,MEDIUM
CMP-1897,2025-08-30T17:00:00,Romance Scam,1487.29,ACC00437,ACC00069,TXN100897,Wallet,Hyderabad,Telangana,Under Investigation,24,LOW
CMP-1898,2025-07-01T04:00:00,Job Fraud,5313.36,ACC00359,ACC00033,TXN100898,Wallet,Mumbai,Maharashtra,Under Investigation,24,LOW
CMP-1899,2025-08-02T02:00:00,Credit Card Fraud,9303.15,ACC00492,ACC00264,TXN100899,UPI,Jaipur,Rajasthan,Open,41,MEDIUM
CMP-1900,2025-05-06T01:00:00,SIM Swap Fraud,8971.93,ACC00287,ACC00094,TXN100900,Card,Mumbai,Maharashtra,Under Investigation,24,LOW
CMP-1901,2025-07-05T21:00:00,UPI Fraud,1637.43,ACC00319,ACC00045,TXN100901,RTGS,Delhi,Delhi,Under Investigation,37,LOW
CMP-1902,2025-02-01T17:00:00,Phishing,2691.86,ACC00226,ACC00039,TXN100902,NEFT,Bengaluru,Karnataka,Under Investigation,22,LOW
CMP-1903,2025-05-07T00:00:00,Romance Scam,2700.05,ACC00272,ACC00068,TXN100903,RTGS,Delhi,Delhi,Open,17,LOW
CMP-1904,2025-03-14T03:00:00,Romance Scam,12070.53,ACC00390,ACC00053,TXN100904,Wallet,Patna,Bihar,Open,82,HIGH
CMP-1905,2025-03-08T18:00:00,Phishing,5742.82,ACC00262,ACC00049,TXN100905,Card,Lucknow,Uttar Pradesh,Open,5,LOW
CMP-1906,2025-08-11T17:00:00,SIM Swap Fraud,3338.28,ACC00453,ACC00043,TXN100906,IMPS,Delhi,Delhi,Under Investigation,38,LOW
CMP-1907,2025-01-19T21:00:00,Phishing,928.51,ACC00286,ACC00203,TXN100907,Wallet,Kanpur,Uttar Pradesh,Under Investigation,25,LOW
CMP-1908,2025-07-08T20:00:00,Job Fraud,3124.28,ACC00247,ACC00038,TXN100908,IMPS,Bengaluru,Karnataka,Closed,44,MEDIUM
CMP-1909,2025-08-10T00:00:00,Loan App Harassment,5722.31,ACC00467,ACC00012,TXN100909,UPI,Delhi,Delhi,Under Investigation,28,LOW
CMP-1910,2025-01-17T07:00:00,Loan App Harassment,1336.55,ACC00318,ACC00009,TXN100910,Wallet,Hyderabad,Telangana,Under Investigation,50,MEDIUM
CMP-1911,2025-02-16T06:00:00,Job Fraud,913.9,ACC00321,ACC00040,TXN100911,NEFT,Kanpur,Uttar Pradesh,Open,5,LOW
CMP-1912,2025-07-23T18:00:00,Online Shopping Fraud,18257.7,ACC00443,ACC00023,TXN100912,IMPS,Hyderabad,Telangana,Closed,73,HIGH
CMP-1913,2025-01-30T06:00:00,Loan App Harassment,3108.16,ACC00209,ACC00095,TXN100913,RTGS,Hyderabad,Telangana,Closed,48,MEDIUM
CMP-1914,2025-09-13T11:00:00,SIM Swap Fraud,3022.36,ACC00389,ACC00007,TXN100914,Card,Patna,Bihar,Under Investigation,50,MEDIUM
CMP-1915,2025-04-21T09:00:00,Job Fraud,7462.77,ACC00223,ACC00087,TXN100915,Card,Mumbai,Maharashtra,Escalated,56,MEDIUM
CMP-1916,2025-09-03T06:00:00,Loan App Harassment,3836.78,ACC00132,ACC00052,TXN100916,RTGS,Jaipur,Rajasthan,Open,24,LOW
CMP-1917,2025-06-10T20:00:00,Phishing,20317.45,ACC00231,ACC00030,TXN100917,IMPS,Mumbai,Maharashtra,Under Investigation,59,MEDIUM
CMP-1918,2025-04-02T14:00:00,Online Shopping Fraud,3579.62,ACC00114,ACC00039,TXN100918,Card,Bengaluru,Karnataka,Under Investigation,39,LOW
CMP-1919,2025-04-16T23:00:00,OTP Fraud,6030.68,ACC00431,ACC00203,TXN100919,UPI,Patna,Bihar,Open,47,MEDIUM
CMP-1920,2025-05-15T06:00:00,UPI Fraud,18390.81,ACC00242,ACC00022,TXN100920,RTGS,Kanpur,Uttar Pradesh,Under Investigation,75,HIGH
CMP-1921,2025-06-28T06:00:00,Loan App Harassment,2408.74,ACC00110,ACC00010,TXN100921,UPI,Hyderabad,Telangana,Open,25,LOW
CMP-1922,2025-02-14T02:00:00,OTP Fraud,1728.23,ACC00286,ACC00011,TXN100922,IMPS,Patna,Bihar,Under Investigation,32,LOW
CMP-1923,2025-02-14T13:00:00,Credit Card Fraud,1525.37,ACC00392,ACC00015,TXN100923,Wallet,Delhi,Delhi,Under Investigation,26,LOW
CMP-1924,2025-05-14T02:00:00,SIM Swap Fraud,7312.52,ACC00354,ACC00221,TXN100924,NEFT,Kanpur,Uttar Pradesh,Under Investigation,37,LOW
CMP-1925,2025-07-13T12:00:00,Phishing,7832.62,ACC00483,ACC00054,TXN100925,IMPS,Patna,Bihar,Open,44,MEDIUM
CMP-1926,2025-01-03T09:00:00,UPI Fraud,3114.81,ACC00240,ACC00032,TXN100926,Card,Bengaluru,Karnataka,Closed,46,MEDIUM
CMP-1927,2025-01-10T17:00:00,Romance Scam,2955.47,ACC00458,ACC00262,TXN100927,RTGS,Jaipur,Rajasthan,Under Investigation,39,LOW
CMP-1928,2025-05-20T04:00:00,SIM Swap Fraud,1680.9,ACC00242,ACC00174,TXN100928,NEFT,Bengaluru,Karnataka,Under Investigation,46,MEDIUM
CMP-1929,2025-03-24T20:00:00,UPI Fraud,46841.86,ACC00430,ACC00410,TXN100929,RTGS,Lucknow,Uttar Pradesh,Open,31,LOW
CMP-1930,2025-04-15T07:00:00,SIM Swap Fraud,1558.45,ACC00229,ACC00039,TXN100930,RTGS,Bengaluru,Karnataka,Under Investigation,39,LOW
CMP-1931,2025-04-07T05:00:00,Job Fraud,6946.6,ACC00373,ACC00326,TXN100931,NEFT,Delhi,Delhi,Under Investigation,36,LOW
CMP-1932,2025-09-16T10:00:00,Fake Investment App,3269.69,ACC00146,ACC00487,TXN100932,IMPS,Kanpur,Uttar Pradesh,Open,15,LOW
CMP-1933,2025-08-09T04:00:00,UPI Fraud,4227.52,ACC00423,ACC00098,TXN100933,NEFT,Hyderabad,Telangana,Under Investigation,39,LOW
CMP-1934,2025-09-14T20:00:00,SIM Swap Fraud,2577.41,ACC00499,ACC00341,TXN100934,RTGS,Delhi,Delhi,Escalated,46,MEDIUM
CMP-1935,2025-01-03T09:00:00,Phishing,295.32,ACC00151,ACC00089,TXN100935,NEFT,Patna,Bihar,Open,36,LOW
CMP-1936,2025-06-14T14:00:00,Romance Scam,3808.5,ACC00408,ACC00070,TXN100936,RTGS,Patna,Bihar,Escalated,19,LOW
CMP-1937,2025-05-07T19:00:00,Romance Scam,4126.29,ACC00490,ACC00082,TXN100937,RTGS,Lucknow,Uttar Pradesh,Open,24,LOW
CMP-1938,2025-06-13T05:00:00,Credit Card Fraud,10268.73,ACC00101,ACC00080,TXN100938,UPI,Mumbai,Maharashtra,Open,77,HIGH
CMP-1939,2025-09-17T00:00:00,OTP Fraud,2120.8,ACC00180,ACC00091,TXN100939,Wallet,Delhi,Delhi,Closed,22,LOW
CMP-1940,2025-04-14T05:00:00,OTP Fraud,1625.48,ACC00263,ACC00094,TXN100940,RTGS,Patna,Bihar,Open,14,LOW
CMP-1941,2025-03-04T15:00:00,Job Fraud,14505.96,ACC00244,ACC00053,TXN100941,Card,Jaipur,Rajasthan,Under Investigation,79,HIGH
CMP-1942,2025-07-12T13:00:00,Fake Investment App,1194.66,ACC00110,ACC00385,TXN100942,UPI,Bengaluru,Karnataka,Under Investigation,45,MEDIUM
CMP-1943,2025-06-04T11:00:00,Credit Card Fraud,3232.87,ACC00201,ACC00021,TXN100943,Card,Hyderabad,Telangana,Open,28,LOW
CMP-1944,2025-03-17T22:00:00,Credit Card Fraud,2133.87,ACC00176,ACC00047,TXN100944,UPI,Kanpur,Uttar Pradesh,Open,23,LOW
CMP-1945,2025-04-07T15:00:00,Romance Scam,6281.7,ACC00467,ACC00098,TXN100945,RTGS,Lucknow,Uttar Pradesh,Closed,47,MEDIUM
CMP-1946,2025-06-25T00:00:00,Loan App Harassment,16563.3,ACC00160,ACC00026,TXN100946,NEFT,Hyderabad,Telangana,Open,67,HIGH
CMP-1947,2025-01-21T06:00:00,Loan App Harassment,908.21,ACC00295,ACC00026,TXN100947,RTGS,Hyderabad,Telangana,Under Investigation,41,MEDIUM
CMP-1948,2025-08-31T03:00:00,Loan App Harassment,5127.4,ACC00314,ACC00018,TXN100948,IMPS,Bengaluru,Karnataka,Open,52,MEDIUM
CMP-1949,2025-07-15T07:00:00,Phishing,17591.26,ACC00227,ACC00087,TXN100949,UPI,Hyderabad,Telangana,Under Investigation,75,HIGH
CMP-1950,2025-05-02T08:00:00,Fake Investment App,35047.45,ACC00168,ACC00454,TXN100950,RTGS,Hyderabad,Telangana,Under Investigation,38,LOW
CMP-1951,2025-04-26T22:00:00,Phishing,3843.78,ACC00462,ACC00076,TXN100951,Wallet,Patna,Bihar,Open,12,LOW
CMP-1952,2025-07-16T16:00:00,SIM Swap Fraud,1726.85,ACC00126,ACC00030,TXN100952,Wallet,Lucknow,Uttar Pradesh,Under Investigation,32,LOW
CMP-1953,2025-01-08T17:00:00,Job Fraud,3480.34,ACC00102,ACC00079,TXN100953,RTGS,Lucknow,Uttar Pradesh,Under Investigation,40,MEDIUM
CMP-1954,2025-02-11T01:00:00,OTP Fraud,2700.52,ACC00167,ACC00386,TXN100954,NEFT,Jaipur,Rajasthan,Open,46,MEDIUM
CMP-1955,2025-04-15T12:00:00,OTP Fraud,7998.36,ACC00357,ACC00043,TXN100955,UPI,Mumbai,Maharashtra,Closed,46,MEDIUM
CMP-1956,2025-06-09T04:00:00,SIM Swap Fraud,36789.05,ACC00463,ACC00018,TXN100956,UPI,Jaipur,Rajasthan,Open,76,HIGH
CMP-1957,2025-09-11T04:00:00,Job Fraud,17253.87,ACC00355,ACC00243,TXN100957,NEFT,Mumbai,Maharashtra,Escalated,29,LOW
CMP-1958,2025-01-02T10:00:00,Job Fraud,3210.45,ACC00413,ACC00033,TXN100958,IMPS,Kanpur,Uttar Pradesh,Under Investigation,33,LOW
CMP-1959,2025-04-28T06:00:00,Online Shopping Fraud,21409.44,ACC00477,ACC00491,TXN100959,RTGS,Jaipur,Rajasthan,Closed,23,LOW
CMP-1960,2025-05-16T02:00:00,UPI Fraud,5554.15,ACC00127,ACC00006,TXN100960,Card,Hyderabad,Telangana,Open,39,LOW
CMP-1961,2025-07-19T01:00:00,Romance Scam,3341.0,ACC00183,ACC00055,TXN100961,UPI,Kanpur,Uttar Pradesh,Open,19,LOW
CMP-1962,2025-09-01T10:00:00,Romance Scam,8660.78,ACC00282,ACC00387,TXN100962,UPI,Hyderabad,Telangana,Under Investigation,14,LOW
CMP-1963,2025-01-30T14:00:00,OTP Fraud,22728.62,ACC00163,ACC00026,TXN100963,IMPS,Mumbai,Maharashtra,Closed,78,HIGH
CMP-1964,2025-09-14T06:00:00,UPI Fraud,13172.84,ACC00388,ACC00399,TXN100964,Wallet,Kanpur,Uttar Pradesh,Open,35,LOW
CMP-1965,2025-07-24T11:00:00,Phishing,14329.16,ACC00313,ACC00226,TXN100965,NEFT,Mumbai,Maharashtra,Escalated,36,LOW
CMP-1966,2025-03-10T11:00:00,SIM Swap Fraud,7023.55,ACC00245,ACC00087,TXN100966,Wallet,Lucknow,Uttar Pradesh,Open,33,LOW
CMP-1967,2025-08-03T17:00:00,Romance Scam,19076.51,ACC00265,ACC00010,TXN100967,Card,Delhi,Delhi,Under Investigation,79,HIGH
CMP-1968,2025-04-12T10:00:00,Credit Card Fraud,1983.92,ACC00404,ACC00042,TXN100968,Card,Kanpur,Uttar Pradesh,Closed,51,MEDIUM
CMP-1969,2025-01-17T01:00:00,UPI Fraud,36528.23,ACC00474,ACC00391,TXN100969,RTGS,Jaipur,Rajasthan,Open,32,LOW
CMP-1970,2025-04-13T06:00:00,Credit Card Fraud,17181.46,ACC00265,ACC00095,TXN100970,Card,Kanpur,Uttar Pradesh,Open,67,HIGH
CMP-1971,2025-06-12T22:00:00,Job Fraud,10732.2,ACC00304,ACC00030,TXN100971,UPI,Delhi,Delhi,Closed,96,CRITICAL
CMP-1972,2025-06-08T22:00:00,OTP Fraud,40995.23,ACC00206,ACC00099,TXN100972,UPI,Lucknow,Uttar Pradesh,Under Investigation,79,HIGH
CMP-1973,2025-07-14T05:00:00,Loan App Harassment,8040.13,ACC00351,ACC00094,TXN100973,RTGS,Kanpur,Uttar Pradesh,Escalated,31,LOW
CMP-1974,2025-01-26T01:00:00,Romance Scam,2781.25,ACC00283,ACC00047,TXN100974,Card,Mumbai,Maharashtra,Under Investigation,31,LOW
CMP-1975,2025-03-18T02:00:00,Job Fraud,1944.82,ACC00343,ACC00076,TXN100975,NEFT,Patna,Bihar,Under Investigation,39,LOW
CMP-1976,2025-08-10T19:00:00,SIM Swap Fraud,4588.89,ACC00322,ACC00011,TXN100976,Card,Mumbai,Maharashtra,Open,32,LOW
CMP-1977,2025-05-14T19:00:00,Online Shopping Fraud,19734.89,ACC00431,ACC00019,TXN100977,RTGS,Bengaluru,Karnataka,Closed,63,MEDIUM
CMP-1978,2025-02-18T18:00:00,Romance Scam,2665.73,ACC00248,ACC00010,TXN100978,NEFT,Delhi,Delhi,Closed,30,LOW
CMP-1979,2025-02-18T04:00:00,Online Shopping Fraud,18751.0,ACC00165,ACC00038,TXN100979,Card,Mumbai,Maharashtra,Escalated,75,HIGH
CMP-1980,2025-01-21T16:00:00,Online Shopping Fraud,12614.89,ACC00391,ACC00009,TXN100980,UPI,Kanpur,Uttar Pradesh,Closed,79,HIGH
CMP-1981,2025-03-05T10:00:00,Loan App Harassment,6234.95,ACC00311,ACC00084,TXN100981,NEFT,Patna,Bihar,Escalated,41,MEDIUM
CMP-1982,2025-04-12T03:00:00,Romance Scam,8873.96,ACC00399,ACC00064,TXN100982,IMPS,Kanpur,Uttar Pradesh,Open,16,LOW
CMP-1983,2025-07-06T02:00:00,Loan App Harassment,16572.84,ACC00301,ACC00053,TXN100983,NEFT,Mumbai,Maharashtra,Closed,99,CRITICAL
CMP-1984,2025-05-14T16:00:00,SIM Swap Fraud,2885.2,ACC00487,ACC00079,TXN100984,IMPS,Hyderabad,Telangana,Escalated,46,MEDIUM
CMP-1985,2025-08-20T03:00:00,Phishing,2702.81,ACC00194,ACC00077,TXN100985,Card,Bengaluru,Karnataka,Open,25,LOW
CMP-1986,2025-02-01T05:00:00,Romance Scam,7737.96,ACC00102,ACC00001,TXN100986,Card,Lucknow,Uttar Pradesh,Open,27,LOW
CMP-1987,2025-01-13T22:00:00,Loan App Harassment,5397.19,ACC00436,ACC00408,TXN100987,Wallet,Patna,Bihar,Escalated,54,MEDIUM
CMP-1988,2025-07-22T12:00:00,Loan App Harassment,18439.72,ACC00453,ACC00088,TXN100988,UPI,Jaipur,Rajasthan,Under Investigation,82,HIGH
CMP-1989,2025-04-16T00:00:00,Fake Investment App,3329.02,ACC00169,ACC00014,TXN100989,UPI,Mumbai,Maharashtra,Escalated,47,MEDIUM
CMP-1990,2025-05-09T00:00:00,Online Shopping Fraud,7067.19,ACC00346,ACC00083,TXN100990,IMPS,Bengaluru,Karnataka,Open,34,LOW
CMP-1991,2025-03-14T09:00:00,UPI Fraud,14115.75,ACC00254,ACC00018,TXN100991,UPI,Delhi,Delhi,Under Investigation,81,HIGH
CMP-1992,2025-04-19T07:00:00,Romance Scam,5984.76,ACC00178,ACC00056,TXN100992,UPI,Mumbai,Maharashtra,Closed,40,MEDIUM
CMP-1993,2025-01-31T01:00:00,Job Fraud,924.91,ACC00399,ACC00037,TXN100993,UPI,Hyderabad,Telangana,Under Investigation,33,LOW
CMP-1994,2025-03-08T21:00:00,Job Fraud,6512.07,ACC00104,ACC00091,TXN100994,Card,Jaipur,Rajasthan,Under Investigation,29,LOW
CMP-1995,2025-03-12T18:00:00,Credit Card Fraud,1399.28,ACC00118,ACC00062,TXN100995,RTGS,Kanpur,Uttar Pradesh,Under Investigation,35,LOW
CMP-1996,2025-08-14T20:00:00,Credit Card Fraud,1015.48,ACC00218,ACC00067,TXN100996,NEFT,Hyderabad,Telangana,Open,9,LOW
CMP-1997,2025-03-20T17:00:00,Phishing,1133.41,ACC00237,ACC00313,TXN100997,Card,Delhi,Delhi,Closed,25,LOW
CMP-1998,2025-04-23T02:00:00,Fake Investment App,1476.11,ACC00329,ACC00002,TXN100998,Card,Jaipur,Rajasthan,Open,40,MEDIUM
CMP-1999,2025-03-02T15:00:00,SIM Swap Fraud,2490.14,ACC00324,ACC00028,TXN100999,Wallet,Jaipur,Rajasthan,Under Investigation,28,LOW
