transaction_id,complaint_id,account_id,amount,timestamp,hour,day_of_week,transaction_type,sender_account,receiver_account,previous_withdrawal_location,distance_from_previous_location,withdrawal_frequency,average_withdrawal_amount,account_age_days,transaction_velocity,linked_accounts,device_count,location_id,latitude,longitude,historical_location_frequency,time_since_last_withdrawal,is_hotspot_location,risk_label
TXN100001,CMP-1001,ACC00095,6819.46,2025-02-05T11:00:00,11,2,Wallet,ACC00147,ACC00095,ATM-MUM-060,1092.56,3,7494.26,38,5.39,61,6,ATM-KAN-014,26.483169,80.168622,22,5.55,True,LOW
TXN100004,CMP-1004,ACC00064,2045.41,2025-07-03T14:00:00,14,3,Wallet,ACC00280,ACC00064,ATM-MUM-032,18.74,4,3095.87,48,6.16,55,7,ATM-MUM-034,18.922838,73.052979,2,11.72,False,LOW
TXN100005,CMP-1005,ACC00047,3503.21,2025-01-21T00:00:00,0,1,IMPS,ACC00279,ACC00047,ATM-DEL-002,26.35,2,6314.57,64,4.98,65,9,ATM-DEL-004,28.650301,77.283906,12,22.94,True,LOW
TXN100006,CMP-1006,ACC00098,10199.67,2025-07-29T23:00:00,23,1,RTGS,ACC00319,ACC00098,ATM-KAN-097,16.32,2,1195.26,66,2.49,56,3,ATM-KAN-012,26.434085,80.434563,17,66.07,True,CRITICAL
TXN100008,CMP-1008,ACC00023,21814.49,2025-07-08T15:00:00,15,1,NEFT,ACC00273,ACC00023,ATM-BEN-079,1575.5,3,5153.45,14,5.95,57,2,ATM-LUC-005,26.67411,81.115368,15,19.29,True,CRITICAL
TXN100009,CMP-1009,ACC00081,5507.28,2025-01-14T16:00:00,16,1,Wallet,ACC00135,ACC00081,ATM-DEL-054,15.49,5,3746.68,18,6.72,72,8,ATM-DEL-010,28.654167,77.079218,18,41.72,True,LOW
TXN100010,CMP-1010,ACC00043,573.79,2025-09-17T13:00:00,13,2,UPI,ACC00292,ACC00043,ATM-DEL-053,828.69,2,9251.68,106,3.42,66,2,ATM-PAT-006,25.713779,85.034042,18,54.07,True,LOW
TXN100012,CMP-1012,ACC00086,21857.44,2025-04-20T19:00:00,19,6,NEFT,ACC00486,ACC00086,ATM-JAI-038,217.89,7,2776.05,66,4.0,58,3,ATM-DEL-002,28.490067,77.085158,8,52.44,True,MEDIUM
TXN100013,CMP-1013,ACC00053,13259.64,2025-06-17T15:00:00,15,1,Wallet,ACC00348,ACC00053,ATM-LUC-071,30.59,1,1126.55,125,5.24,81,3,ATM-LUC-005,26.67411,81.115368,14,10.81,True,MEDIUM
TXN100014,CMP-1014,ACC00086,304.21,2025-05-06T21:00:00,21,1,IMPS,ACC00320,ACC00086,ATM-MUM-083,1141.7,7,2627.42,56,4.55,58,4,ATM-DEL-002,28.490067,77.085158,8,49.79,True,MEDIUM
TXN100015,CMP-1015,ACC00076,5960.82,2025-04-16T13:00:00,13,2,Wallet,ACC00123,ACC00076,ATM-PAT-031,21.85,0,5142.47,62,4.11,67,4,ATM-PAT-008,25.523627,85.146512,15,66.44,True,MEDIUM
TXN100016,CMP-1016,ACC00032,267.21,2025-06-22T17:00:00,17,6,Wallet,ACC00492,ACC00032,ATM-BEN-050,1543.47,4,3139.64,36,4.85,49,2,ATM-KAN-012,26.434085,80.434563,16,71.57,True,MEDIUM
TXN100017,CMP-1017,ACC00016,6514.45,2025-08-16T10:00:00,10,5,Card,ACC00482,ACC00016,ATM-MUM-060,1137.75,2,4428.66,233,1.61,60,4,ATM-DEL-004,28.650301,77.283906,12,53.28,True,LOW
TXN100018,CMP-1018,ACC00094,9946.68,2025-01-01T04:00:00,4,2,RTGS,ACC00136,ACC00094,ATM-BEN-017,1726.4,2,4121.01,110,6.5,75,6,ATM-DEL-010,28.654167,77.079218,18,12.54,True,LOW
TXN100019,CMP-1019,ACC00073,4785.26,2025-01-19T00:00:00,0,6,Card,ACC00260,ACC00073,ATM-KAN-026,33.41,2,2902.57,57,6.6,67,7,ATM-KAN-014,26.483169,80.168622,20,23.43,True,LOW
TXN100020,CMP-1020,ACC00041,2025.08,2025-05-31T06:00:00,6,5,RTGS,ACC00307,ACC00041,ATM-PAT-031,494.2,2,1964.85,39,4.34,65,8,ATM-KAN-077,26.624734,80.23904,1,70.74,False,LOW
TXN100021,CMP-1021,ACC00013,634.3,2025-03-29T12:00:00,12,5,UPI,ACC00145,ACC00013,ATM-DEL-000,34.01,3,3862.28,47,1.54,69,5,ATM-DEL-070,28.780381,77.119642,2,69.07,False,LOW
TXN100023,CMP-1023,ACC00067,3753.42,2025-08-25T01:00:00,1,0,IMPS,ACC00361,ACC00067,ATM-BEN-020,1541.17,2,4624.05,14,5.54,60,7,ATM-KAN-014,26.483169,80.168622,22,58.67,True,LOW
TXN100024,CMP-1024,ACC00032,2408.1,2025-02-02T22:00:00,22,6,Card,ACC00220,ACC00032,ATM-MUM-009,1155.48,5,2896.19,38,2.96,51,4,ATM-DEL-000,28.568734,77.371257,15,63.78,True,MEDIUM
TXN100027,CMP-1027,ACC00060,9700.71,2025-04-15T20:00:00,20,1,NEFT,ACC00177,ACC00060,ATM-PAT-064,1583.61,1,2820.35,130,4.29,79,6,ATM-BEN-001,13.055118,77.630117,8,55.03,True,LOW
TXN100028,CMP-1028,ACC00039,3110.52,2025-02-01T01:00:00,1,5,RTGS,ACC00280,ACC00039,ATM-DEL-000,424.76,4,2368.75,92,5.16,70,3,ATM-LUC-005,26.67411,81.115368,16,37.19,True,LOW
TXN100029,CMP-1029,ACC00011,8662.86,2025-09-06T19:00:00,19,5,UPI,ACC00246,ACC00011,ATM-BEN-074,1623.97,1,5596.93,27,8.26,68,4,ATM-PAT-008,25.523627,85.146512,15,15.53,True,MEDIUM
TXN100030,CMP-1030,ACC00094,9843.74,2025-02-26T12:00:00,12,2,UPI,ACC00397,ACC00094,ATM-JAI-027,220.41,2,3752.49,105,7.15,75,6,ATM-DEL-010,28.654167,77.079218,17,7.4,True,MEDIUM
TXN100031,CMP-1031,ACC00064,5923.12,2025-03-09T12:00:00,12,6,RTGS,ACC00264,ACC00064,ATM-BEN-050,1615.92,5,3054.65,48,4.59,56,7,ATM-PAT-003,25.43501,85.269423,23,36.65,True,LOW
TXN100033,CMP-1033,ACC00056,4245.59,2025-01-10T21:00:00,21,4,UPI,ACC00462,ACC00056,ATM-DEL-086,881.97,5,3620.29,63,6.22,60,6,ATM-PAT-003,25.43501,85.269423,22,59.19,True,MEDIUM
TXN100035,CMP-1035,ACC00008,8581.88,2025-08-10T00:00:00,0,6,Wallet,ACC00423,ACC00008,ATM-DEL-000,30.05,2,3743.13,20,3.93,73,3,ATM-DEL-010,28.654167,77.079218,18,55.12,True,LOW
TXN100036,CMP-1036,ACC00084,3793.32,2025-07-11T06:00:00,6,4,IMPS,ACC00245,ACC00084,ATM-DEL-010,0.0,3,3456.95,46,8.02,69,7,ATM-DEL-010,28.654167,77.079218,18,36.34,True,LOW
TXN100037,CMP-1037,ACC00018,5154.36,2025-05-19T23:00:00,23,0,IMPS,ACC00141,ACC00018,ATM-KAN-023,380.55,5,2274.44,44,7.68,73,6,ATM-DEL-000,28.568734,77.371257,13,24.28,True,MEDIUM
TXN100038,CMP-1038,ACC00010,8947.54,2025-08-24T13:00:00,13,6,Card,ACC00166,ACC00010,ATM-PAT-076,6.5,4,4080.38,20,5.15,66,5,ATM-PAT-008,25.523627,85.146512,15,6.17,True,MEDIUM
TXN100039,CMP-1039,ACC00094,16511.67,2025-08-13T17:00:00,17,2,UPI,ACC00165,ACC00094,ATM-DEL-004,19.98,3,3603.37,105,6.61,75,6,ATM-DEL-010,28.654167,77.079218,16,24.01,True,HIGH
TXN100040,CMP-1040,ACC00046,2948.47,2025-03-05T03:00:00,3,2,Wallet,ACC00360,ACC00046,ATM-HYD-044,1052.98,3,3291.45,66,5.46,64,5,ATM-LUC-005,26.67411,81.115368,15,12.05,True,LOW
TXN100041,CMP-1041,ACC00017,6971.5,2025-03-04T22:00:00,22,1,UPI,ACC00198,ACC00017,ATM-PAT-031,5.21,3,6555.16,134,3.53,71,4,ATM-PAT-006,25.713779,85.034042,19,65.58,True,LOW
TXN100042,CMP-1042,ACC00098,4694.83,2025-02-19T21:00:00,21,2,Card,ACC00438,ACC00098,ATM-JAI-058,477.21,2,1439.1,66,2.04,58,2,ATM-KAN-012,26.434085,80.434563,16,32.21,True,MEDIUM
TXN100043,CMP-1043,ACC00088,2707.85,2025-08-17T00:00:00,0,6,Wallet,ACC00183,ACC00088,ATM-KAN-051,12.81,1,12626.65,136,1.4,77,6,ATM-KAN-007,26.335357,80.217926,10,5.37,True,MEDIUM
TXN100044,CMP-1044,ACC00086,27557.74,2025-08-25T00:00:00,0,0,UPI,ACC00122,ACC00086,ATM-BEN-001,1717.21,7,2767.92,54,4.82,59,5,ATM-DEL-002,28.490067,77.085158,9,64.1,True,HIGH
TXN100045,CMP-1045,ACC00057,3740.26,2025-03-09T04:00:00,4,6,UPI,ACC00485,ACC00057,ATM-BEN-088,1723.86,4,2438.06,50,7.08,69,7,ATM-DEL-011,28.539072,77.16089,14,62.7,True,LOW
TXN100046,CMP-1046,ACC00073,3853.29,2025-05-26T02:00:00,2,0,RTGS,ACC00199,ACC00073,ATM-HYD-081,1141.56,3,2893.82,69,3.65,66,6,ATM-PAT-006,25.713779,85.034042,19,53.49,True,LOW
TXN100047,CMP-1047,ACC00020,18124.61,2025-03-15T00:00:00,0,5,Card,ACC00357,ACC00020,ATM-KAN-059,21.35,4,3117.84,76,3.93,62,4,ATM-KAN-014,26.483169,80.168622,20,43.75,True,HIGH
TXN100048,CMP-1048,ACC00047,11469.74,2025-04-12T04:00:00,4,5,IMPS,ACC00126,ACC00047,ATM-JAI-027,213.92,1,7258.92,67,3.15,66,7,ATM-DEL-013,28.505783,77.214124,14,67.38,True,HIGH
TXN100049,CMP-1049,ACC00020,11238.41,2025-02-15T18:00:00,18,5,Wallet,ACC00245,ACC00020,ATM-PAT-039,838.32,4,3076.73,88,4.74,61,4,ATM-DEL-013,28.505783,77.214124,16,35.69,True,CRITICAL
TXN100051,CMP-1051,ACC00047,17158.78,2025-06-04T09:00:00,9,2,Wallet,ACC00127,ACC00047,ATM-JAI-027,220.41,1,6571.5,63,2.91,67,9,ATM-DEL-010,28.654167,77.079218,18,20.37,True,HIGH
TXN100052,CMP-1052,ACC00012,4340.34,2025-03-07T00:00:00,0,4,NEFT,ACC00114,ACC00012,ATM-KAN-014,17.15,4,2839.71,71,6.36,77,4,ATM-KAN-007,26.335357,80.217926,11,4.92,True,LOW
TXN100053,CMP-1053,ACC00060,5419.98,2025-09-03T02:00:00,2,2,RTGS,ACC00119,ACC00060,ATM-HYD-036,1084.08,2,2734.38,116,4.3,81,7,ATM-LUC-005,26.67411,81.115368,14,58.37,True,MEDIUM
TXN100054,CMP-1054,ACC00010,8185.31,2025-08-03T07:00:00,7,6,Wallet,ACC00329,ACC00010,ATM-BEN-055,1617.77,3,3919.61,37,2.16,66,5,ATM-PAT-008,25.523627,85.146512,15,33.79,True,MEDIUM
TXN100055,CMP-1055,ACC00030,644.55,2025-03-01T03:00:00,3,5,RTGS,ACC00156,ACC00030,ATM-KAN-059,381.4,1,4413.34,52,2.79,62,6,ATM-DEL-011,28.539072,77.16089,14,55.99,True,LOW
TXN100056,CMP-1056,ACC00058,2083.22,2025-03-25T17:00:00,17,1,RTGS,ACC00427,ACC00058,ATM-HYD-091,1233.21,1,5120.24,18,5.39,54,6,ATM-DEL-000,28.568734,77.371257,13,56.23,True,MEDIUM
TXN100057,CMP-1057,ACC00030,1367.11,2025-08-14T17:00:00,17,3,IMPS,ACC00423,ACC00030,ATM-BEN-001,1722.42,1,4556.51,59,5.46,63,5,ATM-DEL-011,28.539072,77.16089,14,52.19,True,HIGH
TXN100058,CMP-1058,ACC00073,4127.71,2025-05-22T03:00:00,3,3,IMPS,ACC00414,ACC00073,ATM-MUM-068,1443.39,3,3086.15,67,7.99,68,8,ATM-PAT-006,25.713779,85.034042,19,69.55,True,LOW
TXN100061,CMP-1061,ACC00044,1023.79,2025-01-01T14:00:00,14,2,UPI,ACC00282,ACC00044,ATM-MUM-032,1144.82,2,6233.19,61,3.65,64,6,ATM-DEL-013,28.505783,77.214124,14,51.37,True,MEDIUM
TXN100062,CMP-1062,ACC00069,8015.41,2025-05-26T05:00:00,5,0,RTGS,ACC00168,ACC00069,ATM-KAN-030,513.55,4,1474.1,62,3.31,70,4,ATM-PAT-003,25.43501,85.269423,21,14.53,True,LOW
TXN100063,CMP-1063,ACC00023,6809.71,2025-03-26T14:00:00,14,2,UPI,ACC00456,ACC00023,ATM-JAI-066,246.69,3,4558.48,28,7.9,57,3,ATM-DEL-092,28.526759,77.266594,2,42.51,False,LOW
TXN100064,CMP-1064,ACC00005,1753.34,2025-02-08T11:00:00,11,5,IMPS,ACC00118,ACC00005,ATM-KAN-093,492.75,4,4639.48,1,3.03,50,7,ATM-PAT-008,25.523627,85.146512,16,19.65,True,MEDIUM
TXN100065,CMP-1065,ACC00069,18707.33,2025-09-11T17:00:00,17,3,Wallet,ACC00363,ACC00069,ATM-HYD-091,1114.86,3,1700.02,72,4.19,69,4,ATM-PAT-003,25.43501,85.269423,23,70.88,True,HIGH
TXN100066,CMP-1066,ACC00099,13819.46,2025-09-05T21:00:00,21,4,IMPS,ACC00246,ACC00099,ATM-MUM-022,1156.52,2,4896.36,198,4.06,68,4,ATM-DEL-000,28.568734,77.371257,14,61.73,True,CRITICAL
TXN100067,CMP-1067,ACC00051,3443.72,2025-02-07T02:00:00,2,4,RTGS,ACC00288,ACC00051,ATM-MUM-048,1150.14,1,1390.84,21,3.69,58,5,ATM-DEL-000,28.568734,77.371257,13,44.48,True,LOW
TXN100068,CMP-1068,ACC00047,18065.43,2025-05-06T05:00:00,5,1,NEFT,ACC00354,ACC00047,ATM-PAT-003,886.29,2,6743.56,53,4.85,66,7,ATM-DEL-010,28.654167,77.079218,17,15.01,True,HIGH
TXN100069,CMP-1069,ACC00055,15145.45,2025-09-02T01:00:00,1,1,IMPS,ACC00472,ACC00055,ATM-JAI-090,239.71,6,3491.96,1,4.34,68,9,ATM-DEL-013,28.505783,77.214124,15,46.71,True,HIGH
TXN100070,CMP-1070,ACC00041,1070.72,2025-01-22T19:00:00,19,2,UPI,ACC00264,ACC00041,ATM-MUM-089,1459.79,3,1756.29,22,6.53,64,8,ATM-PAT-003,25.43501,85.269423,23,6.17,True,LOW
TXN100071,CMP-1071,ACC00044,13510.64,2025-09-12T04:00:00,4,4,RTGS,ACC00185,ACC00044,ATM-BEN-017,1725.3,1,5906.42,55,4.98,65,5,ATM-DEL-004,28.650301,77.283906,11,51.81,True,HIGH
TXN100072,CMP-1072,ACC00007,6195.79,2025-01-11T16:00:00,16,5,RTGS,ACC00240,ACC00007,ATM-KAN-023,83.77,2,2287.6,43,8.36,54,6,ATM-LUC-005,26.67411,81.115368,16,38.34,True,MEDIUM
TXN100073,CMP-1073,ACC00077,7399.41,2025-06-10T14:00:00,14,1,NEFT,ACC00115,ACC00077,ATM-BEN-020,1525.94,5,4275.83,22,4.76,62,5,ATM-KAN-007,26.335357,80.217926,12,29.1,True,LOW
TXN100074,CMP-1074,ACC00082,8689.53,2025-09-04T15:00:00,15,3,IMPS,ACC00134,ACC00082,ATM-LUC-005,436.62,4,4218.87,92,3.01,56,5,ATM-DEL-004,28.650301,77.283906,12,51.72,True,MEDIUM
TXN100075,CMP-1075,ACC00057,52652.73,2025-05-06T15:00:00,15,1,UPI,ACC00409,ACC00057,ATM-KAN-014,374.47,3,2188.56,43,9.62,68,7,ATM-DEL-011,28.539072,77.16089,15,26.8,True,CRITICAL
TXN100076,CMP-1076,ACC00046,31389.01,2025-07-23T11:00:00,11,2,NEFT,ACC00393,ACC00046,ATM-DEL-072,451.58,4,2958.72,89,4.03,64,5,ATM-LUC-005,26.67411,81.115368,16,62.68,True,HIGH
TXN100077,CMP-1077,ACC00063,66530.45,2025-06-04T15:00:00,15,2,RTGS,ACC00113,ACC00063,ATM-BEN-067,1708.47,3,1991.86,12,3.82,72,4,ATM-DEL-002,28.490067,77.085158,9,11.35,True,HIGH
TXN100078,CMP-1078,ACC00057,9212.47,2025-03-27T11:00:00,11,3,Card,ACC00496,ACC00057,ATM-MUM-049,1161.74,3,2182.18,59,1.89,68,8,ATM-DEL-011,28.539072,77.16089,16,51.88,True,LOW
TXN100079,CMP-1079,ACC00009,1161.72,2025-04-23T01:00:00,1,2,RTGS,ACC00202,ACC00009,ATM-KAN-012,401.8,0,4991.78,9,4.09,63,8,ATM-DEL-002,28.490067,77.085158,8,61.39,True,MEDIUM
TXN100080,CMP-1080,ACC00008,4051.48,2025-05-22T11:00:00,11,3,Wallet,ACC00441,ACC00008,ATM-BEN-057,1605.11,2,3342.94,18,3.94,72,3,ATM-PAT-006,25.713779,85.034042,19,61.88,True,LOW
TXN100081,CMP-1081,ACC00089,8354.03,2025-02-27T10:00:00,10,3,Card,ACC00464,ACC00089,ATM-BEN-055,1521.64,3,2834.59,21,4.65,62,4,ATM-KAN-007,26.335357,80.217926,11,27.47,True,LOW
TXN100083,CMP-1083,ACC00059,5071.83,2025-06-13T17:00:00,17,4,Card,ACC00383,ACC00059,ATM-MUM-068,1135.08,1,4465.66,49,6.96,57,6,ATM-DEL-011,28.539072,77.16089,15,28.37,True,MEDIUM
TXN100084,CMP-1084,ACC00091,3132.54,2025-05-22T12:00:00,12,3,IMPS,ACC00133,ACC00091,ATM-DEL-000,1155.48,5,3283.82,58,6.2,59,8,ATM-MUM-009,19.0515,72.802542,15,38.0,True,LOW
TXN100085,CMP-1085,ACC00040,20923.7,2025-04-13T14:00:00,14,6,IMPS,ACC00394,ACC00040,ATM-MUM-042,1146.77,5,2318.86,1,4.47,65,7,ATM-DEL-013,28.505783,77.214124,15,44.77,True,HIGH
TXN100087,CMP-1087,ACC00007,2868.39,2025-04-10T11:00:00,11,3,IMPS,ACC00321,ACC00007,ATM-MUM-032,1198.71,3,2429.96,40,5.88,55,7,ATM-LUC-005,26.67411,81.115368,15,39.21,True,MEDIUM
TXN100088,CMP-1088,ACC00090,30514.05,2025-07-21T09:00:00,9,0,UPI,ACC00184,ACC00090,ATM-KAN-029,24.08,5,7822.72,153,7.11,78,4,ATM-KAN-014,26.483169,80.168622,22,40.75,True,CRITICAL
TXN100089,CMP-1089,ACC00070,2266.37,2025-04-07T12:00:00,12,0,Wallet,ACC00228,ACC00070,ATM-LUC-005,454.35,1,4380.39,6,2.53,58,4,ATM-DEL-010,28.654167,77.079218,17,66.49,True,LOW
TXN100090,CMP-1090,ACC00075,28884.9,2025-04-24T02:00:00,2,3,Card,ACC00357,ACC00075,ATM-DEL-010,886.29,2,4236.75,90,3.08,52,6,ATM-PAT-003,25.43501,85.269423,22,18.16,True,MEDIUM
TXN100091,CMP-1091,ACC00003,6601.41,2025-05-31T15:00:00,15,5,IMPS,ACC00388,ACC00003,ATM-LUC-043,412.2,3,7291.72,67,2.35,78,8,ATM-DEL-004,28.650301,77.283906,11,52.99,True,LOW
TXN100092,CMP-1092,ACC00079,32482.02,2025-03-23T09:00:00,9,6,NEFT,ACC00492,ACC00079,ATM-DEL-002,863.8,3,2256.07,35,3.88,66,6,ATM-PAT-008,25.523627,85.146512,17,61.26,True,CRITICAL
TXN100094,CMP-1094,ACC00020,42029.95,2025-04-25T07:00:00,7,4,IMPS,ACC00137,ACC00020,ATM-LUC-046,1582.64,4,2977.57,87,7.64,62,4,ATM-BEN-001,13.055118,77.630117,6,21.14,True,HIGH
TXN100095,CMP-1095,ACC00040,9381.92,2025-02-07T10:00:00,10,4,NEFT,ACC00274,ACC00040,ATM-JAI-066,241.7,5,2797.0,4,7.07,67,7,ATM-DEL-013,28.505783,77.214124,14,26.45,True,LOW
TXN100096,CMP-1096,ACC00047,23040.24,2025-03-07T08:00:00,8,4,NEFT,ACC00304,ACC00047,ATM-BEN-085,1727.22,1,6487.11,68,7.45,65,7,ATM-DEL-000,28.568734,77.371257,13,45.74,True,MEDIUM
TXN100097,CMP-1097,ACC00057,10699.29,2025-04-03T12:00:00,12,3,NEFT,ACC00338,ACC00057,ATM-DEL-041,10.76,3,2366.01,38,5.85,69,6,ATM-DEL-011,28.539072,77.16089,15,71.71,True,CRITICAL
TXN100099,CMP-1099,ACC00063,3450.29,2025-01-09T23:00:00,23,3,Wallet,ACC00197,ACC00063,ATM-DEL-033,16.48,2,2148.91,31,7.19,74,3,ATM-DEL-011,28.539072,77.16089,16,38.05,True,LOW
TXN100100,CMP-1100,ACC00050,2474.37,2025-01-14T15:00:00,15,1,NEFT,ACC00354,ACC00050,ATM-DEL-070,32.46,2,3670.75,71,6.25,57,9,ATM-DEL-002,28.490067,77.085158,9,18.93,True,LOW
TXN100101,CMP-1101,ACC00063,32445.97,2025-01-24T02:00:00,2,4,Card,ACC00124,ACC00063,ATM-BEN-062,1742.43,2,2051.26,21,7.32,73,4,ATM-DEL-011,28.539072,77.16089,14,29.98,True,HIGH
TXN100102,CMP-1102,ACC00033,898.83,2025-04-14T11:00:00,11,0,Wallet,ACC00155,ACC00033,ATM-PAT-063,854.51,0,5188.98,29,4.47,58,5,ATM-DEL-004,28.650301,77.283906,11,53.75,True,MEDIUM
TXN100103,CMP-1103,ACC00071,1522.15,2025-05-16T08:00:00,8,4,Wallet,ACC00305,ACC00071,ATM-BEN-057,1739.78,1,5057.77,53,3.86,53,8,ATM-DEL-010,28.654167,77.079218,17,25.81,True,LOW
TXN100104,CMP-1104,ACC00097,5272.41,2025-02-04T03:00:00,3,1,UPI,ACC00297,ACC00097,ATM-KAN-093,507.22,2,3659.06,69,7.89,71,7,ATM-PAT-003,25.43501,85.269423,22,27.13,True,LOW
TXN100106,CMP-1106,ACC00077,11916.89,2025-03-02T23:00:00,23,6,IMPS,ACC00486,ACC00077,ATM-DEL-092,379.73,5,4385.82,19,7.0,63,4,ATM-KAN-007,26.335357,80.217926,11,66.57,True,MEDIUM
TXN100107,CMP-1107,ACC00042,6015.82,2025-09-12T08:00:00,8,4,Card,ACC00119,ACC00042,ATM-BEN-057,851.47,1,4689.61,27,4.86,78,5,ATM-MUM-083,19.011481,72.764847,1,24.11,False,LOW
TXN100110,CMP-1110,ACC00060,11881.26,2025-02-11T14:00:00,14,1,UPI,ACC00462,ACC00060,ATM-LUC-037,1581.93,2,3397.95,105,6.17,81,5,ATM-BEN-001,13.055118,77.630117,7,16.67,True,HIGH
TXN100111,CMP-1111,ACC00092,3684.3,2025-09-16T18:00:00,18,1,IMPS,ACC00313,ACC00092,ATM-DEL-065,395.73,2,2393.54,7,4.54,75,3,ATM-KAN-007,26.335357,80.217926,12,5.36,True,LOW
TXN100113,CMP-1113,ACC00067,3458.14,2025-08-17T07:00:00,7,6,UPI,ACC00398,ACC00067,ATM-HYD-091,1232.34,3,4732.62,5,3.65,60,8,ATM-DEL-011,28.539072,77.16089,16,9.73,True,MEDIUM
TXN100114,CMP-1114,ACC00073,16650.35,2025-03-19T15:00:00,15,2,Card,ACC00448,ACC00073,ATM-BEN-020,1630.04,2,3339.22,77,5.57,67,8,ATM-PAT-006,25.713779,85.034042,18,35.84,True,MEDIUM
TXN100115,CMP-1115,ACC00019,12865.67,2025-06-08T13:00:00,13,6,Wallet,ACC00325,ACC00019,ATM-LUC-082,5.56,0,4720.49,46,4.49,63,6,ATM-LUC-005,26.67411,81.115368,16,56.9,True,MEDIUM
TXN100116,CMP-1116,ACC00090,3521.58,2025-06-05T13:00:00,13,3,IMPS,ACC00476,ACC00090,ATM-DEL-092,834.52,5,6511.98,160,1.6,77,3,ATM-PAT-031,25.712446,85.086031,5,33.65,False,LOW
TXN100117,CMP-1117,ACC00048,19852.69,2025-06-02T04:00:00,4,0,UPI,ACC00439,ACC00048,ATM-DEL-072,32.33,2,1731.06,111,3.86,70,7,ATM-DEL-000,28.568734,77.371257,13,29.35,True,HIGH
TXN100118,CMP-1118,ACC00098,817.51,2025-05-11T13:00:00,13,6,Wallet,ACC00379,ACC00098,ATM-BEN-088,1519.34,1,1447.3,53,5.92,58,3,ATM-KAN-012,26.434085,80.434563,18,10.83,True,LOW
TXN100120,CMP-1120,ACC00090,3649.48,2025-07-06T12:00:00,12,6,NEFT,ACC00460,ACC00090,ATM-BEN-001,1717.21,4,8072.45,163,4.76,76,2,ATM-DEL-002,28.490067,77.085158,8,56.53,True,MEDIUM
TXN100121,CMP-1121,ACC00086,5665.99,2025-08-22T01:00:00,1,4,IMPS,ACC00247,ACC00086,ATM-KAN-096,387.22,7,2331.06,63,6.71,57,5,ATM-DEL-002,28.490067,77.085158,9,13.05,True,LOW
TXN100122,CMP-1122,ACC00091,1056.51,2025-04-09T04:00:00,4,2,NEFT,ACC00248,ACC00091,ATM-JAI-024,231.22,4,3112.03,46,5.6,58,7,ATM-DEL-011,28.539072,77.16089,16,8.76,True,LOW
TXN100123,CMP-1123,ACC00025,46821.45,2025-02-13T14:00:00,14,3,Card,ACC00482,ACC00025,ATM-LUC-025,105.28,4,2508.73,153,6.54,69,7,ATM-KAN-014,26.483169,80.168622,22,27.87,True,HIGH
TXN100124,CMP-1124,ACC00094,1974.71,2025-08-30T12:00:00,12,5,Wallet,ACC00170,ACC00094,ATM-MUM-009,1152.64,3,3435.7,100,2.74,77,6,ATM-DEL-010,28.654167,77.079218,17,71.2,True,LOW
TXN100125,CMP-1125,ACC00012,1533.79,2025-07-06T09:00:00,9,6,UPI,ACC00426,ACC00012,ATM-LUC-046,1582.64,4,3422.61,60,3.81,77,3,ATM-BEN-001,13.055118,77.630117,8,65.59,True,LOW
TXN100128,CMP-1128,ACC00004,8305.76,2025-01-23T19:00:00,19,3,Card,ACC00373,ACC00004,ATM-LUC-005,1557.33,3,2438.06,181,3.0,61,3,ATM-BEN-001,13.055118,77.630117,7,33.95,True,LOW
TXN100130,CMP-1130,ACC00072,1532.52,2025-06-04T19:00:00,19,2,RTGS,ACC00119,ACC00072,ATM-PAT-008,1458.58,7,7793.04,10,2.66,68,3,ATM-MUM-009,19.0515,72.802542,16,28.43,True,MEDIUM
TXN100131,CMP-1131,ACC00063,6963.35,2025-04-04T21:00:00,21,4,NEFT,ACC00428,ACC00063,ATM-HYD-091,1232.34,3,1922.1,28,6.68,74,5,ATM-DEL-011,28.539072,77.16089,14,13.98,True,MEDIUM
TXN100132,CMP-1132,ACC00014,10529.85,2025-03-08T07:00:00,7,5,RTGS,ACC00239,ACC00014,ATM-MUM-009,1110.57,2,2734.41,37,4.54,88,7,ATM-KAN-007,26.335357,80.217926,12,24.24,True,HIGH
TXN100133,CMP-1133,ACC00094,2631.92,2025-06-24T19:00:00,19,1,RTGS,ACC00467,ACC00094,ATM-PAT-006,851.8,3,3950.7,98,5.42,75,6,ATM-DEL-010,28.654167,77.079218,16,53.46,True,MEDIUM
TXN100134,CMP-1134,ACC00081,8544.81,2025-04-21T03:00:00,3,0,NEFT,ACC00189,ACC00081,ATM-KAN-069,420.29,5,3710.44,14,7.26,72,9,ATM-DEL-010,28.654167,77.079218,16,61.34,True,LOW
TXN100135,CMP-1135,ACC00012,2691.25,2025-05-03T12:00:00,12,5,Wallet,ACC00144,ACC00012,ATM-LUC-056,413.48,3,2973.79,66,2.53,77,2,ATM-DEL-013,28.505783,77.214124,15,43.36,True,LOW
TXN100136,CMP-1136,ACC00049,1142.46,2025-03-01T04:00:00,4,5,Wallet,ACC00227,ACC00049,ATM-DEL-065,381.54,3,1507.34,130,5.92,82,5,ATM-KAN-014,26.483169,80.168622,22,54.39,True,MEDIUM
TXN100137,CMP-1137,ACC00001,3046.33,2025-06-14T01:00:00,1,5,RTGS,ACC00398,ACC00001,ATM-JAI-024,971.55,5,2484.07,171,8.49,76,6,ATM-PAT-003,25.43501,85.269423,21,21.24,True,LOW
TXN100138,CMP-1138,ACC00059,629.53,2025-06-05T16:00:00,16,3,NEFT,ACC00131,ACC00059,ATM-BEN-020,1582.03,2,4589.74,66,7.71,58,7,ATM-LUC-005,26.67411,81.115368,15,2.68,True,LOW
TXN100139,CMP-1139,ACC00037,15473.28,2025-07-08T00:00:00,0,1,RTGS,ACC00453,ACC00037,ATM-DEL-094,398.0,3,4947.09,36,2.48,53,5,ATM-KAN-007,26.335357,80.217926,12,66.85,True,HIGH
TXN100140,CMP-1140,ACC00095,5919.67,2025-06-06T08:00:00,8,4,RTGS,ACC00344,ACC00095,ATM-PAT-039,493.88,4,8896.72,53,8.18,61,7,ATM-KAN-014,26.483169,80.168622,20,41.65,True,LOW
TXN100141,CMP-1141,ACC00085,816.76,2025-03-10T15:00:00,15,0,UPI,ACC00487,ACC00085,ATM-KAN-087,519.02,4,2106.97,35,3.65,57,8,ATM-PAT-003,25.43501,85.269423,21,32.27,True,MEDIUM
TXN100142,CMP-1142,ACC00090,1596.1,2025-04-06T08:00:00,8,6,Wallet,ACC00369,ACC00090,ATM-BEN-084,1541.15,4,7139.76,158,5.8,76,2,ATM-KAN-069,26.400807,80.501742,2,35.15,False,MEDIUM
TXN100144,CMP-1144,ACC00087,1473.19,2025-03-12T14:00:00,14,2,UPI,ACC00366,ACC00087,ATM-KAN-007,374.9,3,1322.85,51,5.18,70,7,ATM-DEL-000,28.568734,77.371257,15,28.71,True,MEDIUM
TXN100145,CMP-1145,ACC00007,4197.05,2025-04-29T04:00:00,4,1,NEFT,ACC00361,ACC00007,ATM-KAN-096,73.65,2,2395.22,56,6.86,55,8,ATM-LUC-005,26.67411,81.115368,16,30.17,True,LOW
TXN100146,CMP-1146,ACC00059,574.65,2025-04-05T23:00:00,23,5,Card,ACC00388,ACC00059,ATM-MUM-089,1190.35,2,3796.06,72,5.29,58,6,ATM-LUC-005,26.67411,81.115368,14,11.71,True,LOW
TXN100147,CMP-1147,ACC00000,5549.92,2025-05-31T02:00:00,2,5,Card,ACC00302,ACC00000,ATM-BEN-088,1723.86,4,3633.49,55,6.44,56,4,ATM-DEL-011,28.539072,77.16089,16,68.15,True,LOW
TXN100148,CMP-1148,ACC00008,887.49,2025-07-16T04:00:00,4,2,UPI,ACC00316,ACC00008,ATM-DEL-053,23.1,2,3861.42,14,7.33,73,2,ATM-DEL-010,28.654167,77.079218,17,8.84,True,LOW
TXN100149,CMP-1149,ACC00023,376.48,2025-08-02T00:00:00,0,5,IMPS,ACC00116,ACC00023,ATM-LUC-043,30.77,3,4244.41,6,5.95,58,4,ATM-LUC-005,26.67411,81.115368,15,18.32,True,LOW
TXN100151,CMP-1151,ACC00068,12023.59,2025-06-24T02:00:00,2,1,RTGS,ACC00160,ACC00068,ATM-KAN-051,490.43,3,2215.37,4,6.04,60,2,ATM-PAT-008,25.523627,85.146512,16,67.17,True,HIGH
TXN100152,CMP-1152,ACC00038,1258.93,2025-08-13T14:00:00,14,2,UPI,ACC00101,ACC00038,ATM-BEN-061,1734.79,1,5671.61,15,5.5,75,3,ATM-DEL-013,28.505783,77.214124,16,16.98,True,LOW
TXN100153,CMP-1153,ACC00044,2321.02,2025-01-17T02:00:00,2,4,Card,ACC00217,ACC00044,ATM-KAN-012,396.48,2,6505.65,74,4.87,64,5,ATM-DEL-004,28.650301,77.283906,12,19.85,True,LOW
TXN100154,CMP-1154,ACC00053,5250.25,2025-04-10T08:00:00,8,3,UPI,ACC00116,ACC00053,ATM-MUM-042,1203.47,1,1246.5,113,4.38,81,4,ATM-LUC-005,26.67411,81.115368,14,64.17,True,LOW
TXN100155,CMP-1155,ACC00004,8053.9,2025-08-03T06:00:00,6,6,UPI,ACC00134,ACC00004,ATM-KAN-059,31.18,2,2904.79,169,4.85,61,3,ATM-KAN-007,26.335357,80.217926,11,41.57,True,LOW
TXN100156,CMP-1156,ACC00069,5058.04,2025-05-30T13:00:00,13,4,RTGS,ACC00305,ACC00069,ATM-MUM-019,1455.11,3,1617.65,68,3.06,70,3,ATM-PAT-003,25.43501,85.269423,21,71.33,True,LOW
TXN100157,CMP-1157,ACC00093,24928.34,2025-04-14T12:00:00,12,0,NEFT,ACC00219,ACC00093,ATM-DEL-000,856.3,2,2638.94,8,3.32,65,6,ATM-PAT-003,25.43501,85.269423,21,5.63,True,CRITICAL
TXN100158,CMP-1158,ACC00018,3302.63,2025-05-19T17:00:00,17,0,IMPS,ACC00221,ACC00018,ATM-HYD-044,1233.25,4,2575.94,46,5.4,74,7,ATM-DEL-000,28.568734,77.371257,14,6.91,True,LOW
TXN100159,CMP-1159,ACC00071,10759.01,2025-08-01T07:00:00,7,4,IMPS,ACC00253,ACC00071,ATM-PAT-064,875.62,1,4585.86,51,3.53,53,7,ATM-DEL-010,28.654167,77.079218,17,29.96,True,HIGH
TXN100160,CMP-1160,ACC00044,13408.07,2025-05-30T11:00:00,11,4,IMPS,ACC00384,ACC00044,ATM-BEN-084,1762.13,1,5132.16,62,4.74,63,6,ATM-DEL-004,28.650301,77.283906,11,18.3,True,MEDIUM
TXN100161,CMP-1161,ACC00019,2785.32,2025-02-06T21:00:00,21,3,RTGS,ACC00456,ACC00019,ATM-JAI-024,540.77,1,5723.5,26,5.38,63,6,ATM-LUC-005,26.67411,81.115368,14,63.62,True,MEDIUM
TXN100162,CMP-1162,ACC00038,2039.6,2025-09-05T19:00:00,19,4,NEFT,ACC00223,ACC00038,ATM-BEN-079,1738.48,1,5170.27,25,3.57,75,3,ATM-DEL-013,28.505783,77.214124,16,8.36,True,LOW
TXN100163,CMP-1163,ACC00053,4364.06,2025-05-05T12:00:00,12,0,RTGS,ACC00387,ACC00053,ATM-LUC-082,5.56,1,1274.34,113,4.57,81,4,ATM-LUC-005,26.67411,81.115368,14,64.89,True,LOW
TXN100164,CMP-1164,ACC00082,10130.15,2025-07-21T02:00:00,2,0,Wallet,ACC00230,ACC00082,ATM-MUM-034,1163.86,3,3569.94,82,5.07,57,5,ATM-DEL-004,28.650301,77.283906,10,14.66,True,HIGH
TXN100165,CMP-1165,ACC00024,5187.25,2025-08-16T06:00:00,6,5,IMPS,ACC00374,ACC00024,ATM-MUM-060,27.37,0,4673.84,3,4.02,73,6,ATM-MUM-009,19.0515,72.802542,16,42.07,True,LOW
TXN100166,CMP-1166,ACC00097,1136.43,2025-04-05T09:00:00,9,5,Card,ACC00137,ACC00097,ATM-PAT-064,13.01,1,3936.36,56,1.63,71,7,ATM-PAT-003,25.43501,85.269423,22,52.27,True,LOW
TXN100168,CMP-1168,ACC00096,2252.87,2025-03-19T10:00:00,10,2,IMPS,ACC00479,ACC00096,ATM-JAI-058,477.21,2,4346.87,5,2.09,69,8,ATM-KAN-012,26.434085,80.434563,18,6.57,True,MEDIUM
TXN100170,CMP-1170,ACC00039,2560.32,2025-03-01T05:00:00,5,5,IMPS,ACC00373,ACC00039,ATM-JAI-024,540.77,4,2558.43,85,4.24,68,4,ATM-LUC-005,26.67411,81.115368,16,25.18,True,LOW
TXN100171,CMP-1171,ACC00092,12897.47,2025-06-20T20:00:00,20,4,RTGS,ACC00150,ACC00092,ATM-LUC-043,101.68,1,2284.29,15,2.64,75,3,ATM-KAN-007,26.335357,80.217926,10,36.91,True,HIGH
TXN100172,CMP-1172,ACC00072,7468.09,2025-04-16T15:00:00,15,2,RTGS,ACC00260,ACC00072,ATM-KAN-087,1123.6,7,9321.65,12,3.1,70,4,ATM-MUM-009,19.0515,72.802542,15,54.45,True,LOW
TXN100174,CMP-1174,ACC00072,22167.56,2025-03-06T03:00:00,3,3,NEFT,ACC00268,ACC00072,ATM-MUM-089,21.03,7,7618.96,14,3.2,69,4,ATM-MUM-009,19.0515,72.802542,16,40.38,True,HIGH
TXN100175,CMP-1175,ACC00062,8129.8,2025-06-01T16:00:00,16,6,IMPS,ACC00231,ACC00062,ATM-MUM-078,1137.28,0,4652.71,55,4.59,59,5,ATM-DEL-010,28.654167,77.079218,16,14.0,True,LOW
TXN100176,CMP-1176,ACC00021,1320.96,2025-03-26T20:00:00,20,2,RTGS,ACC00475,ACC00021,ATM-KAN-051,504.63,4,3638.62,22,5.39,66,7,ATM-PAT-003,25.43501,85.269423,23,58.33,True,MEDIUM
TXN100178,CMP-1178,ACC00017,2308.59,2025-06-17T11:00:00,11,1,Wallet,ACC00491,ACC00017,ATM-HYD-091,1124.53,3,5530.88,127,4.63,71,5,ATM-PAT-006,25.713779,85.034042,19,16.91,True,LOW
TXN100179,CMP-1179,ACC00058,10999.22,2025-02-03T20:00:00,20,0,Card,ACC00104,ACC00058,ATM-KAN-098,392.92,1,6023.08,40,2.81,54,7,ATM-DEL-004,28.650301,77.283906,10,14.1,True,MEDIUM
TXN100180,CMP-1180,ACC00000,3505.88,2025-07-30T14:00:00,14,2,NEFT,ACC00437,ACC00000,ATM-HYD-036,1268.63,4,4113.48,64,4.16,58,5,ATM-DEL-011,28.539072,77.16089,16,66.39,True,MEDIUM
TXN100181,CMP-1181,ACC00068,6772.29,2025-09-06T03:00:00,3,5,IMPS,ACC00371,ACC00068,ATM-JAI-058,958.77,2,1721.47,6,5.0,59,4,ATM-PAT-008,25.523627,85.146512,15,49.7,True,LOW
TXN100182,CMP-1182,ACC00012,3953.73,2025-09-03T19:00:00,19,2,NEFT,ACC00191,ACC00012,ATM-KAN-029,1496.79,3,3716.76,65,7.47,77,2,ATM-BEN-001,13.055118,77.630117,8,53.86,True,LOW
TXN100183,CMP-1183,ACC00050,9386.43,2025-08-30T06:00:00,6,5,NEFT,ACC00281,ACC00050,ATM-DEL-086,847.53,1,3170.52,34,6.08,59,8,ATM-PAT-006,25.713779,85.034042,18,64.07,True,MEDIUM
TXN100184,CMP-1184,ACC00087,934.15,2025-05-09T09:00:00,9,4,Wallet,ACC00456,ACC00087,ATM-KAN-030,371.78,2,1201.73,60,3.12,71,8,ATM-DEL-000,28.568734,77.371257,15,10.03,True,LOW
TXN100185,CMP-1185,ACC00048,4754.62,2025-08-20T10:00:00,10,2,Wallet,ACC00147,ACC00048,ATM-KAN-093,368.76,2,1357.67,103,2.87,69,6,ATM-DEL-000,28.568734,77.371257,13,50.96,True,LOW
TXN100186,CMP-1186,ACC00063,11758.86,2025-01-13T00:00:00,0,0,Card,ACC00459,ACC00063,ATM-JAI-058,223.27,2,2232.93,9,4.03,74,3,ATM-DEL-011,28.539072,77.16089,16,38.12,True,CRITICAL
TXN100190,CMP-1190,ACC00050,5951.63,2025-01-22T12:00:00,12,2,Card,ACC00485,ACC00050,ATM-MUM-019,1124.64,2,3223.97,58,4.05,59,7,ATM-DEL-002,28.490067,77.085158,10,4.18,True,LOW
TXN100191,CMP-1191,ACC00049,1905.46,2025-03-01T23:00:00,23,5,IMPS,ACC00390,ACC00049,ATM-PAT-028,499.28,4,1643.38,139,4.08,82,6,ATM-KAN-014,26.483169,80.168622,22,42.35,True,LOW
TXN100192,CMP-1192,ACC00088,14163.44,2025-01-19T23:00:00,23,6,Card,ACC00486,ACC00088,ATM-DEL-000,360.35,1,13760.81,144,6.74,76,5,ATM-KAN-014,26.483169,80.168622,22,54.01,True,HIGH
TXN100193,CMP-1193,ACC00029,1617.03,2025-03-25T03:00:00,3,1,UPI,ACC00127,ACC00029,ATM-KAN-007,374.9,2,3932.67,30,2.86,47,7,ATM-DEL-000,28.568734,77.371257,13,39.69,True,LOW
TXN100194,CMP-1194,ACC00081,66170.95,2025-05-07T22:00:00,22,2,IMPS,ACC00496,ACC00081,ATM-JAI-024,236.43,4,4284.68,30,4.81,73,8,ATM-DEL-010,28.654167,77.079218,17,6.86,True,HIGH
TXN100195,CMP-1195,ACC00048,6329.33,2025-02-10T01:00:00,1,0,UPI,ACC00282,ACC00048,ATM-KAN-007,374.9,2,1427.64,107,6.76,68,7,ATM-DEL-000,28.568734,77.371257,13,17.29,True,LOW
TXN100196,CMP-1196,ACC00037,453.86,2025-01-25T09:00:00,9,5,UPI,ACC00143,ACC00037,ATM-BEN-017,1579.91,3,4982.22,21,6.44,53,5,ATM-PAT-003,25.43501,85.269423,23,54.89,True,MEDIUM
TXN100197,CMP-1197,ACC00081,6195.8,2025-02-12T06:00:00,6,2,IMPS,ACC00178,ACC00081,ATM-BEN-088,1736.87,5,3686.3,25,4.67,74,9,ATM-DEL-010,28.654167,77.079218,16,48.03,True,MEDIUM
TXN100198,CMP-1198,ACC00039,11167.98,2025-05-09T00:00:00,0,4,NEFT,ACC00154,ACC00039,ATM-BEN-088,1560.8,4,2716.78,93,3.71,68,3,ATM-LUC-005,26.67411,81.115368,14,54.65,True,HIGH
TXN100199,CMP-1199,ACC00057,1254.57,2025-03-09T13:00:00,13,6,IMPS,ACC00144,ACC00057,ATM-DEL-053,14.48,3,2317.85,45,3.37,69,7,ATM-DEL-011,28.539072,77.16089,16,31.26,True,MEDIUM
TXN100200,CMP-1200,ACC00070,1184.51,2025-09-12T17:00:00,17,4,Wallet,ACC00113,ACC00070,ATM-BEN-067,1726.72,2,3887.15,12,4.13,59,3,ATM-DEL-010,28.654167,77.079218,16,44.23,True,LOW
TXN100201,CMP-1201,ACC00049,1975.73,2025-01-15T07:00:00,7,2,IMPS,ACC00106,ACC00049,ATM-JAI-027,423.23,4,1438.72,147,6.64,82,6,ATM-KAN-014,26.483169,80.168622,21,38.66,True,MEDIUM
TXN100202,CMP-1202,ACC00017,7007.52,2025-05-21T17:00:00,17,2,NEFT,ACC00450,ACC00017,ATM-DEL-004,832.99,4,6148.75,134,5.64,71,6,ATM-PAT-006,25.713779,85.034042,18,55.27,True,LOW
TXN100203,CMP-1203,ACC00035,1318.56,2025-01-24T23:00:00,23,4,NEFT,ACC00132,ACC00035,ATM-LUC-046,427.52,4,3509.16,89,1.64,59,8,ATM-PAT-006,25.713779,85.034042,20,26.93,True,LOW
TXN100205,CMP-1205,ACC00038,14796.52,2025-06-09T02:00:00,2,0,RTGS,ACC00334,ACC00038,ATM-DEL-094,1732.06,1,5591.89,1,5.11,74,3,ATM-BEN-001,13.055118,77.630117,8,56.81,True,HIGH
TXN100206,CMP-1206,ACC00055,21152.01,2025-04-23T03:00:00,3,2,NEFT,ACC00268,ACC00055,ATM-MUM-034,1143.59,6,3218.13,6,5.81,69,9,ATM-KAN-026,26.60812,80.474038,1,49.31,False,HIGH
TXN100207,CMP-1207,ACC00088,1917.81,2025-07-12T21:00:00,21,5,UPI,ACC00264,ACC00088,ATM-MUM-009,842.84,2,14021.51,137,5.34,76,7,ATM-BEN-001,13.055118,77.630117,7,39.22,True,LOW
TXN100208,CMP-1208,ACC00088,16479.88,2025-08-17T15:00:00,15,6,Wallet,ACC00263,ACC00088,ATM-DEL-033,372.89,1,13884.92,149,7.17,76,6,ATM-KAN-007,26.335357,80.217926,10,50.02,True,MEDIUM
TXN100209,CMP-1209,ACC00050,1659.4,2025-07-31T14:00:00,14,3,NEFT,ACC00292,ACC00050,ATM-DEL-072,6.64,2,3079.74,60,5.23,59,8,ATM-DEL-002,28.490067,77.085158,9,51.46,True,MEDIUM
TXN100210,CMP-1210,ACC00003,6336.15,2025-05-21T12:00:00,12,2,IMPS,ACC00449,ACC00003,ATM-HYD-036,1279.52,3,6301.45,59,2.59,77,8,ATM-DEL-004,28.650301,77.283906,10,21.22,True,LOW
TXN100211,CMP-1211,ACC00088,12206.13,2025-08-05T00:00:00,0,1,Wallet,ACC00324,ACC00088,ATM-JAI-080,1546.91,2,15008.55,126,4.14,77,6,ATM-BEN-001,13.055118,77.630117,6,18.31,True,HIGH
TXN100212,CMP-1212,ACC00030,4373.56,2025-06-26T18:00:00,18,3,IMPS,ACC00171,ACC00030,ATM-JAI-038,226.87,0,5427.79,52,4.09,62,5,ATM-DEL-011,28.539072,77.16089,14,20.89,True,MEDIUM
TXN100213,CMP-1213,ACC00076,27449.66,2025-05-11T02:00:00,2,6,Card,ACC00293,ACC00076,ATM-JAI-038,481.04,0,5603.19,68,4.8,68,4,ATM-KAN-012,26.434085,80.434563,18,36.39,True,MEDIUM
TXN100214,CMP-1214,ACC00046,7580.26,2025-07-22T05:00:00,5,1,NEFT,ACC00378,ACC00046,ATM-KAN-014,96.51,3,2913.05,50,3.43,63,5,ATM-LUC-005,26.67411,81.115368,14,16.71,True,LOW
TXN100215,CMP-1215,ACC00084,3109.4,2025-01-01T04:00:00,4,2,UPI,ACC00155,ACC00084,ATM-BEN-079,1755.41,2,3242.34,44,1.15,68,5,ATM-DEL-010,28.654167,77.079218,17,21.32,True,LOW
TXN100217,CMP-1217,ACC00028,3757.02,2025-01-28T05:00:00,5,1,NEFT,ACC00105,ACC00028,ATM-HYD-052,1011.93,3,5268.74,209,6.86,59,6,ATM-KAN-014,26.483169,80.168622,21,59.98,True,LOW
TXN100218,CMP-1218,ACC00059,3508.74,2025-05-07T14:00:00,14,2,IMPS,ACC00328,ACC00059,ATM-MUM-078,1137.28,1,4219.69,68,7.85,58,6,ATM-DEL-010,28.654167,77.079218,17,19.46,True,LOW
TXN100220,CMP-1220,ACC00039,9032.64,2025-07-13T23:00:00,23,6,NEFT,ACC00473,ACC00039,ATM-MUM-049,1170.32,5,2694.47,85,6.05,69,4,ATM-DEL-010,28.654167,77.079218,17,70.61,True,LOW
TXN100221,CMP-1221,ACC00056,7311.91,2025-05-16T08:00:00,8,4,Wallet,ACC00278,ACC00056,ATM-PAT-076,853.88,4,4468.89,52,3.59,61,7,ATM-DEL-004,28.650301,77.283906,11,7.98,True,LOW
TXN100222,CMP-1222,ACC00090,11503.54,2025-03-03T08:00:00,8,0,Card,ACC00253,ACC00090,ATM-MUM-032,4.62,5,7020.84,173,6.46,77,3,ATM-MUM-022,18.989161,72.936208,3,40.01,False,CRITICAL
TXN100223,CMP-1223,ACC00094,4584.25,2025-03-19T04:00:00,4,2,RTGS,ACC00446,ACC00094,ATM-JAI-027,514.56,2,4234.27,109,5.09,76,6,ATM-LUC-005,26.67411,81.115368,16,25.3,True,MEDIUM
TXN100224,CMP-1224,ACC00059,6864.77,2025-02-16T16:00:00,16,6,Card,ACC00269,ACC00059,ATM-BEN-067,829.64,1,4262.59,65,5.52,57,6,ATM-MUM-009,19.0515,72.802542,16,26.17,True,LOW
TXN100225,CMP-1225,ACC00055,10826.9,2025-09-12T03:00:00,3,4,Wallet,ACC00195,ACC00055,ATM-LUC-082,410.65,6,3966.59,17,7.29,69,8,ATM-PAT-006,25.713779,85.034042,20,50.34,True,CRITICAL
TXN100226,CMP-1226,ACC00000,2586.98,2025-06-02T16:00:00,16,0,UPI,ACC00403,ACC00000,ATM-KAN-030,91.0,3,3860.54,75,3.85,56,5,ATM-LUC-005,26.67411,81.115368,16,17.67,True,LOW
TXN100227,CMP-1227,ACC00068,10543.25,2025-05-01T11:00:00,11,3,UPI,ACC00395,ACC00068,ATM-LUC-040,444.83,2,1986.24,7,2.29,60,2,ATM-PAT-008,25.523627,85.146512,17,63.5,True,HIGH
TXN100228,CMP-1228,ACC00062,5485.68,2025-07-03T15:00:00,15,3,UPI,ACC00158,ACC00062,ATM-MUM-083,1158.22,0,5406.84,57,2.36,59,6,ATM-DEL-010,28.654167,77.079218,17,68.07,True,LOW
TXN100229,CMP-1229,ACC00014,2949.08,2025-01-02T01:00:00,1,3,Card,ACC00412,ACC00014,ATM-DEL-035,886.79,2,2669.92,35,5.96,89,9,ATM-PAT-003,25.43501,85.269423,23,32.99,True,LOW
TXN100230,CMP-1230,ACC00038,3460.23,2025-04-14T22:00:00,22,0,IMPS,ACC00444,ACC00038,ATM-KAN-087,379.63,1,5259.79,28,4.06,74,4,ATM-DEL-002,28.490067,77.085158,10,30.05,True,LOW
TXN100231,CMP-1231,ACC00039,13029.39,2025-03-15T01:00:00,1,5,Wallet,ACC00260,ACC00039,ATM-KAN-059,77.02,4,2317.49,88,4.07,69,2,ATM-LUC-005,26.67411,81.115368,15,20.49,True,HIGH
TXN100232,CMP-1232,ACC00076,17610.39,2025-09-11T08:00:00,8,3,RTGS,ACC00361,ACC00076,ATM-DEL-041,408.43,1,4583.64,55,5.43,68,5,ATM-KAN-012,26.434085,80.434563,16,37.8,True,HIGH
TXN100233,CMP-1233,ACC00088,15652.14,2025-03-11T03:00:00,3,1,UPI,ACC00349,ACC00088,ATM-MUM-009,1110.57,1,12249.16,135,4.59,76,6,ATM-KAN-007,26.335357,80.217926,11,33.87,True,CRITICAL
TXN100234,CMP-1234,ACC00023,4081.92,2025-03-31T07:00:00,7,0,NEFT,ACC00350,ACC00023,ATM-BEN-017,12.42,2,4402.98,9,5.49,56,3,ATM-BEN-001,13.055118,77.630117,6,31.66,True,LOW
TXN100236,CMP-1236,ACC00053,8400.91,2025-08-18T09:00:00,9,0,IMPS,ACC00309,ACC00053,ATM-JAI-038,545.07,2,1217.22,111,2.77,79,5,ATM-LUC-005,26.67411,81.115368,14,36.12,True,MEDIUM
TXN100237,CMP-1237,ACC00097,1955.65,2025-06-12T11:00:00,11,3,RTGS,ACC00142,ACC00097,ATM-HYD-081,1131.88,1,4098.58,46,5.85,72,8,ATM-PAT-008,25.523627,85.146512,15,9.78,True,MEDIUM
TXN100238,CMP-1238,ACC00099,2519.76,2025-03-29T07:00:00,7,5,NEFT,ACC00375,ACC00099,ATM-MUM-021,1447.5,2,5049.29,195,3.73,68,4,ATM-PAT-006,25.713779,85.034042,19,44.94,True,MEDIUM
TXN100239,CMP-1239,ACC00099,7419.6,2025-01-24T16:00:00,16,4,RTGS,ACC00393,ACC00099,ATM-PAT-006,821.77,2,4988.18,182,3.9,69,4,ATM-DEL-000,28.568734,77.371257,15,33.72,True,LOW
TXN100240,CMP-1240,ACC00069,23918.24,2025-03-01T09:00:00,9,5,RTGS,ACC00489,ACC00069,ATM-MUM-034,1450.26,4,1545.84,72,3.82,69,3,ATM-PAT-003,25.43501,85.269423,22,38.24,True,HIGH
TXN100242,CMP-1242,ACC00030,1426.93,2025-04-22T03:00:00,3,1,Card,ACC00160,ACC00030,ATM-DEL-054,10.49,1,5581.44,61,4.07,62,6,ATM-DEL-011,28.539072,77.16089,15,71.56,True,MEDIUM
TXN100243,CMP-1243,ACC00054,29611.49,2025-01-26T20:00:00,20,6,UPI,ACC00463,ACC00054,ATM-MUM-049,17.69,3,3865.55,16,7.66,61,7,ATM-MUM-009,19.0515,72.802542,16,4.91,True,HIGH
TXN100244,CMP-1244,ACC00068,3523.77,2025-03-17T18:00:00,18,0,RTGS,ACC00130,ACC00068,ATM-PAT-076,29.28,2,1926.59,9,4.58,59,3,ATM-PAT-006,25.713779,85.034042,18,3.77,True,LOW
TXN100245,CMP-1245,ACC00073,470.39,2025-09-12T19:00:00,19,4,Card,ACC00460,ACC00073,ATM-KAN-095,460.28,2,3369.56,67,6.71,68,7,ATM-PAT-006,25.713779,85.034042,20,2.21,True,LOW
TXN100248,CMP-1248,ACC00080,28025.03,2025-03-08T22:00:00,22,5,IMPS,ACC00350,ACC00080,ATM-DEL-013,1142.78,3,1632.8,15,2.89,65,2,ATM-MUM-009,19.0515,72.802542,15,62.55,True,HIGH
TXN100249,CMP-1249,ACC00098,3658.05,2025-05-26T13:00:00,13,0,Wallet,ACC00138,ACC00098,ATM-PAT-008,481.73,1,1174.02,80,3.46,56,3,ATM-KAN-012,26.434085,80.434563,17,34.19,True,LOW
TXN100251,CMP-1251,ACC00011,4273.36,2025-04-28T09:00:00,9,0,RTGS,ACC00496,ACC00011,ATM-MUM-089,21.03,1,4763.8,28,5.22,70,5,ATM-MUM-009,19.0515,72.802542,16,18.18,True,LOW
TXN100252,CMP-1252,ACC00050,3702.29,2025-02-20T04:00:00,4,3,UPI,ACC00132,ACC00050,ATM-LUC-043,422.24,2,3312.85,49,5.16,57,8,ATM-DEL-002,28.490067,77.085158,9,26.59,True,LOW
TXN100253,CMP-1253,ACC00036,15593.66,2025-07-16T06:00:00,6,2,NEFT,ACC00237,ACC00036,ATM-KAN-098,389.33,4,4074.79,1,7.9,53,9,ATM-DEL-013,28.505783,77.214124,15,37.46,True,MEDIUM
TXN100255,CMP-1255,ACC00020,878.1,2025-05-26T03:00:00,3,0,Wallet,ACC00108,ACC00020,ATM-HYD-044,1011.28,3,3042.67,77,5.07,63,3,ATM-KAN-014,26.483169,80.168622,22,50.04,True,MEDIUM
TXN100257,CMP-1257,ACC00085,11614.15,2025-01-09T08:00:00,8,3,IMPS,ACC00228,ACC00085,ATM-DEL-013,867.97,4,2282.56,11,7.07,55,7,ATM-PAT-003,25.43501,85.269423,23,7.49,True,HIGH
TXN100258,CMP-1258,ACC00089,7144.72,2025-03-23T19:00:00,19,6,RTGS,ACC00420,ACC00089,ATM-BEN-017,1490.57,3,3258.11,29,0.94,62,4,ATM-KAN-007,26.335357,80.217926,10,69.41,True,LOW
TXN100259,CMP-1259,ACC00027,1535.35,2025-03-25T23:00:00,23,1,UPI,ACC00460,ACC00027,ATM-DEL-053,23.1,2,3500.46,32,2.38,64,3,ATM-DEL-010,28.654167,77.079218,16,37.44,True,LOW
TXN100260,CMP-1260,ACC00001,1904.33,2025-07-08T07:00:00,7,1,UPI,ACC00365,ACC00001,ATM-MUM-032,1460.18,5,2189.44,173,3.79,78,5,ATM-PAT-003,25.43501,85.269423,23,0.95,True,LOW
TXN100261,CMP-1261,ACC00009,2761.71,2025-06-28T02:00:00,2,5,IMPS,ACC00455,ACC00009,ATM-BEN-061,1733.28,0,5180.17,1,5.38,63,8,ATM-DEL-002,28.490067,77.085158,8,64.5,True,LOW
TXN100262,CMP-1262,ACC00038,8367.83,2025-09-11T08:00:00,8,3,Wallet,ACC00152,ACC00038,ATM-BEN-079,1738.48,1,5510.44,32,6.66,76,3,ATM-DEL-013,28.505783,77.214124,16,55.62,True,LOW
TXN100263,CMP-1263,ACC00001,1140.55,2025-01-29T18:00:00,18,2,IMPS,ACC00135,ACC00001,ATM-DEL-065,880.72,4,2645.45,167,4.26,76,6,ATM-PAT-003,25.43501,85.269423,22,3.47,True,MEDIUM
TXN100264,CMP-1264,ACC00095,5306.87,2025-03-08T19:00:00,19,5,IMPS,ACC00469,ACC00095,ATM-KAN-014,0.0,4,8908.49,16,6.19,62,6,ATM-KAN-014,26.483169,80.168622,21,23.65,True,MEDIUM
TXN100265,CMP-1265,ACC00012,6425.28,2025-03-05T02:00:00,2,2,UPI,ACC00211,ACC00012,ATM-BEN-050,28.08,4,2909.35,71,4.83,78,4,ATM-BEN-001,13.055118,77.630117,7,31.15,True,LOW
TXN100267,CMP-1267,ACC00076,28022.02,2025-06-09T10:00:00,10,0,Wallet,ACC00227,ACC00076,ATM-MUM-089,1122.66,1,5660.25,59,4.15,66,5,ATM-KAN-012,26.434085,80.434563,17,24.26,True,HIGH
TXN100269,CMP-1269,ACC00030,1780.33,2025-03-23T00:00:00,0,6,NEFT,ACC00251,ACC00030,ATM-KAN-018,383.13,1,4491.51,55,6.14,63,5,ATM-DEL-011,28.539072,77.16089,15,61.92,True,MEDIUM
TXN100270,CMP-1270,ACC00067,12767.16,2025-06-20T23:00:00,23,4,Wallet,ACC00426,ACC00067,ATM-KAN-059,381.4,2,5181.08,1,3.15,60,8,ATM-DEL-011,28.539072,77.16089,15,4.93,True,HIGH
TXN100271,CMP-1271,ACC00072,24434.49,2025-02-26T08:00:00,8,2,Wallet,ACC00167,ACC00072,ATM-MUM-048,6.31,7,7657.99,4,3.65,69,3,ATM-MUM-009,19.0515,72.802542,14,54.27,True,HIGH
TXN100272,CMP-1272,ACC00098,6703.79,2025-08-23T05:00:00,5,5,Card,ACC00490,ACC00098,ATM-HYD-081,1020.51,1,1436.61,64,1.96,57,3,ATM-KAN-012,26.434085,80.434563,18,38.43,True,MEDIUM
TXN100273,CMP-1273,ACC00007,3238.08,2025-08-16T00:00:00,0,5,IMPS,ACC00234,ACC00007,ATM-DEL-033,424.96,2,2358.9,36,4.72,56,8,ATM-LUC-005,26.67411,81.115368,14,25.06,True,LOW
TXN100274,CMP-1274,ACC00098,1724.97,2025-04-09T05:00:00,5,2,RTGS,ACC00421,ACC00098,ATM-KAN-007,24.21,2,1273.81,69,4.08,57,2,ATM-KAN-012,26.434085,80.434563,16,55.35,True,LOW
TXN100275,CMP-1275,ACC00010,3244.07,2025-04-18T19:00:00,19,4,NEFT,ACC00242,ACC00010,ATM-DEL-010,870.92,4,3860.64,32,4.5,64,6,ATM-PAT-008,25.523627,85.146512,16,9.07,True,LOW
TXN100276,CMP-1276,ACC00097,8910.24,2025-04-20T00:00:00,0,6,Card,ACC00300,ACC00097,ATM-MUM-032,1138.25,2,4051.54,62,1.91,72,7,ATM-DEL-002,28.490067,77.085158,10,29.56,True,MEDIUM
TXN100278,CMP-1278,ACC00007,2091.99,2025-06-13T12:00:00,12,4,IMPS,ACC00332,ACC00007,ATM-MUM-060,1174.19,3,2542.97,39,8.61,54,7,ATM-LUC-005,26.67411,81.115368,16,41.11,True,MEDIUM
TXN100279,CMP-1279,ACC00001,4307.62,2025-02-26T02:00:00,2,2,RTGS,ACC00462,ACC00001,ATM-PAT-031,849.81,4,2372.94,168,6.84,77,6,ATM-DEL-002,28.490067,77.085158,9,32.83,True,LOW
TXN100280,CMP-1280,ACC00095,12246.05,2025-01-12T13:00:00,13,6,UPI,ACC00185,ACC00095,ATM-DEL-054,381.17,3,6765.42,27,6.22,63,6,ATM-KAN-014,26.483169,80.168622,21,41.58,True,HIGH
TXN100282,CMP-1282,ACC00073,3318.23,2025-01-17T21:00:00,21,4,Wallet,ACC00234,ACC00073,ATM-JAI-045,921.92,2,3778.87,69,8.6,68,7,ATM-PAT-006,25.713779,85.034042,20,48.94,True,MEDIUM
TXN100283,CMP-1283,ACC00072,9091.32,2025-03-30T23:00:00,23,6,RTGS,ACC00128,ACC00072,ATM-JAI-066,909.55,7,7997.25,9,4.71,69,3,ATM-MUM-009,19.0515,72.802542,14,18.99,True,MEDIUM
TXN100284,CMP-1284,ACC00014,821.71,2025-08-06T06:00:00,6,2,Wallet,ACC00393,ACC00014,ATM-DEL-094,449.63,2,2660.9,32,5.59,87,8,ATM-LUC-005,26.67411,81.115368,14,3.46,True,LOW
TXN100285,CMP-1285,ACC00060,1275.98,2025-07-25T13:00:00,13,4,NEFT,ACC00106,ACC00060,ATM-PAT-076,1587.94,2,3080.2,98,6.41,79,7,ATM-BEN-001,13.055118,77.630117,7,28.95,True,MEDIUM
TXN100286,CMP-1286,ACC00091,6001.38,2025-02-27T11:00:00,11,3,RTGS,ACC00383,ACC00091,ATM-DEL-041,10.76,5,2781.97,60,4.87,58,7,ATM-DEL-011,28.539072,77.16089,16,46.3,True,MEDIUM
TXN100287,CMP-1287,ACC00092,1433.01,2025-01-09T20:00:00,20,3,IMPS,ACC00227,ACC00092,ATM-BEN-055,1521.64,2,2495.21,12,2.15,75,5,ATM-KAN-007,26.335357,80.217926,10,57.26,True,LOW
TXN100288,CMP-1288,ACC00006,23751.17,2025-03-30T03:00:00,3,6,RTGS,ACC00161,ACC00006,ATM-BEN-062,1537.45,1,5700.91,65,4.26,69,8,ATM-KAN-014,26.483169,80.168622,21,25.27,True,HIGH
TXN100290,CMP-1290,ACC00047,1834.27,2025-07-24T23:00:00,23,3,Wallet,ACC00383,ACC00047,ATM-MUM-021,1447.28,1,6824.2,53,4.35,67,8,ATM-PAT-008,25.523627,85.146512,16,61.98,True,LOW
TXN100291,CMP-1291,ACC00063,2475.09,2025-05-03T23:00:00,23,5,NEFT,ACC00337,ACC00063,ATM-LUC-043,417.68,2,2085.99,5,3.52,74,3,ATM-DEL-011,28.539072,77.16089,14,59.27,True,LOW
TXN100292,CMP-1292,ACC00052,5523.66,2025-08-20T00:00:00,0,2,Card,ACC00177,ACC00052,ATM-PAT-073,1463.47,5,3458.07,44,4.19,57,6,ATM-MUM-009,19.0515,72.802542,15,13.53,True,LOW
TXN100293,CMP-1293,ACC00084,313.57,2025-08-24T05:00:00,5,6,RTGS,ACC00271,ACC00084,ATM-PAT-076,872.52,3,2676.74,52,6.32,70,6,ATM-DEL-010,28.654167,77.079218,17,58.4,True,LOW
TXN100295,CMP-1295,ACC00029,17587.03,2025-05-04T14:00:00,14,6,Card,ACC00147,ACC00029,ATM-KAN-026,375.51,2,3904.39,40,3.88,46,6,ATM-DEL-000,28.568734,77.371257,14,3.42,True,HIGH
TXN100297,CMP-1297,ACC00007,2859.53,2025-05-01T10:00:00,10,3,Card,ACC00138,ACC00007,ATM-DEL-002,445.54,3,2457.67,38,6.81,56,7,ATM-LUC-005,26.67411,81.115368,14,46.42,True,LOW
TXN100299,CMP-1299,ACC00025,6093.1,2025-08-01T12:00:00,12,4,UPI,ACC00239,ACC00025,ATM-JAI-080,432.66,3,2880.47,186,5.53,68,6,ATM-KAN-014,26.483169,80.168622,22,47.08,True,MEDIUM
TXN100300,CMP-1300,ACC00059,4580.31,2025-01-08T16:00:00,16,2,IMPS,ACC00154,ACC00059,ATM-MUM-075,1188.47,2,3699.03,69,3.84,58,6,ATM-LUC-005,26.67411,81.115368,15,29.58,True,LOW
TXN100301,CMP-1301,ACC00039,25049.89,2025-08-30T03:00:00,3,5,RTGS,ACC00494,ACC00039,ATM-KAN-093,76.89,4,2780.38,91,6.8,69,4,ATM-LUC-005,26.67411,81.115368,14,52.88,True,HIGH
TXN100302,CMP-1302,ACC00090,12402.36,2025-08-18T16:00:00,16,0,UPI,ACC00451,ACC00090,ATM-LUC-040,98.41,5,8533.52,143,4.27,78,2,ATM-KAN-014,26.483169,80.168622,21,65.25,True,MEDIUM
TXN100303,CMP-1303,ACC00031,11989.35,2025-03-19T17:00:00,17,2,Wallet,ACC00175,ACC00031,ATM-KAN-029,389.68,2,2438.48,117,2.04,52,7,ATM-DEL-013,28.505783,77.214124,16,30.77,True,HIGH
TXN100304,CMP-1304,ACC00022,12094.35,2025-01-11T20:00:00,20,5,NEFT,ACC00446,ACC00022,ATM-KAN-030,399.97,1,4148.04,52,6.48,77,6,ATM-DEL-010,28.654167,77.079218,17,70.85,True,MEDIUM
TXN100305,CMP-1305,ACC00017,6079.85,2025-07-28T15:00:00,15,0,UPI,ACC00148,ACC00017,ATM-DEL-094,1749.34,3,5852.25,127,3.18,69,5,ATM-BEN-055,12.895911,77.47264,2,26.14,False,LOW
TXN100306,CMP-1306,ACC00047,779.08,2025-05-23T21:00:00,21,4,Wallet,ACC00201,ACC00047,ATM-JAI-045,936.69,2,7288.58,69,5.8,65,8,ATM-PAT-008,25.523627,85.146512,16,41.4,True,LOW
TXN100307,CMP-1307,ACC00008,21230.65,2025-07-14T09:00:00,9,0,RTGS,ACC00138,ACC00008,ATM-BEN-079,1755.41,3,3917.35,20,4.87,73,2,ATM-DEL-010,28.654167,77.079218,18,45.57,True,CRITICAL
TXN100308,CMP-1308,ACC00059,1401.28,2025-08-19T14:00:00,14,1,UPI,ACC00269,ACC00059,ATM-HYD-091,1231.16,2,3921.41,54,5.97,57,7,ATM-DEL-054,28.516267,77.056713,1,35.27,False,LOW
TXN100309,CMP-1309,ACC00087,8077.16,2025-01-31T03:00:00,3,4,NEFT,ACC00354,ACC00087,ATM-JAI-027,916.49,2,1174.57,56,4.61,70,7,ATM-PAT-006,25.713779,85.034042,19,52.04,True,LOW
TXN100310,CMP-1310,ACC00019,9087.42,2025-07-12T12:00:00,12,5,Card,ACC00240,ACC00019,ATM-KAN-059,77.02,1,4367.49,38,3.54,65,6,ATM-LUC-005,26.67411,81.115368,16,29.39,True,MEDIUM
TXN100311,CMP-1311,ACC00052,4004.87,2025-05-19T10:00:00,10,0,NEFT,ACC00431,ACC00052,ATM-BEN-062,855.08,5,3385.9,56,4.5,57,7,ATM-MUM-009,19.0515,72.802542,15,21.12,True,LOW
TXN100312,CMP-1312,ACC00053,4055.78,2025-08-25T19:00:00,19,0,UPI,ACC00243,ACC00053,ATM-MUM-021,1129.97,2,1434.27,109,5.08,81,3,ATM-KAN-012,26.434085,80.434563,16,66.3,True,LOW
TXN100313,CMP-1313,ACC00045,15564.32,2025-08-01T01:00:00,1,4,NEFT,ACC00295,ACC00045,ATM-PAT-064,484.08,2,7315.99,41,6.92,69,3,ATM-KAN-012,26.434085,80.434563,17,46.06,True,HIGH
TXN100314,CMP-1314,ACC00003,16811.48,2025-04-16T01:00:00,1,2,RTGS,ACC00298,ACC00003,ATM-MUM-021,1166.41,2,6622.43,59,6.36,76,9,ATM-DEL-004,28.650301,77.283906,10,37.52,True,HIGH
TXN100315,CMP-1315,ACC00060,1768.92,2025-06-03T05:00:00,5,1,RTGS,ACC00129,ACC00060,ATM-PAT-039,1588.39,1,2723.4,112,6.03,81,5,ATM-BEN-001,13.055118,77.630117,7,43.13,True,LOW
TXN100316,CMP-1316,ACC00030,4509.32,2025-05-31T18:00:00,18,5,Wallet,ACC00151,ACC00030,ATM-DEL-013,6.38,1,5322.86,47,3.35,63,6,ATM-DEL-011,28.539072,77.16089,16,58.17,True,LOW
TXN100318,CMP-1318,ACC00089,4146.78,2025-01-12T18:00:00,18,6,NEFT,ACC00402,ACC00089,ATM-BEN-016,1525.21,4,3369.55,35,5.81,64,5,ATM-KAN-007,26.335357,80.217926,11,63.88,True,MEDIUM
TXN100320,CMP-1320,ACC00077,18851.27,2025-01-27T20:00:00,20,0,UPI,ACC00146,ACC00077,ATM-LUC-037,103.62,5,4529.53,19,6.07,62,5,ATM-KAN-007,26.335357,80.217926,12,64.99,True,HIGH
TXN100322,CMP-1322,ACC00018,703.43,2025-02-05T02:00:00,2,2,RTGS,ACC00265,ACC00018,ATM-KAN-077,355.77,5,2399.41,30,4.33,75,6,ATM-DEL-000,28.568734,77.371257,13,60.59,True,LOW
TXN100323,CMP-1323,ACC00084,1471.83,2025-03-23T03:00:00,3,6,NEFT,ACC00137,ACC00084,ATM-KAN-051,408.44,2,3242.73,48,3.49,70,5,ATM-DEL-010,28.654167,77.079218,16,25.98,True,LOW
TXN100324,CMP-1324,ACC00020,2915.36,2025-08-06T08:00:00,8,2,NEFT,ACC00265,ACC00020,ATM-BEN-020,1541.17,4,3241.25,71,2.92,61,3,ATM-KAN-014,26.483169,80.168622,21,49.42,True,LOW
TXN100325,CMP-1325,ACC00090,1904.06,2025-04-26T23:00:00,23,5,Card,ACC00432,ACC00090,ATM-MUM-060,1092.56,5,7420.03,163,3.48,78,2,ATM-KAN-014,26.483169,80.168622,21,60.14,True,LOW
TXN100326,CMP-1326,ACC00022,88984.45,2025-06-07T03:00:00,3,5,UPI,ACC00440,ACC00022,ATM-MUM-042,5.01,2,3733.96,41,5.52,78,7,ATM-MUM-009,19.0515,72.802542,16,4.83,True,MEDIUM
TXN100327,CMP-1327,ACC00089,3051.58,2025-02-13T05:00:00,5,3,RTGS,ACC00473,ACC00089,ATM-DEL-053,14.48,4,2917.64,36,3.13,62,4,ATM-DEL-011,28.539072,77.16089,15,62.11,True,MEDIUM
TXN100328,CMP-1328,ACC00078,5082.43,2025-08-03T17:00:00,17,6,NEFT,ACC00193,ACC00078,ATM-MUM-099,1107.67,0,5388.28,98,6.13,67,2,ATM-KAN-012,26.434085,80.434563,16,65.29,True,LOW
TXN100329,CMP-1329,ACC00009,5930.8,2025-06-26T05:00:00,5,3,Card,ACC00172,ACC00009,ATM-PAT-028,856.6,1,5171.15,9,5.71,61,8,ATM-DEL-002,28.490067,77.085158,10,55.34,True,MEDIUM
TXN100330,CMP-1330,ACC00093,2768.08,2025-02-12T13:00:00,13,2,RTGS,ACC00462,ACC00093,ATM-LUC-071,406.31,2,2383.01,1,3.74,66,4,ATM-DEL-004,28.650301,77.283906,12,50.12,True,MEDIUM
TXN100331,CMP-1331,ACC00008,1550.95,2025-07-23T17:00:00,17,2,RTGS,ACC00207,ACC00008,ATM-KAN-093,76.89,3,3141.89,16,4.44,72,4,ATM-LUC-005,26.67411,81.115368,16,55.22,True,LOW
TXN100332,CMP-1332,ACC00093,2291.0,2025-07-26T11:00:00,11,5,IMPS,ACC00124,ACC00093,ATM-MUM-009,1465.15,1,2250.09,13,3.66,65,5,ATM-PAT-003,25.43501,85.269423,21,43.28,True,MEDIUM
TXN100333,CMP-1333,ACC00048,30665.22,2025-08-10T17:00:00,17,6,RTGS,ACC00293,ACC00048,ATM-MUM-042,1159.45,3,1504.69,99,5.91,68,7,ATM-DEL-000,28.568734,77.371257,15,22.54,True,CRITICAL
TXN100334,CMP-1334,ACC00004,2329.99,2025-04-02T11:00:00,11,2,Card,ACC00183,ACC00004,ATM-LUC-037,1581.93,2,2428.49,162,6.25,61,2,ATM-BEN-001,13.055118,77.630117,6,52.25,True,LOW
TXN100335,CMP-1335,ACC00048,5017.36,2025-06-26T11:00:00,11,3,RTGS,ACC00137,ACC00048,ATM-MUM-075,1138.7,2,1478.73,89,7.73,70,5,ATM-DEL-000,28.568734,77.371257,15,31.89,True,MEDIUM
TXN100336,CMP-1336,ACC00078,591.53,2025-01-25T18:00:00,18,5,Card,ACC00273,ACC00078,ATM-BEN-084,1528.5,1,4956.33,95,6.19,67,4,ATM-KAN-007,26.335357,80.217926,11,54.11,True,LOW
TXN100338,CMP-1338,ACC00092,22003.16,2025-06-07T22:00:00,22,5,IMPS,ACC00309,ACC00092,ATM-MUM-021,1129.97,1,2275.39,18,5.45,75,5,ATM-KAN-012,26.434085,80.434563,16,21.92,True,HIGH
TXN100339,CMP-1339,ACC00006,50080.64,2025-08-21T10:00:00,10,3,RTGS,ACC00252,ACC00006,ATM-KAN-096,1142.38,0,4969.8,50,4.07,67,8,ATM-MUM-009,19.0515,72.802542,15,16.08,True,MEDIUM
TXN100340,CMP-1340,ACC00054,5880.32,2025-06-03T19:00:00,19,1,Wallet,ACC00127,ACC00054,ATM-DEL-035,1159.36,2,3930.57,3,4.2,60,6,ATM-MUM-009,19.0515,72.802542,15,21.32,True,LOW
TXN100341,CMP-1341,ACC00021,1071.58,2025-01-16T00:00:00,0,3,NEFT,ACC00149,ACC00021,ATM-DEL-054,882.74,3,3096.08,13,4.25,67,7,ATM-PAT-003,25.43501,85.269423,22,71.1,True,MEDIUM
TXN100342,CMP-1342,ACC00060,13016.91,2025-03-04T07:00:00,7,1,Card,ACC00257,ACC00060,ATM-BEN-079,1606.96,2,3092.41,110,6.12,79,6,ATM-PAT-003,25.43501,85.269423,23,7.8,True,HIGH
TXN100343,CMP-1343,ACC00048,5360.97,2025-08-30T00:00:00,0,5,Wallet,ACC00194,ACC00048,ATM-DEL-086,26.04,2,1687.2,97,5.57,69,6,ATM-DEL-000,28.568734,77.371257,13,6.12,True,MEDIUM
TXN100344,CMP-1344,ACC00028,2748.73,2025-06-14T15:00:00,15,5,UPI,ACC00325,ACC00028,ATM-MUM-078,1123.8,3,4578.92,183,4.15,57,6,ATM-DEL-072,28.536443,77.042279,1,59.58,False,MEDIUM
TXN100345,CMP-1345,ACC00012,4289.39,2025-07-10T12:00:00,12,3,RTGS,ACC00485,ACC00012,ATM-PAT-028,1580.56,4,3194.9,85,5.15,78,3,ATM-BEN-001,13.055118,77.630117,7,69.49,True,LOW
TXN100346,CMP-1346,ACC00070,8212.38,2025-06-14T01:00:00,1,5,UPI,ACC00487,ACC00070,ATM-MUM-034,1156.74,2,3848.32,16,2.83,60,3,ATM-DEL-010,28.654167,77.079218,16,69.96,True,MEDIUM
TXN100347,CMP-1347,ACC00060,3847.6,2025-08-18T16:00:00,16,0,Wallet,ACC00374,ACC00060,ATM-KAN-007,1501.19,2,3054.4,114,5.5,80,6,ATM-BEN-001,13.055118,77.630117,8,42.56,True,LOW
TXN100348,CMP-1348,ACC00091,8244.94,2025-07-08T06:00:00,6,1,NEFT,ACC00140,ACC00091,ATM-DEL-011,0.0,4,3262.82,44,6.56,58,7,ATM-DEL-011,28.539072,77.16089,16,1.88,True,LOW
TXN100350,CMP-1350,ACC00010,1362.93,2025-08-07T05:00:00,5,3,IMPS,ACC00164,ACC00010,ATM-DEL-010,870.92,3,4121.27,20,7.65,64,6,ATM-PAT-008,25.523627,85.146512,17,13.36,True,LOW
TXN100351,CMP-1351,ACC00093,7856.88,2025-07-04T16:00:00,16,4,Wallet,ACC00404,ACC00093,ATM-DEL-053,863.2,1,2931.33,9,7.01,64,5,ATM-PAT-003,25.43501,85.269423,22,48.4,True,LOW
TXN100352,CMP-1352,ACC00041,2933.05,2025-04-15T07:00:00,7,1,IMPS,ACC00384,ACC00041,ATM-LUC-040,104.85,3,1927.97,26,3.61,66,7,ATM-KAN-007,26.335357,80.217926,11,30.09,True,LOW
TXN100353,CMP-1353,ACC00066,5939.22,2025-01-06T13:00:00,13,0,UPI,ACC00458,ACC00066,ATM-LUC-043,442.52,1,3983.94,38,4.76,61,4,ATM-PAT-008,25.523627,85.146512,15,8.41,True,MEDIUM
TXN100354,CMP-1354,ACC00074,3142.87,2025-02-27T00:00:00,0,3,RTGS,ACC00175,ACC00074,ATM-LUC-025,412.07,1,4887.02,68,5.62,50,8,ATM-DEL-004,28.650301,77.283906,10,8.36,True,LOW
TXN100356,CMP-1356,ACC00004,46975.56,2025-04-29T19:00:00,19,1,RTGS,ACC00392,ACC00004,ATM-MUM-048,844.79,2,2443.36,160,5.85,63,3,ATM-BEN-061,12.906081,77.454219,2,61.01,False,HIGH
TXN100357,CMP-1357,ACC00042,2113.95,2025-05-17T11:00:00,11,5,Wallet,ACC00119,ACC00042,ATM-BEN-020,1759.76,1,4738.32,42,3.46,79,3,ATM-DEL-010,28.654167,77.079218,16,55.02,True,LOW
TXN100360,CMP-1360,ACC00041,10694.65,2025-03-12T09:00:00,9,2,NEFT,ACC00480,ACC00041,ATM-MUM-009,1465.15,3,1757.1,17,7.06,66,7,ATM-PAT-003,25.43501,85.269423,23,18.07,True,CRITICAL
TXN100361,CMP-1361,ACC00052,1696.33,2025-06-04T21:00:00,21,2,RTGS,ACC00196,ACC00052,ATM-BEN-055,847.01,5,2782.42,67,5.21,59,8,ATM-MUM-009,19.0515,72.802542,15,0.97,True,MEDIUM
TXN100362,CMP-1362,ACC00008,4078.99,2025-03-30T22:00:00,22,6,UPI,ACC00363,ACC00008,ATM-MUM-034,1156.74,3,4001.14,2,3.16,72,4,ATM-DEL-010,28.654167,77.079218,17,35.16,True,LOW
TXN100364,CMP-1364,ACC00006,9543.49,2025-09-03T10:00:00,10,2,UPI,ACC00227,ACC00006,ATM-KAN-018,369.33,0,4331.68,60,3.76,68,9,ATM-DEL-000,28.568734,77.371257,15,10.84,True,LOW
TXN100365,CMP-1365,ACC00081,5357.13,2025-06-25T02:00:00,2,2,IMPS,ACC00337,ACC00081,ATM-PAT-031,856.6,4,4547.73,28,3.43,73,7,ATM-DEL-010,28.654167,77.079218,16,14.03,True,LOW
TXN100366,CMP-1366,ACC00022,1945.67,2025-08-30T20:00:00,20,5,UPI,ACC00350,ACC00022,ATM-HYD-052,1244.04,1,3422.52,44,4.73,77,6,ATM-DEL-010,28.654167,77.079218,17,20.61,True,LOW
TXN100367,CMP-1367,ACC00033,2596.89,2025-03-08T21:00:00,21,5,Card,ACC00276,ACC00033,ATM-PAT-076,853.88,1,5251.49,17,6.21,59,3,ATM-DEL-004,28.650301,77.283906,12,57.05,True,LOW
TXN100368,CMP-1368,ACC00073,57829.14,2025-02-03T16:00:00,16,0,Card,ACC00297,ACC00073,ATM-JAI-024,942.4,3,3103.84,60,6.84,66,6,ATM-PAT-006,25.713779,85.034042,20,42.65,True,HIGH
TXN100369,CMP-1369,ACC00083,341.13,2025-09-17T02:00:00,2,2,RTGS,ACC00446,ACC00083,ATM-MUM-022,828.71,3,2456.52,1,2.84,62,5,ATM-BEN-001,13.055118,77.630117,6,48.4,True,LOW
TXN100371,CMP-1371,ACC00039,3586.63,2025-07-20T00:00:00,0,6,Wallet,ACC00411,ACC00039,ATM-HYD-044,1052.98,4,2661.39,94,2.13,69,3,ATM-LUC-005,26.67411,81.115368,15,11.37,True,LOW
TXN100372,CMP-1372,ACC00027,1969.85,2025-05-24T09:00:00,9,5,IMPS,ACC00278,ACC00027,ATM-BEN-084,1616.44,3,3981.97,37,4.27,65,3,ATM-PAT-003,25.43501,85.269423,23,33.29,True,MEDIUM
TXN100373,CMP-1373,ACC00065,17402.44,2025-08-15T17:00:00,17,4,NEFT,ACC00399,ACC00065,ATM-LUC-005,454.35,3,12645.23,9,3.24,57,5,ATM-DEL-010,28.654167,77.079218,18,62.33,True,HIGH
TXN100374,CMP-1374,ACC00061,10302.84,2025-07-16T00:00:00,0,2,UPI,ACC00252,ACC00061,ATM-MUM-078,20.23,1,1251.22,23,6.25,61,6,ATM-MUM-009,19.0515,72.802542,16,69.04,True,HIGH
TXN100375,CMP-1375,ACC00091,3368.58,2025-02-02T17:00:00,17,6,UPI,ACC00241,ACC00091,ATM-MUM-049,1161.74,4,2735.09,34,4.58,58,6,ATM-DEL-011,28.539072,77.16089,14,44.71,True,MEDIUM
TXN100376,CMP-1376,ACC00007,5568.14,2025-05-31T02:00:00,2,5,RTGS,ACC00364,ACC00007,ATM-DEL-094,425.77,3,2791.67,35,4.8,56,7,ATM-LUC-025,27.01575,81.045248,2,26.44,False,LOW
TXN100377,CMP-1377,ACC00003,1775.08,2025-08-03T18:00:00,18,6,NEFT,ACC00448,ACC00003,ATM-PAT-064,857.03,3,6029.11,55,3.7,77,8,ATM-DEL-004,28.650301,77.283906,11,71.19,True,LOW
TXN100378,CMP-1378,ACC00004,5967.81,2025-06-28T05:00:00,5,5,Wallet,ACC00307,ACC00004,ATM-DEL-011,1722.42,3,2923.07,169,4.99,61,3,ATM-BEN-001,13.055118,77.630117,7,52.62,True,LOW
TXN100379,CMP-1379,ACC00087,10147.01,2025-01-09T17:00:00,17,3,Card,ACC00471,ACC00087,ATM-PAT-031,826.58,2,1334.04,64,2.71,70,7,ATM-DEL-000,28.568734,77.371257,13,33.93,True,HIGH
TXN100380,CMP-1380,ACC00021,23226.85,2025-03-11T17:00:00,17,1,UPI,ACC00359,ACC00021,ATM-BEN-055,1615.82,4,3350.38,30,4.92,67,7,ATM-PAT-003,25.43501,85.269423,23,15.89,True,HIGH
TXN100381,CMP-1381,ACC00094,3022.49,2025-04-29T06:00:00,6,1,UPI,ACC00149,ACC00094,ATM-DEL-086,5.03,3,3393.85,98,5.29,76,7,ATM-DEL-010,28.654167,77.079218,16,39.95,True,LOW
TXN100382,CMP-1382,ACC00045,3980.34,2025-08-11T13:00:00,13,0,UPI,ACC00435,ACC00045,ATM-LUC-025,88.67,3,5943.35,52,3.38,69,3,ATM-KAN-012,26.434085,80.434563,18,23.64,True,LOW
TXN100383,CMP-1383,ACC00037,616.09,2025-04-06T04:00:00,4,6,Wallet,ACC00290,ACC00037,ATM-DEL-070,887.99,4,4916.85,27,2.64,52,4,ATM-PAT-003,25.43501,85.269423,22,61.16,True,LOW
TXN100384,CMP-1384,ACC00079,9814.22,2025-03-30T17:00:00,17,6,RTGS,ACC00424,ACC00079,ATM-BEN-020,1617.47,3,2395.97,30,4.06,66,5,ATM-PAT-008,25.523627,85.146512,16,2.34,True,LOW
TXN100385,CMP-1385,ACC00038,9415.61,2025-05-29T13:00:00,13,3,IMPS,ACC00448,ACC00038,ATM-BEN-074,1752.34,1,4273.94,28,4.31,74,4,ATM-DEL-000,28.568734,77.371257,14,28.71,True,MEDIUM
TXN100386,CMP-1386,ACC00072,19695.14,2025-08-17T16:00:00,16,6,RTGS,ACC00275,ACC00072,ATM-DEL-092,379.73,6,7428.56,1,2.68,68,3,ATM-KAN-007,26.335357,80.217926,12,30.51,True,HIGH
TXN100387,CMP-1387,ACC00010,2924.72,2025-06-07T06:00:00,6,5,Card,ACC00466,ACC00010,ATM-JAI-058,457.8,4,4093.04,37,3.71,66,6,ATM-KAN-007,26.335357,80.217926,12,7.16,True,LOW
TXN100388,CMP-1388,ACC00026,5797.3,2025-08-22T17:00:00,17,4,NEFT,ACC00102,ACC00026,ATM-DEL-053,11.96,2,5987.09,17,2.73,66,9,ATM-DEL-013,28.505783,77.214124,15,25.19,True,MEDIUM
TXN100389,CMP-1389,ACC00099,12506.38,2025-05-04T01:00:00,1,6,NEFT,ACC00350,ACC00099,ATM-MUM-048,1104.42,3,5831.77,198,3.81,70,4,ATM-KAN-007,26.335357,80.217926,11,14.68,True,CRITICAL
TXN100390,CMP-1390,ACC00061,50974.42,2025-09-15T05:00:00,5,0,NEFT,ACC00306,ACC00061,ATM-JAI-038,931.06,2,1251.31,28,2.19,61,5,ATM-MUM-009,19.0515,72.802542,16,28.55,True,HIGH
TXN100391,CMP-1391,ACC00001,2349.79,2025-06-17T13:00:00,13,1,IMPS,ACC00474,ACC00001,ATM-KAN-007,515.13,4,2537.58,162,6.88,77,5,ATM-PAT-003,25.43501,85.269423,22,29.26,True,MEDIUM
TXN100392,CMP-1392,ACC00093,1406.9,2025-07-08T14:00:00,14,1,UPI,ACC00446,ACC00093,ATM-PAT-064,13.01,1,2465.64,1,1.48,66,4,ATM-PAT-003,25.43501,85.269423,22,9.07,True,LOW
TXN100393,CMP-1393,ACC00075,16901.38,2025-09-13T12:00:00,12,5,NEFT,ACC00152,ACC00075,ATM-MUM-089,1459.79,1,4706.03,81,7.28,50,6,ATM-PAT-003,25.43501,85.269423,21,10.74,True,HIGH
TXN100394,CMP-1394,ACC00066,6844.15,2025-09-04T08:00:00,8,3,RTGS,ACC00248,ACC00066,ATM-KAN-098,65.63,1,3297.17,38,2.05,59,3,ATM-LUC-005,26.67411,81.115368,15,32.51,True,MEDIUM
TXN100396,CMP-1396,ACC00093,4399.24,2025-05-10T05:00:00,5,5,IMPS,ACC00109,ACC00093,ATM-PAT-006,1606.53,2,2794.55,3,3.39,65,6,ATM-BEN-001,13.055118,77.630117,6,60.69,True,LOW
TXN100397,CMP-1397,ACC00015,8112.66,2025-03-20T18:00:00,18,3,Wallet,ACC00401,ACC00015,ATM-KAN-026,384.42,1,9512.6,22,3.1,70,8,ATM-DEL-013,28.505783,77.214124,15,28.43,True,LOW
TXN100398,CMP-1398,ACC00006,1166.39,2025-09-08T14:00:00,14,0,IMPS,ACC00494,ACC00006,ATM-KAN-026,375.51,0,5658.24,59,6.73,69,8,ATM-DEL-000,28.568734,77.371257,13,6.05,True,LOW
TXN100399,CMP-1399,ACC00006,4612.99,2025-04-30T13:00:00,13,2,RTGS,ACC00434,ACC00006,ATM-BEN-079,1609.11,1,5669.91,49,3.82,67,7,ATM-PAT-008,25.523627,85.146512,16,33.26,True,MEDIUM
TXN100400,CMP-1400,ACC00060,360.24,2025-08-22T16:00:00,16,4,IMPS,ACC00163,ACC00060,ATM-BEN-088,1597.51,1,2818.08,123,4.42,80,6,ATM-PAT-003,25.43501,85.269423,23,26.28,True,MEDIUM
TXN100401,CMP-1401,ACC00012,4758.19,2025-06-21T02:00:00,2,5,IMPS,ACC00254,ACC00012,ATM-DEL-010,1735.47,4,3147.0,59,5.08,78,2,ATM-BEN-001,13.055118,77.630117,6,64.62,True,MEDIUM
TXN100402,CMP-1402,ACC00013,933.87,2025-04-16T22:00:00,22,2,UPI,ACC00314,ACC00013,ATM-KAN-095,36.47,2,3388.79,59,5.69,69,6,ATM-KAN-014,26.483169,80.168622,21,26.63,True,LOW
TXN100403,CMP-1403,ACC00063,2817.99,2025-04-30T22:00:00,22,2,Wallet,ACC00158,ACC00063,ATM-MUM-083,1149.67,2,2472.46,1,5.51,72,3,ATM-DEL-011,28.539072,77.16089,14,53.01,True,LOW
TXN100404,CMP-1404,ACC00037,8854.27,2025-01-04T00:00:00,0,5,UPI,ACC00283,ACC00037,ATM-KAN-095,489.29,4,4722.11,32,2.41,53,5,ATM-PAT-003,25.43501,85.269423,21,4.86,True,MEDIUM
TXN100406,CMP-1406,ACC00085,7695.74,2025-09-09T09:00:00,9,1,Card,ACC00156,ACC00085,ATM-KAN-018,519.03,3,2083.98,6,4.49,56,9,ATM-PAT-003,25.43501,85.269423,21,6.46,True,MEDIUM
TXN100407,CMP-1407,ACC00032,25196.37,2025-03-22T05:00:00,5,5,IMPS,ACC00470,ACC00032,ATM-BEN-055,1536.79,5,2481.62,23,5.41,49,2,ATM-KAN-012,26.434085,80.434563,18,33.48,True,HIGH
TXN100408,CMP-1408,ACC00022,6881.66,2025-09-07T18:00:00,18,6,Card,ACC00337,ACC00022,ATM-BEN-001,1606.53,2,4468.52,54,4.81,77,6,ATM-PAT-006,25.713779,85.034042,18,6.09,True,MEDIUM
TXN100409,CMP-1409,ACC00012,13148.14,2025-08-06T18:00:00,18,2,UPI,ACC00318,ACC00012,ATM-HYD-091,509.69,3,2936.27,71,5.37,76,2,ATM-BEN-001,13.055118,77.630117,8,4.77,True,MEDIUM
TXN100410,CMP-1410,ACC00042,2867.1,2025-07-29T01:00:00,1,1,RTGS,ACC00439,ACC00042,ATM-BEN-015,1740.0,1,4265.3,36,6.81,78,4,ATM-DEL-010,28.654167,77.079218,18,0.53,True,MEDIUM
TXN100411,CMP-1411,ACC00043,1940.72,2025-05-14T19:00:00,19,2,Card,ACC00475,ACC00043,ATM-PAT-064,857.03,3,8177.4,95,3.54,66,3,ATM-DEL-004,28.650301,77.283906,12,47.25,True,LOW
TXN100412,CMP-1412,ACC00088,4876.0,2025-04-15T21:00:00,21,1,Card,ACC00239,ACC00088,ATM-DEL-013,382.26,2,15777.44,131,3.87,75,7,ATM-KAN-007,26.335357,80.217926,11,23.05,True,MEDIUM
TXN100413,CMP-1413,ACC00092,2199.13,2025-05-14T11:00:00,11,2,RTGS,ACC00157,ACC00092,ATM-PAT-031,438.37,1,2496.46,19,6.65,74,4,ATM-LUC-071,26.845709,80.874516,2,42.37,False,LOW
TXN100414,CMP-1414,ACC00072,753.58,2025-01-09T01:00:00,1,3,Card,ACC00402,ACC00072,ATM-BEN-017,37.98,6,7448.46,1,4.31,68,2,ATM-BEN-084,12.806279,77.627321,2,46.11,False,LOW
TXN100415,CMP-1415,ACC00003,19325.04,2025-06-11T23:00:00,23,2,Card,ACC00498,ACC00003,ATM-BEN-074,1761.51,3,6505.2,43,0.91,77,8,ATM-DEL-004,28.650301,77.283906,12,48.64,True,MEDIUM
TXN100417,CMP-1417,ACC00086,7986.95,2025-03-01T22:00:00,22,5,Wallet,ACC00106,ACC00086,ATM-MUM-022,1137.44,6,2384.83,79,3.94,57,3,ATM-DEL-002,28.490067,77.085158,9,52.39,True,LOW
TXN100419,CMP-1419,ACC00061,4024.06,2025-04-22T07:00:00,7,1,Wallet,ACC00438,ACC00061,ATM-BEN-055,847.01,1,1355.18,38,3.51,60,5,ATM-MUM-009,19.0515,72.802542,14,18.09,True,LOW
TXN100420,CMP-1420,ACC00020,3471.86,2025-04-22T21:00:00,21,1,IMPS,ACC00105,ACC00020,ATM-BEN-061,1536.04,4,3520.35,63,5.19,61,4,ATM-KAN-014,26.483169,80.168622,20,59.98,True,MEDIUM
TXN100421,CMP-1421,ACC00041,5562.3,2025-07-18T19:00:00,19,4,UPI,ACC00138,ACC00041,ATM-BEN-085,1605.07,2,2123.11,24,3.74,65,6,ATM-PAT-003,25.43501,85.269423,23,11.79,True,MEDIUM
TXN100422,CMP-1422,ACC00051,11166.92,2025-02-23T06:00:00,6,6,NEFT,ACC00381,ACC00051,ATM-DEL-094,25.68,2,1703.37,27,7.65,59,4,ATM-DEL-000,28.568734,77.371257,14,11.61,True,MEDIUM
TXN100423,CMP-1423,ACC00063,1046.98,2025-01-09T15:00:00,15,3,Card,ACC00393,ACC00063,ATM-KAN-026,390.79,3,2487.42,18,5.84,73,3,ATM-DEL-011,28.539072,77.16089,16,50.95,True,LOW
TXN100424,CMP-1424,ACC00004,2396.46,2025-08-17T11:00:00,11,6,IMPS,ACC00152,ACC00004,ATM-KAN-014,1516.43,3,2890.06,178,5.62,61,3,ATM-BEN-001,13.055118,77.630117,8,48.91,True,MEDIUM
TXN100425,CMP-1425,ACC00083,2527.69,2025-08-03T12:00:00,12,6,Wallet,ACC00360,ACC00083,ATM-KAN-023,1508.61,2,3064.09,9,5.27,60,4,ATM-BEN-001,13.055118,77.630117,8,48.47,True,LOW
TXN100426,CMP-1426,ACC00042,14021.21,2025-03-17T22:00:00,22,0,Wallet,ACC00214,ACC00042,ATM-KAN-098,409.48,0,5549.16,28,4.61,80,4,ATM-DEL-010,28.654167,77.079218,18,56.71,True,MEDIUM
TXN100427,CMP-1427,ACC00091,4060.72,2025-05-19T14:00:00,14,0,Wallet,ACC00466,ACC00091,ATM-DEL-010,15.08,4,3081.45,43,2.92,59,7,ATM-DEL-011,28.539072,77.16089,16,69.99,True,LOW
TXN100428,CMP-1428,ACC00081,14683.5,2025-07-08T04:00:00,4,1,Wallet,ACC00101,ACC00081,ATM-HYD-091,1246.06,5,3937.86,45,7.91,74,9,ATM-DEL-010,28.654167,77.079218,18,62.74,True,HIGH
TXN100429,CMP-1429,ACC00021,16608.82,2025-01-14T04:00:00,4,1,NEFT,ACC00459,ACC00021,ATM-KAN-077,458.97,4,3224.49,18,5.14,66,7,ATM-JAI-038,27.010057,75.633956,3,5.97,False,MEDIUM
TXN100430,CMP-1430,ACC00015,9416.51,2025-06-16T09:00:00,9,0,RTGS,ACC00412,ACC00015,ATM-DEL-086,1167.85,2,7790.03,18,5.48,69,8,ATM-MUM-049,18.905151,72.736541,3,37.64,False,MEDIUM
TXN100431,CMP-1431,ACC00013,1921.13,2025-08-21T19:00:00,19,3,UPI,ACC00197,ACC00013,ATM-BEN-074,1545.4,2,3663.37,35,4.7,70,5,ATM-KAN-014,26.483169,80.168622,20,9.45,True,LOW
TXN100433,CMP-1433,ACC00006,1189.18,2025-05-22T03:00:00,3,3,NEFT,ACC00102,ACC00006,ATM-BEN-074,1749.36,0,4840.95,46,6.52,67,7,ATM-DEL-011,28.539072,77.16089,15,31.55,True,LOW
TXN100434,CMP-1434,ACC00022,5690.67,2025-07-15T00:00:00,0,1,RTGS,ACC00360,ACC00022,ATM-BEN-050,1763.55,2,3683.5,34,6.33,78,7,ATM-DEL-010,28.654167,77.079218,17,56.04,True,LOW
TXN100435,CMP-1435,ACC00076,417.91,2025-03-11T15:00:00,15,1,NEFT,ACC00153,ACC00076,ATM-BEN-055,1581.06,1,5196.16,55,3.11,67,5,ATM-JAI-038,27.010057,75.633956,3,43.51,False,LOW
TXN100437,CMP-1437,ACC00017,1304.61,2025-07-22T17:00:00,17,1,Wallet,ACC00250,ACC00017,ATM-KAN-030,388.56,4,5955.11,141,3.37,71,5,ATM-DEL-002,28.490067,77.085158,10,22.35,True,LOW
TXN100438,CMP-1438,ACC00040,3634.1,2025-02-16T02:00:00,2,6,UPI,ACC00459,ACC00040,ATM-DEL-033,10.4,5,2531.94,12,6.1,67,9,ATM-DEL-013,28.505783,77.214124,16,60.32,True,LOW
TXN100439,CMP-1439,ACC00091,3922.89,2025-02-02T20:00:00,20,6,IMPS,ACC00202,ACC00091,ATM-JAI-038,939.53,4,3619.27,38,6.74,58,8,ATM-MUM-021,18.90838,73.025055,1,63.0,False,LOW
TXN100440,CMP-1440,ACC00022,9956.66,2025-01-14T03:00:00,3,1,Card,ACC00463,ACC00022,ATM-BEN-067,1723.34,2,4373.61,39,3.57,78,6,ATM-DEL-094,28.624574,77.116067,6,36.05,False,LOW
TXN100441,CMP-1441,ACC00061,11060.22,2025-02-10T02:00:00,2,0,NEFT,ACC00489,ACC00061,ATM-LUC-046,1210.89,2,1364.06,39,4.05,61,5,ATM-MUM-009,19.0515,72.802542,16,53.95,True,CRITICAL
TXN100442,CMP-1442,ACC00066,4019.08,2025-04-24T13:00:00,13,3,UPI,ACC00316,ACC00066,ATM-BEN-001,1557.33,1,3423.23,40,6.21,59,3,ATM-LUC-005,26.67411,81.115368,16,25.99,True,LOW
TXN100443,CMP-1443,ACC00034,3168.24,2025-05-12T09:00:00,9,0,Card,ACC00443,ACC00034,ATM-MUM-060,1107.1,1,2804.56,49,5.09,44,8,ATM-KAN-012,26.434085,80.434563,16,37.4,True,LOW
TXN100444,CMP-1444,ACC00088,5215.09,2025-07-27T14:00:00,14,6,UPI,ACC00174,ACC00088,ATM-HYD-044,996.01,1,15509.24,135,5.52,75,6,ATM-KAN-007,26.335357,80.217926,10,46.46,True,HIGH
TXN100445,CMP-1445,ACC00013,377.62,2025-07-03T12:00:00,12,3,NEFT,ACC00283,ACC00013,ATM-KAN-087,5.05,2,3361.96,46,4.89,68,6,ATM-KAN-014,26.483169,80.168622,20,8.37,True,MEDIUM
TXN100446,CMP-1446,ACC00089,7805.62,2025-03-22T11:00:00,11,5,RTGS,ACC00221,ACC00089,ATM-LUC-005,96.92,3,3222.05,28,1.04,64,4,ATM-KAN-007,26.335357,80.217926,12,20.22,True,LOW
TXN100448,CMP-1448,ACC00079,3921.92,2025-08-01T12:00:00,12,4,IMPS,ACC00480,ACC00079,ATM-KAN-096,397.73,2,2264.93,24,4.09,65,6,ATM-DEL-010,28.654167,77.079218,17,35.39,True,LOW
TXN100449,CMP-1449,ACC00094,5063.23,2025-09-01T20:00:00,20,0,RTGS,ACC00486,ACC00094,ATM-KAN-018,397.34,2,3814.67,113,9.23,76,6,ATM-DEL-010,28.654167,77.079218,18,66.28,True,LOW
TXN100451,CMP-1451,ACC00035,14912.75,2025-04-18T22:00:00,22,4,IMPS,ACC00293,ACC00035,ATM-KAN-095,75.91,4,3317.44,85,3.48,58,8,ATM-LUC-005,26.67411,81.115368,15,8.17,True,HIGH
TXN100452,CMP-1452,ACC00090,2342.59,2025-06-07T05:00:00,5,5,UPI,ACC00102,ACC00090,ATM-PAT-003,874.16,4,8022.31,184,4.7,76,4,ATM-DEL-011,28.539072,77.16089,16,25.35,True,LOW
TXN100453,CMP-1453,ACC00080,5891.22,2025-03-28T16:00:00,16,4,UPI,ACC00405,ACC00080,ATM-BEN-085,1736.34,2,1333.29,24,2.79,65,4,ATM-DEL-004,28.650301,77.283906,12,69.75,True,LOW
TXN100454,CMP-1454,ACC00040,6569.7,2025-07-24T17:00:00,17,3,UPI,ACC00137,ACC00040,ATM-HYD-091,1228.02,4,2697.67,19,4.64,65,9,ATM-DEL-013,28.505783,77.214124,16,9.3,True,LOW
TXN100455,CMP-1455,ACC00069,4769.43,2025-07-24T14:00:00,14,3,NEFT,ACC00358,ACC00069,ATM-KAN-030,8.86,4,1687.31,78,4.08,70,3,ATM-KAN-007,26.335357,80.217926,10,58.79,True,LOW
TXN100456,CMP-1456,ACC00042,7532.54,2025-09-12T02:00:00,2,4,UPI,ACC00209,ACC00042,ATM-DEL-054,15.49,1,4648.71,40,4.59,79,3,ATM-DEL-010,28.654167,77.079218,17,23.71,True,LOW
TXN100457,CMP-1457,ACC00083,1117.18,2025-05-25T04:00:00,4,6,Card,ACC00387,ACC00083,ATM-DEL-013,1718.58,2,2637.79,1,5.36,61,3,ATM-BEN-001,13.055118,77.630117,6,14.98,True,LOW
TXN100458,CMP-1458,ACC00079,7552.65,2025-05-16T01:00:00,1,4,NEFT,ACC00428,ACC00079,ATM-BEN-084,1618.58,3,1999.21,18,6.17,64,7,ATM-PAT-008,25.523627,85.146512,15,60.11,True,MEDIUM
TXN100461,CMP-1461,ACC00083,5575.2,2025-06-30T10:00:00,10,0,Wallet,ACC00122,ACC00083,ATM-BEN-062,21.26,3,2557.74,10,5.9,61,4,ATM-BEN-001,13.055118,77.630117,7,14.09,True,LOW
TXN100463,CMP-1463,ACC00099,11565.14,2025-04-28T16:00:00,16,0,RTGS,ACC00207,ACC00099,ATM-KAN-087,362.47,2,5778.21,205,5.52,69,5,ATM-DEL-000,28.568734,77.371257,14,42.85,True,CRITICAL
TXN100464,CMP-1464,ACC00094,52620.76,2025-03-06T00:00:00,0,3,NEFT,ACC00375,ACC00094,ATM-MUM-034,1156.74,3,3441.43,88,6.7,75,5,ATM-DEL-010,28.654167,77.079218,16,68.57,True,MEDIUM
TXN100465,CMP-1465,ACC00042,1003.28,2025-02-25T22:00:00,22,1,Card,ACC00112,ACC00042,ATM-MUM-022,1154.08,1,4624.38,21,4.05,80,5,ATM-DEL-010,28.654167,77.079218,16,26.87,True,MEDIUM
TXN100466,CMP-1466,ACC00073,9733.61,2025-01-14T15:00:00,15,1,IMPS,ACC00228,ACC00073,ATM-LUC-082,410.65,2,2972.93,74,2.41,66,6,ATM-PAT-006,25.713779,85.034042,20,42.59,True,LOW
TXN100467,CMP-1467,ACC00055,10879.4,2025-05-21T22:00:00,22,2,RTGS,ACC00330,ACC00055,ATM-HYD-091,1124.53,5,4179.48,9,4.8,70,9,ATM-PAT-006,25.713779,85.034042,20,65.82,True,MEDIUM
TXN100468,CMP-1468,ACC00092,10005.87,2025-06-10T17:00:00,17,1,Wallet,ACC00373,ACC00092,ATM-BEN-016,1745.64,1,2075.1,1,5.12,74,4,ATM-DEL-013,28.505783,77.214124,15,7.3,True,MEDIUM
TXN100470,CMP-1470,ACC00056,6548.41,2025-01-22T19:00:00,19,2,Wallet,ACC00244,ACC00056,ATM-KAN-087,18.55,4,3830.21,33,7.21,61,6,ATM-KAN-007,26.335357,80.217926,11,15.51,True,LOW
TXN100471,CMP-1471,ACC00095,42696.64,2025-05-14T10:00:00,10,2,NEFT,ACC00373,ACC00095,ATM-DEL-011,374.47,4,8058.54,33,5.72,62,6,ATM-KAN-014,26.483169,80.168622,20,44.47,True,HIGH
TXN100472,CMP-1472,ACC00093,15763.12,2025-07-02T04:00:00,4,2,Card,ACC00252,ACC00093,ATM-DEL-054,882.74,2,2836.52,3,1.97,66,5,ATM-PAT-003,25.43501,85.269423,23,12.51,True,HIGH
TXN100473,CMP-1473,ACC00073,4529.92,2025-01-14T21:00:00,21,1,UPI,ACC00163,ACC00073,ATM-DEL-065,846.35,3,3223.15,55,6.04,66,8,ATM-PAT-006,25.713779,85.034042,18,46.58,True,LOW
TXN100474,CMP-1474,ACC00094,3748.31,2025-01-05T01:00:00,1,6,Card,ACC00256,ACC00094,ATM-KAN-095,424.86,3,3709.34,100,4.45,75,7,ATM-DEL-010,28.654167,77.079218,18,10.19,True,MEDIUM
TXN100476,CMP-1476,ACC00085,3649.4,2025-04-07T07:00:00,7,0,NEFT,ACC00199,ACC00085,ATM-DEL-041,884.65,4,2479.54,12,5.59,55,7,ATM-PAT-003,25.43501,85.269423,22,55.02,True,MEDIUM
TXN100477,CMP-1477,ACC00037,2917.27,2025-05-09T06:00:00,6,4,UPI,ACC00430,ACC00037,ATM-DEL-053,23.1,3,4435.68,22,5.5,51,6,ATM-DEL-010,28.654167,77.079218,16,6.1,True,MEDIUM
TXN100478,CMP-1478,ACC00042,3187.62,2025-05-14T06:00:00,6,2,Wallet,ACC00471,ACC00042,ATM-LUC-071,433.36,1,4726.36,18,5.88,80,4,ATM-PAT-006,25.713779,85.034042,19,10.64,True,MEDIUM
TXN100479,CMP-1479,ACC00024,12565.69,2025-02-23T19:00:00,19,6,IMPS,ACC00417,ACC00024,ATM-DEL-072,32.33,0,4569.29,1,1.86,73,6,ATM-DEL-000,28.568734,77.371257,15,17.35,True,HIGH
TXN100480,CMP-1480,ACC00072,14753.9,2025-08-26T20:00:00,20,1,IMPS,ACC00455,ACC00072,ATM-KAN-095,1126.27,7,7902.96,16,3.34,68,3,ATM-MUM-009,19.0515,72.802542,14,27.83,True,HIGH
TXN100481,CMP-1481,ACC00028,177467.04,2025-06-15T20:00:00,20,6,RTGS,ACC00102,ACC00028,ATM-HYD-052,1011.93,2,4452.65,178,5.98,59,6,ATM-KAN-014,26.483169,80.168622,21,27.39,True,HIGH
TXN100482,CMP-1482,ACC00042,4929.31,2025-02-07T18:00:00,18,4,NEFT,ACC00168,ACC00042,ATM-DEL-072,13.58,1,4374.54,14,3.5,79,4,ATM-DEL-010,28.654167,77.079218,17,52.04,True,LOW
TXN100483,CMP-1483,ACC00070,7602.96,2025-07-24T14:00:00,14,3,Card,ACC00496,ACC00070,ATM-MUM-089,1136.0,1,3380.2,19,0.0,60,3,ATM-DEL-010,28.654167,77.079218,16,59.82,True,LOW
TXN100485,CMP-1485,ACC00080,25247.94,2025-01-03T09:00:00,9,4,IMPS,ACC00109,ACC00080,ATM-MUM-009,1133.58,2,1509.94,2,4.8,66,3,ATM-KAN-012,26.434085,80.434563,18,49.07,True,HIGH
TXN100486,CMP-1486,ACC00004,11965.49,2025-09-03T17:00:00,17,2,Card,ACC00493,ACC00004,ATM-MUM-042,838.25,2,2242.97,159,4.2,61,2,ATM-BEN-001,13.055118,77.630117,8,13.14,True,HIGH
TXN100487,CMP-1487,ACC00046,38429.35,2025-04-27T19:00:00,19,6,NEFT,ACC00434,ACC00046,ATM-BEN-016,1532.51,4,2907.27,49,5.86,64,6,ATM-KAN-023,26.382116,80.339124,1,54.62,False,MEDIUM
TXN100488,CMP-1488,ACC00065,2858.28,2025-03-08T17:00:00,17,5,Wallet,ACC00168,ACC00065,ATM-MUM-009,1118.9,3,14699.7,1,1.96,58,4,ATM-KAN-014,26.483169,80.168622,22,23.06,True,MEDIUM
TXN100489,CMP-1489,ACC00078,1069.8,2025-07-30T18:00:00,18,2,Wallet,ACC00439,ACC00078,ATM-BEN-050,1528.57,1,4569.84,90,3.66,68,4,ATM-KAN-007,26.335357,80.217926,10,32.26,True,MEDIUM
TXN100490,CMP-1490,ACC00072,9913.83,2025-03-12T05:00:00,5,2,IMPS,ACC00181,ACC00072,ATM-MUM-075,19.17,6,8589.73,21,3.02,68,3,ATM-MUM-009,19.0515,72.802542,16,7.21,True,LOW
TXN100491,CMP-1491,ACC00097,6898.69,2025-01-21T19:00:00,19,1,RTGS,ACC00283,ACC00097,ATM-KAN-018,519.03,2,3739.58,53,5.89,71,7,ATM-PAT-003,25.43501,85.269423,22,49.53,True,LOW
TXN100492,CMP-1492,ACC00026,2804.99,2025-07-26T21:00:00,21,5,Card,ACC00219,ACC00026,ATM-DEL-072,17.13,3,5406.42,24,3.77,64,7,ATM-DEL-013,28.505783,77.214124,16,52.47,True,LOW
TXN100494,CMP-1494,ACC00069,3849.02,2025-04-17T17:00:00,17,3,Wallet,ACC00479,ACC00069,ATM-PAT-039,493.88,4,1454.59,78,6.09,68,3,ATM-KAN-014,26.483169,80.168622,20,16.87,True,LOW
TXN100495,CMP-1495,ACC00009,5476.98,2025-04-22T17:00:00,17,1,Wallet,ACC00287,ACC00009,ATM-MUM-049,1161.74,1,4801.03,14,5.74,63,7,ATM-DEL-011,28.539072,77.16089,14,12.87,True,MEDIUM
TXN100496,CMP-1496,ACC00044,509.05,2025-07-25T07:00:00,7,4,Wallet,ACC00280,ACC00044,ATM-JAI-038,244.1,1,5227.44,51,3.8,63,6,ATM-DEL-004,28.650301,77.283906,10,69.31,True,MEDIUM
TXN100498,CMP-1498,ACC00020,1829.64,2025-01-31T05:00:00,5,4,Wallet,ACC00208,ACC00020,ATM-KAN-096,24.36,3,3576.65,76,3.31,63,3,ATM-KAN-014,26.483169,80.168622,21,5.15,True,LOW
TXN100499,CMP-1499,ACC00092,18374.49,2025-03-05T06:00:00,6,2,RTGS,ACC00312,ACC00092,ATM-HYD-052,996.73,1,2448.7,1,6.43,75,4,ATM-KAN-007,26.335357,80.217926,12,9.14,True,HIGH
TXN100500,CMP-1500,ACC00052,25537.52,2025-05-29T23:00:00,23,3,Card,ACC00402,ACC00052,ATM-PAT-073,1463.47,4,2991.41,48,4.09,59,7,ATM-MUM-009,19.0515,72.802542,14,5.05,True,HIGH
TXN100501,CMP-1501,ACC00005,25304.17,2025-08-15T16:00:00,16,4,IMPS,ACC00168,ACC00005,ATM-HYD-044,1233.25,4,5006.2,1,5.68,51,8,ATM-DEL-000,28.568734,77.371257,14,24.52,True,HIGH
TXN100503,CMP-1503,ACC00036,4691.83,2025-01-06T22:00:00,22,0,NEFT,ACC00468,ACC00036,ATM-PAT-006,833.7,3,4155.7,24,5.41,53,9,ATM-DEL-013,28.505783,77.214124,14,62.23,True,MEDIUM
TXN100504,CMP-1504,ACC00052,4970.07,2025-08-31T10:00:00,10,6,Wallet,ACC00346,ACC00052,ATM-MUM-049,17.69,4,3467.73,37,2.69,58,8,ATM-MUM-009,19.0515,72.802542,16,45.23,True,LOW
TXN100505,CMP-1505,ACC00043,16346.16,2025-01-30T18:00:00,18,3,NEFT,ACC00185,ACC00043,ATM-KAN-023,397.54,2,8820.9,110,4.27,65,3,ATM-DEL-002,28.490067,77.085158,10,11.8,True,HIGH
TXN100506,CMP-1506,ACC00016,15221.5,2025-09-05T18:00:00,18,4,Card,ACC00217,ACC00016,ATM-DEL-010,15.08,2,3938.14,231,5.76,59,4,ATM-DEL-011,28.539072,77.16089,16,13.87,True,HIGH
TXN100507,CMP-1507,ACC00022,3681.91,2025-06-25T09:00:00,9,2,UPI,ACC00176,ACC00022,ATM-KAN-030,399.97,2,3596.21,40,4.63,77,6,ATM-DEL-010,28.654167,77.079218,17,19.26,True,LOW
TXN100508,CMP-1508,ACC00015,13453.02,2025-07-05T21:00:00,21,5,NEFT,ACC00372,ACC00015,ATM-BEN-061,37.6,2,8363.6,30,4.26,69,9,ATM-BEN-017,13.139228,77.705623,3,35.22,False,CRITICAL
TXN100509,CMP-1509,ACC00055,3664.35,2025-07-15T11:00:00,11,1,UPI,ACC00496,ACC00055,ATM-HYD-091,1124.53,6,4254.0,1,5.98,68,8,ATM-PAT-006,25.713779,85.034042,20,67.95,True,LOW
TXN100511,CMP-1511,ACC00061,3434.06,2025-08-02T09:00:00,9,5,IMPS,ACC00317,ACC00061,ATM-MUM-049,17.69,1,1102.89,29,7.01,61,6,ATM-MUM-009,19.0515,72.802542,15,33.66,True,LOW
TXN100512,CMP-1512,ACC00090,1127.8,2025-04-17T15:00:00,15,3,UPI,ACC00231,ACC00090,ATM-KAN-077,14.41,4,8158.87,163,2.08,76,3,ATM-KAN-096,26.594051,80.379817,3,48.09,False,LOW
TXN100513,CMP-1513,ACC00083,7308.16,2025-07-13T20:00:00,20,6,Card,ACC00366,ACC00083,ATM-PAT-064,1583.61,2,3153.1,1,4.05,62,5,ATM-BEN-001,13.055118,77.630117,7,62.06,True,LOW
TXN100514,CMP-1514,ACC00083,2151.92,2025-04-28T12:00:00,12,0,RTGS,ACC00154,ACC00083,ATM-KAN-087,1519.35,3,3167.46,7,4.83,60,5,ATM-BEN-001,13.055118,77.630117,7,23.41,True,LOW
TXN100515,CMP-1515,ACC00035,1856.39,2025-07-09T14:00:00,14,2,NEFT,ACC00389,ACC00035,ATM-BEN-067,1604.11,4,3174.83,63,4.4,59,9,ATM-PAT-006,25.713779,85.034042,18,54.01,True,MEDIUM
TXN100516,CMP-1516,ACC00061,9316.81,2025-04-07T01:00:00,1,0,Card,ACC00382,ACC00061,ATM-PAT-028,1444.07,1,1445.69,33,2.82,60,5,ATM-MUM-009,19.0515,72.802542,16,71.16,True,LOW
TXN100518,CMP-1518,ACC00029,791.14,2025-06-14T02:00:00,2,5,IMPS,ACC00437,ACC00029,ATM-MUM-019,1143.99,1,3819.88,30,4.95,46,7,ATM-DEL-000,28.568734,77.371257,15,53.03,True,MEDIUM
TXN100519,CMP-1519,ACC00043,21422.57,2025-05-23T12:00:00,12,4,IMPS,ACC00360,ACC00043,ATM-HYD-052,1138.98,3,8675.37,98,6.68,66,3,ATM-PAT-006,25.713779,85.034042,19,24.06,True,MEDIUM
TXN100520,CMP-1520,ACC00081,10254.94,2025-07-17T00:00:00,0,3,IMPS,ACC00182,ACC00081,ATM-MUM-060,1130.41,5,3651.57,21,3.46,74,8,ATM-DEL-010,28.654167,77.079218,17,62.7,True,MEDIUM
TXN100521,CMP-1521,ACC00008,1388.43,2025-04-11T15:00:00,15,4,Card,ACC00407,ACC00008,ATM-JAI-045,240.72,3,3497.79,10,3.97,74,2,ATM-DEL-010,28.654167,77.079218,17,40.88,True,LOW
TXN100522,CMP-1522,ACC00051,1226.83,2025-02-11T06:00:00,6,1,Wallet,ACC00470,ACC00051,ATM-BEN-050,1753.31,1,1415.22,24,6.42,59,5,ATM-DEL-000,28.568734,77.371257,14,61.58,True,MEDIUM
TXN100523,CMP-1523,ACC00081,28228.32,2025-07-21T20:00:00,20,0,Wallet,ACC00496,ACC00081,ATM-KAN-098,398.96,4,4353.16,18,5.9,72,9,ATM-DEL-002,28.490067,77.085158,8,12.28,True,HIGH
TXN100524,CMP-1524,ACC00076,2027.25,2025-03-21T09:00:00,9,4,UPI,ACC00199,ACC00076,ATM-PAT-008,481.73,0,4501.52,55,4.18,67,6,ATM-KAN-012,26.434085,80.434563,16,11.41,True,MEDIUM
TXN100525,CMP-1525,ACC00030,15326.18,2025-06-03T04:00:00,4,1,RTGS,ACC00445,ACC00030,ATM-BEN-001,1516.43,0,5554.27,53,6.0,63,6,ATM-KAN-014,26.483169,80.168622,21,62.18,True,HIGH
TXN100526,CMP-1526,ACC00085,7459.24,2025-08-14T17:00:00,17,3,IMPS,ACC00499,ACC00085,ATM-KAN-095,489.29,3,2145.34,15,9.36,56,9,ATM-PAT-003,25.43501,85.269423,21,70.57,True,MEDIUM
TXN100527,CMP-1527,ACC00011,665.1,2025-06-02T03:00:00,3,0,IMPS,ACC00477,ACC00011,ATM-DEL-002,863.8,1,5080.19,35,5.93,68,4,ATM-PAT-008,25.523627,85.146512,17,52.83,True,LOW
TXN100529,CMP-1529,ACC00022,5860.33,2025-06-15T17:00:00,17,6,Wallet,ACC00394,ACC00022,ATM-KAN-098,392.92,2,4514.14,34,3.92,76,5,ATM-DEL-004,28.650301,77.283906,11,25.0,True,LOW
TXN100530,CMP-1530,ACC00014,13201.82,2025-08-03T11:00:00,11,6,NEFT,ACC00357,ACC00014,ATM-LUC-056,439.61,2,2661.14,42,6.66,89,8,ATM-PAT-008,25.523627,85.146512,16,36.29,True,MEDIUM
TXN100531,CMP-1531,ACC00048,9656.9,2025-08-03T01:00:00,1,6,RTGS,ACC00455,ACC00048,ATM-KAN-026,465.81,2,1375.27,96,5.27,68,5,ATM-PAT-006,25.713779,85.034042,19,45.15,True,MEDIUM
TXN100532,CMP-1532,ACC00075,10220.41,2025-04-30T23:00:00,23,2,RTGS,ACC00448,ACC00075,ATM-KAN-087,379.63,2,3854.47,71,1.77,50,7,ATM-DEL-002,28.490067,77.085158,9,30.63,True,HIGH
TXN100533,CMP-1533,ACC00028,3990.47,2025-07-14T03:00:00,3,0,Card,ACC00134,ACC00028,ATM-LUC-043,95.98,2,5314.55,196,3.08,57,8,ATM-KAN-014,26.483169,80.168622,20,58.96,True,LOW
TXN100534,CMP-1534,ACC00001,14444.99,2025-03-10T09:00:00,9,0,Wallet,ACC00280,ACC00001,ATM-LUC-071,465.87,5,2250.07,178,5.08,78,6,ATM-PAT-003,25.43501,85.269423,23,48.05,True,HIGH
TXN100535,CMP-1535,ACC00095,5296.44,2025-07-23T10:00:00,10,2,UPI,ACC00147,ACC00095,ATM-MUM-019,1107.59,3,7787.9,37,6.12,61,6,ATM-KAN-014,26.483169,80.168622,21,49.4,True,LOW
TXN100536,CMP-1536,ACC00027,2353.31,2025-07-11T10:00:00,10,4,RTGS,ACC00343,ACC00027,ATM-DEL-000,391.72,2,4291.99,49,3.18,64,4,ATM-KAN-069,26.400807,80.501742,2,20.81,False,LOW
TXN100537,CMP-1537,ACC00030,72722.48,2025-07-14T19:00:00,19,0,RTGS,ACC00355,ACC00030,ATM-DEL-086,16.09,1,4269.61,53,6.07,62,5,ATM-DEL-013,28.505783,77.214124,15,0.8,True,MEDIUM
TXN100538,CMP-1538,ACC00079,3549.24,2025-03-21T07:00:00,7,4,Wallet,ACC00203,ACC00079,ATM-MUM-042,1460.04,3,2223.07,38,6.05,66,5,ATM-PAT-008,25.523627,85.146512,16,6.24,True,MEDIUM
TXN100540,CMP-1540,ACC00063,715.87,2025-02-04T12:00:00,12,1,IMPS,ACC00290,ACC00063,ATM-HYD-052,1230.44,2,2052.38,10,3.62,72,4,ATM-DEL-011,28.539072,77.16089,16,31.8,True,LOW
TXN100542,CMP-1542,ACC00054,30233.35,2025-06-25T03:00:00,3,2,NEFT,ACC00127,ACC00054,ATM-LUC-071,433.36,3,4424.71,4,4.08,59,5,ATM-PAT-006,25.713779,85.034042,20,27.05,True,CRITICAL
TXN100544,CMP-1544,ACC00001,3529.32,2025-06-14T11:00:00,11,5,RTGS,ACC00261,ACC00001,ATM-MUM-083,1470.85,5,2695.43,176,6.03,78,6,ATM-PAT-003,25.43501,85.269423,22,16.22,True,LOW
TXN100545,CMP-1545,ACC00033,4950.09,2025-08-12T11:00:00,11,1,UPI,ACC00266,ACC00033,ATM-DEL-013,6.38,1,4380.36,27,2.84,60,4,ATM-DEL-011,28.539072,77.16089,15,57.32,True,MEDIUM
TXN100547,CMP-1547,ACC00047,2775.73,2025-01-29T22:00:00,22,2,Wallet,ACC00314,ACC00047,ATM-BEN-020,1759.76,2,6781.1,64,8.16,67,7,ATM-DEL-010,28.654167,77.079218,17,51.78,True,LOW
TXN100548,CMP-1548,ACC00073,5457.1,2025-06-17T23:00:00,23,1,Wallet,ACC00192,ACC00073,ATM-BEN-062,1522.22,2,3774.85,73,7.84,68,7,ATM-KAN-007,26.335357,80.217926,11,68.2,True,LOW
TXN100549,CMP-1549,ACC00048,1130.47,2025-07-14T19:00:00,19,0,RTGS,ACC00220,ACC00048,ATM-KAN-026,375.51,2,1489.15,106,4.81,70,6,ATM-DEL-000,28.568734,77.371257,14,66.52,True,LOW
TXN100550,CMP-1550,ACC00017,9908.11,2025-01-12T13:00:00,13,6,Card,ACC00190,ACC00017,ATM-MUM-049,1473.04,3,6616.68,125,4.08,70,5,ATM-PAT-006,25.713779,85.034042,19,35.66,True,LOW
TXN100551,CMP-1551,ACC00071,548.65,2025-01-16T16:00:00,16,3,RTGS,ACC00349,ACC00071,ATM-MUM-083,1158.22,1,4778.12,30,5.05,51,7,ATM-DEL-010,28.654167,77.079218,16,6.05,True,LOW
TXN100552,CMP-1552,ACC00027,7962.74,2025-06-28T21:00:00,21,5,IMPS,ACC00453,ACC00027,ATM-BEN-061,1750.77,3,3606.77,29,6.9,64,3,ATM-DEL-004,28.650301,77.283906,12,68.17,True,LOW
TXN100553,CMP-1553,ACC00033,8015.09,2025-08-18T14:00:00,14,0,IMPS,ACC00330,ACC00033,ATM-MUM-083,1165.85,1,5032.28,35,2.87,58,3,ATM-DEL-004,28.650301,77.283906,11,37.61,True,MEDIUM
TXN100554,CMP-1554,ACC00015,6085.25,2025-01-21T17:00:00,17,1,Wallet,ACC00276,ACC00015,ATM-DEL-041,16.7,1,8255.42,24,2.63,69,8,ATM-DEL-013,28.505783,77.214124,14,31.59,True,LOW
TXN100555,CMP-1555,ACC00041,5888.46,2025-07-02T01:00:00,1,2,UPI,ACC00499,ACC00041,ATM-LUC-043,457.65,2,1865.88,25,4.09,65,6,ATM-PAT-003,25.43501,85.269423,21,71.5,True,LOW
TXN100556,CMP-1556,ACC00036,12303.65,2025-06-10T05:00:00,5,1,Card,ACC00140,ACC00036,ATM-KAN-087,370.4,4,4704.96,8,5.63,54,8,ATM-DEL-013,28.505783,77.214124,14,9.24,True,CRITICAL
TXN100557,CMP-1557,ACC00073,1612.7,2025-05-11T23:00:00,23,6,IMPS,ACC00315,ACC00073,ATM-HYD-091,1124.53,2,3116.25,50,6.67,68,6,ATM-PAT-006,25.713779,85.034042,19,20.1,True,MEDIUM
TXN100558,CMP-1558,ACC00040,3716.5,2025-07-28T21:00:00,21,0,NEFT,ACC00275,ACC00040,ATM-PAT-076,854.16,4,2686.84,4,5.01,66,7,ATM-DEL-013,28.505783,77.214124,14,15.89,True,LOW
TXN100560,CMP-1560,ACC00002,3329.35,2025-09-02T18:00:00,18,1,Card,ACC00311,ACC00002,ATM-PAT-028,24.26,3,3384.49,157,5.47,48,6,ATM-PAT-003,25.43501,85.269423,23,16.45,True,LOW
TXN100561,CMP-1561,ACC00010,10969.81,2025-04-24T09:00:00,9,3,RTGS,ACC00480,ACC00010,ATM-HYD-044,1125.15,3,3680.73,34,6.95,64,5,ATM-PAT-008,25.523627,85.146512,17,22.01,True,HIGH
TXN100563,CMP-1563,ACC00019,4346.98,2025-02-13T11:00:00,11,3,RTGS,ACC00153,ACC00019,ATM-BEN-085,1564.68,0,4312.9,49,5.14,64,6,ATM-LUC-005,26.67411,81.115368,14,18.21,True,LOW
TXN100564,CMP-1564,ACC00056,8934.06,2025-05-18T23:00:00,23,6,IMPS,ACC00226,ACC00056,ATM-LUC-025,412.07,4,3937.18,52,6.83,61,7,ATM-DEL-004,28.650301,77.283906,11,23.55,True,LOW
TXN100565,CMP-1565,ACC00045,3000.13,2025-02-27T00:00:00,0,3,NEFT,ACC00114,ACC00045,ATM-DEL-094,407.88,2,5967.51,57,5.31,70,4,ATM-KAN-012,26.434085,80.434563,17,37.92,True,MEDIUM
TXN100567,CMP-1567,ACC00072,2870.57,2025-01-20T23:00:00,23,0,Card,ACC00423,ACC00072,ATM-BEN-088,839.2,6,9528.29,7,4.82,70,3,ATM-MUM-009,19.0515,72.802542,15,29.35,True,LOW
TXN100568,CMP-1568,ACC00011,1516.04,2025-08-04T16:00:00,16,0,Card,ACC00346,ACC00011,ATM-DEL-053,1157.93,1,5441.72,19,3.55,69,5,ATM-MUM-042,19.007954,72.814766,1,25.03,False,LOW
TXN100569,CMP-1569,ACC00000,1498.44,2025-05-05T18:00:00,18,0,NEFT,ACC00179,ACC00000,ATM-JAI-080,922.48,3,3444.22,65,4.17,56,5,ATM-MUM-009,19.0515,72.802542,15,62.26,True,LOW
TXN100570,CMP-1570,ACC00088,4118.27,2025-01-01T04:00:00,4,2,IMPS,ACC00340,ACC00088,ATM-KAN-093,28.71,2,15739.99,145,6.87,75,6,ATM-KAN-007,26.335357,80.217926,10,71.26,True,MEDIUM
TXN100571,CMP-1571,ACC00037,1642.58,2025-09-13T09:00:00,9,5,Wallet,ACC00492,ACC00037,ATM-KAN-051,504.63,3,4966.1,28,6.65,52,5,ATM-PAT-003,25.43501,85.269423,22,63.38,True,MEDIUM
TXN100572,CMP-1572,ACC00071,9827.17,2025-04-05T04:00:00,4,5,Card,ACC00196,ACC00071,ATM-KAN-007,402.86,1,4620.65,26,2.42,52,7,ATM-DEL-010,28.654167,77.079218,17,69.71,True,LOW
TXN100573,CMP-1573,ACC00010,5951.25,2025-09-15T15:00:00,15,0,Card,ACC00293,ACC00010,ATM-MUM-089,1119.55,4,3529.83,34,3.03,65,5,ATM-DEL-002,28.490067,77.085158,8,46.98,True,LOW
TXN100574,CMP-1574,ACC00068,5005.06,2025-07-18T22:00:00,22,4,Wallet,ACC00245,ACC00068,ATM-HYD-036,1146.07,3,1954.34,1,7.38,59,4,ATM-PAT-008,25.523627,85.146512,16,31.27,True,LOW
TXN100575,CMP-1575,ACC00014,37306.26,2025-05-03T15:00:00,15,5,Wallet,ACC00193,ACC00014,ATM-KAN-069,474.46,3,2416.81,33,4.55,89,9,ATM-PAT-008,25.523627,85.146512,17,29.34,True,HIGH
TXN100576,CMP-1576,ACC00024,3516.25,2025-06-21T02:00:00,2,5,IMPS,ACC00458,ACC00024,ATM-JAI-045,914.19,0,5521.02,1,2.67,73,5,ATM-MUM-009,19.0515,72.802542,14,7.67,True,LOW
TXN100578,CMP-1578,ACC00001,32926.27,2025-08-20T19:00:00,19,2,IMPS,ACC00219,ACC00001,ATM-PAT-064,1452.75,4,2386.88,178,8.24,78,7,ATM-MUM-009,19.0515,72.802542,14,5.34,True,HIGH
TXN100581,CMP-1581,ACC00032,4752.2,2025-08-11T03:00:00,3,0,UPI,ACC00192,ACC00032,ATM-MUM-021,1129.97,5,2834.52,19,7.9,51,3,ATM-KAN-012,26.434085,80.434563,17,47.71,True,MEDIUM
TXN100582,CMP-1582,ACC00056,22470.58,2025-04-16T21:00:00,21,2,UPI,ACC00297,ACC00056,ATM-DEL-041,1724.33,4,3600.81,50,4.23,62,6,ATM-BEN-001,13.055118,77.630117,6,10.35,True,CRITICAL
TXN100583,CMP-1583,ACC00066,2293.23,2025-05-26T08:00:00,8,0,Card,ACC00476,ACC00066,ATM-KAN-059,77.02,2,4221.29,54,5.13,60,3,ATM-LUC-005,26.67411,81.115368,16,47.62,True,MEDIUM
TXN100585,CMP-1585,ACC00038,5704.11,2025-05-30T08:00:00,8,4,Wallet,ACC00229,ACC00038,ATM-MUM-034,1146.4,0,5167.91,29,4.61,76,5,ATM-DEL-013,28.505783,77.214124,14,36.23,True,LOW
TXN100586,CMP-1586,ACC00055,10271.31,2025-05-16T14:00:00,14,4,RTGS,ACC00157,ACC00055,ATM-KAN-051,475.27,6,3993.18,10,1.11,68,8,ATM-PAT-006,25.713779,85.034042,19,33.48,True,CRITICAL
TXN100587,CMP-1587,ACC00001,1151.41,2025-06-06T01:00:00,1,4,Card,ACC00302,ACC00001,ATM-JAI-045,950.66,5,2613.89,178,6.13,78,6,ATM-PAT-003,25.43501,85.269423,22,67.55,True,LOW
TXN100588,CMP-1588,ACC00047,2440.8,2025-03-10T13:00:00,13,0,IMPS,ACC00452,ACC00047,ATM-HYD-044,1245.76,2,6263.11,62,3.33,67,8,ATM-DEL-010,28.654167,77.079218,17,60.79,True,LOW
TXN100589,CMP-1589,ACC00043,5746.24,2025-03-03T22:00:00,22,0,IMPS,ACC00146,ACC00043,ATM-MUM-021,1447.5,2,7603.45,98,3.43,66,3,ATM-PAT-006,25.713779,85.034042,20,8.17,True,MEDIUM
TXN100590,CMP-1590,ACC00068,11118.53,2025-08-29T18:00:00,18,4,Card,ACC00430,ACC00068,ATM-KAN-096,490.77,3,1790.62,14,5.86,61,3,ATM-PAT-008,25.523627,85.146512,17,35.55,True,CRITICAL
TXN100592,CMP-1592,ACC00045,3873.63,2025-09-01T09:00:00,9,0,RTGS,ACC00110,ACC00045,ATM-DEL-072,408.16,3,6878.57,49,3.27,70,3,ATM-KAN-012,26.434085,80.434563,18,50.1,True,MEDIUM
TXN100593,CMP-1593,ACC00037,5679.18,2025-06-25T18:00:00,18,2,RTGS,ACC00461,ACC00037,ATM-MUM-034,1450.26,4,5020.12,40,4.58,53,6,ATM-PAT-003,25.43501,85.269423,22,41.1,True,LOW
TXN100594,CMP-1594,ACC00093,26576.96,2025-02-28T16:00:00,16,4,IMPS,ACC00378,ACC00093,ATM-PAT-003,886.29,1,2552.53,5,6.09,64,4,ATM-DEL-010,28.654167,77.079218,18,63.93,True,HIGH
TXN100595,CMP-1595,ACC00057,10886.57,2025-02-02T15:00:00,15,6,NEFT,ACC00135,ACC00057,ATM-LUC-071,411.24,4,2491.9,25,4.37,69,7,ATM-DEL-011,28.539072,77.16089,16,65.93,True,HIGH
TXN100596,CMP-1596,ACC00081,10038.19,2025-08-30T23:00:00,23,5,IMPS,ACC00332,ACC00081,ATM-LUC-037,433.64,5,3797.17,13,8.45,72,8,ATM-DEL-010,28.654167,77.079218,18,4.94,True,HIGH
TXN100597,CMP-1597,ACC00041,26505.03,2025-02-26T08:00:00,8,2,NEFT,ACC00497,ACC00041,ATM-KAN-095,489.29,3,1659.55,30,6.59,64,6,ATM-PAT-003,25.43501,85.269423,23,58.89,True,HIGH
TXN100598,CMP-1598,ACC00098,6293.88,2025-08-26T04:00:00,4,1,Card,ACC00368,ACC00098,ATM-JAI-058,541.13,1,1368.19,64,5.9,57,4,ATM-LUC-005,26.67411,81.115368,14,23.98,True,MEDIUM
TXN100599,CMP-1599,ACC00014,5480.98,2025-06-08T04:00:00,4,6,UPI,ACC00309,ACC00014,ATM-BEN-050,1630.73,3,2934.85,35,7.08,88,7,ATM-PAT-006,25.713779,85.034042,18,20.1,True,LOW
TXN100601,CMP-1601,ACC00049,1014.44,2025-08-06T22:00:00,22,2,Wallet,ACC00392,ACC00049,ATM-KAN-069,488.73,4,1599.77,133,4.7,82,6,ATM-PAT-003,25.43501,85.269423,21,66.8,True,LOW
TXN100602,CMP-1602,ACC00077,3746.49,2025-07-14T10:00:00,10,0,NEFT,ACC00125,ACC00077,ATM-JAI-080,524.62,4,4750.9,25,3.91,63,5,ATM-LUC-005,26.67411,81.115368,16,48.39,True,LOW
TXN100603,CMP-1603,ACC00081,1266.19,2025-04-19T07:00:00,7,5,UPI,ACC00140,ACC00081,ATM-DEL-094,4.87,4,3744.01,32,6.0,72,8,ATM-DEL-010,28.654167,77.079218,16,33.98,True,LOW
TXN100604,CMP-1604,ACC00007,31870.75,2025-01-11T15:00:00,15,5,UPI,ACC00288,ACC00007,ATM-BEN-074,1586.68,2,2253.0,35,3.23,54,8,ATM-LUC-005,26.67411,81.115368,14,2.03,True,CRITICAL
TXN100605,CMP-1605,ACC00038,22491.8,2025-02-20T07:00:00,7,3,NEFT,ACC00475,ACC00038,ATM-PAT-076,854.16,0,4837.5,20,4.24,74,4,ATM-DEL-013,28.505783,77.214124,14,23.35,True,CRITICAL
TXN100606,CMP-1606,ACC00068,3725.42,2025-05-12T08:00:00,8,0,Wallet,ACC00151,ACC00068,ATM-LUC-056,419.71,2,2015.61,11,4.17,59,3,ATM-DEL-011,28.539072,77.16089,15,21.02,True,MEDIUM
TXN100607,CMP-1607,ACC00022,509.4,2025-04-29T16:00:00,16,1,Wallet,ACC00391,ACC00022,ATM-KAN-026,404.45,2,4299.01,54,3.32,78,7,ATM-DEL-010,28.654167,77.079218,18,7.99,True,MEDIUM
TXN100608,CMP-1608,ACC00045,2263.03,2025-04-24T19:00:00,19,3,NEFT,ACC00492,ACC00045,ATM-DEL-094,407.88,2,6894.23,45,5.46,70,2,ATM-KAN-012,26.434085,80.434563,18,63.19,True,LOW
TXN100609,CMP-1609,ACC00064,7056.02,2025-03-23T20:00:00,20,6,IMPS,ACC00192,ACC00064,ATM-MUM-075,1129.45,5,3467.27,40,3.13,54,8,ATM-KAN-096,26.594051,80.379817,2,12.53,False,LOW
TXN100611,CMP-1611,ACC00092,1866.38,2025-03-04T17:00:00,17,1,UPI,ACC00491,ACC00092,ATM-BEN-001,1501.19,1,1988.89,7,5.49,75,3,ATM-KAN-007,26.335357,80.217926,10,45.82,True,LOW
TXN100612,CMP-1612,ACC00095,1158.66,2025-04-27T21:00:00,21,6,UPI,ACC00292,ACC00095,ATM-HYD-036,1044.05,4,7473.8,36,4.17,63,7,ATM-KAN-014,26.483169,80.168622,21,26.71,True,MEDIUM
TXN100613,CMP-1613,ACC00036,3962.99,2025-02-16T07:00:00,7,6,UPI,ACC00100,ACC00036,ATM-JAI-058,224.01,3,4148.58,16,6.39,55,8,ATM-DEL-013,28.505783,77.214124,16,26.32,True,MEDIUM
TXN100614,CMP-1614,ACC00028,10935.7,2025-08-13T05:00:00,5,2,Wallet,ACC00103,ACC00028,ATM-DEL-013,368.09,3,4092.54,199,5.71,57,6,ATM-KAN-014,26.483169,80.168622,22,43.17,True,HIGH
TXN100615,CMP-1615,ACC00073,1559.83,2025-04-03T18:00:00,18,3,Card,ACC00383,ACC00073,ATM-KAN-029,410.29,2,2971.91,65,4.37,68,7,ATM-DEL-010,28.654167,77.079218,16,44.02,True,LOW
TXN100616,CMP-1616,ACC00017,5780.79,2025-01-28T10:00:00,10,1,Card,ACC00335,ACC00017,ATM-BEN-067,1604.11,4,6460.45,150,3.89,71,5,ATM-PAT-006,25.713779,85.034042,18,6.36,True,LOW
TXN100617,CMP-1617,ACC00011,3109.55,2025-06-06T20:00:00,20,4,IMPS,ACC00231,ACC00011,ATM-LUC-056,439.61,0,4670.78,22,5.98,70,6,ATM-PAT-008,25.523627,85.146512,16,2.84,True,LOW
TXN100618,CMP-1618,ACC00061,6983.75,2025-05-07T02:00:00,2,2,UPI,ACC00470,ACC00061,ATM-BEN-017,840.4,1,1249.52,47,5.18,60,5,ATM-MUM-009,19.0515,72.802542,15,11.46,True,LOW
TXN100619,CMP-1619,ACC00073,17452.44,2025-02-05T17:00:00,17,2,RTGS,ACC00119,ACC00073,ATM-PAT-028,499.28,2,3231.62,55,7.32,66,7,ATM-KAN-014,26.483169,80.168622,22,71.57,True,CRITICAL
TXN100620,CMP-1620,ACC00015,5153.29,2025-04-12T08:00:00,8,5,Wallet,ACC00322,ACC00015,ATM-DEL-070,31.9,1,9080.45,25,8.22,71,7,ATM-DEL-013,28.505783,77.214124,15,20.83,True,LOW
TXN100621,CMP-1621,ACC00048,39578.99,2025-01-28T20:00:00,20,1,IMPS,ACC00424,ACC00048,ATM-PAT-008,840.92,3,1487.07,108,3.57,70,5,ATM-DEL-000,28.568734,77.371257,14,23.61,True,HIGH
TXN100622,CMP-1622,ACC00041,12035.15,2025-04-17T13:00:00,13,3,Wallet,ACC00376,ACC00041,ATM-PAT-073,25.69,3,1651.52,33,5.57,65,6,ATM-PAT-003,25.43501,85.269423,22,68.84,True,HIGH
TXN100623,CMP-1623,ACC00050,2198.0,2025-01-26T01:00:00,1,6,Card,ACC00444,ACC00050,ATM-BEN-061,1733.28,1,2806.32,51,4.88,59,8,ATM-DEL-002,28.490067,77.085158,10,45.68,True,LOW
TXN100624,CMP-1624,ACC00050,6061.95,2025-06-02T05:00:00,5,0,UPI,ACC00213,ACC00050,ATM-BEN-020,1615.98,1,3375.97,64,6.34,58,8,ATM-LUC-056,27.001391,81.057123,1,13.76,False,LOW
TXN100625,CMP-1625,ACC00070,3294.2,2025-07-01T14:00:00,14,1,IMPS,ACC00392,ACC00070,ATM-LUC-056,432.15,1,3560.01,16,4.43,58,4,ATM-DEL-010,28.654167,77.079218,17,48.82,True,MEDIUM
TXN100626,CMP-1626,ACC00097,7569.31,2025-08-16T18:00:00,18,5,Wallet,ACC00496,ACC00097,ATM-MUM-032,1460.18,1,3912.83,56,4.8,73,7,ATM-PAT-003,25.43501,85.269423,22,39.59,True,MEDIUM
TXN100627,CMP-1627,ACC00025,2280.93,2025-03-06T10:00:00,10,3,NEFT,ACC00302,ACC00025,ATM-MUM-048,1112.77,4,2844.76,180,3.32,69,7,ATM-KAN-014,26.483169,80.168622,22,54.72,True,MEDIUM
TXN100628,CMP-1628,ACC00055,5042.53,2025-02-07T02:00:00,2,4,Card,ACC00136,ACC00055,ATM-DEL-000,821.77,5,4147.78,15,5.25,69,8,ATM-PAT-006,25.713779,85.034042,20,7.79,True,LOW
TXN100629,CMP-1629,ACC00046,1503.95,2025-02-26T23:00:00,23,2,RTGS,ACC00443,ACC00046,ATM-BEN-074,1586.68,4,2944.85,62,6.69,62,6,ATM-LUC-005,26.67411,81.115368,14,3.12,True,LOW
TXN100630,CMP-1630,ACC00044,3719.47,2025-06-29T21:00:00,21,6,Card,ACC00494,ACC00044,ATM-HYD-044,1243.12,2,5533.31,54,6.76,65,7,ATM-DEL-004,28.650301,77.283906,11,45.59,True,LOW
TXN100631,CMP-1631,ACC00029,1335.77,2025-08-21T19:00:00,19,3,Card,ACC00325,ACC00029,ATM-DEL-041,31.24,2,3784.5,35,2.86,46,6,ATM-DEL-000,28.568734,77.371257,15,59.82,True,LOW
TXN100632,CMP-1632,ACC00031,5688.55,2025-08-05T08:00:00,8,1,Wallet,ACC00157,ACC00031,ATM-JAI-024,231.77,3,2504.75,110,3.1,52,8,ATM-DEL-013,28.505783,77.214124,14,57.65,True,MEDIUM
TXN100633,CMP-1633,ACC00014,25429.78,2025-02-17T03:00:00,3,0,UPI,ACC00275,ACC00014,ATM-BEN-061,1617.74,3,2770.63,31,8.14,88,9,ATM-PAT-008,25.523627,85.146512,15,71.92,True,HIGH
TXN100634,CMP-1634,ACC00027,2733.57,2025-07-23T06:00:00,6,2,Card,ACC00207,ACC00027,ATM-BEN-050,1543.47,2,4299.09,44,4.82,63,3,ATM-KAN-012,26.434085,80.434563,18,56.35,True,LOW
TXN100635,CMP-1635,ACC00018,4050.68,2025-04-20T14:00:00,14,6,UPI,ACC00418,ACC00018,ATM-PAT-031,826.58,5,2606.47,39,2.72,73,6,ATM-DEL-000,28.568734,77.371257,13,6.0,True,LOW
TXN100636,CMP-1636,ACC00036,907.44,2025-03-06T15:00:00,15,3,Wallet,ACC00230,ACC00036,ATM-DEL-092,5.63,4,3845.23,4,2.42,55,7,ATM-DEL-013,28.505783,77.214124,14,60.59,True,MEDIUM
TXN100637,CMP-1637,ACC00001,2225.07,2025-08-30T20:00:00,20,5,NEFT,ACC00338,ACC00001,ATM-KAN-095,489.29,5,2812.53,152,2.77,76,6,ATM-PAT-003,25.43501,85.269423,22,69.84,True,LOW
TXN100638,CMP-1638,ACC00083,5344.71,2025-05-14T18:00:00,18,2,Wallet,ACC00155,ACC00083,ATM-DEL-054,1720.23,2,3015.24,1,3.83,61,5,ATM-BEN-001,13.055118,77.630117,7,66.27,True,LOW
TXN100639,CMP-1639,ACC00076,7710.94,2025-06-18T05:00:00,5,2,RTGS,ACC00261,ACC00076,ATM-PAT-063,489.37,1,5136.4,63,1.45,68,5,ATM-KAN-012,26.434085,80.434563,16,19.13,True,LOW
TXN100641,CMP-1641,ACC00020,6178.04,2025-09-08T10:00:00,10,0,UPI,ACC00350,ACC00020,ATM-BEN-084,536.86,3,3499.68,51,5.32,63,3,ATM-HYD-091,17.53789,78.622542,1,58.31,False,MEDIUM
TXN100645,CMP-1645,ACC00019,410.86,2025-08-06T01:00:00,1,2,Card,ACC00313,ACC00019,ATM-PAT-064,11.91,1,5622.45,44,4.85,65,6,ATM-PAT-008,25.523627,85.146512,15,62.28,True,LOW
TXN100646,CMP-1646,ACC00026,3644.58,2025-03-24T06:00:00,6,0,IMPS,ACC00329,ACC00026,ATM-KAN-007,382.26,2,6095.91,18,4.38,65,8,ATM-DEL-013,28.505783,77.214124,14,8.45,True,LOW
TXN100647,CMP-1647,ACC00090,1362.58,2025-01-12T18:00:00,18,6,IMPS,ACC00170,ACC00090,ATM-KAN-012,27.03,4,8039.96,163,7.55,77,3,ATM-KAN-014,26.483169,80.168622,21,14.97,True,LOW
TXN100649,CMP-1649,ACC00018,876.14,2025-07-19T12:00:00,12,5,Card,ACC00194,ACC00018,ATM-DEL-054,1139.07,5,2643.74,28,5.44,73,6,ATM-MUM-022,18.989161,72.936208,1,43.78,False,LOW
TXN100650,CMP-1650,ACC00081,4194.99,2025-05-23T06:00:00,6,4,Card,ACC00255,ACC00081,ATM-MUM-034,1156.74,5,4088.86,33,5.57,72,8,ATM-DEL-010,28.654167,77.079218,17,1.66,True,LOW
TXN100651,CMP-1651,ACC00003,8883.46,2025-08-18T13:00:00,13,0,RTGS,ACC00154,ACC00003,ATM-PAT-006,493.29,2,6550.81,60,4.38,77,7,ATM-KAN-014,26.483169,80.168622,21,5.1,True,MEDIUM
TXN100652,CMP-1652,ACC00029,2220.31,2025-07-01T07:00:00,7,1,Wallet,ACC00410,ACC00029,ATM-DEL-041,31.24,2,4108.76,36,8.23,47,7,ATM-DEL-000,28.568734,77.371257,13,56.48,True,LOW
TXN100653,CMP-1653,ACC00099,1511.65,2025-08-11T19:00:00,19,0,UPI,ACC00283,ACC00099,ATM-BEN-001,1725.24,2,4784.97,203,4.03,70,5,ATM-DEL-000,28.568734,77.371257,15,70.75,True,LOW
TXN100654,CMP-1654,ACC00023,25178.38,2025-04-10T14:00:00,14,3,NEFT,ACC00464,ACC00023,ATM-BEN-015,1618.75,2,5175.07,10,6.55,58,3,ATM-PAT-006,25.713779,85.034042,19,56.67,True,HIGH
TXN100655,CMP-1655,ACC00004,375.58,2025-09-17T04:00:00,4,2,RTGS,ACC00183,ACC00004,ATM-KAN-059,1531.55,2,2983.0,174,6.3,62,3,ATM-BEN-001,13.055118,77.630117,8,36.08,True,LOW
TXN100656,CMP-1656,ACC00025,4380.05,2025-03-21T04:00:00,4,4,UPI,ACC00213,ACC00025,ATM-PAT-003,523.06,4,2442.25,188,2.6,69,7,ATM-KAN-014,26.483169,80.168622,21,46.59,True,LOW
TXN100657,CMP-1657,ACC00041,6035.93,2025-08-27T18:00:00,18,2,UPI,ACC00415,ACC00041,ATM-KAN-007,402.86,3,1739.1,21,6.71,65,8,ATM-DEL-010,28.654167,77.079218,16,49.77,True,LOW
TXN100658,CMP-1658,ACC00094,13865.11,2025-04-25T19:00:00,19,4,Wallet,ACC00497,ACC00094,ATM-JAI-066,247.59,3,3611.42,92,6.55,76,6,ATM-DEL-010,28.654167,77.079218,16,50.43,True,CRITICAL
TXN100659,CMP-1659,ACC00058,2598.99,2025-03-30T19:00:00,19,6,Card,ACC00366,ACC00058,ATM-BEN-050,1762.54,1,4862.44,27,7.28,53,6,ATM-DEL-004,28.650301,77.283906,12,68.75,True,LOW
TXN100660,CMP-1660,ACC00049,4310.51,2025-03-03T19:00:00,19,0,RTGS,ACC00476,ACC00049,ATM-KAN-029,396.05,4,1323.12,129,5.89,80,6,ATM-DEL-011,28.539072,77.16089,14,58.47,True,LOW
TXN100661,CMP-1661,ACC00038,4129.49,2025-03-10T06:00:00,6,0,NEFT,ACC00325,ACC00038,ATM-PAT-063,855.4,1,5258.09,27,7.28,74,4,ATM-DEL-013,28.505783,77.214124,16,13.78,True,LOW
TXN100662,CMP-1662,ACC00006,1467.08,2025-08-12T17:00:00,17,1,Wallet,ACC00316,ACC00006,ATM-KAN-051,380.17,1,4815.74,52,6.13,68,8,ATM-DEL-000,28.568734,77.371257,15,50.13,True,LOW
TXN100663,CMP-1663,ACC00014,4305.73,2025-07-01T08:00:00,8,1,RTGS,ACC00146,ACC00014,ATM-PAT-073,12.25,2,2674.27,37,4.59,87,8,ATM-PAT-008,25.523627,85.146512,17,23.38,True,LOW
TXN100664,CMP-1664,ACC00057,27465.79,2025-01-17T12:00:00,12,4,NEFT,ACC00301,ACC00057,ATM-KAN-077,389.54,4,2650.39,55,5.36,68,7,ATM-DEL-070,28.780381,77.119642,2,25.27,False,HIGH
TXN100665,CMP-1665,ACC00041,1369.05,2025-02-04T12:00:00,12,1,Wallet,ACC00332,ACC00041,ATM-DEL-013,867.97,3,2148.81,34,7.14,65,6,ATM-PAT-003,25.43501,85.269423,22,70.3,True,LOW
TXN100666,CMP-1666,ACC00057,3268.04,2025-02-27T07:00:00,7,3,Card,ACC00146,ACC00057,ATM-PAT-073,853.05,4,2422.03,53,4.7,69,8,ATM-DEL-011,28.539072,77.16089,14,50.89,True,LOW
TXN100667,CMP-1667,ACC00065,5744.3,2025-01-24T04:00:00,4,4,IMPS,ACC00472,ACC00065,ATM-BEN-067,1726.72,2,14024.91,10,5.9,58,6,ATM-DEL-010,28.654167,77.079218,17,16.35,True,LOW
TXN100668,CMP-1668,ACC00042,18662.47,2025-03-16T06:00:00,6,6,UPI,ACC00122,ACC00042,ATM-LUC-025,430.4,0,5188.27,14,6.26,79,4,ATM-DEL-010,28.654167,77.079218,18,29.55,True,MEDIUM
TXN100669,CMP-1669,ACC00006,4300.97,2025-08-15T18:00:00,18,4,RTGS,ACC00191,ACC00006,ATM-BEN-016,1752.19,0,4935.06,55,3.45,68,8,ATM-DEL-000,28.568734,77.371257,13,18.72,True,MEDIUM
TXN100670,CMP-1670,ACC00015,2401.45,2025-06-30T13:00:00,13,0,RTGS,ACC00247,ACC00015,ATM-MUM-032,1144.82,1,9699.31,28,4.82,71,8,ATM-DEL-013,28.505783,77.214124,15,68.55,True,LOW
TXN100671,CMP-1671,ACC00063,31389.6,2025-03-19T21:00:00,21,2,RTGS,ACC00106,ACC00063,ATM-JAI-045,225.43,2,2448.41,2,6.0,74,3,ATM-DEL-002,28.490067,77.085158,8,31.73,True,HIGH
TXN100672,CMP-1672,ACC00084,4509.48,2025-04-01T09:00:00,9,1,Wallet,ACC00221,ACC00084,ATM-DEL-011,15.08,2,2887.6,44,5.38,69,6,ATM-DEL-010,28.654167,77.079218,18,21.84,True,LOW
TXN100673,CMP-1673,ACC00031,16107.25,2025-08-04T14:00:00,14,0,NEFT,ACC00407,ACC00031,ATM-LUC-025,88.67,2,2526.31,116,1.56,52,6,ATM-KAN-012,26.434085,80.434563,17,5.43,True,HIGH
TXN100674,CMP-1674,ACC00007,1184.17,2025-03-06T23:00:00,23,3,UPI,ACC00125,ACC00007,ATM-KAN-095,75.91,3,2469.27,46,2.76,56,7,ATM-LUC-005,26.67411,81.115368,14,31.64,True,LOW
TXN100675,CMP-1675,ACC00077,6874.46,2025-03-23T02:00:00,2,6,RTGS,ACC00441,ACC00077,ATM-MUM-021,1107.16,4,4441.54,21,6.08,62,6,ATM-KAN-007,26.335357,80.217926,10,64.41,True,LOW
TXN100677,CMP-1677,ACC00046,8222.33,2025-01-28T01:00:00,1,1,IMPS,ACC00333,ACC00046,ATM-PAT-008,422.35,3,3640.14,59,3.37,64,5,ATM-LUC-005,26.67411,81.115368,15,4.78,True,MEDIUM
TXN100679,CMP-1679,ACC00088,19244.25,2025-01-31T04:00:00,4,4,Wallet,ACC00341,ACC00088,ATM-BEN-057,1503.27,1,15519.03,121,7.86,75,7,ATM-KAN-007,26.335357,80.217926,10,13.54,True,HIGH
TXN100680,CMP-1680,ACC00026,770.34,2025-05-12T15:00:00,15,0,UPI,ACC00368,ACC00026,ATM-MUM-075,1125.91,2,5794.35,31,4.93,65,8,ATM-DEL-013,28.505783,77.214124,14,32.23,True,LOW
TXN100681,CMP-1681,ACC00077,56875.55,2025-06-10T15:00:00,15,1,IMPS,ACC00347,ACC00077,ATM-KAN-097,510.43,5,4378.61,18,7.26,64,4,ATM-PAT-003,25.43501,85.269423,22,7.52,True,HIGH
TXN100682,CMP-1682,ACC00079,2382.44,2025-01-07T10:00:00,10,1,RTGS,ACC00232,ACC00079,ATM-KAN-069,474.46,3,2423.38,19,3.76,64,5,ATM-PAT-008,25.523627,85.146512,16,57.8,True,LOW
TXN100683,CMP-1683,ACC00063,783.51,2025-01-26T14:00:00,14,6,Card,ACC00366,ACC00063,ATM-DEL-053,14.48,3,1902.36,18,6.65,73,4,ATM-DEL-011,28.539072,77.16089,15,54.77,True,LOW
TXN100684,CMP-1684,ACC00024,9025.63,2025-05-03T11:00:00,11,5,UPI,ACC00462,ACC00024,ATM-BEN-055,847.01,1,5357.03,1,2.86,75,6,ATM-MUM-009,19.0515,72.802542,14,65.82,True,LOW
TXN100685,CMP-1685,ACC00078,6713.99,2025-07-23T18:00:00,18,2,RTGS,ACC00477,ACC00078,ATM-MUM-021,30.35,1,4987.46,78,6.41,67,3,ATM-MUM-049,18.905151,72.736541,3,69.02,False,MEDIUM
TXN100686,CMP-1686,ACC00081,10425.81,2025-01-16T06:00:00,6,3,UPI,ACC00279,ACC00081,ATM-LUC-040,427.44,4,3763.93,32,6.87,73,8,ATM-DEL-010,28.654167,77.079218,17,44.46,True,HIGH
TXN100687,CMP-1687,ACC00039,1239.68,2025-03-26T15:00:00,15,2,UPI,ACC00230,ACC00039,ATM-PAT-039,466.85,5,2334.34,76,4.44,70,3,ATM-KAN-012,26.434085,80.434563,17,60.63,True,MEDIUM
TXN100688,CMP-1688,ACC00043,7383.5,2025-06-19T05:00:00,5,3,Wallet,ACC00158,ACC00043,ATM-DEL-072,850.65,2,8740.16,100,4.45,65,2,ATM-PAT-006,25.713779,85.034042,18,20.17,True,LOW
TXN100689,CMP-1689,ACC00043,7360.53,2025-01-30T23:00:00,23,3,IMPS,ACC00189,ACC00043,ATM-DEL-070,408.86,3,8421.45,121,5.62,66,4,ATM-KAN-007,26.335357,80.217926,12,52.26,True,LOW
TXN100690,CMP-1690,ACC00019,5360.54,2025-04-17T03:00:00,3,3,NEFT,ACC00430,ACC00019,ATM-HYD-036,1084.08,0,5695.47,46,5.65,63,7,ATM-LUC-005,26.67411,81.115368,14,67.6,True,LOW
TXN100692,CMP-1692,ACC00026,61290.19,2025-06-24T17:00:00,17,1,IMPS,ACC00384,ACC00026,ATM-MUM-083,1148.4,3,4824.08,23,4.37,64,8,ATM-DEL-013,28.505783,77.214124,15,31.02,True,HIGH
TXN100693,CMP-1693,ACC00003,7509.89,2025-07-29T09:00:00,9,1,Wallet,ACC00176,ACC00003,ATM-KAN-012,396.48,2,6288.31,44,4.69,77,8,ATM-DEL-004,28.650301,77.283906,12,27.63,True,MEDIUM
TXN100694,CMP-1694,ACC00023,10812.72,2025-02-13T00:00:00,0,3,IMPS,ACC00392,ACC00023,ATM-KAN-030,91.0,3,5319.64,8,6.88,56,2,ATM-LUC-005,26.67411,81.115368,16,4.35,True,MEDIUM
TXN100695,CMP-1695,ACC00052,7435.0,2025-08-07T03:00:00,3,3,RTGS,ACC00463,ACC00052,ATM-DEL-072,1139.18,5,3224.91,56,4.38,57,6,ATM-MUM-009,19.0515,72.802542,14,40.79,True,LOW
TXN100696,CMP-1696,ACC00038,852.9,2025-02-09T20:00:00,20,6,RTGS,ACC00254,ACC00038,ATM-BEN-079,1738.48,0,5736.26,22,5.45,74,4,ATM-DEL-013,28.505783,77.214124,14,28.4,True,MEDIUM
TXN100697,CMP-1697,ACC00003,904.49,2025-08-06T14:00:00,14,2,IMPS,ACC00147,ACC00003,ATM-BEN-001,1722.42,3,7003.82,45,2.93,78,8,ATM-DEL-011,28.539072,77.16089,15,58.7,True,MEDIUM
TXN100700,CMP-1700,ACC00066,4483.98,2025-08-23T20:00:00,20,5,IMPS,ACC00335,ACC00066,ATM-MUM-048,1194.65,2,3858.19,44,5.9,60,5,ATM-LUC-005,26.67411,81.115368,14,6.63,True,LOW
TXN100701,CMP-1701,ACC00005,1115.47,2025-03-24T21:00:00,21,0,Card,ACC00270,ACC00005,ATM-DEL-000,16.87,4,4873.95,7,2.1,49,7,ATM-DEL-013,28.505783,77.214124,15,61.41,True,MEDIUM
TXN100703,CMP-1703,ACC00015,5627.48,2025-01-24T19:00:00,19,4,Wallet,ACC00495,ACC00015,ATM-PAT-039,838.32,1,9505.59,14,6.93,70,7,ATM-DEL-013,28.505783,77.214124,15,50.97,True,MEDIUM
TXN100705,CMP-1705,ACC00018,4573.04,2025-05-05T03:00:00,3,0,UPI,ACC00381,ACC00018,ATM-DEL-041,31.24,4,2583.01,44,4.1,73,6,ATM-DEL-000,28.568734,77.371257,14,35.14,True,LOW
TXN100706,CMP-1706,ACC00078,4449.68,2025-01-23T01:00:00,1,3,UPI,ACC00187,ACC00078,ATM-DEL-013,382.26,0,4583.61,96,1.87,69,2,ATM-KAN-007,26.335357,80.217926,10,14.36,True,MEDIUM
TXN100707,CMP-1707,ACC00086,4301.82,2025-03-25T11:00:00,11,1,UPI,ACC00166,ACC00086,ATM-DEL-053,847.82,6,2572.95,71,3.74,58,4,ATM-PAT-008,25.523627,85.146512,16,65.72,True,LOW
TXN100708,CMP-1708,ACC00090,1660.96,2025-08-12T14:00:00,14,1,Card,ACC00318,ACC00090,ATM-BEN-057,1518.57,5,8535.09,165,4.6,78,4,ATM-KAN-014,26.483169,80.168622,21,24.51,True,MEDIUM
TXN100709,CMP-1709,ACC00042,6054.28,2025-07-12T15:00:00,15,5,Wallet,ACC00415,ACC00042,ATM-MUM-009,1110.57,0,4986.6,19,4.96,78,5,ATM-KAN-007,26.335357,80.217926,12,1.29,True,LOW
TXN100710,CMP-1710,ACC00089,5595.25,2025-03-08T19:00:00,19,5,RTGS,ACC00390,ACC00089,ATM-JAI-090,458.01,4,2698.73,39,5.32,64,4,ATM-KAN-007,26.335357,80.217926,11,39.98,True,LOW
TXN100711,CMP-1711,ACC00028,4497.95,2025-06-25T18:00:00,18,2,IMPS,ACC00340,ACC00028,ATM-KAN-077,17.23,2,4303.32,183,1.8,57,8,ATM-KAN-014,26.483169,80.168622,20,42.69,True,LOW
TXN100712,CMP-1712,ACC00085,6688.34,2025-07-27T05:00:00,5,6,UPI,ACC00300,ACC00085,ATM-KAN-029,389.68,3,2481.64,17,5.37,57,8,ATM-DEL-013,28.505783,77.214124,14,3.6,True,LOW
TXN100713,CMP-1713,ACC00014,1536.46,2025-05-17T06:00:00,6,5,NEFT,ACC00115,ACC00014,ATM-LUC-056,439.61,2,2703.41,36,6.83,88,8,ATM-PAT-008,25.523627,85.146512,15,14.25,True,LOW
TXN100714,CMP-1714,ACC00073,2152.16,2025-07-20T15:00:00,15,6,NEFT,ACC00493,ACC00073,ATM-DEL-004,0.0,2,3360.8,70,5.56,67,6,ATM-DEL-004,28.650301,77.283906,12,62.2,True,LOW
TXN100715,CMP-1715,ACC00009,5139.23,2025-01-13T07:00:00,7,0,IMPS,ACC00266,ACC00009,ATM-KAN-096,387.22,1,4870.76,8,4.65,63,8,ATM-DEL-002,28.490067,77.085158,9,25.32,True,MEDIUM
TXN100716,CMP-1716,ACC00079,31539.97,2025-03-12T09:00:00,9,2,IMPS,ACC00402,ACC00079,ATM-BEN-001,1594.07,3,2141.3,20,3.43,65,6,ATM-PAT-008,25.523627,85.146512,16,18.92,True,CRITICAL
TXN100717,CMP-1717,ACC00088,1459.72,2025-02-10T23:00:00,23,0,Card,ACC00133,ACC00088,ATM-MUM-048,1104.42,2,15890.61,146,4.49,75,7,ATM-KAN-007,26.335357,80.217926,12,20.88,True,LOW
TXN100718,CMP-1718,ACC00022,14939.63,2025-08-21T01:00:00,1,3,UPI,ACC00378,ACC00022,ATM-BEN-061,1751.54,1,3902.54,34,2.46,76,6,ATM-DEL-010,28.654167,77.079218,18,26.56,True,HIGH
TXN100719,CMP-1719,ACC00059,32860.75,2025-03-29T22:00:00,22,5,IMPS,ACC00158,ACC00059,ATM-LUC-082,5.56,1,4515.78,61,5.55,56,6,ATM-LUC-005,26.67411,81.115368,14,44.36,True,HIGH
TXN100721,CMP-1721,ACC00007,6145.43,2025-09-09T15:00:00,15,1,Card,ACC00353,ACC00007,ATM-PAT-076,423.22,3,2406.2,35,7.74,54,7,ATM-LUC-005,26.67411,81.115368,14,66.32,True,MEDIUM
TXN100722,CMP-1722,ACC00019,23802.5,2025-03-21T08:00:00,8,4,Card,ACC00487,ACC00019,ATM-MUM-022,1196.26,1,4490.93,41,4.79,63,5,ATM-LUC-005,26.67411,81.115368,16,52.42,True,HIGH
TXN100723,CMP-1723,ACC00040,15888.51,2025-03-24T13:00:00,13,0,Card,ACC00200,ACC00040,ATM-KAN-096,377.58,4,2865.52,26,5.97,67,7,ATM-DEL-013,28.505783,77.214124,14,67.85,True,HIGH
TXN100724,CMP-1724,ACC00078,1676.09,2025-05-02T01:00:00,1,4,NEFT,ACC00145,ACC00078,ATM-KAN-051,12.81,1,5676.82,84,3.91,67,3,ATM-KAN-007,26.335357,80.217926,11,39.12,True,LOW
TXN100725,CMP-1725,ACC00070,4230.3,2025-01-30T22:00:00,22,3,Card,ACC00131,ACC00070,ATM-DEL-053,23.1,1,4387.96,27,5.22,58,3,ATM-DEL-010,28.654167,77.079218,16,14.06,True,MEDIUM
TXN100727,CMP-1727,ACC00048,402.47,2025-04-29T09:00:00,9,1,UPI,ACC00464,ACC00048,ATM-LUC-046,1199.92,3,1806.84,92,6.34,68,6,ATM-MUM-089,19.233223,72.747208,0,53.99,False,LOW
TXN100728,CMP-1728,ACC00071,2774.08,2025-07-09T03:00:00,3,2,NEFT,ACC00343,ACC00071,ATM-PAT-039,856.65,1,5203.31,27,5.66,51,8,ATM-DEL-010,28.654167,77.079218,17,46.37,True,LOW
TXN100730,CMP-1730,ACC00062,25609.4,2025-06-25T00:00:00,0,2,IMPS,ACC00173,ACC00062,ATM-JAI-045,240.72,0,4757.86,61,5.86,58,5,ATM-DEL-010,28.654167,77.079218,17,57.11,True,CRITICAL
TXN100731,CMP-1731,ACC00058,2108.56,2025-02-25T01:00:00,1,1,NEFT,ACC00428,ACC00058,ATM-DEL-092,11.24,1,5180.2,19,7.13,54,7,ATM-DEL-000,28.568734,77.371257,15,55.44,True,LOW
TXN100732,CMP-1732,ACC00070,6632.7,2025-01-31T06:00:00,6,4,Wallet,ACC00332,ACC00070,ATM-DEL-086,230.36,1,4308.83,18,7.08,60,3,ATM-JAI-038,27.010057,75.633956,3,10.49,False,LOW
TXN100733,CMP-1733,ACC00000,3652.53,2025-06-26T14:00:00,14,3,IMPS,ACC00195,ACC00000,ATM-DEL-041,10.76,3,4278.79,70,2.27,56,5,ATM-DEL-011,28.539072,77.16089,16,25.63,True,LOW
TXN100735,CMP-1735,ACC00074,3423.68,2025-06-09T12:00:00,12,0,Wallet,ACC00460,ACC00074,ATM-KAN-077,384.43,1,4345.78,62,5.11,52,7,ATM-DEL-010,28.654167,77.079218,17,69.57,True,LOW
TXN100736,CMP-1736,ACC00066,15224.64,2025-05-11T04:00:00,4,6,Wallet,ACC00338,ACC00066,ATM-KAN-014,451.05,1,4232.53,32,3.17,60,5,ATM-JAI-090,26.855184,75.64815,2,68.91,False,HIGH
TXN100737,CMP-1737,ACC00085,1699.76,2025-08-27T08:00:00,8,2,UPI,ACC00422,ACC00085,ATM-DEL-013,867.97,3,2205.04,12,6.22,55,8,ATM-PAT-003,25.43501,85.269423,22,28.19,True,LOW
TXN100738,CMP-1738,ACC00043,26791.5,2025-06-26T07:00:00,7,3,Card,ACC00413,ACC00043,ATM-DEL-094,449.63,2,9398.28,100,4.96,66,3,ATM-LUC-005,26.67411,81.115368,16,5.77,True,MEDIUM
TXN100740,CMP-1740,ACC00088,7306.84,2025-06-10T08:00:00,8,1,IMPS,ACC00248,ACC00088,ATM-PAT-031,491.3,2,13502.3,128,3.3,75,6,ATM-KAN-007,26.335357,80.217926,12,13.55,True,LOW
TXN100741,CMP-1741,ACC00074,3856.31,2025-04-02T14:00:00,14,2,UPI,ACC00131,ACC00074,ATM-HYD-044,1243.12,1,5623.8,67,4.9,52,6,ATM-DEL-004,28.650301,77.283906,10,47.76,True,LOW
TXN100742,CMP-1742,ACC00036,3673.47,2025-04-30T18:00:00,18,2,NEFT,ACC00477,ACC00036,ATM-DEL-054,15.42,3,4156.45,13,7.43,55,7,ATM-DEL-013,28.505783,77.214124,15,11.34,True,LOW
TXN100743,CMP-1743,ACC00078,2118.06,2025-02-21T06:00:00,6,4,RTGS,ACC00242,ACC00078,ATM-DEL-004,387.29,1,5494.68,77,7.33,69,3,ATM-KAN-007,26.335357,80.217926,11,19.62,True,LOW
TXN100744,CMP-1744,ACC00075,337.78,2025-02-26T22:00:00,22,2,Card,ACC00409,ACC00075,ATM-BEN-084,1616.44,1,3854.36,85,5.02,50,6,ATM-PAT-003,25.43501,85.269423,22,30.17,True,LOW
TXN100745,CMP-1745,ACC00030,4349.77,2025-01-04T05:00:00,5,5,UPI,ACC00233,ACC00030,ATM-MUM-068,1133.73,1,5588.39,60,7.79,62,6,ATM-DEL-013,28.505783,77.214124,16,70.67,True,LOW
TXN100747,CMP-1747,ACC00084,2303.41,2025-08-02T19:00:00,19,5,Wallet,ACC00494,ACC00084,ATM-LUC-025,87.12,2,3163.4,45,4.99,69,7,ATM-KAN-069,26.400807,80.501742,2,24.21,False,MEDIUM
TXN100748,CMP-1748,ACC00096,23769.53,2025-08-06T13:00:00,13,2,IMPS,ACC00127,ACC00096,ATM-BEN-074,29.97,2,4129.89,17,4.94,69,8,ATM-BEN-001,13.055118,77.630117,6,4.09,True,MEDIUM
TXN100749,CMP-1749,ACC00060,1910.4,2025-01-04T03:00:00,3,5,RTGS,ACC00304,ACC00060,ATM-DEL-041,1724.33,1,3384.09,113,4.04,81,5,ATM-BEN-001,13.055118,77.630117,8,34.43,True,MEDIUM
TXN100750,CMP-1750,ACC00060,3366.84,2025-06-05T09:00:00,9,3,Card,ACC00449,ACC00060,ATM-KAN-097,1508.5,2,3430.77,125,1.37,79,6,ATM-BEN-001,13.055118,77.630117,8,41.1,True,MEDIUM
TXN100753,CMP-1753,ACC00012,266.66,2025-08-27T18:00:00,18,2,UPI,ACC00271,ACC00012,ATM-DEL-054,1720.23,4,3289.32,72,6.07,78,4,ATM-BEN-001,13.055118,77.630117,8,16.34,True,MEDIUM
TXN100754,CMP-1754,ACC00030,507.06,2025-03-27T14:00:00,14,3,NEFT,ACC00495,ACC00030,ATM-JAI-080,227.37,1,5069.07,58,7.44,62,5,ATM-DEL-011,28.539072,77.16089,15,20.46,True,LOW
TXN100755,CMP-1755,ACC00023,9993.46,2025-09-01T23:00:00,23,0,Card,ACC00446,ACC00023,ATM-HYD-044,1011.28,2,5027.81,1,3.46,58,4,ATM-KAN-014,26.483169,80.168622,22,22.76,True,MEDIUM
TXN100756,CMP-1756,ACC00012,5853.32,2025-06-26T03:00:00,3,3,IMPS,ACC00134,ACC00012,ATM-KAN-030,1509.92,4,3530.38,77,0.33,76,2,ATM-BEN-001,13.055118,77.630117,7,2.81,True,LOW
TXN100757,CMP-1757,ACC00024,14288.59,2025-07-09T01:00:00,1,2,IMPS,ACC00471,ACC00024,ATM-MUM-019,11.56,0,5644.25,1,6.15,75,5,ATM-MUM-009,19.0515,72.802542,16,14.69,True,MEDIUM
TXN100758,CMP-1758,ACC00027,17366.41,2025-02-14T01:00:00,1,4,IMPS,ACC00404,ACC00027,ATM-LUC-046,77.35,3,4330.53,41,5.5,64,2,ATM-KAN-012,26.434085,80.434563,16,58.77,True,HIGH
TXN100760,CMP-1760,ACC00037,5205.91,2025-09-15T00:00:00,0,0,Card,ACC00456,ACC00037,ATM-DEL-041,884.65,4,4962.77,29,3.61,52,5,ATM-PAT-003,25.43501,85.269423,21,46.97,True,MEDIUM
TXN100761,CMP-1761,ACC00088,1194.82,2025-09-08T02:00:00,2,0,NEFT,ACC00241,ACC00088,ATM-MUM-009,1110.57,1,15836.54,141,3.83,76,6,ATM-KAN-007,26.335357,80.217926,12,8.95,True,LOW
TXN100762,CMP-1762,ACC00099,7665.34,2025-01-14T14:00:00,14,1,RTGS,ACC00499,ACC00099,ATM-LUC-043,411.42,2,5712.36,200,2.24,70,4,ATM-DEL-013,28.505783,77.214124,15,36.88,True,LOW
TXN100764,CMP-1764,ACC00082,2955.78,2025-06-13T15:00:00,15,4,RTGS,ACC00412,ACC00082,ATM-BEN-067,1725.85,4,3289.25,70,5.72,56,6,ATM-DEL-004,28.650301,77.283906,10,65.93,True,MEDIUM
TXN100765,CMP-1765,ACC00013,4513.84,2025-06-28T23:00:00,23,5,Wallet,ACC00211,ACC00013,ATM-JAI-024,449.2,3,3390.3,53,3.83,68,5,ATM-KAN-014,26.483169,80.168622,21,46.86,True,MEDIUM
TXN100766,CMP-1766,ACC00093,4075.17,2025-06-13T17:00:00,17,4,IMPS,ACC00137,ACC00093,ATM-HYD-081,1132.01,1,2659.7,1,5.65,64,5,ATM-PAT-003,25.43501,85.269423,22,1.92,True,LOW
TXN100767,CMP-1767,ACC00000,13796.18,2025-02-20T19:00:00,19,3,RTGS,ACC00176,ACC00000,ATM-DEL-086,17.29,4,4044.77,67,5.47,56,6,ATM-DEL-004,28.650301,77.283906,12,26.07,True,MEDIUM
TXN100768,CMP-1768,ACC00050,2682.0,2025-04-07T12:00:00,12,0,UPI,ACC00458,ACC00050,ATM-KAN-059,384.61,2,3371.39,42,4.31,59,7,ATM-DEL-002,28.490067,77.085158,10,7.7,True,MEDIUM
TXN100769,CMP-1769,ACC00093,2358.93,2025-06-25T14:00:00,14,2,Wallet,ACC00344,ACC00093,ATM-BEN-085,1605.07,1,2944.24,16,4.14,65,4,ATM-PAT-003,25.43501,85.269423,23,29.14,True,LOW
TXN100770,CMP-1770,ACC00088,8599.18,2025-06-14T18:00:00,18,5,IMPS,ACC00101,ACC00088,ATM-KAN-098,464.13,2,12726.48,141,5.22,77,6,ATM-PAT-006,25.713779,85.034042,18,68.75,True,MEDIUM
TXN100771,CMP-1771,ACC00051,713.73,2025-04-23T03:00:00,3,2,Wallet,ACC00270,ACC00051,ATM-BEN-088,1726.78,1,1504.01,36,4.77,59,4,ATM-DEL-000,28.568734,77.371257,15,23.98,True,LOW
TXN100772,CMP-1772,ACC00097,11037.75,2025-03-20T17:00:00,17,3,Card,ACC00141,ACC00097,ATM-BEN-074,1636.45,1,3605.78,58,5.57,71,6,ATM-PAT-006,25.713779,85.034042,18,65.79,True,CRITICAL
TXN100773,CMP-1773,ACC00038,11132.71,2025-09-02T08:00:00,8,1,Card,ACC00296,ACC00038,ATM-BEN-061,834.41,1,4930.82,19,5.49,74,4,ATM-MUM-032,18.997136,72.893071,1,54.18,False,MEDIUM
TXN100774,CMP-1774,ACC00080,2723.31,2025-02-21T07:00:00,7,4,RTGS,ACC00349,ACC00080,ATM-JAI-027,205.28,3,1569.77,1,2.96,65,3,ATM-DEL-002,28.490067,77.085158,9,54.99,True,MEDIUM
TXN100775,CMP-1775,ACC00075,1561.33,2025-05-03T01:00:00,1,5,RTGS,ACC00198,ACC00075,ATM-KAN-026,496.57,2,4284.83,67,3.97,50,8,ATM-PAT-003,25.43501,85.269423,22,25.17,True,MEDIUM
TXN100776,CMP-1776,ACC00057,5255.46,2025-07-13T09:00:00,9,6,NEFT,ACC00355,ACC00057,ATM-MUM-083,1149.67,3,2779.81,49,2.23,69,7,ATM-DEL-011,28.539072,77.16089,16,57.03,True,LOW
TXN100777,CMP-1777,ACC00092,9398.3,2025-02-03T10:00:00,10,0,Card,ACC00128,ACC00092,ATM-KAN-096,32.97,1,2266.68,42,4.75,73,5,ATM-KAN-007,26.335357,80.217926,12,37.13,True,LOW
TXN100779,CMP-1779,ACC00062,3476.7,2025-04-19T21:00:00,21,5,Card,ACC00118,ACC00062,ATM-KAN-023,394.76,1,4778.33,58,5.61,58,6,ATM-DEL-011,28.539072,77.16089,16,56.65,True,LOW
TXN100780,CMP-1780,ACC00016,6162.22,2025-03-24T02:00:00,2,0,IMPS,ACC00224,ACC00016,ATM-PAT-073,1463.47,3,4288.19,237,4.73,59,4,ATM-MUM-009,19.0515,72.802542,15,64.87,True,LOW
TXN100781,CMP-1781,ACC00075,1847.73,2025-01-16T00:00:00,0,3,IMPS,ACC00333,ACC00075,ATM-MUM-078,1114.52,1,4647.04,96,3.5,52,7,ATM-KAN-012,26.434085,80.434563,17,41.17,True,MEDIUM
TXN100782,CMP-1782,ACC00028,1120.74,2025-02-02T06:00:00,6,6,NEFT,ACC00404,ACC00028,ATM-PAT-073,505.33,2,5202.57,181,4.9,58,7,ATM-KAN-014,26.483169,80.168622,20,1.61,True,MEDIUM
TXN100783,CMP-1783,ACC00041,750.69,2025-05-09T02:00:00,2,4,IMPS,ACC00477,ACC00041,ATM-HYD-091,1114.86,2,2105.05,39,5.85,65,7,ATM-PAT-003,25.43501,85.269423,21,58.77,True,MEDIUM
TXN100784,CMP-1784,ACC00027,908.75,2025-06-13T19:00:00,19,4,IMPS,ACC00264,ACC00027,ATM-PAT-028,851.74,2,4582.67,27,4.2,63,3,ATM-DEL-011,28.539072,77.16089,16,21.53,True,MEDIUM
TXN100785,CMP-1785,ACC00018,3223.4,2025-03-08T07:00:00,7,5,UPI,ACC00132,ACC00018,ATM-MUM-089,1139.19,5,2118.56,32,7.59,74,7,ATM-DEL-000,28.568734,77.371257,15,23.57,True,LOW
TXN100786,CMP-1786,ACC00031,44936.63,2025-07-25T09:00:00,9,4,IMPS,ACC00383,ACC00031,ATM-BEN-050,1543.47,2,2912.49,127,3.47,51,8,ATM-KAN-012,26.434085,80.434563,17,6.67,True,MEDIUM
TXN100787,CMP-1787,ACC00099,3204.82,2025-06-03T01:00:00,1,1,Wallet,ACC00423,ACC00099,ATM-KAN-087,362.47,3,5345.21,191,2.29,70,5,ATM-DEL-000,28.568734,77.371257,13,11.01,True,LOW
TXN100788,CMP-1788,ACC00011,9611.42,2025-07-07T18:00:00,18,0,UPI,ACC00103,ACC00011,ATM-KAN-093,492.75,1,5582.06,34,6.02,69,6,ATM-PAT-008,25.523627,85.146512,17,31.78,True,MEDIUM
TXN100789,CMP-1789,ACC00098,855.9,2025-01-04T08:00:00,8,5,NEFT,ACC00455,ACC00098,ATM-DEL-035,455.58,1,1273.61,67,5.44,56,2,ATM-LUC-005,26.67411,81.115368,14,43.73,True,MEDIUM
TXN100790,CMP-1790,ACC00057,1583.46,2025-08-13T07:00:00,7,2,Wallet,ACC00427,ACC00057,ATM-PAT-008,858.82,4,2172.6,52,2.4,70,6,ATM-DEL-011,28.539072,77.16089,15,1.55,True,LOW
TXN100791,CMP-1791,ACC00063,14594.3,2025-03-28T13:00:00,13,4,Wallet,ACC00405,ACC00063,ATM-LUC-040,414.89,2,2036.77,1,7.01,74,4,ATM-DEL-011,28.539072,77.16089,14,22.86,True,CRITICAL
TXN100792,CMP-1792,ACC00071,1964.51,2025-07-30T21:00:00,21,2,UPI,ACC00278,ACC00071,ATM-KAN-030,11.47,1,5278.45,39,0.82,53,9,ATM-KAN-014,26.483169,80.168622,21,26.41,True,MEDIUM
TXN100793,CMP-1793,ACC00097,3195.09,2025-02-04T15:00:00,15,1,UPI,ACC00416,ACC00097,ATM-DEL-000,856.3,1,3320.9,57,3.76,71,6,ATM-PAT-003,25.43501,85.269423,22,69.91,True,LOW
TXN100794,CMP-1794,ACC00026,3190.45,2025-02-05T00:00:00,0,2,IMPS,ACC00494,ACC00026,ATM-KAN-051,84.11,3,5650.12,32,5.04,66,7,ATM-LUC-005,26.67411,81.115368,16,22.79,True,LOW
TXN100795,CMP-1795,ACC00060,4998.54,2025-04-03T21:00:00,21,3,Wallet,ACC00450,ACC00060,ATM-BEN-020,24.75,1,2880.51,115,4.61,80,6,ATM-BEN-001,13.055118,77.630117,6,47.88,True,LOW
TXN100796,CMP-1796,ACC00036,18658.61,2025-06-26T22:00:00,22,3,IMPS,ACC00127,ACC00036,ATM-MUM-060,1120.29,3,4531.18,15,5.07,55,9,ATM-DEL-013,28.505783,77.214124,14,17.09,True,HIGH
TXN100797,CMP-1797,ACC00006,12740.59,2025-01-22T09:00:00,9,2,Wallet,ACC00122,ACC00006,ATM-JAI-038,243.4,1,4732.22,64,2.87,69,7,ATM-DEL-000,28.568734,77.371257,13,39.37,True,HIGH
TXN100798,CMP-1798,ACC00009,3159.7,2025-02-09T03:00:00,3,6,Wallet,ACC00348,ACC00009,ATM-BEN-057,1721.52,1,4926.78,17,1.3,61,8,ATM-DEL-002,28.490067,77.085158,9,51.41,True,LOW
TXN100799,CMP-1799,ACC00086,40897.67,2025-02-17T23:00:00,23,0,NEFT,ACC00314,ACC00086,ATM-MUM-048,1452.28,6,2445.84,66,5.67,58,4,ATM-PAT-008,25.523627,85.146512,16,3.39,True,MEDIUM
TXN100800,CMP-1800,ACC00094,3254.24,2025-07-08T08:00:00,8,1,Wallet,ACC00216,ACC00094,ATM-DEL-054,15.49,2,3598.64,104,4.91,76,5,ATM-DEL-010,28.654167,77.079218,17,38.12,True,LOW
TXN100801,CMP-1801,ACC00062,12131.98,2025-03-23T15:00:00,15,6,RTGS,ACC00137,ACC00062,ATM-BEN-055,1752.71,0,5156.6,77,6.33,59,5,ATM-DEL-010,28.654167,77.079218,18,4.47,True,HIGH
TXN100802,CMP-1802,ACC00049,2463.21,2025-07-31T19:00:00,19,3,IMPS,ACC00412,ACC00049,ATM-JAI-024,449.2,3,1635.14,138,5.94,81,5,ATM-KAN-014,26.483169,80.168622,21,27.35,True,MEDIUM
TXN100803,CMP-1803,ACC00034,19177.58,2025-07-18T03:00:00,3,4,UPI,ACC00423,ACC00034,ATM-LUC-046,77.35,2,2943.64,47,5.58,45,9,ATM-KAN-012,26.434085,80.434563,18,44.35,True,CRITICAL
TXN100804,CMP-1804,ACC00059,3663.45,2025-01-07T18:00:00,18,1,Wallet,ACC00243,ACC00059,ATM-MUM-022,1196.26,1,4358.66,70,6.95,58,6,ATM-LUC-005,26.67411,81.115368,14,18.32,True,MEDIUM
TXN100805,CMP-1805,ACC00081,3309.53,2025-07-31T01:00:00,1,3,NEFT,ACC00251,ACC00081,ATM-MUM-068,1143.8,4,4605.93,30,7.42,74,8,ATM-DEL-010,28.654167,77.079218,17,29.97,True,HIGH
TXN100806,CMP-1806,ACC00066,6931.41,2025-05-22T22:00:00,22,3,IMPS,ACC00144,ACC00066,ATM-JAI-080,524.62,2,3529.84,39,6.55,61,5,ATM-LUC-005,26.67411,81.115368,15,62.83,True,LOW
TXN100807,CMP-1807,ACC00093,3185.1,2025-03-13T21:00:00,21,3,UPI,ACC00336,ACC00093,ATM-MUM-049,1479.56,1,2825.74,18,4.42,65,5,ATM-PAT-003,25.43501,85.269423,23,54.89,True,LOW
TXN100808,CMP-1808,ACC00075,2034.74,2025-06-24T05:00:00,5,1,Wallet,ACC00322,ACC00075,ATM-BEN-067,1589.94,2,4464.86,101,5.66,51,8,ATM-PAT-003,25.43501,85.269423,21,51.21,True,LOW
TXN100809,CMP-1809,ACC00060,4837.77,2025-01-17T04:00:00,4,4,Wallet,ACC00122,ACC00060,ATM-DEL-002,1717.21,1,2769.25,109,4.02,80,7,ATM-BEN-001,13.055118,77.630117,8,9.62,True,LOW
TXN100810,CMP-1810,ACC00089,3191.36,2025-01-22T16:00:00,16,2,Wallet,ACC00371,ACC00089,ATM-LUC-046,100.45,3,3398.91,21,4.23,62,4,ATM-KAN-007,26.335357,80.217926,12,36.34,True,MEDIUM
TXN100811,CMP-1811,ACC00001,5101.88,2025-07-23T19:00:00,19,2,Wallet,ACC00142,ACC00001,ATM-JAI-066,963.99,5,2779.29,174,6.91,77,5,ATM-PAT-003,25.43501,85.269423,23,32.75,True,LOW
TXN100812,CMP-1812,ACC00082,24870.84,2025-01-22T15:00:00,15,2,Card,ACC00283,ACC00082,ATM-LUC-037,433.64,4,3414.33,76,6.41,57,6,ATM-DEL-010,28.654167,77.079218,16,13.14,True,CRITICAL
TXN100813,CMP-1813,ACC00073,8893.35,2025-03-21T20:00:00,20,4,IMPS,ACC00182,ACC00073,ATM-BEN-085,1619.12,2,3627.9,61,3.16,67,7,ATM-PAT-006,25.713779,85.034042,19,24.5,True,MEDIUM
TXN100814,CMP-1814,ACC00090,725.36,2025-06-15T09:00:00,9,6,Card,ACC00495,ACC00090,ATM-MUM-009,1118.9,5,6517.55,156,6.67,78,4,ATM-KAN-014,26.483169,80.168622,20,30.58,True,MEDIUM
TXN100815,CMP-1815,ACC00080,4165.07,2025-05-05T19:00:00,19,0,Wallet,ACC00460,ACC00080,ATM-DEL-002,401.8,3,1482.13,1,4.73,65,3,ATM-KAN-012,26.434085,80.434563,17,7.58,True,MEDIUM
TXN100816,CMP-1816,ACC00034,2081.72,2025-05-02T16:00:00,16,4,UPI,ACC00251,ACC00034,ATM-LUC-005,72.79,2,2778.97,53,3.69,46,7,ATM-KAN-012,26.434085,80.434563,17,39.92,True,LOW
TXN100817,CMP-1817,ACC00042,2791.99,2025-06-09T07:00:00,7,0,Card,ACC00450,ACC00042,ATM-KAN-095,424.86,0,4512.82,20,5.57,79,3,ATM-DEL-010,28.654167,77.079218,17,26.57,True,LOW
TXN100818,CMP-1818,ACC00046,11327.62,2025-04-01T20:00:00,20,1,UPI,ACC00126,ACC00046,ATM-DEL-065,1135.16,4,3216.74,67,4.91,64,7,ATM-MUM-019,19.142324,72.856155,3,20.85,False,MEDIUM
TXN100819,CMP-1819,ACC00090,4458.48,2025-06-13T20:00:00,20,4,RTGS,ACC00189,ACC00090,ATM-KAN-026,33.41,5,7946.45,176,8.66,76,3,ATM-KAN-014,26.483169,80.168622,21,26.95,True,LOW
TXN100820,CMP-1820,ACC00083,1193.4,2025-01-15T06:00:00,6,2,UPI,ACC00222,ACC00083,ATM-KAN-077,368.04,3,2414.31,18,5.88,60,4,ATM-DEL-004,28.650301,77.283906,11,53.38,True,LOW
TXN100821,CMP-1821,ACC00028,2349.17,2025-02-13T11:00:00,11,3,RTGS,ACC00485,ACC00028,ATM-HYD-036,1044.05,3,4191.34,191,4.63,57,6,ATM-KAN-014,26.483169,80.168622,20,56.48,True,LOW
TXN100822,CMP-1822,ACC00047,16059.03,2025-04-14T11:00:00,11,0,UPI,ACC00241,ACC00047,ATM-PAT-073,865.03,2,6832.9,43,5.31,65,8,ATM-DEL-010,28.654167,77.079218,17,45.28,True,HIGH
TXN100823,CMP-1823,ACC00086,19255.11,2025-05-18T11:00:00,11,6,IMPS,ACC00340,ACC00086,ATM-BEN-055,1734.46,6,2722.02,67,5.5,58,5,ATM-DEL-002,28.490067,77.085158,10,53.83,True,HIGH
TXN100826,CMP-1826,ACC00018,2919.57,2025-07-14T07:00:00,7,0,RTGS,ACC00241,ACC00018,ATM-MUM-083,1161.12,5,2627.41,38,5.8,74,7,ATM-DEL-000,28.568734,77.371257,13,46.13,True,MEDIUM
TXN100827,CMP-1827,ACC00087,2045.44,2025-01-01T09:00:00,9,2,UPI,ACC00250,ACC00087,ATM-KAN-087,362.47,3,1575.02,64,2.7,71,7,ATM-DEL-000,28.568734,77.371257,14,58.54,True,HIGH
TXN100828,CMP-1828,ACC00082,10562.61,2025-08-13T02:00:00,2,2,UPI,ACC00315,ACC00082,ATM-KAN-012,396.48,4,3961.06,79,2.68,57,7,ATM-DEL-004,28.650301,77.283906,12,19.3,True,CRITICAL
TXN100829,CMP-1829,ACC00066,12238.22,2025-03-15T19:00:00,19,5,UPI,ACC00218,ACC00066,ATM-BEN-088,1560.8,2,3814.01,40,4.19,60,3,ATM-LUC-005,26.67411,81.115368,15,5.04,True,CRITICAL
TXN100830,CMP-1830,ACC00041,11360.52,2025-08-16T17:00:00,17,5,Card,ACC00435,ACC00041,ATM-KAN-030,513.55,2,1756.19,25,6.84,65,6,ATM-PAT-003,25.43501,85.269423,21,11.46,True,MEDIUM
TXN100831,CMP-1831,ACC00016,5655.01,2025-03-22T05:00:00,5,5,IMPS,ACC00334,ACC00016,ATM-KAN-096,1142.38,3,4717.33,220,4.9,59,5,ATM-MUM-009,19.0515,72.802542,14,57.97,True,LOW
TXN100832,CMP-1832,ACC00036,6709.97,2025-07-04T05:00:00,5,4,NEFT,ACC00216,ACC00036,ATM-LUC-046,408.42,3,3652.72,5,8.62,55,8,ATM-DEL-013,28.505783,77.214124,14,3.36,True,LOW
TXN100833,CMP-1833,ACC00021,1947.96,2025-01-29T05:00:00,5,2,UPI,ACC00245,ACC00021,ATM-LUC-037,454.27,3,2976.73,27,6.44,67,7,ATM-PAT-003,25.43501,85.269423,23,6.86,True,MEDIUM
TXN100835,CMP-1835,ACC00040,6923.07,2025-06-28T19:00:00,19,5,Card,ACC00159,ACC00040,ATM-MUM-042,1146.77,4,2407.84,1,0.26,67,9,ATM-DEL-013,28.505783,77.214124,14,37.75,True,MEDIUM
TXN100836,CMP-1836,ACC00090,2689.4,2025-06-24T00:00:00,0,1,IMPS,ACC00194,ACC00090,ATM-MUM-048,1112.77,4,8243.16,164,4.63,76,4,ATM-KAN-014,26.483169,80.168622,22,10.03,True,LOW
TXN100837,CMP-1837,ACC00020,757.9,2025-07-30T07:00:00,7,2,NEFT,ACC00290,ACC00020,ATM-PAT-073,505.33,3,3094.33,60,4.64,61,2,ATM-KAN-014,26.483169,80.168622,21,63.75,True,MEDIUM
TXN100838,CMP-1838,ACC00058,15168.09,2025-07-23T21:00:00,21,2,RTGS,ACC00355,ACC00058,ATM-DEL-013,16.87,2,5177.48,22,4.97,54,6,ATM-DEL-000,28.568734,77.371257,15,4.65,True,HIGH
TXN100839,CMP-1839,ACC00060,3112.41,2025-03-11T12:00:00,12,1,Wallet,ACC00431,ACC00060,ATM-PAT-039,1588.39,1,2719.48,120,3.54,81,6,ATM-BEN-001,13.055118,77.630117,6,1.26,True,MEDIUM
TXN100840,CMP-1840,ACC00056,1126.56,2025-09-06T02:00:00,2,5,Card,ACC00389,ACC00056,ATM-DEL-004,0.0,5,4302.9,47,3.68,61,8,ATM-DEL-004,28.650301,77.283906,12,6.93,True,LOW
TXN100841,CMP-1841,ACC00070,2491.29,2025-04-22T01:00:00,1,1,RTGS,ACC00120,ACC00070,ATM-DEL-053,390.52,1,3886.88,27,3.45,59,2,ATM-KAN-012,26.434085,80.434563,17,19.99,True,LOW
TXN100842,CMP-1842,ACC00041,9642.08,2025-04-25T23:00:00,23,4,UPI,ACC00328,ACC00041,ATM-BEN-084,1616.44,3,1877.3,16,4.55,66,7,ATM-PAT-003,25.43501,85.269423,23,8.22,True,MEDIUM
TXN100843,CMP-1843,ACC00002,19840.55,2025-05-20T20:00:00,20,1,UPI,ACC00492,ACC00002,ATM-MUM-049,1473.08,3,2737.4,141,6.83,46,6,ATM-PAT-008,25.523627,85.146512,16,41.93,True,MEDIUM
TXN100844,CMP-1844,ACC00062,13357.8,2025-09-16T07:00:00,7,1,UPI,ACC00362,ACC00062,ATM-MUM-075,1135.62,1,5082.01,66,6.13,59,7,ATM-DEL-010,28.654167,77.079218,16,2.7,True,HIGH
TXN100845,CMP-1845,ACC00018,1708.19,2025-08-27T17:00:00,17,2,NEFT,ACC00441,ACC00018,ATM-LUC-056,402.27,4,2421.09,45,3.7,73,6,ATM-DEL-000,28.568734,77.371257,14,25.11,True,LOW
TXN100846,CMP-1846,ACC00044,32235.09,2025-01-06T18:00:00,18,0,IMPS,ACC00290,ACC00044,ATM-MUM-042,1164.23,2,6301.65,59,5.38,63,6,ATM-DEL-004,28.650301,77.283906,11,58.47,True,HIGH
TXN100847,CMP-1847,ACC00056,962.99,2025-02-06T10:00:00,10,3,Wallet,ACC00210,ACC00056,ATM-HYD-081,1253.46,4,3843.87,54,4.23,62,7,ATM-DEL-004,28.650301,77.283906,12,33.41,True,LOW
TXN100848,CMP-1848,ACC00054,3375.35,2025-01-31T20:00:00,20,4,Card,ACC00183,ACC00054,ATM-DEL-092,829.7,2,4227.08,1,5.18,60,6,ATM-PAT-006,25.713779,85.034042,18,60.27,True,LOW
TXN100849,CMP-1849,ACC00060,5409.27,2025-07-28T23:00:00,23,0,NEFT,ACC00173,ACC00060,ATM-PAT-039,849.45,2,3162.09,123,6.08,80,7,ATM-DEL-002,28.490067,77.085158,10,19.54,True,MEDIUM
TXN100850,CMP-1850,ACC00011,3386.53,2025-08-17T22:00:00,22,6,Card,ACC00402,ACC00011,ATM-PAT-003,15.79,0,4420.82,28,5.52,68,6,ATM-PAT-008,25.523627,85.146512,17,24.68,True,MEDIUM
TXN100851,CMP-1851,ACC00072,3794.7,2025-06-03T16:00:00,16,1,Wallet,ACC00384,ACC00072,ATM-BEN-062,855.08,7,7460.64,13,6.97,69,2,ATM-MUM-009,19.0515,72.802542,15,31.54,True,LOW
TXN100852,CMP-1852,ACC00062,33605.88,2025-08-04T15:00:00,15,0,Card,ACC00295,ACC00062,ATM-LUC-040,427.44,1,4390.46,55,6.26,60,7,ATM-DEL-010,28.654167,77.079218,18,34.25,True,MEDIUM
TXN100853,CMP-1853,ACC00059,2448.36,2025-01-31T09:00:00,9,4,UPI,ACC00352,ACC00059,ATM-KAN-018,519.03,2,4746.18,57,2.41,57,5,ATM-PAT-003,25.43501,85.269423,21,47.07,True,MEDIUM
TXN100856,CMP-1856,ACC00046,20380.33,2025-01-31T16:00:00,16,4,IMPS,ACC00134,ACC00046,ATM-KAN-007,96.92,3,3326.33,65,1.96,63,6,ATM-LUC-005,26.67411,81.115368,16,23.95,True,HIGH
TXN100857,CMP-1857,ACC00088,377.4,2025-05-13T14:00:00,14,1,IMPS,ACC00421,ACC00088,ATM-MUM-019,1148.75,2,13690.34,136,5.72,75,7,ATM-DEL-004,28.650301,77.283906,11,28.58,True,LOW
TXN100858,CMP-1858,ACC00007,2075.15,2025-07-19T15:00:00,15,5,NEFT,ACC00232,ACC00007,ATM-JAI-024,923.84,2,2793.22,48,8.04,56,8,ATM-MUM-009,19.0515,72.802542,15,36.26,True,MEDIUM
TXN100859,CMP-1859,ACC00034,8896.38,2025-05-19T17:00:00,17,0,UPI,ACC00282,ACC00034,ATM-MUM-032,1131.72,1,2638.11,48,3.22,46,9,ATM-KAN-012,26.434085,80.434563,18,51.92,True,MEDIUM
TXN100860,CMP-1860,ACC00009,39300.57,2025-08-29T19:00:00,19,4,RTGS,ACC00249,ACC00009,ATM-PAT-008,863.8,0,4578.91,21,6.51,63,9,ATM-DEL-002,28.490067,77.085158,10,59.01,True,HIGH
TXN100861,CMP-1861,ACC00040,8875.91,2025-08-29T14:00:00,14,4,IMPS,ACC00378,ACC00040,ATM-KAN-059,395.2,5,2831.03,14,3.3,66,7,ATM-DEL-010,28.654167,77.079218,17,54.79,True,MEDIUM
TXN100862,CMP-1862,ACC00045,8155.8,2025-05-24T05:00:00,5,5,UPI,ACC00149,ACC00045,ATM-DEL-047,406.59,3,6434.52,40,5.64,70,3,ATM-KAN-012,26.434085,80.434563,16,50.74,True,LOW
TXN100863,CMP-1863,ACC00052,5721.8,2025-06-21T13:00:00,13,5,RTGS,ACC00290,ACC00052,ATM-BEN-084,864.9,4,3212.26,41,3.6,58,6,ATM-MUM-009,19.0515,72.802542,16,47.31,True,MEDIUM
TXN100864,CMP-1864,ACC00024,1849.54,2025-05-17T18:00:00,18,5,RTGS,ACC00179,ACC00024,ATM-HYD-044,622.62,0,4322.38,16,4.97,73,6,ATM-MUM-009,19.0515,72.802542,14,3.76,True,MEDIUM
TXN100865,CMP-1865,ACC00009,7089.1,2025-05-03T11:00:00,11,5,Card,ACC00313,ACC00009,ATM-DEL-054,31.27,0,4882.6,12,4.6,62,8,ATM-DEL-000,28.568734,77.371257,13,61.62,True,LOW
TXN100866,CMP-1866,ACC00046,2222.62,2025-04-18T04:00:00,4,4,Wallet,ACC00278,ACC00046,ATM-MUM-032,1198.71,3,3289.81,68,5.24,63,5,ATM-LUC-005,26.67411,81.115368,15,30.0,True,LOW
TXN100867,CMP-1867,ACC00003,1952.27,2025-05-30T20:00:00,20,4,RTGS,ACC00188,ACC00003,ATM-PAT-028,845.39,2,7235.38,66,4.43,76,8,ATM-DEL-004,28.650301,77.283906,10,62.69,True,MEDIUM
TXN100868,CMP-1868,ACC00029,1020.71,2025-01-23T04:00:00,4,3,Card,ACC00455,ACC00029,ATM-BEN-015,1730.05,2,4168.61,28,3.27,47,7,ATM-DEL-000,28.568734,77.371257,14,23.81,True,LOW
TXN100869,CMP-1869,ACC00014,3461.68,2025-05-22T05:00:00,5,3,Wallet,ACC00317,ACC00014,ATM-JAI-058,240.49,3,2430.97,26,4.79,89,7,ATM-DEL-004,28.650301,77.283906,11,58.05,True,MEDIUM
TXN100870,CMP-1870,ACC00084,2086.34,2025-03-05T19:00:00,19,2,RTGS,ACC00200,ACC00084,ATM-MUM-032,1198.71,3,3488.44,39,4.53,69,6,ATM-LUC-005,26.67411,81.115368,16,39.68,True,LOW
TXN100871,CMP-1871,ACC00038,1694.1,2025-05-29T13:00:00,13,3,Wallet,ACC00229,ACC00038,ATM-DEL-072,6.64,1,5290.67,26,0.69,76,4,ATM-DEL-002,28.490067,77.085158,8,33.11,True,MEDIUM
TXN100874,CMP-1874,ACC00012,4192.98,2025-06-01T13:00:00,13,6,Wallet,ACC00358,ACC00012,ATM-LUC-037,1581.93,3,3721.27,68,1.47,76,4,ATM-BEN-001,13.055118,77.630117,6,70.23,True,LOW
TXN100875,CMP-1875,ACC00036,42134.98,2025-05-10T05:00:00,5,5,IMPS,ACC00466,ACC00036,ATM-DEL-000,16.87,3,4398.14,16,3.41,54,7,ATM-DEL-013,28.505783,77.214124,14,33.56,True,HIGH
TXN100878,CMP-1878,ACC00014,8580.65,2025-03-23T17:00:00,17,6,Wallet,ACC00363,ACC00014,ATM-BEN-085,1606.9,2,2538.81,34,6.07,89,8,ATM-PAT-008,25.523627,85.146512,17,61.59,True,MEDIUM
TXN100879,CMP-1879,ACC00063,788.29,2025-09-14T18:00:00,18,6,IMPS,ACC00156,ACC00063,ATM-MUM-083,1149.67,3,2400.64,16,6.3,72,5,ATM-DEL-011,28.539072,77.16089,14,14.38,True,MEDIUM
TXN100880,CMP-1880,ACC00014,3314.29,2025-05-22T00:00:00,0,3,RTGS,ACC00142,ACC00014,ATM-MUM-075,1450.3,2,2625.2,44,7.0,88,8,ATM-PAT-008,25.523627,85.146512,17,34.06,True,MEDIUM
TXN100883,CMP-1883,ACC00013,3162.54,2025-02-26T02:00:00,2,2,Card,ACC00445,ACC00013,ATM-KAN-014,0.0,3,3477.57,53,3.82,68,5,ATM-KAN-014,26.483169,80.168622,20,60.56,True,HIGH
TXN100884,CMP-1884,ACC00051,5349.25,2025-01-07T09:00:00,9,1,UPI,ACC00161,ACC00051,ATM-DEL-000,840.92,2,1665.87,31,5.13,58,5,ATM-PAT-008,25.523627,85.146512,17,54.11,True,LOW
TXN100885,CMP-1885,ACC00025,2501.36,2025-04-13T14:00:00,14,6,Wallet,ACC00133,ACC00025,ATM-DEL-053,1751.15,4,2401.88,170,1.37,69,7,ATM-BEN-020,12.835534,77.592864,1,5.32,False,MEDIUM
TXN100886,CMP-1886,ACC00092,26541.92,2025-09-08T12:00:00,12,0,UPI,ACC00219,ACC00092,ATM-MUM-042,1113.33,2,1983.14,23,4.37,73,4,ATM-KAN-007,26.335357,80.217926,10,3.96,True,CRITICAL
TXN100887,CMP-1887,ACC00082,2462.25,2025-06-23T12:00:00,12,0,Card,ACC00487,ACC00082,ATM-KAN-007,24.21,3,3324.83,78,5.04,55,6,ATM-KAN-012,26.434085,80.434563,18,7.08,True,LOW
TXN100888,CMP-1888,ACC00018,1516.06,2025-01-06T08:00:00,8,0,NEFT,ACC00348,ACC00018,ATM-BEN-017,1713.31,5,2234.44,41,4.97,73,7,ATM-DEL-011,28.539072,77.16089,14,5.77,True,LOW
TXN100889,CMP-1889,ACC00080,40078.27,2025-02-05T17:00:00,17,2,IMPS,ACC00350,ACC00080,ATM-PAT-008,1458.58,2,1436.39,12,4.76,65,2,ATM-MUM-009,19.0515,72.802542,16,30.47,True,HIGH
TXN100890,CMP-1890,ACC00003,7649.62,2025-08-11T10:00:00,10,0,UPI,ACC00134,ACC00003,ATM-KAN-030,384.13,2,7199.27,54,3.91,78,7,ATM-DEL-004,28.650301,77.283906,11,8.1,True,LOW
TXN100891,CMP-1891,ACC00079,7317.06,2025-05-15T11:00:00,11,3,IMPS,ACC00178,ACC00079,ATM-BEN-088,1599.46,2,1958.42,21,6.47,64,7,ATM-PAT-008,25.523627,85.146512,16,55.74,True,MEDIUM
TXN100892,CMP-1892,ACC00084,50190.47,2025-03-26T04:00:00,4,2,IMPS,ACC00338,ACC00084,ATM-DEL-094,4.87,3,3139.98,43,5.04,69,7,ATM-DEL-010,28.654167,77.079218,17,18.1,True,CRITICAL
TXN100893,CMP-1893,ACC00097,3799.26,2025-02-23T20:00:00,20,6,Card,ACC00376,ACC00097,ATM-PAT-076,14.05,1,3706.03,47,4.73,73,7,ATM-PAT-003,25.43501,85.269423,22,62.18,True,LOW
TXN100894,CMP-1894,ACC00048,8890.28,2025-06-26T06:00:00,6,3,Wallet,ACC00330,ACC00048,ATM-KAN-030,18.62,3,1616.46,107,4.37,70,5,ATM-KAN-012,26.434085,80.434563,16,43.23,True,MEDIUM
TXN100895,CMP-1895,ACC00099,3055.66,2025-07-25T02:00:00,2,4,NEFT,ACC00385,ACC00099,ATM-HYD-036,1269.59,3,5398.6,187,5.18,69,4,ATM-DEL-000,28.568734,77.371257,14,1.99,True,LOW
TXN100896,CMP-1896,ACC00049,8588.68,2025-05-15T17:00:00,17,3,IMPS,ACC00168,ACC00049,ATM-DEL-086,383.71,3,1723.83,136,6.5,82,6,ATM-KAN-014,26.483169,80.168622,22,18.4,True,MEDIUM
TXN100897,CMP-1897,ACC00069,1487.29,2025-08-30T17:00:00,17,5,NEFT,ACC00437,ACC00069,ATM-BEN-050,1615.92,3,1408.07,83,4.69,70,3,ATM-PAT-003,25.43501,85.269423,22,61.51,True,LOW
TXN100898,CMP-1898,ACC00033,5313.36,2025-07-01T04:00:00,4,1,Wallet,ACC00359,ACC00033,ATM-PAT-076,853.88,1,5294.43,30,6.6,59,5,ATM-DEL-004,28.650301,77.283906,10,59.53,True,LOW
TXN100900,CMP-1900,ACC00094,8971.93,2025-05-06T01:00:00,1,1,RTGS,ACC00287,ACC00094,ATM-MUM-019,1141.18,3,3400.02,83,6.05,76,6,ATM-DEL-010,28.654167,77.079218,17,63.55,True,LOW
TXN100901,CMP-1901,ACC00045,1637.43,2025-07-05T21:00:00,21,5,RTGS,ACC00319,ACC00045,ATM-JAI-045,455.96,2,5715.55,40,3.53,69,2,ATM-KAN-012,26.434085,80.434563,18,20.22,True,LOW
TXN100902,CMP-1902,ACC00039,2691.86,2025-02-01T17:00:00,17,5,IMPS,ACC00226,ACC00039,ATM-JAI-024,540.77,5,2387.13,80,5.35,69,4,ATM-LUC-005,26.67411,81.115368,16,68.61,True,LOW
TXN100903,CMP-1903,ACC00068,2700.05,2025-05-07T00:00:00,0,2,RTGS,ACC00272,ACC00068,ATM-HYD-052,1063.83,3,1933.56,24,1.11,61,4,ATM-JAI-066,26.775552,75.728841,0,43.57,False,LOW
TXN100904,CMP-1904,ACC00053,12070.53,2025-03-14T03:00:00,3,4,NEFT,ACC00390,ACC00053,ATM-KAN-012,72.79,2,1387.63,98,4.6,80,4,ATM-LUC-005,26.67411,81.115368,15,33.18,True,HIGH
TXN100905,CMP-1905,ACC00049,5742.82,2025-03-08T18:00:00,18,5,IMPS,ACC00262,ACC00049,ATM-MUM-083,1124.86,3,1723.61,145,3.35,80,7,ATM-KAN-014,26.483169,80.168622,20,3.82,True,LOW
TXN100906,CMP-1906,ACC00043,3338.28,2025-08-11T17:00:00,17,0,UPI,ACC00453,ACC00043,ATM-MUM-083,5.96,3,8638.69,119,5.5,64,4,ATM-MUM-009,19.0515,72.802542,15,40.88,True,LOW
TXN100908,CMP-1908,ACC00038,3124.28,2025-07-08T20:00:00,20,1,NEFT,ACC00247,ACC00038,ATM-DEL-002,12.72,0,5471.64,25,6.13,74,4,ATM-DEL-013,28.505783,77.214124,16,21.45,True,MEDIUM
TXN100909,CMP-1909,ACC00012,5722.31,2025-08-10T00:00:00,0,6,RTGS,ACC00467,ACC00012,ATM-MUM-034,1136.06,4,3240.23,65,6.72,76,4,ATM-KAN-096,26.594051,80.379817,1,50.55,False,LOW
TXN100910,CMP-1910,ACC00009,1336.55,2025-01-17T07:00:00,7,4,RTGS,ACC00318,ACC00009,ATM-PAT-063,866.72,1,4263.07,9,2.24,62,7,ATM-DEL-002,28.490067,77.085158,8,22.42,True,MEDIUM
TXN100911,CMP-1911,ACC00040,913.9,2025-02-16T06:00:00,6,6,UPI,ACC00321,ACC00040,ATM-BEN-074,1745.55,5,2733.24,9,4.32,65,8,ATM-DEL-013,28.505783,77.214124,14,7.5,True,LOW
TXN100912,CMP-1912,ACC00023,18257.7,2025-07-23T18:00:00,18,2,IMPS,ACC00443,ACC00023,ATM-LUC-071,1570.24,3,5391.75,8,8.1,56,4,ATM-BEN-001,13.055118,77.630117,7,10.67,True,HIGH
TXN100913,CMP-1913,ACC00095,3108.16,2025-01-30T06:00:00,6,3,IMPS,ACC00209,ACC00095,ATM-BEN-062,1522.22,4,7891.18,43,5.0,61,6,ATM-KAN-007,26.335357,80.217926,12,8.8,True,MEDIUM
TXN100914,CMP-1914,ACC00007,3022.36,2025-09-13T11:00:00,11,5,UPI,ACC00389,ACC00007,ATM-MUM-078,1181.62,2,2445.42,47,5.62,56,7,ATM-LUC-005,26.67411,81.115368,16,53.33,True,MEDIUM
TXN100915,CMP-1915,ACC00087,7462.77,2025-04-21T09:00:00,9,0,NEFT,ACC00223,ACC00087,ATM-HYD-036,1269.59,2,1345.69,52,3.83,71,8,ATM-DEL-000,28.568734,77.371257,13,31.03,True,MEDIUM
TXN100916,CMP-1916,ACC00052,3836.78,2025-09-03T06:00:00,6,2,IMPS,ACC00132,ACC00052,ATM-BEN-088,839.2,4,2688.83,49,4.66,57,8,ATM-MUM-009,19.0515,72.802542,16,3.45,True,LOW
TXN100917,CMP-1917,ACC00030,20317.45,2025-06-10T20:00:00,20,1,UPI,ACC00231,ACC00030,ATM-BEN-088,1723.86,0,4649.93,49,6.08,63,6,ATM-DEL-011,28.539072,77.16089,16,47.71,True,MEDIUM
TXN100918,CMP-1918,ACC00039,3579.62,2025-04-02T14:00:00,14,2,NEFT,ACC00114,ACC00039,ATM-BEN-062,1578.49,4,2991.06,91,5.37,69,4,ATM-LUC-005,26.67411,81.115368,14,41.53,True,LOW
TXN100920,CMP-1920,ACC00022,18390.81,2025-05-15T06:00:00,6,3,IMPS,ACC00242,ACC00022,ATM-PAT-003,856.3,2,4137.5,49,5.0,76,6,ATM-DEL-000,28.568734,77.371257,15,13.72,True,HIGH
TXN100921,CMP-1921,ACC00010,2408.74,2025-06-28T06:00:00,6,5,Card,ACC00110,ACC00010,ATM-JAI-045,936.69,4,3943.85,22,4.92,64,5,ATM-PAT-008,25.523627,85.146512,15,40.69,True,LOW
TXN100922,CMP-1922,ACC00011,1728.23,2025-02-14T02:00:00,2,4,RTGS,ACC00286,ACC00011,ATM-PAT-064,11.91,0,4755.53,33,5.43,69,6,ATM-PAT-008,25.523627,85.146512,15,13.84,True,LOW
TXN100923,CMP-1923,ACC00015,1525.37,2025-02-14T13:00:00,13,4,Card,ACC00392,ACC00015,ATM-BEN-067,1709.91,2,9874.66,20,5.3,70,9,ATM-DEL-013,28.505783,77.214124,15,12.03,True,LOW
TXN100925,CMP-1925,ACC00054,7832.62,2025-07-13T12:00:00,12,6,IMPS,ACC00483,ACC00054,ATM-BEN-062,1627.51,2,4553.03,1,4.92,59,6,ATM-PAT-006,25.713779,85.034042,19,69.17,True,MEDIUM
TXN100926,CMP-1926,ACC00032,3114.81,2025-01-03T09:00:00,9,4,NEFT,ACC00240,ACC00032,ATM-MUM-099,1107.67,4,2509.83,34,2.47,51,3,ATM-KAN-012,26.434085,80.434563,17,11.39,True,MEDIUM
TXN100930,CMP-1930,ACC00039,1558.45,2025-04-15T07:00:00,7,1,Card,ACC00229,ACC00039,ATM-KAN-051,84.11,4,3001.48,96,4.35,70,3,ATM-LUC-005,26.67411,81.115368,15,20.43,True,LOW
TXN100933,CMP-1933,ACC00098,4227.52,2025-08-09T04:00:00,4,5,IMPS,ACC00423,ACC00098,ATM-BEN-017,1580.38,2,1407.01,71,4.6,56,3,ATM-LUC-056,27.001391,81.057123,3,57.78,False,LOW
TXN100935,CMP-1935,ACC00089,295.32,2025-01-03T09:00:00,9,4,UPI,ACC00151,ACC00089,ATM-KAN-093,28.71,4,2979.44,34,4.84,63,4,ATM-KAN-007,26.335357,80.217926,10,47.89,True,LOW
TXN100936,CMP-1936,ACC00070,3808.5,2025-06-14T14:00:00,14,5,NEFT,ACC00408,ACC00070,ATM-MUM-060,1120.29,1,3833.8,8,3.75,59,3,ATM-DEL-013,28.505783,77.214124,15,4.07,True,LOW
TXN100937,CMP-1937,ACC00082,4126.29,2025-05-07T19:00:00,19,2,Wallet,ACC00490,ACC00082,ATM-DEL-000,12.45,4,4149.16,61,5.21,55,6,ATM-DEL-004,28.650301,77.283906,12,4.47,True,LOW
TXN100938,CMP-1938,ACC00080,10268.73,2025-06-13T05:00:00,5,4,IMPS,ACC00101,ACC00080,ATM-DEL-000,384.19,2,1702.72,8,4.25,65,4,ATM-KAN-012,26.434085,80.434563,18,44.28,True,HIGH
TXN100939,CMP-1939,ACC00091,2120.8,2025-09-17T00:00:00,0,2,IMPS,ACC00180,ACC00091,ATM-PAT-076,860.36,4,2830.19,43,5.25,58,7,ATM-DEL-011,28.539072,77.16089,16,69.18,True,LOW
TXN100940,CMP-1940,ACC00094,1625.48,2025-04-14T05:00:00,5,0,NEFT,ACC00263,ACC00094,ATM-MUM-019,1141.18,2,3315.38,111,5.4,77,6,ATM-DEL-010,28.654167,77.079218,17,29.66,True,LOW
TXN100941,CMP-1941,ACC00053,14505.96,2025-03-04T15:00:00,15,1,RTGS,ACC00244,ACC00053,ATM-MUM-068,1127.18,2,1381.24,108,6.11,80,3,ATM-DEL-002,28.490067,77.085158,8,36.01,True,HIGH
TXN100943,CMP-1943,ACC00021,3232.87,2025-06-04T11:00:00,11,2,UPI,ACC00201,ACC00021,ATM-HYD-036,1110.95,3,3684.48,20,5.94,65,8,ATM-JAI-080,26.864802,75.83493,1,7.31,False,LOW
TXN100944,CMP-1944,ACC00047,2133.87,2025-03-17T22:00:00,22,0,IMPS,ACC00176,ACC00047,ATM-BEN-074,1762.35,2,6766.16,77,3.58,65,7,ATM-DEL-010,28.654167,77.079218,16,14.92,True,LOW
TXN100945,CMP-1945,ACC00098,6281.7,2025-04-07T15:00:00,15,0,UPI,ACC00467,ACC00098,ATM-KAN-051,1508.64,2,1413.14,80,3.01,57,3,ATM-BEN-001,13.055118,77.630117,6,6.45,True,MEDIUM
TXN100946,CMP-1946,ACC00026,16563.3,2025-06-25T00:00:00,0,2,RTGS,ACC00160,ACC00026,ATM-KAN-077,364.19,2,5870.7,17,4.39,65,8,ATM-DEL-013,28.505783,77.214124,16,54.78,True,HIGH
TXN100947,CMP-1947,ACC00026,908.21,2025-01-21T06:00:00,6,1,NEFT,ACC00295,ACC00026,ATM-LUC-056,413.48,2,5693.95,31,2.63,64,8,ATM-DEL-013,28.505783,77.214124,16,17.19,True,MEDIUM
TXN100948,CMP-1948,ACC00018,5127.4,2025-08-31T03:00:00,3,6,Card,ACC00314,ACC00018,ATM-BEN-055,1742.77,5,2169.12,41,6.04,74,7,ATM-DEL-000,28.568734,77.371257,13,33.98,True,MEDIUM
TXN100949,CMP-1949,ACC00087,17591.26,2025-07-15T07:00:00,7,1,UPI,ACC00227,ACC00087,ATM-LUC-071,394.49,2,1326.77,57,6.57,70,6,ATM-DEL-000,28.568734,77.371257,13,24.0,True,HIGH
TXN100951,CMP-1951,ACC00076,3843.78,2025-04-26T22:00:00,22,5,UPI,ACC00462,ACC00076,ATM-DEL-094,407.88,1,5098.4,65,4.81,66,6,ATM-KAN-012,26.434085,80.434563,17,54.65,True,LOW
TXN100952,CMP-1952,ACC00030,1726.85,2025-07-16T16:00:00,16,2,Card,ACC00126,ACC00030,ATM-KAN-051,394.37,0,4440.26,67,5.89,63,5,ATM-DEL-011,28.539072,77.16089,16,40.35,True,LOW
TXN100953,CMP-1953,ACC00079,3480.34,2025-01-08T17:00:00,17,2,NEFT,ACC00102,ACC00079,ATM-JAI-058,958.77,3,2492.6,44,6.28,65,7,ATM-PAT-008,25.523627,85.146512,15,64.18,True,MEDIUM
TXN100955,CMP-1955,ACC00043,7998.36,2025-04-15T12:00:00,12,1,Wallet,ACC00357,ACC00043,ATM-LUC-082,410.65,2,7717.31,103,3.85,65,3,ATM-PAT-006,25.713779,85.034042,18,9.32,True,MEDIUM
TXN100956,CMP-1956,ACC00018,36789.05,2025-06-09T04:00:00,4,0,IMPS,ACC00463,ACC00018,ATM-LUC-043,400.52,5,2487.54,33,2.01,73,7,ATM-DEL-000,28.568734,77.371257,14,48.24,True,HIGH
TXN100958,CMP-1958,ACC00033,3210.45,2025-01-02T10:00:00,10,3,IMPS,ACC00413,ACC00033,ATM-MUM-034,1163.86,0,5192.08,16,1.26,58,4,ATM-DEL-004,28.650301,77.283906,10,19.2,True,LOW
TXN100960,CMP-1960,ACC00006,5554.15,2025-05-16T02:00:00,2,4,IMPS,ACC00127,ACC00006,ATM-DEL-065,25.67,1,4646.19,63,5.87,67,7,ATM-DEL-000,28.568734,77.371257,13,2.74,True,LOW
TXN100961,CMP-1961,ACC00055,3341.0,2025-07-19T01:00:00,1,5,IMPS,ACC00183,ACC00055,ATM-BEN-001,1592.05,5,4191.13,8,5.47,70,9,ATM-PAT-003,25.43501,85.269423,22,66.65,True,LOW
TXN100963,CMP-1963,ACC00026,22728.62,2025-01-30T14:00:00,14,3,IMPS,ACC00163,ACC00026,ATM-JAI-045,440.93,3,5514.81,30,5.3,64,8,ATM-KAN-097,26.391951,80.277615,2,42.46,False,HIGH
TXN100966,CMP-1966,ACC00087,7023.55,2025-03-10T11:00:00,11,0,RTGS,ACC00245,ACC00087,ATM-BEN-017,1716.03,2,1561.54,57,5.35,72,6,ATM-DEL-000,28.568734,77.371257,14,57.88,True,LOW
TXN100967,CMP-1967,ACC00010,19076.51,2025-08-03T17:00:00,17,6,UPI,ACC00265,ACC00010,ATM-BEN-050,1618.08,4,3523.47,42,6.23,65,6,ATM-PAT-008,25.523627,85.146512,16,1.96,True,HIGH
TXN100968,CMP-1968,ACC00042,1983.92,2025-04-12T10:00:00,10,5,NEFT,ACC00404,ACC00042,ATM-MUM-068,1143.8,1,5711.58,34,4.55,78,5,ATM-DEL-010,28.654167,77.079218,17,14.22,True,MEDIUM
TXN100970,CMP-1970,ACC00095,17181.46,2025-04-13T06:00:00,6,6,Wallet,ACC00265,ACC00095,ATM-PAT-076,509.01,3,8306.23,28,5.48,61,6,ATM-KAN-014,26.483169,80.168622,20,59.38,True,HIGH
TXN100971,CMP-1971,ACC00030,10732.2,2025-06-12T22:00:00,22,3,NEFT,ACC00304,ACC00030,ATM-KAN-030,11.47,1,4947.49,50,2.97,64,5,ATM-KAN-014,26.483169,80.168622,20,40.27,True,CRITICAL
TXN100972,CMP-1972,ACC00099,40995.23,2025-06-08T22:00:00,22,6,UPI,ACC00206,ACC00099,ATM-PAT-003,856.3,3,4974.24,214,7.38,70,5,ATM-DEL-000,28.568734,77.371257,14,5.47,True,HIGH
TXN100973,CMP-1973,ACC00094,8040.13,2025-07-14T05:00:00,5,0,Wallet,ACC00351,ACC00094,ATM-BEN-079,1755.41,3,4309.55,104,6.84,77,7,ATM-DEL-010,28.654167,77.079218,18,20.58,True,LOW
TXN100974,CMP-1974,ACC00047,2781.25,2025-01-26T01:00:00,1,6,NEFT,ACC00283,ACC00047,ATM-DEL-092,23.14,2,7616.71,65,6.61,65,8,ATM-DEL-010,28.654167,77.079218,17,34.73,True,LOW
TXN100975,CMP-1975,ACC00076,1944.82,2025-03-18T02:00:00,2,1,NEFT,ACC00343,ACC00076,ATM-MUM-042,1136.31,1,4921.21,64,3.33,68,6,ATM-KAN-012,26.434085,80.434563,17,65.52,True,LOW
TXN100976,CMP-1976,ACC00011,4588.89,2025-08-10T19:00:00,19,6,RTGS,ACC00322,ACC00011,ATM-DEL-086,881.97,0,5726.47,32,5.22,68,5,ATM-PAT-003,25.43501,85.269423,21,24.69,True,LOW
TXN100977,CMP-1977,ACC00019,19734.89,2025-05-14T19:00:00,19,2,UPI,ACC00431,ACC00019,ATM-KAN-059,77.02,1,4733.99,36,5.19,64,7,ATM-LUC-005,26.67411,81.115368,15,49.66,True,MEDIUM
TXN100978,CMP-1978,ACC00010,2665.73,2025-02-18T18:00:00,18,1,Wallet,ACC00248,ACC00010,ATM-MUM-075,1450.3,4,4003.15,32,4.15,66,6,ATM-PAT-008,25.523627,85.146512,15,43.38,True,LOW
TXN100979,CMP-1979,ACC00038,18751.0,2025-02-18T04:00:00,4,1,Card,ACC00165,ACC00038,ATM-DEL-053,11.96,0,5717.76,25,1.97,75,5,ATM-DEL-013,28.505783,77.214124,14,57.22,True,HIGH
TXN100980,CMP-1980,ACC00009,12614.89,2025-01-21T16:00:00,16,1,NEFT,ACC00391,ACC00009,ATM-KAN-077,373.72,1,4675.52,3,2.67,62,9,ATM-DEL-002,28.490067,77.085158,8,40.75,True,HIGH
TXN100981,CMP-1981,ACC00084,6234.95,2025-03-05T10:00:00,10,2,NEFT,ACC00311,ACC00084,ATM-MUM-049,1170.32,3,2750.69,49,5.48,70,5,ATM-DEL-010,28.654167,77.079218,18,61.67,True,MEDIUM
TXN100982,CMP-1982,ACC00064,8873.96,2025-04-12T03:00:00,3,5,IMPS,ACC00399,ACC00064,ATM-BEN-057,1592.5,5,2983.17,48,3.06,54,8,ATM-PAT-008,25.523627,85.146512,16,46.98,True,LOW
TXN100983,CMP-1983,ACC00053,16572.84,2025-07-06T02:00:00,2,6,UPI,ACC00301,ACC00053,ATM-KAN-012,72.79,2,1263.71,114,9.18,79,3,ATM-LUC-005,26.67411,81.115368,14,2.71,True,CRITICAL
TXN100984,CMP-1984,ACC00079,2885.2,2025-05-14T16:00:00,16,2,RTGS,ACC00487,ACC00079,ATM-KAN-098,480.01,2,2617.68,38,5.06,65,5,ATM-PAT-008,25.523627,85.146512,17,59.9,True,MEDIUM
TXN100985,CMP-1985,ACC00077,2702.81,2025-08-20T03:00:00,3,2,Card,ACC00194,ACC00077,ATM-LUC-043,101.68,5,4677.32,24,4.06,64,5,ATM-KAN-007,26.335357,80.217926,10,2.22,True,LOW
TXN100986,CMP-1986,ACC00001,7737.96,2025-02-01T05:00:00,5,5,Wallet,ACC00102,ACC00001,ATM-KAN-051,504.63,5,2256.52,171,6.42,76,6,ATM-PAT-003,25.43501,85.269423,22,38.61,True,LOW
TXN100988,CMP-1988,ACC00088,18439.72,2025-07-22T12:00:00,12,1,UPI,ACC00453,ACC00088,ATM-BEN-074,1749.36,1,14704.6,132,5.01,76,6,ATM-DEL-011,28.539072,77.16089,16,60.49,True,HIGH
TXN100989,CMP-1989,ACC00014,3329.02,2025-04-16T00:00:00,0,2,UPI,ACC00169,ACC00014,ATM-KAN-095,475.18,2,3047.16,37,4.4,87,8,ATM-PAT-008,25.523627,85.146512,16,6.12,True,MEDIUM
TXN100990,CMP-1990,ACC00083,7067.19,2025-05-09T00:00:00,0,4,RTGS,ACC00346,ACC00083,ATM-KAN-014,1516.43,3,2566.4,5,2.24,62,3,ATM-BEN-001,13.055118,77.630117,6,20.61,True,LOW
TXN100991,CMP-1991,ACC00018,14115.75,2025-03-14T09:00:00,9,4,Card,ACC00254,ACC00018,ATM-LUC-040,397.6,5,2502.84,44,5.93,74,7,ATM-DEL-000,28.568734,77.371257,15,27.14,True,HIGH
TXN100992,CMP-1992,ACC00056,5984.76,2025-04-19T07:00:00,7,5,IMPS,ACC00178,ACC00056,ATM-DEL-035,19.15,5,3633.54,70,6.07,60,7,ATM-DEL-004,28.650301,77.283906,10,56.71,True,MEDIUM
TXN100993,CMP-1993,ACC00037,924.91,2025-01-31T01:00:00,1,4,IMPS,ACC00399,ACC00037,ATM-HYD-091,1114.86,3,4049.79,39,2.92,53,5,ATM-PAT-003,25.43501,85.269423,21,41.16,True,LOW
TXN100994,CMP-1994,ACC00091,6512.07,2025-03-08T21:00:00,21,5,Wallet,ACC00104,ACC00091,ATM-KAN-087,5.05,4,2731.86,36,2.03,59,7,ATM-KAN-014,26.483169,80.168622,22,51.52,True,LOW
TXN100995,CMP-1995,ACC00062,1399.28,2025-03-12T18:00:00,18,2,Card,ACC00118,ACC00062,ATM-PAT-064,875.62,1,5629.32,68,5.53,58,5,ATM-DEL-010,28.654167,77.079218,17,71.58,True,LOW
TXN100996,CMP-1996,ACC00067,1015.48,2025-08-14T20:00:00,20,3,RTGS,ACC00218,ACC00067,ATM-PAT-008,858.82,2,5055.66,6,5.57,59,7,ATM-DEL-011,28.539072,77.16089,14,62.9,True,LOW
TXN100998,CMP-1998,ACC00002,1476.11,2025-04-23T02:00:00,2,2,Wallet,ACC00329,ACC00002,ATM-PAT-073,12.25,2,3355.77,159,3.07,46,6,ATM-PAT-008,25.523627,85.146512,15,16.26,True,MEDIUM
TXN100999,CMP-1999,ACC00028,2490.14,2025-03-02T15:00:00,15,6,Wallet,ACC00324,ACC00028,ATM-LUC-040,98.41,3,4273.56,171,3.87,59,7,ATM-KAN-014,26.483169,80.168622,20,31.91,True,LOW
