transaction_id,complaint_id,timestamp,sender_account,receiver_account,amount,channel,city,state,is_suspicious,risk_score,transaction_velocity
TXN200001,CMP-1001,2025-02-05T12:18:00,ACC00147,ACC00095,5151.86,NEFT,Patna,Bihar,True,82,4.23
TXN200002,CMP-1001,2025-02-05T13:46:00,ACC00095,ACC00084,6026.49,Card,Jaipur,Rajasthan,True,82,10.67
TXN200003,CMP-1001,2025-02-05T13:55:00,ACC00084,ACC00059,3985.12,Card,Mumbai,Maharashtra,True,55,8.12
TXN200004,CMP-1001,2025-02-05T14:33:00,ACC00059,ACC00016,4551.56,Wallet,Bengaluru,Karnataka,True,97,8.12
TXN200005,CMP-1004,2025-07-03T14:05:00,ACC00280,ACC00064,1413.89,UPI,Hyderabad,Telangana,True,71,7.66
TXN200006,CMP-1004,2025-07-03T14:56:00,ACC00064,ACC00089,1678.63,IMPS,Mumbai,Maharashtra,True,85,7.0
TXN200007,CMP-1004,2025-07-03T15:03:00,ACC00089,ACC00096,1431.78,IMPS,Mumbai,Maharashtra,True,75,5.67
TXN200008,CMP-1005,2025-01-21T00:42:00,ACC00279,ACC00047,2781.17,Card,Kanpur,Uttar Pradesh,True,81,5.68
TXN200009,CMP-1005,2025-01-21T01:25:00,ACC00047,ACC00063,2211.07,IMPS,Bengaluru,Karnataka,True,65,5.74
TXN200010,CMP-1005,2025-01-21T02:46:00,ACC00063,ACC00012,2667.76,Wallet,Lucknow,Uttar Pradesh,True,89,6.95
TXN200011,CMP-1005,2025-01-21T02:54:00,ACC00012,ACC00054,2417.67,UPI,Jaipur,Rajasthan,True,88,9.88
TXN200012,CMP-1006,2025-07-29T23:26:00,ACC00319,ACC00098,9060.48,IMPS,Mumbai,Maharashtra,True,73,3.77
TXN200013,CMP-1006,2025-07-30T00:44:00,ACC00098,ACC00045,7550.88,Wallet,Lucknow,Uttar Pradesh,True,75,5.67
TXN200014,CMP-1006,2025-07-30T02:13:00,ACC00045,ACC00086,6343.96,UPI,Jaipur,Rajasthan,True,63,3.93
TXN200015,CMP-1008,2025-07-08T15:54:00,ACC00273,ACC00023,16818.75,IMPS,Delhi,Delhi,True,67,7.72
TXN200016,CMP-1008,2025-07-08T17:16:00,ACC00023,ACC00014,15782.29,Wallet,Bengaluru,Karnataka,True,88,4.16
TXN200017,CMP-1008,2025-07-08T18:24:00,ACC00014,ACC00080,16653.91,Card,Kanpur,Uttar Pradesh,True,67,5.84
TXN200018,CMP-1009,2025-01-14T16:42:00,ACC00135,ACC00081,5038.03,UPI,Kanpur,Uttar Pradesh,True,85,4.2
TXN200019,CMP-1009,2025-01-14T17:19:00,ACC00081,ACC00045,4663.62,IMPS,Delhi,Delhi,True,84,11.73
TXN200020,CMP-1009,2025-01-14T18:12:00,ACC00045,ACC00099,4652.17,RTGS,Lucknow,Uttar Pradesh,True,49,10.72
TXN200021,CMP-1010,2025-09-17T13:19:00,ACC00292,ACC00043,431.99,UPI,Delhi,Delhi,True,84,7.18
TXN200022,CMP-1010,2025-09-17T14:19:00,ACC00043,ACC00059,524.23,Wallet,Delhi,Delhi,True,93,3.67
TXN200023,CMP-1010,2025-09-17T14:42:00,ACC00059,ACC00097,390.68,Wallet,Lucknow,Uttar Pradesh,True,87,6.13
TXN200024,CMP-1012,2025-04-20T19:48:00,ACC00486,ACC00086,17239.33,UPI,Bengaluru,Karnataka,True,83,5.3
TXN200025,CMP-1012,2025-04-20T20:58:00,ACC00086,ACC00013,18121.78,NEFT,Mumbai,Maharashtra,True,78,8.3
TXN200026,CMP-1012,2025-04-20T21:08:00,ACC00013,ACC00021,16221.05,RTGS,Kanpur,Uttar Pradesh,True,78,10.43
TXN200027,CMP-1012,2025-04-20T22:25:00,ACC00021,ACC00080,14695.25,RTGS,Hyderabad,Telangana,True,86,10.06
TXN200028,CMP-1013,2025-06-17T15:33:00,ACC00348,ACC00053,12196.97,IMPS,Jaipur,Rajasthan,True,78,11.83
TXN200029,CMP-1013,2025-06-17T16:34:00,ACC00053,ACC00064,11206.6,NEFT,Mumbai,Maharashtra,True,69,9.75
TXN200030,CMP-1013,2025-06-17T16:43:00,ACC00064,ACC00094,8705.24,UPI,Bengaluru,Karnataka,True,91,9.0
TXN200031,CMP-1013,2025-06-17T16:56:00,ACC00094,ACC00012,7041.13,Card,Patna,Bihar,True,79,4.26
TXN200032,CMP-1014,2025-05-06T22:18:00,ACC00320,ACC00086,260.98,Card,Jaipur,Rajasthan,True,83,7.51
TXN200033,CMP-1014,2025-05-06T23:11:00,ACC00086,ACC00031,188.68,NEFT,Mumbai,Maharashtra,True,72,11.44
TXN200034,CMP-1015,2025-04-16T14:02:00,ACC00123,ACC00076,4273.11,NEFT,Patna,Bihar,True,59,5.29
TXN200035,CMP-1015,2025-04-16T15:00:00,ACC00076,ACC00034,3498.55,NEFT,Bengaluru,Karnataka,True,99,9.49
TXN200036,CMP-1016,2025-06-22T17:58:00,ACC00492,ACC00032,209.62,Wallet,Patna,Bihar,True,83,8.24
TXN200037,CMP-1016,2025-06-22T19:01:00,ACC00032,ACC00097,221.71,IMPS,Mumbai,Maharashtra,True,77,9.55
TXN200038,CMP-1017,2025-08-16T10:39:00,ACC00482,ACC00016,6069.7,Wallet,Jaipur,Rajasthan,True,82,6.57
TXN200039,CMP-1017,2025-08-16T10:54:00,ACC00016,ACC00053,4868.81,UPI,Hyderabad,Telangana,True,62,3.99
TXN200040,CMP-1017,2025-08-16T12:23:00,ACC00053,ACC00059,5599.3,IMPS,Lucknow,Uttar Pradesh,True,83,6.97
TXN200041,CMP-1018,2025-01-01T04:27:00,ACC00136,ACC00094,8886.76,NEFT,Jaipur,Rajasthan,True,86,9.44
TXN200042,CMP-1018,2025-01-01T05:30:00,ACC00094,ACC00066,6645.27,Card,Mumbai,Maharashtra,True,83,9.24
TXN200043,CMP-1018,2025-01-01T06:00:00,ACC00066,ACC00008,7938.85,Card,Lucknow,Uttar Pradesh,True,80,8.58
TXN200044,CMP-1018,2025-01-01T06:34:00,ACC00008,ACC00010,6272.79,Card,Lucknow,Uttar Pradesh,True,71,8.42
TXN200045,CMP-1019,2025-01-19T00:32:00,ACC00260,ACC00073,4172.33,UPI,Kanpur,Uttar Pradesh,True,90,3.64
TXN200046,CMP-1019,2025-01-19T01:34:00,ACC00073,ACC00083,3542.46,Card,Patna,Bihar,True,85,11.55
TXN200047,CMP-1019,2025-01-19T02:04:00,ACC00083,ACC00019,2669.23,RTGS,Kanpur,Uttar Pradesh,True,86,6.89
TXN200048,CMP-1019,2025-01-19T03:14:00,ACC00019,ACC00074,2884.73,RTGS,Jaipur,Rajasthan,True,73,8.59
TXN200049,CMP-1020,2025-05-31T06:09:00,ACC00307,ACC00041,1557.8,Wallet,Mumbai,Maharashtra,True,73,3.13
TXN200050,CMP-1020,2025-05-31T07:18:00,ACC00041,ACC00001,1341.0,RTGS,Patna,Bihar,True,73,11.06
TXN200051,CMP-1020,2025-05-31T08:11:00,ACC00001,ACC00035,1358.91,Card,Bengaluru,Karnataka,True,88,10.49
TXN200052,CMP-1021,2025-03-29T13:23:00,ACC00145,ACC00013,417.3,RTGS,Jaipur,Rajasthan,True,79,3.02
TXN200053,CMP-1021,2025-03-29T14:51:00,ACC00013,ACC00080,562.61,RTGS,Patna,Bihar,True,78,3.5
TXN200054,CMP-1021,2025-03-29T15:18:00,ACC00080,ACC00084,531.2,IMPS,Kanpur,Uttar Pradesh,True,92,4.77
TXN200055,CMP-1021,2025-03-29T16:43:00,ACC00084,ACC00057,375.46,UPI,Lucknow,Uttar Pradesh,True,82,8.52
TXN200056,CMP-1023,2025-08-25T02:03:00,ACC00361,ACC00067,2501.95,RTGS,Mumbai,Maharashtra,True,65,7.69
TXN200057,CMP-1023,2025-08-25T02:47:00,ACC00067,ACC00042,2267.2,Wallet,Kanpur,Uttar Pradesh,True,88,10.36
TXN200058,CMP-1023,2025-08-25T03:35:00,ACC00042,ACC00049,2740.41,IMPS,Delhi,Delhi,True,61,3.97
TXN200059,CMP-1023,2025-08-25T04:15:00,ACC00049,ACC00093,2561.59,Wallet,Kanpur,Uttar Pradesh,True,81,9.6
TXN200060,CMP-1024,2025-02-02T22:12:00,ACC00220,ACC00032,1644.49,IMPS,Lucknow,Uttar Pradesh,True,92,4.48
TXN200061,CMP-1024,2025-02-02T22:27:00,ACC00032,ACC00044,1693.39,UPI,Kanpur,Uttar Pradesh,True,77,5.06
TXN200062,CMP-1024,2025-02-02T23:15:00,ACC00044,ACC00097,1455.01,IMPS,Kanpur,Uttar Pradesh,True,67,6.82
TXN200063,CMP-1024,2025-02-02T23:49:00,ACC00097,ACC00082,1440.28,RTGS,Patna,Bihar,True,99,3.06
TXN200064,CMP-1027,2025-04-15T20:24:00,ACC00177,ACC00060,6267.94,NEFT,Kanpur,Uttar Pradesh,True,76,10.98
TXN200065,CMP-1027,2025-04-15T20:52:00,ACC00060,ACC00014,6367.08,RTGS,Jaipur,Rajasthan,True,77,10.71
TXN200066,CMP-1027,2025-04-15T21:38:00,ACC00014,ACC00094,6132.54,UPI,Lucknow,Uttar Pradesh,True,93,3.7
TXN200067,CMP-1027,2025-04-15T22:31:00,ACC00094,ACC00007,5559.0,RTGS,Delhi,Delhi,True,86,7.04
TXN200068,CMP-1028,2025-02-01T01:45:00,ACC00280,ACC00039,2819.65,RTGS,Lucknow,Uttar Pradesh,True,66,5.44
TXN200069,CMP-1028,2025-02-01T01:50:00,ACC00039,ACC00038,1950.68,Card,Jaipur,Rajasthan,True,90,6.15
TXN200070,CMP-1028,2025-02-01T02:52:00,ACC00038,ACC00074,2024.32,IMPS,Bengaluru,Karnataka,True,73,7.12
TXN200071,CMP-1029,2025-09-06T19:13:00,ACC00246,ACC00011,7920.9,RTGS,Mumbai,Maharashtra,True,88,11.42
TXN200072,CMP-1029,2025-09-06T19:33:00,ACC00011,ACC00039,4980.47,RTGS,Patna,Bihar,True,81,10.25
TXN200073,CMP-1029,2025-09-06T19:44:00,ACC00039,ACC00037,5971.63,Wallet,Bengaluru,Karnataka,True,77,9.11
TXN200074,CMP-1030,2025-02-26T13:10:00,ACC00397,ACC00094,8077.39,Wallet,Bengaluru,Karnataka,True,78,11.9
TXN200075,CMP-1030,2025-02-26T13:44:00,ACC00094,ACC00041,5867.98,NEFT,Hyderabad,Telangana,True,65,9.61
TXN200076,CMP-1031,2025-03-09T13:11:00,ACC00264,ACC00064,3976.28,RTGS,Patna,Bihar,True,81,5.35
TXN200077,CMP-1031,2025-03-09T13:23:00,ACC00064,ACC00018,4234.85,Card,Delhi,Delhi,True,98,6.77
TXN200078,CMP-1033,2025-01-10T22:22:00,ACC00462,ACC00056,2752.02,Card,Mumbai,Maharashtra,True,81,3.49
TXN200079,CMP-1033,2025-01-10T22:28:00,ACC00056,ACC00007,2671.29,Card,Bengaluru,Karnataka,True,88,8.92
TXN200080,CMP-1035,2025-08-10T00:25:00,ACC00423,ACC00008,6067.93,RTGS,Patna,Bihar,True,86,7.35
TXN200081,CMP-1035,2025-08-10T00:35:00,ACC00008,ACC00010,6737.85,Wallet,Patna,Bihar,True,92,11.85
TXN200082,CMP-1035,2025-08-10T01:22:00,ACC00010,ACC00048,5120.21,NEFT,Hyderabad,Telangana,True,72,8.24
TXN200083,CMP-1036,2025-07-11T06:30:00,ACC00245,ACC00084,2321.67,Card,Patna,Bihar,True,76,8.71
TXN200084,CMP-1036,2025-07-11T07:08:00,ACC00084,ACC00054,3353.12,IMPS,Mumbai,Maharashtra,True,89,10.32
TXN200085,CMP-1036,2025-07-11T08:13:00,ACC00054,ACC00056,2411.36,Wallet,Mumbai,Maharashtra,True,83,11.19
TXN200086,CMP-1036,2025-07-11T08:20:00,ACC00056,ACC00089,2796.96,Card,Hyderabad,Telangana,True,69,5.49
TXN200087,CMP-1037,2025-05-19T23:43:00,ACC00141,ACC00018,3715.48,Wallet,Delhi,Delhi,True,88,4.55
TXN200088,CMP-1037,2025-05-20T01:09:00,ACC00018,ACC00091,3315.64,RTGS,Bengaluru,Karnataka,True,82,9.46
TXN200089,CMP-1038,2025-08-24T14:01:00,ACC00166,ACC00010,6443.86,RTGS,Mumbai,Maharashtra,True,83,3.17
TXN200090,CMP-1038,2025-08-24T14:59:00,ACC00010,ACC00061,6489.3,Wallet,Jaipur,Rajasthan,True,81,7.73
TXN200091,CMP-1038,2025-08-24T15:20:00,ACC00061,ACC00004,7161.09,UPI,Patna,Bihar,True,68,9.72
TXN200092,CMP-1039,2025-08-13T17:34:00,ACC00165,ACC00094,12450.84,NEFT,Kanpur,Uttar Pradesh,True,75,3.62
TXN200093,CMP-1039,2025-08-13T18:28:00,ACC00094,ACC00015,12857.03,UPI,Mumbai,Maharashtra,True,80,9.65
TXN200094,CMP-1040,2025-03-05T03:09:00,ACC00360,ACC00046,2492.64,NEFT,Jaipur,Rajasthan,True,75,3.5
TXN200095,CMP-1040,2025-03-05T04:31:00,ACC00046,ACC00048,2388.2,NEFT,Kanpur,Uttar Pradesh,True,69,7.57
TXN200096,CMP-1041,2025-03-04T22:29:00,ACC00198,ACC00017,6303.18,IMPS,Patna,Bihar,True,78,11.14
TXN200097,CMP-1041,2025-03-04T22:34:00,ACC00017,ACC00003,5377.98,UPI,Kanpur,Uttar Pradesh,True,72,9.47
TXN200098,CMP-1041,2025-03-04T22:57:00,ACC00003,ACC00019,4392.13,NEFT,Bengaluru,Karnataka,True,82,10.49
TXN200099,CMP-1042,2025-02-19T21:44:00,ACC00438,ACC00098,3616.85,Card,Lucknow,Uttar Pradesh,True,87,11.41
TXN200100,CMP-1042,2025-02-19T22:27:00,ACC00098,ACC00094,2944.49,UPI,Jaipur,Rajasthan,True,82,11.37
TXN200101,CMP-1043,2025-08-17T00:43:00,ACC00183,ACC00088,1796.85,Card,Hyderabad,Telangana,True,79,5.72
TXN200102,CMP-1043,2025-08-17T02:00:00,ACC00088,ACC00005,2426.25,Wallet,Kanpur,Uttar Pradesh,True,73,11.39
TXN200103,CMP-1044,2025-08-25T00:15:00,ACC00122,ACC00086,20219.63,Card,Mumbai,Maharashtra,True,76,3.25
TXN200104,CMP-1044,2025-08-25T01:13:00,ACC00086,ACC00057,22570.44,IMPS,Hyderabad,Telangana,True,89,6.87
TXN200105,CMP-1044,2025-08-25T01:44:00,ACC00057,ACC00043,23811.16,Card,Hyderabad,Telangana,True,78,11.68
TXN200106,CMP-1044,2025-08-25T03:11:00,ACC00043,ACC00048,14577.89,IMPS,Jaipur,Rajasthan,True,61,6.71
TXN200107,CMP-1045,2025-03-09T04:13:00,ACC00485,ACC00057,2910.69,RTGS,Patna,Bihar,True,66,3.22
TXN200108,CMP-1045,2025-03-09T05:03:00,ACC00057,ACC00080,3409.95,Card,Bengaluru,Karnataka,True,75,10.2
TXN200109,CMP-1046,2025-05-26T03:16:00,ACC00199,ACC00073,3168.73,UPI,Hyderabad,Telangana,True,72,3.37
TXN200110,CMP-1046,2025-05-26T04:20:00,ACC00073,ACC00043,2604.17,RTGS,Kanpur,Uttar Pradesh,True,77,5.42
TXN200111,CMP-1046,2025-05-26T05:49:00,ACC00043,ACC00069,3209.42,RTGS,Delhi,Delhi,True,83,6.67
TXN200112,CMP-1047,2025-03-15T01:21:00,ACC00357,ACC00020,14831.56,UPI,Kanpur,Uttar Pradesh,True,71,4.21
TXN200113,CMP-1047,2025-03-15T01:35:00,ACC00020,ACC00091,15565.9,Wallet,Delhi,Delhi,True,74,4.25
TXN200114,CMP-1048,2025-04-12T04:11:00,ACC00126,ACC00047,9580.92,Wallet,Lucknow,Uttar Pradesh,True,80,9.2
TXN200115,CMP-1048,2025-04-12T04:45:00,ACC00047,ACC00072,7423.81,Wallet,Bengaluru,Karnataka,True,82,10.32
TXN200116,CMP-1048,2025-04-12T06:12:00,ACC00072,ACC00010,6921.24,Card,Lucknow,Uttar Pradesh,True,65,11.47
TXN200117,CMP-1048,2025-04-12T06:32:00,ACC00010,ACC00024,8204.42,UPI,Mumbai,Maharashtra,True,82,6.39
TXN200118,CMP-1049,2025-02-15T18:50:00,ACC00245,ACC00020,8720.11,IMPS,Bengaluru,Karnataka,True,79,5.32
TXN200119,CMP-1049,2025-02-15T19:54:00,ACC00020,ACC00036,6535.78,RTGS,Hyderabad,Telangana,True,63,3.45
TXN200120,CMP-1051,2025-06-04T10:26:00,ACC00127,ACC00047,15719.45,Wallet,Jaipur,Rajasthan,True,90,9.42
TXN200121,CMP-1051,2025-06-04T11:40:00,ACC00047,ACC00069,13647.82,Card,Lucknow,Uttar Pradesh,True,72,4.13
TXN200122,CMP-1052,2025-03-07T00:32:00,ACC00114,ACC00012,3848.72,Card,Mumbai,Maharashtra,True,86,7.83
TXN200123,CMP-1052,2025-03-07T01:50:00,ACC00012,ACC00002,2798.02,Card,Lucknow,Uttar Pradesh,True,82,8.47
TXN200124,CMP-1052,2025-03-07T02:59:00,ACC00002,ACC00044,3225.34,Wallet,Jaipur,Rajasthan,True,73,5.4
TXN200125,CMP-1053,2025-09-03T02:07:00,ACC00119,ACC00060,3478.58,UPI,Delhi,Delhi,True,86,8.6
TXN200126,CMP-1053,2025-09-03T02:56:00,ACC00060,ACC00032,4376.48,Wallet,Mumbai,Maharashtra,True,84,10.34
TXN200127,CMP-1053,2025-09-03T03:23:00,ACC00032,ACC00011,3538.73,NEFT,Mumbai,Maharashtra,True,78,3.01
TXN200128,CMP-1054,2025-08-03T07:43:00,ACC00329,ACC00010,5203.09,UPI,Mumbai,Maharashtra,True,80,3.14
TXN200129,CMP-1054,2025-08-03T08:40:00,ACC00010,ACC00033,7420.25,NEFT,Patna,Bihar,True,74,11.13
TXN200130,CMP-1055,2025-03-01T03:28:00,ACC00156,ACC00030,458.93,NEFT,Mumbai,Maharashtra,True,82,9.87
TXN200131,CMP-1055,2025-03-01T04:41:00,ACC00030,ACC00021,456.75,UPI,Lucknow,Uttar Pradesh,True,69,6.76
TXN200132,CMP-1055,2025-03-01T05:24:00,ACC00021,ACC00007,538.06,NEFT,Patna,Bihar,True,78,8.23
TXN200133,CMP-1055,2025-03-01T05:35:00,ACC00007,ACC00079,381.48,UPI,Jaipur,Rajasthan,True,66,7.27
TXN200134,CMP-1056,2025-03-25T17:49:00,ACC00427,ACC00058,1676.03,NEFT,Kanpur,Uttar Pradesh,True,66,10.17
TXN200135,CMP-1056,2025-03-25T18:22:00,ACC00058,ACC00052,1763.31,Card,Delhi,Delhi,True,80,6.05
TXN200136,CMP-1057,2025-08-14T17:54:00,ACC00423,ACC00030,1267.43,IMPS,Bengaluru,Karnataka,True,73,9.53
TXN200137,CMP-1057,2025-08-14T19:17:00,ACC00030,ACC00025,1196.73,Card,Patna,Bihar,True,99,8.44
TXN200138,CMP-1058,2025-05-22T04:28:00,ACC00414,ACC00073,3593.62,UPI,Jaipur,Rajasthan,True,92,3.96
TXN200139,CMP-1058,2025-05-22T05:39:00,ACC00073,ACC00034,2604.47,Card,Patna,Bihar,True,86,7.03
TXN200140,CMP-1061,2025-01-01T15:19:00,ACC00282,ACC00044,718.32,UPI,Patna,Bihar,True,69,3.74
TXN200141,CMP-1061,2025-01-01T15:49:00,ACC00044,ACC00062,825.2,RTGS,Bengaluru,Karnataka,True,71,5.96
TXN200142,CMP-1062,2025-05-26T05:47:00,ACC00168,ACC00069,5583.39,Wallet,Delhi,Delhi,True,74,9.58
TXN200143,CMP-1062,2025-05-26T05:58:00,ACC00069,ACC00034,6439.74,IMPS,Mumbai,Maharashtra,True,61,5.14
TXN200144,CMP-1063,2025-03-26T15:06:00,ACC00456,ACC00023,6338.87,Card,Delhi,Delhi,True,79,11.25
TXN200145,CMP-1063,2025-03-26T16:00:00,ACC00023,ACC00073,4946.93,RTGS,Bengaluru,Karnataka,True,70,10.36
TXN200146,CMP-1063,2025-03-26T17:14:00,ACC00073,ACC00053,4684.75,IMPS,Jaipur,Rajasthan,True,85,4.7
TXN200147,CMP-1064,2025-02-08T11:28:00,ACC00118,ACC00005,1216.18,Card,Hyderabad,Telangana,True,75,7.67
TXN200148,CMP-1064,2025-02-08T11:43:00,ACC00005,ACC00022,1361.04,UPI,Lucknow,Uttar Pradesh,True,76,9.61
TXN200149,CMP-1064,2025-02-08T12:15:00,ACC00022,ACC00032,994.39,Card,Kanpur,Uttar Pradesh,True,79,4.15
TXN200150,CMP-1064,2025-02-08T12:58:00,ACC00032,ACC00069,965.83,RTGS,Mumbai,Maharashtra,True,88,9.56
TXN200151,CMP-1065,2025-09-11T17:49:00,ACC00363,ACC00069,12547.54,Card,Kanpur,Uttar Pradesh,True,90,3.99
TXN200152,CMP-1065,2025-09-11T19:07:00,ACC00069,ACC00007,14662.77,Wallet,Kanpur,Uttar Pradesh,True,76,9.55
TXN200153,CMP-1066,2025-09-05T21:14:00,ACC00246,ACC00099,11136.33,IMPS,Kanpur,Uttar Pradesh,True,82,9.0
TXN200154,CMP-1066,2025-09-05T21:35:00,ACC00099,ACC00048,9412.72,UPI,Mumbai,Maharashtra,True,77,8.59
TXN200155,CMP-1066,2025-09-05T22:34:00,ACC00048,ACC00044,10806.49,RTGS,Delhi,Delhi,True,81,4.01
TXN200156,CMP-1066,2025-09-05T23:19:00,ACC00044,ACC00080,11558.04,NEFT,Delhi,Delhi,True,91,9.66
TXN200157,CMP-1067,2025-02-07T02:15:00,ACC00288,ACC00051,2978.09,IMPS,Kanpur,Uttar Pradesh,True,79,3.86
TXN200158,CMP-1067,2025-02-07T03:44:00,ACC00051,ACC00090,2178.56,Card,Bengaluru,Karnataka,True,76,9.05
TXN200159,CMP-1067,2025-02-07T04:03:00,ACC00090,ACC00015,2719.71,Wallet,Jaipur,Rajasthan,True,69,7.55
TXN200160,CMP-1068,2025-05-06T06:08:00,ACC00354,ACC00047,17134.46,RTGS,Hyderabad,Telangana,True,86,8.99
TXN200161,CMP-1068,2025-05-06T06:54:00,ACC00047,ACC00043,15885.55,NEFT,Bengaluru,Karnataka,True,85,3.14
TXN200162,CMP-1068,2025-05-06T07:04:00,ACC00043,ACC00082,12434.3,RTGS,Jaipur,Rajasthan,True,83,4.84
TXN200163,CMP-1068,2025-05-06T07:57:00,ACC00082,ACC00033,13065.95,NEFT,Bengaluru,Karnataka,True,62,5.72
TXN200164,CMP-1069,2025-09-02T01:36:00,ACC00472,ACC00055,9932.98,UPI,Mumbai,Maharashtra,True,76,10.97
TXN200165,CMP-1069,2025-09-02T01:41:00,ACC00055,ACC00077,13313.46,RTGS,Lucknow,Uttar Pradesh,True,92,8.15
TXN200166,CMP-1069,2025-09-02T02:29:00,ACC00077,ACC00042,10832.56,Wallet,Hyderabad,Telangana,True,70,3.99
TXN200167,CMP-1070,2025-01-22T19:38:00,ACC00264,ACC00041,732.77,RTGS,Mumbai,Maharashtra,True,72,3.14
TXN200168,CMP-1070,2025-01-22T20:04:00,ACC00041,ACC00001,653.93,Card,Hyderabad,Telangana,True,77,3.91
TXN200169,CMP-1071,2025-09-12T04:21:00,ACC00185,ACC00044,12834.4,RTGS,Delhi,Delhi,True,70,3.02
TXN200170,CMP-1071,2025-09-12T05:44:00,ACC00044,ACC00069,8143.09,Wallet,Lucknow,Uttar Pradesh,True,83,11.6
TXN200171,CMP-1071,2025-09-12T06:40:00,ACC00069,ACC00010,7482.59,RTGS,Hyderabad,Telangana,True,62,11.05
TXN200172,CMP-1072,2025-01-11T17:10:00,ACC00240,ACC00007,5726.97,Wallet,Jaipur,Rajasthan,True,81,7.35
TXN200173,CMP-1072,2025-01-11T17:41:00,ACC00007,ACC00016,5177.44,Card,Mumbai,Maharashtra,True,83,9.14
TXN200174,CMP-1072,2025-01-11T18:06:00,ACC00016,ACC00046,5232.88,RTGS,Lucknow,Uttar Pradesh,True,86,3.94
TXN200175,CMP-1072,2025-01-11T18:33:00,ACC00046,ACC00049,4214.51,UPI,Hyderabad,Telangana,True,68,8.09
TXN200176,CMP-1073,2025-06-10T15:13:00,ACC00115,ACC00077,5421.91,UPI,Bengaluru,Karnataka,True,62,3.43
TXN200177,CMP-1073,2025-06-10T15:32:00,ACC00077,ACC00024,6661.88,RTGS,Lucknow,Uttar Pradesh,True,80,3.63
TXN200178,CMP-1073,2025-06-10T16:18:00,ACC00024,ACC00056,4086.55,NEFT,Jaipur,Rajasthan,True,57,7.51
TXN200179,CMP-1074,2025-09-04T15:37:00,ACC00134,ACC00082,8170.14,Wallet,Kanpur,Uttar Pradesh,True,69,4.43
TXN200180,CMP-1074,2025-09-04T16:15:00,ACC00082,ACC00011,6898.43,RTGS,Bengaluru,Karnataka,True,61,4.94
TXN200181,CMP-1075,2025-05-06T15:23:00,ACC00409,ACC00057,45029.87,NEFT,Lucknow,Uttar Pradesh,True,68,7.5
TXN200182,CMP-1075,2025-05-06T15:43:00,ACC00057,ACC00064,30426.88,NEFT,Hyderabad,Telangana,True,76,3.82
TXN200183,CMP-1076,2025-07-23T11:52:00,ACC00393,ACC00046,28631.66,UPI,Bengaluru,Karnataka,True,72,5.58
TXN200184,CMP-1076,2025-07-23T12:30:00,ACC00046,ACC00091,18364.73,RTGS,Patna,Bihar,True,76,11.26
TXN200185,CMP-1076,2025-07-23T13:32:00,ACC00091,ACC00078,27493.2,UPI,Kanpur,Uttar Pradesh,True,99,10.95
TXN200186,CMP-1076,2025-07-23T13:53:00,ACC00078,ACC00026,21072.45,Wallet,Hyderabad,Telangana,True,53,11.13
TXN200187,CMP-1077,2025-06-04T15:09:00,ACC00113,ACC00063,60026.76,IMPS,Mumbai,Maharashtra,True,91,6.07
TXN200188,CMP-1077,2025-06-04T15:52:00,ACC00063,ACC00071,56695.86,UPI,Mumbai,Maharashtra,True,92,11.65
TXN200189,CMP-1078,2025-03-27T12:10:00,ACC00496,ACC00057,7532.83,Wallet,Bengaluru,Karnataka,True,81,8.46
TXN200190,CMP-1078,2025-03-27T13:23:00,ACC00057,ACC00008,6875.24,Wallet,Kanpur,Uttar Pradesh,True,91,3.56
TXN200191,CMP-1078,2025-03-27T14:00:00,ACC00008,ACC00016,6416.22,IMPS,Lucknow,Uttar Pradesh,True,80,4.27
TXN200192,CMP-1078,2025-03-27T14:12:00,ACC00016,ACC00033,5769.16,RTGS,Kanpur,Uttar Pradesh,True,70,9.7
TXN200193,CMP-1079,2025-04-23T02:26:00,ACC00202,ACC00009,988.92,Card,Lucknow,Uttar Pradesh,True,69,11.93
TXN200194,CMP-1079,2025-04-23T03:28:00,ACC00009,ACC00072,940.71,NEFT,Patna,Bihar,True,90,6.35
TXN200195,CMP-1079,2025-04-23T03:34:00,ACC00072,ACC00059,901.32,Card,Kanpur,Uttar Pradesh,True,69,3.2
TXN200196,CMP-1079,2025-04-23T04:27:00,ACC00059,ACC00000,792.03,UPI,Hyderabad,Telangana,True,84,3.12
TXN200197,CMP-1080,2025-05-22T11:35:00,ACC00441,ACC00008,3283.25,UPI,Bengaluru,Karnataka,True,79,10.64
TXN200198,CMP-1080,2025-05-22T12:41:00,ACC00008,ACC00047,2762.95,UPI,Kanpur,Uttar Pradesh,True,90,6.08
TXN200199,CMP-1080,2025-05-22T13:02:00,ACC00047,ACC00067,2986.9,Card,Hyderabad,Telangana,True,82,5.83
TXN200200,CMP-1081,2025-02-27T11:05:00,ACC00464,ACC00089,6065.0,IMPS,Jaipur,Rajasthan,True,74,3.69
TXN200201,CMP-1081,2025-02-27T11:46:00,ACC00089,ACC00000,6076.87,UPI,Lucknow,Uttar Pradesh,True,91,9.02
TXN200202,CMP-1081,2025-02-27T13:05:00,ACC00000,ACC00050,5292.09,RTGS,Bengaluru,Karnataka,True,68,11.81
TXN200203,CMP-1083,2025-06-13T17:37:00,ACC00383,ACC00059,3517.52,IMPS,Mumbai,Maharashtra,True,94,6.79
TXN200204,CMP-1083,2025-06-13T18:58:00,ACC00059,ACC00054,4076.79,NEFT,Kanpur,Uttar Pradesh,True,75,3.95
TXN200205,CMP-1083,2025-06-13T20:00:00,ACC00054,ACC00009,3858.79,UPI,Delhi,Delhi,True,81,10.25
TXN200206,CMP-1083,2025-06-13T20:40:00,ACC00009,ACC00031,3798.44,UPI,Hyderabad,Telangana,True,81,5.41
TXN200207,CMP-1084,2025-05-22T13:29:00,ACC00133,ACC00091,2071.76,RTGS,Jaipur,Rajasthan,True,84,3.09
TXN200208,CMP-1084,2025-05-22T14:11:00,ACC00091,ACC00003,2291.78,NEFT,Bengaluru,Karnataka,True,74,11.6
TXN200209,CMP-1084,2025-05-22T15:34:00,ACC00003,ACC00075,2066.04,UPI,Hyderabad,Telangana,True,99,4.88
TXN200210,CMP-1085,2025-04-13T14:26:00,ACC00394,ACC00040,18418.73,UPI,Jaipur,Rajasthan,True,86,8.69
TXN200211,CMP-1085,2025-04-13T15:13:00,ACC00040,ACC00044,12422.48,Wallet,Bengaluru,Karnataka,True,67,11.24
TXN200212,CMP-1087,2025-04-10T11:56:00,ACC00321,ACC00007,2401.16,Wallet,Hyderabad,Telangana,True,84,7.73
TXN200213,CMP-1087,2025-04-10T13:02:00,ACC00007,ACC00077,2208.31,UPI,Hyderabad,Telangana,True,85,11.53
TXN200214,CMP-1088,2025-07-21T09:59:00,ACC00184,ACC00090,27835.55,UPI,Patna,Bihar,True,70,9.6
TXN200215,CMP-1088,2025-07-21T10:47:00,ACC00090,ACC00015,27582.9,NEFT,Delhi,Delhi,True,77,5.39
TXN200216,CMP-1088,2025-07-21T11:47:00,ACC00015,ACC00010,23707.72,IMPS,Lucknow,Uttar Pradesh,True,92,8.7
TXN200217,CMP-1088,2025-07-21T12:03:00,ACC00010,ACC00007,20051.97,Card,Lucknow,Uttar Pradesh,True,78,8.05
TXN200218,CMP-1089,2025-04-07T13:23:00,ACC00228,ACC00070,1709.14,Card,Delhi,Delhi,True,91,7.94
TXN200219,CMP-1089,2025-04-07T14:35:00,ACC00070,ACC00079,1753.61,UPI,Lucknow,Uttar Pradesh,True,82,11.64
TXN200220,CMP-1089,2025-04-07T14:42:00,ACC00079,ACC00081,1559.05,Wallet,Lucknow,Uttar Pradesh,True,99,5.69
TXN200221,CMP-1090,2025-04-24T03:08:00,ACC00357,ACC00075,19436.57,UPI,Patna,Bihar,True,77,4.85
TXN200222,CMP-1090,2025-04-24T03:39:00,ACC00075,ACC00048,25402.93,IMPS,Lucknow,Uttar Pradesh,True,77,9.97
TXN200223,CMP-1090,2025-04-24T04:46:00,ACC00048,ACC00051,23420.94,Card,Patna,Bihar,True,89,5.42
TXN200224,CMP-1091,2025-05-31T15:13:00,ACC00388,ACC00003,5647.81,Wallet,Delhi,Delhi,True,62,6.49
TXN200225,CMP-1091,2025-05-31T16:24:00,ACC00003,ACC00055,4881.53,NEFT,Lucknow,Uttar Pradesh,True,71,4.63
TXN200226,CMP-1091,2025-05-31T17:10:00,ACC00055,ACC00080,3805.57,Card,Jaipur,Rajasthan,True,88,8.56
TXN200227,CMP-1092,2025-03-23T10:01:00,ACC00492,ACC00079,23794.25,Wallet,Delhi,Delhi,True,83,11.59
TXN200228,CMP-1092,2025-03-23T11:06:00,ACC00079,ACC00024,21539.77,Wallet,Bengaluru,Karnataka,True,86,8.91
TXN200229,CMP-1092,2025-03-23T11:27:00,ACC00024,ACC00013,19652.08,Wallet,Mumbai,Maharashtra,True,68,12.0
TXN200230,CMP-1092,2025-03-23T11:56:00,ACC00013,ACC00001,23718.61,RTGS,Kanpur,Uttar Pradesh,True,99,3.45
TXN200231,CMP-1094,2025-04-25T07:13:00,ACC00137,ACC00020,25701.31,RTGS,Hyderabad,Telangana,True,73,7.49
TXN200232,CMP-1094,2025-04-25T08:19:00,ACC00020,ACC00054,27732.53,IMPS,Bengaluru,Karnataka,True,81,9.17
TXN200233,CMP-1094,2025-04-25T09:47:00,ACC00054,ACC00062,33135.21,IMPS,Lucknow,Uttar Pradesh,True,79,10.95
TXN200234,CMP-1095,2025-02-07T11:04:00,ACC00274,ACC00040,8426.74,NEFT,Patna,Bihar,True,86,6.21
TXN200235,CMP-1095,2025-02-07T11:31:00,ACC00040,ACC00016,8345.08,Wallet,Jaipur,Rajasthan,True,77,9.54
TXN200236,CMP-1096,2025-03-07T09:12:00,ACC00304,ACC00047,18235.71,IMPS,Mumbai,Maharashtra,True,65,8.85
TXN200237,CMP-1096,2025-03-07T10:21:00,ACC00047,ACC00075,18094.51,Card,Kanpur,Uttar Pradesh,True,88,7.86
TXN200238,CMP-1096,2025-03-07T11:19:00,ACC00075,ACC00070,15406.86,Wallet,Jaipur,Rajasthan,True,89,6.65
TXN200239,CMP-1097,2025-04-03T13:27:00,ACC00338,ACC00057,6840.43,Wallet,Mumbai,Maharashtra,True,92,5.42
TXN200240,CMP-1097,2025-04-03T13:45:00,ACC00057,ACC00047,7218.33,UPI,Bengaluru,Karnataka,True,79,3.59
TXN200241,CMP-1097,2025-04-03T14:50:00,ACC00047,ACC00001,6831.24,Wallet,Lucknow,Uttar Pradesh,True,89,6.5
TXN200242,CMP-1099,2025-01-09T23:39:00,ACC00197,ACC00063,2245.55,IMPS,Bengaluru,Karnataka,True,78,7.72
TXN200243,CMP-1099,2025-01-10T01:05:00,ACC00063,ACC00044,2712.77,UPI,Jaipur,Rajasthan,True,67,11.85
TXN200244,CMP-1099,2025-01-10T01:57:00,ACC00044,ACC00025,2234.52,IMPS,Hyderabad,Telangana,True,89,6.14
TXN200245,CMP-1100,2025-01-14T16:23:00,ACC00354,ACC00050,1663.58,RTGS,Jaipur,Rajasthan,True,83,10.87
TXN200246,CMP-1100,2025-01-14T17:31:00,ACC00050,ACC00089,1609.98,Wallet,Jaipur,Rajasthan,True,89,7.83
TXN200247,CMP-1100,2025-01-14T18:38:00,ACC00089,ACC00060,1893.75,Wallet,Kanpur,Uttar Pradesh,True,80,7.25
TXN200248,CMP-1100,2025-01-14T20:00:00,ACC00060,ACC00077,1895.61,Card,Jaipur,Rajasthan,True,82,9.62
TXN200249,CMP-1101,2025-01-24T02:11:00,ACC00124,ACC00063,23549.69,Card,Lucknow,Uttar Pradesh,True,75,10.73
TXN200250,CMP-1101,2025-01-24T02:43:00,ACC00063,ACC00013,21173.56,Card,Bengaluru,Karnataka,True,77,11.33
TXN200251,CMP-1102,2025-04-14T12:18:00,ACC00155,ACC00033,696.49,IMPS,Bengaluru,Karnataka,True,88,3.55
TXN200252,CMP-1102,2025-04-14T13:45:00,ACC00033,ACC00082,687.43,Card,Bengaluru,Karnataka,True,94,6.03
TXN200253,CMP-1103,2025-05-16T08:49:00,ACC00305,ACC00071,1434.99,RTGS,Jaipur,Rajasthan,True,68,9.27
TXN200254,CMP-1103,2025-05-16T09:57:00,ACC00071,ACC00061,1251.11,RTGS,Patna,Bihar,True,87,5.86
TXN200255,CMP-1104,2025-02-04T03:46:00,ACC00297,ACC00097,3707.09,IMPS,Lucknow,Uttar Pradesh,True,86,5.33
TXN200256,CMP-1104,2025-02-04T04:41:00,ACC00097,ACC00051,4134.51,NEFT,Lucknow,Uttar Pradesh,True,76,6.63
TXN200257,CMP-1106,2025-03-03T00:02:00,ACC00486,ACC00077,7942.33,UPI,Delhi,Delhi,True,83,10.37
TXN200258,CMP-1106,2025-03-03T00:35:00,ACC00077,ACC00045,9925.78,IMPS,Kanpur,Uttar Pradesh,True,71,7.95
TXN200259,CMP-1107,2025-09-12T08:43:00,ACC00119,ACC00042,3966.22,Wallet,Jaipur,Rajasthan,True,78,8.73
TXN200260,CMP-1107,2025-09-12T10:06:00,ACC00042,ACC00024,4514.77,UPI,Lucknow,Uttar Pradesh,True,74,8.96
TXN200261,CMP-1107,2025-09-12T11:28:00,ACC00024,ACC00081,5065.18,IMPS,Bengaluru,Karnataka,True,60,7.52
TXN200262,CMP-1110,2025-02-11T15:06:00,ACC00462,ACC00060,8322.17,NEFT,Mumbai,Maharashtra,True,72,5.25
TXN200263,CMP-1110,2025-02-11T15:41:00,ACC00060,ACC00022,7590.22,NEFT,Bengaluru,Karnataka,True,76,9.26
TXN200264,CMP-1110,2025-02-11T16:19:00,ACC00022,ACC00028,10178.52,IMPS,Bengaluru,Karnataka,True,99,3.26
TXN200265,CMP-1111,2025-09-16T19:10:00,ACC00313,ACC00092,3373.6,NEFT,Delhi,Delhi,True,86,7.02
TXN200266,CMP-1111,2025-09-16T19:33:00,ACC00092,ACC00022,2749.38,UPI,Mumbai,Maharashtra,True,80,7.27
TXN200267,CMP-1113,2025-08-17T07:26:00,ACC00398,ACC00067,3065.67,NEFT,Bengaluru,Karnataka,True,73,11.1
TXN200268,CMP-1113,2025-08-17T07:38:00,ACC00067,ACC00084,2683.23,NEFT,Hyderabad,Telangana,True,85,3.51
TXN200269,CMP-1113,2025-08-17T08:40:00,ACC00084,ACC00014,2491.05,IMPS,Jaipur,Rajasthan,True,64,8.97
TXN200270,CMP-1114,2025-03-19T15:22:00,ACC00448,ACC00073,11771.73,Wallet,Patna,Bihar,True,98,7.72
TXN200271,CMP-1114,2025-03-19T16:22:00,ACC00073,ACC00085,14019.01,RTGS,Delhi,Delhi,True,77,9.9
TXN200272,CMP-1114,2025-03-19T17:30:00,ACC00085,ACC00021,11571.9,UPI,Mumbai,Maharashtra,True,74,10.36
TXN200273,CMP-1115,2025-06-08T13:51:00,ACC00325,ACC00019,11906.24,IMPS,Patna,Bihar,True,79,11.53
TXN200274,CMP-1115,2025-06-08T14:47:00,ACC00019,ACC00025,8461.09,RTGS,Jaipur,Rajasthan,True,72,6.66
TXN200275,CMP-1116,2025-06-05T14:02:00,ACC00476,ACC00090,2392.41,RTGS,Bengaluru,Karnataka,True,74,8.42
TXN200276,CMP-1116,2025-06-05T14:49:00,ACC00090,ACC00076,2354.42,UPI,Bengaluru,Karnataka,True,82,9.52
TXN200277,CMP-1116,2025-06-05T15:10:00,ACC00076,ACC00054,2996.16,Wallet,Kanpur,Uttar Pradesh,True,77,6.88
TXN200278,CMP-1117,2025-06-02T04:39:00,ACC00439,ACC00048,14891.93,IMPS,Lucknow,Uttar Pradesh,True,66,8.27
TXN200279,CMP-1117,2025-06-02T05:28:00,ACC00048,ACC00041,12466.54,RTGS,Kanpur,Uttar Pradesh,True,84,3.59
TXN200280,CMP-1118,2025-05-11T13:35:00,ACC00379,ACC00098,721.8,Wallet,Hyderabad,Telangana,True,96,6.49
TXN200281,CMP-1118,2025-05-11T14:47:00,ACC00098,ACC00065,552.48,IMPS,Delhi,Delhi,True,78,3.66
TXN200282,CMP-1120,2025-07-06T13:12:00,ACC00460,ACC00090,2546.24,UPI,Mumbai,Maharashtra,True,86,8.82
TXN200283,CMP-1120,2025-07-06T14:31:00,ACC00090,ACC00084,2164.64,Wallet,Patna,Bihar,True,99,10.48
TXN200284,CMP-1120,2025-07-06T15:20:00,ACC00084,ACC00078,3093.25,RTGS,Jaipur,Rajasthan,True,92,3.39
TXN200285,CMP-1121,2025-08-22T01:27:00,ACC00247,ACC00086,5136.32,IMPS,Jaipur,Rajasthan,True,80,9.77
TXN200286,CMP-1121,2025-08-22T02:17:00,ACC00086,ACC00066,4004.46,RTGS,Jaipur,Rajasthan,True,76,5.68
TXN200287,CMP-1121,2025-08-22T03:19:00,ACC00066,ACC00059,3504.2,Wallet,Hyderabad,Telangana,True,76,10.19
TXN200288,CMP-1122,2025-04-09T04:29:00,ACC00248,ACC00091,738.88,Wallet,Patna,Bihar,True,93,7.34
TXN200289,CMP-1122,2025-04-09T05:35:00,ACC00091,ACC00063,739.8,RTGS,Lucknow,Uttar Pradesh,True,64,8.49
TXN200290,CMP-1122,2025-04-09T05:42:00,ACC00063,ACC00060,590.89,IMPS,Bengaluru,Karnataka,True,70,5.04
TXN200291,CMP-1122,2025-04-09T06:21:00,ACC00060,ACC00034,855.77,IMPS,Hyderabad,Telangana,True,71,10.19
TXN200292,CMP-1123,2025-02-13T14:24:00,ACC00482,ACC00025,33652.12,IMPS,Kanpur,Uttar Pradesh,True,71,7.48
TXN200293,CMP-1123,2025-02-13T15:06:00,ACC00025,ACC00051,30531.72,Card,Patna,Bihar,True,69,4.17
TXN200294,CMP-1124,2025-08-30T12:44:00,ACC00170,ACC00094,1593.5,Wallet,Delhi,Delhi,True,88,10.98
TXN200295,CMP-1124,2025-08-30T14:04:00,ACC00094,ACC00020,1631.64,IMPS,Delhi,Delhi,True,93,3.32
TXN200296,CMP-1124,2025-08-30T14:10:00,ACC00020,ACC00047,1436.96,NEFT,Hyderabad,Telangana,True,83,10.72
TXN200297,CMP-1124,2025-08-30T14:55:00,ACC00047,ACC00032,1047.47,Wallet,Jaipur,Rajasthan,True,68,3.1
TXN200298,CMP-1125,2025-07-06T10:01:00,ACC00426,ACC00012,1300.78,UPI,Hyderabad,Telangana,True,77,4.6
TXN200299,CMP-1125,2025-07-06T11:21:00,ACC00012,ACC00075,1108.42,Wallet,Jaipur,Rajasthan,True,87,4.29
TXN200300,CMP-1128,2025-01-23T19:59:00,ACC00373,ACC00004,7464.49,Card,Patna,Bihar,True,86,9.64
TXN200301,CMP-1128,2025-01-23T21:18:00,ACC00004,ACC00058,5964.16,NEFT,Hyderabad,Telangana,True,80,9.73
TXN200302,CMP-1128,2025-01-23T22:12:00,ACC00058,ACC00060,5046.09,NEFT,Kanpur,Uttar Pradesh,True,69,11.67
TXN200303,CMP-1130,2025-06-04T19:19:00,ACC00119,ACC00072,1014.75,Card,Bengaluru,Karnataka,True,72,11.24
TXN200304,CMP-1130,2025-06-04T20:14:00,ACC00072,ACC00003,1201.19,NEFT,Delhi,Delhi,True,79,3.58
TXN200305,CMP-1130,2025-06-04T21:41:00,ACC00003,ACC00022,1123.74,NEFT,Delhi,Delhi,True,99,8.04
TXN200306,CMP-1131,2025-04-04T21:27:00,ACC00428,ACC00063,4878.07,Wallet,Delhi,Delhi,True,84,7.6
TXN200307,CMP-1131,2025-04-04T22:40:00,ACC00063,ACC00065,4148.94,NEFT,Bengaluru,Karnataka,True,75,8.43
TXN200308,CMP-1131,2025-04-04T22:46:00,ACC00065,ACC00066,4619.94,UPI,Delhi,Delhi,True,83,8.29
TXN200309,CMP-1132,2025-03-08T07:16:00,ACC00239,ACC00014,7888.36,UPI,Bengaluru,Karnataka,True,64,7.97
TXN200310,CMP-1132,2025-03-08T07:55:00,ACC00014,ACC00047,8842.34,NEFT,Bengaluru,Karnataka,True,86,11.47
TXN200311,CMP-1133,2025-06-24T20:18:00,ACC00467,ACC00094,2098.95,RTGS,Kanpur,Uttar Pradesh,True,71,6.69
TXN200312,CMP-1133,2025-06-24T20:32:00,ACC00094,ACC00042,2124.99,IMPS,Mumbai,Maharashtra,True,76,5.34
TXN200313,CMP-1133,2025-06-24T20:58:00,ACC00042,ACC00032,2298.16,RTGS,Kanpur,Uttar Pradesh,True,98,4.69
TXN200314,CMP-1133,2025-06-24T21:34:00,ACC00032,ACC00038,1815.59,UPI,Kanpur,Uttar Pradesh,True,91,10.1
TXN200315,CMP-1134,2025-04-21T04:14:00,ACC00189,ACC00081,7991.7,Card,Lucknow,Uttar Pradesh,True,67,10.42
TXN200316,CMP-1134,2025-04-21T04:27:00,ACC00081,ACC00044,5042.54,Card,Mumbai,Maharashtra,True,82,9.0
TXN200317,CMP-1134,2025-04-21T05:40:00,ACC00044,ACC00051,6141.14,Card,Bengaluru,Karnataka,True,87,3.49
TXN200318,CMP-1135,2025-05-03T12:55:00,ACC00144,ACC00012,2377.18,RTGS,Bengaluru,Karnataka,True,80,10.2
TXN200319,CMP-1135,2025-05-03T14:19:00,ACC00012,ACC00093,2236.9,Card,Bengaluru,Karnataka,True,69,9.73
TXN200320,CMP-1136,2025-03-01T05:26:00,ACC00227,ACC00049,801.41,Card,Hyderabad,Telangana,True,80,10.68
TXN200321,CMP-1136,2025-03-01T06:03:00,ACC00049,ACC00076,786.13,NEFT,Delhi,Delhi,True,67,11.42
TXN200322,CMP-1136,2025-03-01T06:17:00,ACC00076,ACC00071,887.31,NEFT,Bengaluru,Karnataka,True,64,5.6
TXN200323,CMP-1136,2025-03-01T07:11:00,ACC00071,ACC00097,822.08,Card,Patna,Bihar,True,80,9.47
TXN200324,CMP-1137,2025-06-14T01:33:00,ACC00398,ACC00001,2720.7,Card,Lucknow,Uttar Pradesh,True,96,5.79
TXN200325,CMP-1137,2025-06-14T02:21:00,ACC00001,ACC00057,2154.89,NEFT,Mumbai,Maharashtra,True,60,10.7
TXN200326,CMP-1138,2025-06-05T17:03:00,ACC00131,ACC00059,510.46,UPI,Hyderabad,Telangana,True,68,3.97
TXN200327,CMP-1138,2025-06-05T17:51:00,ACC00059,ACC00016,517.89,RTGS,Jaipur,Rajasthan,True,65,11.93
TXN200328,CMP-1138,2025-06-05T18:15:00,ACC00016,ACC00039,523.48,NEFT,Bengaluru,Karnataka,True,94,10.33
TXN200329,CMP-1138,2025-06-05T18:39:00,ACC00039,ACC00095,369.92,Card,Patna,Bihar,True,68,9.44
TXN200330,CMP-1139,2025-07-08T00:17:00,ACC00453,ACC00037,10713.57,RTGS,Kanpur,Uttar Pradesh,True,69,6.85
TXN200331,CMP-1139,2025-07-08T01:24:00,ACC00037,ACC00097,10720.83,NEFT,Lucknow,Uttar Pradesh,True,78,5.96
TXN200332,CMP-1139,2025-07-08T01:44:00,ACC00097,ACC00052,11088.78,Wallet,Lucknow,Uttar Pradesh,True,61,9.34
TXN200333,CMP-1139,2025-07-08T01:51:00,ACC00052,ACC00098,8355.67,IMPS,Mumbai,Maharashtra,True,91,3.68
TXN200334,CMP-1140,2025-06-06T08:05:00,ACC00344,ACC00095,5492.46,Wallet,Patna,Bihar,True,81,3.96
TXN200335,CMP-1140,2025-06-06T09:21:00,ACC00095,ACC00072,4341.04,Card,Bengaluru,Karnataka,True,48,8.93
TXN200336,CMP-1140,2025-06-06T10:36:00,ACC00072,ACC00080,4692.83,Card,Delhi,Delhi,True,94,7.35
TXN200337,CMP-1141,2025-03-10T15:14:00,ACC00487,ACC00085,523.05,UPI,Jaipur,Rajasthan,True,62,10.21
TXN200338,CMP-1141,2025-03-10T16:16:00,ACC00085,ACC00049,712.02,Wallet,Hyderabad,Telangana,True,99,8.66
TXN200339,CMP-1141,2025-03-10T17:25:00,ACC00049,ACC00024,655.23,RTGS,Kanpur,Uttar Pradesh,True,88,6.21
TXN200340,CMP-1141,2025-03-10T18:02:00,ACC00024,ACC00060,661.7,UPI,Mumbai,Maharashtra,True,73,3.63
TXN200341,CMP-1142,2025-04-06T08:09:00,ACC00369,ACC00090,1475.52,Wallet,Mumbai,Maharashtra,True,93,8.84
TXN200342,CMP-1142,2025-04-06T09:11:00,ACC00090,ACC00086,1196.43,UPI,Hyderabad,Telangana,True,73,3.89
TXN200343,CMP-1144,2025-03-12T15:14:00,ACC00366,ACC00087,1330.45,IMPS,Delhi,Delhi,True,99,4.55
TXN200344,CMP-1144,2025-03-12T15:51:00,ACC00087,ACC00023,982.74,Card,Kanpur,Uttar Pradesh,True,86,9.5
TXN200345,CMP-1145,2025-04-29T05:18:00,ACC00361,ACC00007,3479.05,NEFT,Delhi,Delhi,True,73,7.6
TXN200346,CMP-1145,2025-04-29T06:11:00,ACC00007,ACC00030,2952.77,Card,Lucknow,Uttar Pradesh,True,79,9.81
TXN200347,CMP-1146,2025-04-05T23:30:00,ACC00388,ACC00059,464.06,IMPS,Jaipur,Rajasthan,True,86,7.84
TXN200348,CMP-1146,2025-04-05T23:47:00,ACC00059,ACC00067,468.08,Card,Patna,Bihar,True,76,11.76
TXN200349,CMP-1146,2025-04-06T00:59:00,ACC00067,ACC00001,361.73,IMPS,Delhi,Delhi,True,79,11.18
TXN200350,CMP-1147,2025-05-31T03:20:00,ACC00302,ACC00000,4575.59,Card,Hyderabad,Telangana,True,71,6.72
TXN200351,CMP-1147,2025-05-31T03:49:00,ACC00000,ACC00069,3891.27,RTGS,Delhi,Delhi,True,97,7.58
TXN200352,CMP-1148,2025-07-16T05:21:00,ACC00316,ACC00008,796.66,IMPS,Kanpur,Uttar Pradesh,True,72,6.73
TXN200353,CMP-1148,2025-07-16T05:35:00,ACC00008,ACC00027,531.03,Card,Hyderabad,Telangana,True,89,8.19
TXN200354,CMP-1148,2025-07-16T06:04:00,ACC00027,ACC00017,540.79,IMPS,Kanpur,Uttar Pradesh,True,83,6.41
TXN200355,CMP-1149,2025-08-02T00:35:00,ACC00116,ACC00023,243.34,RTGS,Hyderabad,Telangana,True,98,9.05
TXN200356,CMP-1149,2025-08-02T01:09:00,ACC00023,ACC00026,260.12,NEFT,Bengaluru,Karnataka,True,80,7.25
TXN200357,CMP-1149,2025-08-02T02:28:00,ACC00026,ACC00065,215.74,UPI,Mumbai,Maharashtra,True,89,10.24
TXN200358,CMP-1149,2025-08-02T03:41:00,ACC00065,ACC00092,245.88,Card,Delhi,Delhi,True,76,9.24
TXN200359,CMP-1151,2025-06-24T02:18:00,ACC00160,ACC00068,10985.94,Wallet,Jaipur,Rajasthan,True,98,6.64
TXN200360,CMP-1151,2025-06-24T03:32:00,ACC00068,ACC00078,7833.73,Wallet,Hyderabad,Telangana,True,76,8.95
TXN200361,CMP-1151,2025-06-24T04:10:00,ACC00078,ACC00031,8079.73,Card,Hyderabad,Telangana,True,64,9.21
TXN200362,CMP-1152,2025-08-13T15:16:00,ACC00101,ACC00038,799.98,NEFT,Hyderabad,Telangana,True,68,9.08
TXN200363,CMP-1152,2025-08-13T15:42:00,ACC00038,ACC00005,737.97,NEFT,Kanpur,Uttar Pradesh,True,95,4.5
TXN200364,CMP-1152,2025-08-13T15:48:00,ACC00005,ACC00095,724.29,Card,Mumbai,Maharashtra,True,87,11.12
TXN200365,CMP-1152,2025-08-13T15:59:00,ACC00095,ACC00011,1046.09,Card,Bengaluru,Karnataka,True,71,5.05
TXN200366,CMP-1153,2025-01-17T03:17:00,ACC00217,ACC00044,1961.63,RTGS,Patna,Bihar,True,90,6.62
TXN200367,CMP-1153,2025-01-17T03:28:00,ACC00044,ACC00080,1903.82,Card,Patna,Bihar,True,73,8.55
TXN200368,CMP-1154,2025-04-10T08:59:00,ACC00116,ACC00053,3984.81,UPI,Patna,Bihar,True,87,10.77
TXN200369,CMP-1154,2025-04-10T10:21:00,ACC00053,ACC00023,4792.82,RTGS,Lucknow,Uttar Pradesh,True,75,4.38
TXN200370,CMP-1154,2025-04-10T11:16:00,ACC00023,ACC00090,3738.53,IMPS,Mumbai,Maharashtra,True,86,3.16
TXN200371,CMP-1154,2025-04-10T12:40:00,ACC00090,ACC00073,2901.44,NEFT,Kanpur,Uttar Pradesh,True,86,9.19
TXN200372,CMP-1155,2025-08-03T06:16:00,ACC00134,ACC00004,6093.98,RTGS,Bengaluru,Karnataka,True,86,10.46
TXN200373,CMP-1155,2025-08-03T06:46:00,ACC00004,ACC00009,5918.16,Card,Patna,Bihar,True,89,5.46
TXN200374,CMP-1155,2025-08-03T07:29:00,ACC00009,ACC00090,5922.16,Wallet,Delhi,Delhi,True,79,6.64
TXN200375,CMP-1155,2025-08-03T08:13:00,ACC00090,ACC00093,4332.32,NEFT,Delhi,Delhi,True,99,5.55
TXN200376,CMP-1156,2025-05-30T13:43:00,ACC00305,ACC00069,3632.87,NEFT,Patna,Bihar,True,70,6.49
TXN200377,CMP-1156,2025-05-30T14:08:00,ACC00069,ACC00064,4503.71,Card,Mumbai,Maharashtra,True,78,7.7
TXN200378,CMP-1157,2025-04-14T12:26:00,ACC00219,ACC00093,18506.5,UPI,Hyderabad,Telangana,True,80,7.14
TXN200379,CMP-1157,2025-04-14T12:56:00,ACC00093,ACC00026,14678.61,UPI,Delhi,Delhi,True,61,8.31
TXN200380,CMP-1157,2025-04-14T13:04:00,ACC00026,ACC00064,22061.6,RTGS,Hyderabad,Telangana,True,82,7.34
TXN200381,CMP-1158,2025-05-19T18:09:00,ACC00221,ACC00018,2504.42,Card,Bengaluru,Karnataka,True,68,3.39
TXN200382,CMP-1158,2025-05-19T19:25:00,ACC00018,ACC00044,2634.01,Card,Lucknow,Uttar Pradesh,True,68,5.48
TXN200383,CMP-1158,2025-05-19T20:52:00,ACC00044,ACC00096,2170.19,UPI,Kanpur,Uttar Pradesh,True,78,11.98
TXN200384,CMP-1159,2025-08-01T08:01:00,ACC00253,ACC00071,8443.85,IMPS,Jaipur,Rajasthan,True,60,11.72
TXN200385,CMP-1159,2025-08-01T09:07:00,ACC00071,ACC00091,6969.24,RTGS,Hyderabad,Telangana,True,71,3.95
TXN200386,CMP-1160,2025-05-30T12:11:00,ACC00384,ACC00044,9504.48,UPI,Bengaluru,Karnataka,True,84,5.94
TXN200387,CMP-1160,2025-05-30T12:16:00,ACC00044,ACC00060,10932.83,RTGS,Hyderabad,Telangana,True,79,4.02
TXN200388,CMP-1160,2025-05-30T13:27:00,ACC00060,ACC00008,9963.14,IMPS,Hyderabad,Telangana,True,95,3.74
TXN200389,CMP-1161,2025-02-06T22:10:00,ACC00456,ACC00019,1739.24,UPI,Delhi,Delhi,True,85,7.31
TXN200390,CMP-1161,2025-02-06T23:32:00,ACC00019,ACC00021,2142.35,IMPS,Kanpur,Uttar Pradesh,True,73,7.74
TXN200391,CMP-1161,2025-02-07T00:41:00,ACC00021,ACC00022,1559.35,UPI,Patna,Bihar,True,88,11.26
TXN200392,CMP-1162,2025-09-05T20:00:00,ACC00223,ACC00038,1560.46,RTGS,Lucknow,Uttar Pradesh,True,87,8.14
TXN200393,CMP-1162,2025-09-05T20:08:00,ACC00038,ACC00009,1605.33,RTGS,Kanpur,Uttar Pradesh,True,80,8.63
TXN200394,CMP-1163,2025-05-05T12:11:00,ACC00387,ACC00053,3086.13,NEFT,Mumbai,Maharashtra,True,89,8.9
TXN200395,CMP-1163,2025-05-05T12:36:00,ACC00053,ACC00057,2939.19,IMPS,Lucknow,Uttar Pradesh,True,82,10.38
TXN200396,CMP-1164,2025-07-21T02:32:00,ACC00230,ACC00082,8669.63,RTGS,Lucknow,Uttar Pradesh,True,99,5.59
TXN200397,CMP-1164,2025-07-21T03:39:00,ACC00082,ACC00068,6055.91,RTGS,Delhi,Delhi,True,51,10.78
TXN200398,CMP-1164,2025-07-21T04:35:00,ACC00068,ACC00027,7688.58,Card,Kanpur,Uttar Pradesh,True,79,4.19
TXN200399,CMP-1164,2025-07-21T05:44:00,ACC00027,ACC00056,6275.75,Card,Lucknow,Uttar Pradesh,True,74,11.14
TXN200400,CMP-1165,2025-08-16T07:13:00,ACC00374,ACC00024,3759.39,Card,Bengaluru,Karnataka,True,90,3.91
TXN200401,CMP-1165,2025-08-16T08:39:00,ACC00024,ACC00000,4141.46,IMPS,Jaipur,Rajasthan,True,63,7.1
TXN200402,CMP-1165,2025-08-16T10:07:00,ACC00000,ACC00006,3101.33,IMPS,Bengaluru,Karnataka,True,70,5.83
TXN200403,CMP-1165,2025-08-16T10:53:00,ACC00006,ACC00099,3558.08,UPI,Lucknow,Uttar Pradesh,True,77,7.24
TXN200404,CMP-1166,2025-04-05T09:26:00,ACC00137,ACC00097,1045.61,NEFT,Bengaluru,Karnataka,True,77,4.02
TXN200405,CMP-1166,2025-04-05T10:35:00,ACC00097,ACC00003,937.94,RTGS,Delhi,Delhi,True,76,10.29
TXN200406,CMP-1166,2025-04-05T10:59:00,ACC00003,ACC00001,791.35,IMPS,Delhi,Delhi,True,85,5.39
TXN200407,CMP-1168,2025-03-19T11:07:00,ACC00479,ACC00096,1853.16,Card,Delhi,Delhi,True,79,10.87
TXN200408,CMP-1168,2025-03-19T11:49:00,ACC00096,ACC00021,1870.98,NEFT,Jaipur,Rajasthan,True,61,6.78
TXN200409,CMP-1168,2025-03-19T13:14:00,ACC00021,ACC00092,1892.83,Wallet,Bengaluru,Karnataka,True,77,10.85
TXN200410,CMP-1168,2025-03-19T13:28:00,ACC00092,ACC00005,1253.04,Wallet,Bengaluru,Karnataka,True,81,3.1
TXN200411,CMP-1170,2025-03-01T05:51:00,ACC00373,ACC00039,2408.46,IMPS,Bengaluru,Karnataka,True,84,6.95
TXN200412,CMP-1170,2025-03-01T06:17:00,ACC00039,ACC00051,2197.04,UPI,Jaipur,Rajasthan,True,80,7.92
TXN200413,CMP-1170,2025-03-01T07:10:00,ACC00051,ACC00055,1677.89,NEFT,Mumbai,Maharashtra,True,86,8.05
TXN200414,CMP-1170,2025-03-01T07:46:00,ACC00055,ACC00015,1459.97,UPI,Patna,Bihar,True,76,9.26
TXN200415,CMP-1171,2025-06-20T20:18:00,ACC00150,ACC00092,11140.68,IMPS,Hyderabad,Telangana,True,96,11.71
TXN200416,CMP-1171,2025-06-20T21:33:00,ACC00092,ACC00040,7646.14,IMPS,Delhi,Delhi,True,88,7.32
TXN200417,CMP-1171,2025-06-20T22:23:00,ACC00040,ACC00001,7882.72,RTGS,Kanpur,Uttar Pradesh,True,92,5.9
TXN200418,CMP-1171,2025-06-20T23:46:00,ACC00001,ACC00049,9481.87,RTGS,Jaipur,Rajasthan,True,77,6.55
TXN200419,CMP-1172,2025-04-16T15:26:00,ACC00260,ACC00072,7047.99,IMPS,Patna,Bihar,True,89,11.85
TXN200420,CMP-1172,2025-04-16T16:05:00,ACC00072,ACC00008,5083.24,NEFT,Hyderabad,Telangana,True,74,9.7
TXN200421,CMP-1174,2025-03-06T03:11:00,ACC00268,ACC00072,13677.32,Wallet,Mumbai,Maharashtra,True,89,7.03
TXN200422,CMP-1174,2025-03-06T03:26:00,ACC00072,ACC00092,13817.22,NEFT,Delhi,Delhi,True,78,4.33
TXN200423,CMP-1175,2025-06-01T16:07:00,ACC00231,ACC00062,5081.99,Card,Mumbai,Maharashtra,True,95,8.94
TXN200424,CMP-1175,2025-06-01T17:36:00,ACC00062,ACC00041,6542.05,NEFT,Mumbai,Maharashtra,True,76,3.45
TXN200425,CMP-1175,2025-06-01T17:49:00,ACC00041,ACC00081,6856.78,RTGS,Jaipur,Rajasthan,True,82,7.75
TXN200426,CMP-1175,2025-06-01T19:12:00,ACC00081,ACC00090,6718.94,RTGS,Hyderabad,Telangana,True,82,7.99
TXN200427,CMP-1176,2025-03-26T20:33:00,ACC00475,ACC00021,1237.28,UPI,Hyderabad,Telangana,True,81,7.93
TXN200428,CMP-1176,2025-03-26T21:27:00,ACC00021,ACC00043,1150.22,Card,Bengaluru,Karnataka,True,74,8.88
TXN200429,CMP-1178,2025-06-17T11:34:00,ACC00491,ACC00017,2165.87,IMPS,Lucknow,Uttar Pradesh,True,65,10.21
TXN200430,CMP-1178,2025-06-17T12:10:00,ACC00017,ACC00076,1836.12,Wallet,Delhi,Delhi,True,89,3.65
TXN200431,CMP-1178,2025-06-17T12:36:00,ACC00076,ACC00091,1791.93,NEFT,Bengaluru,Karnataka,True,69,7.32
TXN200432,CMP-1178,2025-06-17T13:18:00,ACC00091,ACC00001,1755.92,RTGS,Patna,Bihar,True,76,5.38
TXN200433,CMP-1179,2025-02-03T20:05:00,ACC00104,ACC00058,9173.09,UPI,Lucknow,Uttar Pradesh,True,70,11.75
TXN200434,CMP-1179,2025-02-03T20:37:00,ACC00058,ACC00080,9525.24,IMPS,Jaipur,Rajasthan,True,82,5.09
TXN200435,CMP-1180,2025-07-30T14:56:00,ACC00437,ACC00000,2597.63,IMPS,Patna,Bihar,True,85,4.87
TXN200436,CMP-1180,2025-07-30T15:57:00,ACC00000,ACC00038,2304.85,IMPS,Lucknow,Uttar Pradesh,True,87,3.88
TXN200437,CMP-1180,2025-07-30T16:50:00,ACC00038,ACC00026,2588.35,IMPS,Hyderabad,Telangana,True,92,4.7
TXN200438,CMP-1181,2025-09-06T03:34:00,ACC00371,ACC00068,5070.35,NEFT,Lucknow,Uttar Pradesh,True,80,4.15
TXN200439,CMP-1181,2025-09-06T03:49:00,ACC00068,ACC00042,5324.85,Wallet,Patna,Bihar,True,83,9.08
TXN200440,CMP-1181,2025-09-06T04:48:00,ACC00042,ACC00017,3781.1,RTGS,Kanpur,Uttar Pradesh,True,94,4.46
TXN200441,CMP-1181,2025-09-06T06:16:00,ACC00017,ACC00035,3799.36,UPI,Bengaluru,Karnataka,True,85,9.11
TXN200442,CMP-1182,2025-09-03T20:05:00,ACC00191,ACC00012,2696.32,IMPS,Lucknow,Uttar Pradesh,True,71,5.43
TXN200443,CMP-1182,2025-09-03T21:05:00,ACC00012,ACC00043,2812.75,RTGS,Bengaluru,Karnataka,True,72,4.75
TXN200444,CMP-1182,2025-09-03T22:22:00,ACC00043,ACC00044,2869.55,RTGS,Bengaluru,Karnataka,True,84,3.95
TXN200445,CMP-1182,2025-09-03T23:25:00,ACC00044,ACC00032,2763.18,Wallet,Patna,Bihar,True,62,5.68
TXN200446,CMP-1183,2025-08-30T06:27:00,ACC00281,ACC00050,6169.35,RTGS,Lucknow,Uttar Pradesh,True,73,6.26
TXN200447,CMP-1183,2025-08-30T06:53:00,ACC00050,ACC00041,7618.24,UPI,Hyderabad,Telangana,True,95,9.15
TXN200448,CMP-1183,2025-08-30T08:09:00,ACC00041,ACC00023,6983.02,UPI,Bengaluru,Karnataka,True,80,8.57
TXN200449,CMP-1183,2025-08-30T08:38:00,ACC00023,ACC00057,7623.34,UPI,Mumbai,Maharashtra,True,93,3.22
TXN200450,CMP-1184,2025-05-09T09:11:00,ACC00456,ACC00087,620.38,UPI,Mumbai,Maharashtra,True,71,8.3
TXN200451,CMP-1184,2025-05-09T10:03:00,ACC00087,ACC00016,775.45,Wallet,Bengaluru,Karnataka,True,68,10.31
TXN200452,CMP-1185,2025-08-20T10:58:00,ACC00147,ACC00048,3103.3,UPI,Patna,Bihar,True,90,7.22
TXN200453,CMP-1185,2025-08-20T11:45:00,ACC00048,ACC00065,3701.54,RTGS,Hyderabad,Telangana,True,59,7.62
TXN200454,CMP-1186,2025-01-13T00:11:00,ACC00459,ACC00063,7423.75,IMPS,Bengaluru,Karnataka,True,79,6.9
TXN200455,CMP-1186,2025-01-13T00:46:00,ACC00063,ACC00021,8889.75,Card,Mumbai,Maharashtra,True,87,5.74
TXN200456,CMP-1186,2025-01-13T01:16:00,ACC00021,ACC00093,7305.06,Wallet,Bengaluru,Karnataka,True,84,4.05
TXN200457,CMP-1190,2025-01-22T12:57:00,ACC00485,ACC00050,4495.56,Card,Bengaluru,Karnataka,True,70,4.69
TXN200458,CMP-1190,2025-01-22T13:49:00,ACC00050,ACC00036,4492.73,NEFT,Hyderabad,Telangana,True,84,9.61
TXN200459,CMP-1190,2025-01-22T13:58:00,ACC00036,ACC00074,5011.17,UPI,Jaipur,Rajasthan,True,74,9.33
TXN200460,CMP-1191,2025-03-01T23:41:00,ACC00390,ACC00049,1688.52,Card,Hyderabad,Telangana,True,74,10.59
TXN200461,CMP-1191,2025-03-02T00:30:00,ACC00049,ACC00048,1641.27,Card,Patna,Bihar,True,77,3.05
TXN200462,CMP-1191,2025-03-02T01:39:00,ACC00048,ACC00021,1625.02,IMPS,Hyderabad,Telangana,True,95,9.95
TXN200463,CMP-1192,2025-01-20T00:16:00,ACC00486,ACC00088,12268.55,Card,Patna,Bihar,True,75,4.51
TXN200464,CMP-1192,2025-01-20T01:36:00,ACC00088,ACC00098,10305.16,UPI,Kanpur,Uttar Pradesh,True,84,9.09
TXN200465,CMP-1193,2025-03-25T03:47:00,ACC00127,ACC00029,1023.41,RTGS,Mumbai,Maharashtra,True,83,5.62
TXN200466,CMP-1193,2025-03-25T03:55:00,ACC00029,ACC00069,1433.55,NEFT,Patna,Bihar,True,90,8.02
TXN200467,CMP-1193,2025-03-25T05:13:00,ACC00069,ACC00019,1332.89,Card,Kanpur,Uttar Pradesh,True,69,10.5
TXN200468,CMP-1193,2025-03-25T05:46:00,ACC00019,ACC00071,1010.65,Card,Kanpur,Uttar Pradesh,True,90,3.18
TXN200469,CMP-1194,2025-05-07T22:54:00,ACC00496,ACC00081,55887.44,Card,Delhi,Delhi,True,81,10.68
TXN200470,CMP-1194,2025-05-07T22:59:00,ACC00081,ACC00071,40135.3,NEFT,Mumbai,Maharashtra,True,68,3.49
TXN200471,CMP-1194,2025-05-08T00:05:00,ACC00071,ACC00077,38563.0,RTGS,Hyderabad,Telangana,True,85,9.45
TXN200472,CMP-1195,2025-02-10T02:14:00,ACC00282,ACC00048,5919.45,IMPS,Lucknow,Uttar Pradesh,True,76,10.95
TXN200473,CMP-1195,2025-02-10T03:38:00,ACC00048,ACC00019,5433.4,UPI,Jaipur,Rajasthan,True,74,9.24
TXN200474,CMP-1196,2025-01-25T09:23:00,ACC00143,ACC00037,368.2,Card,Jaipur,Rajasthan,True,72,7.53
TXN200475,CMP-1196,2025-01-25T10:41:00,ACC00037,ACC00052,406.46,Card,Hyderabad,Telangana,True,84,6.64
TXN200476,CMP-1196,2025-01-25T11:09:00,ACC00052,ACC00054,364.21,NEFT,Delhi,Delhi,True,80,5.03
TXN200477,CMP-1197,2025-02-12T07:02:00,ACC00178,ACC00081,4267.45,Card,Mumbai,Maharashtra,True,66,10.95
TXN200478,CMP-1197,2025-02-12T07:26:00,ACC00081,ACC00004,4623.5,IMPS,Patna,Bihar,True,82,11.65
TXN200479,CMP-1197,2025-02-12T08:36:00,ACC00004,ACC00015,4433.69,NEFT,Jaipur,Rajasthan,True,96,6.04
TXN200480,CMP-1198,2025-05-09T01:11:00,ACC00154,ACC00039,7969.62,RTGS,Jaipur,Rajasthan,True,83,9.49
TXN200481,CMP-1198,2025-05-09T02:11:00,ACC00039,ACC00091,10076.91,RTGS,Lucknow,Uttar Pradesh,True,86,11.38
TXN200482,CMP-1198,2025-05-09T02:39:00,ACC00091,ACC00063,9198.93,RTGS,Patna,Bihar,True,88,6.85
TXN200483,CMP-1198,2025-05-09T03:07:00,ACC00063,ACC00082,7201.86,Card,Bengaluru,Karnataka,True,78,10.52
TXN200484,CMP-1199,2025-03-09T13:46:00,ACC00144,ACC00057,768.83,UPI,Jaipur,Rajasthan,True,68,4.76
TXN200485,CMP-1199,2025-03-09T15:01:00,ACC00057,ACC00062,1083.29,RTGS,Lucknow,Uttar Pradesh,True,83,5.63
TXN200486,CMP-1200,2025-09-12T17:40:00,ACC00113,ACC00070,1020.98,NEFT,Hyderabad,Telangana,True,84,11.65
TXN200487,CMP-1200,2025-09-12T18:24:00,ACC00070,ACC00086,774.66,RTGS,Mumbai,Maharashtra,True,71,11.48
TXN200488,CMP-1200,2025-09-12T19:17:00,ACC00086,ACC00083,848.64,NEFT,Bengaluru,Karnataka,True,82,10.7
TXN200489,CMP-1200,2025-09-12T20:07:00,ACC00083,ACC00018,725.38,Wallet,Mumbai,Maharashtra,True,64,9.08
TXN200490,CMP-1201,2025-01-15T07:53:00,ACC00106,ACC00049,1753.53,UPI,Patna,Bihar,True,82,3.26
TXN200491,CMP-1201,2025-01-15T08:51:00,ACC00049,ACC00014,1363.84,Card,Delhi,Delhi,True,63,5.63
TXN200492,CMP-1202,2025-05-21T18:15:00,ACC00450,ACC00017,4878.49,Card,Kanpur,Uttar Pradesh,True,68,9.6
TXN200493,CMP-1202,2025-05-21T18:27:00,ACC00017,ACC00025,6310.36,RTGS,Kanpur,Uttar Pradesh,True,69,8.6
TXN200494,CMP-1202,2025-05-21T19:07:00,ACC00025,ACC00055,4373.88,Wallet,Patna,Bihar,True,90,11.39
TXN200495,CMP-1202,2025-05-21T19:53:00,ACC00055,ACC00022,5112.19,Wallet,Kanpur,Uttar Pradesh,True,94,9.61
TXN200496,CMP-1203,2025-01-25T00:02:00,ACC00132,ACC00035,1116.79,UPI,Delhi,Delhi,True,71,7.4
TXN200497,CMP-1203,2025-01-25T00:39:00,ACC00035,ACC00053,855.78,RTGS,Jaipur,Rajasthan,True,69,10.42
TXN200498,CMP-1203,2025-01-25T02:04:00,ACC00053,ACC00097,752.38,IMPS,Kanpur,Uttar Pradesh,True,99,10.65
TXN200499,CMP-1203,2025-01-25T03:33:00,ACC00097,ACC00094,1076.41,RTGS,Bengaluru,Karnataka,True,66,10.29
TXN200500,CMP-1205,2025-06-09T03:07:00,ACC00334,ACC00038,10455.24,UPI,Mumbai,Maharashtra,True,73,4.58
TXN200501,CMP-1205,2025-06-09T04:18:00,ACC00038,ACC00051,10125.67,Card,Lucknow,Uttar Pradesh,True,82,11.23
TXN200502,CMP-1205,2025-06-09T05:28:00,ACC00051,ACC00090,12505.11,UPI,Delhi,Delhi,True,82,10.25
TXN200503,CMP-1205,2025-06-09T06:24:00,ACC00090,ACC00040,9246.05,RTGS,Patna,Bihar,True,79,10.99
TXN200504,CMP-1206,2025-04-23T03:08:00,ACC00268,ACC00055,17418.48,RTGS,Patna,Bihar,True,92,3.46
TXN200505,CMP-1206,2025-04-23T04:31:00,ACC00055,ACC00053,18994.68,IMPS,Mumbai,Maharashtra,True,73,4.71
TXN200506,CMP-1206,2025-04-23T05:38:00,ACC00053,ACC00084,13948.55,NEFT,Mumbai,Maharashtra,True,82,9.13
TXN200507,CMP-1206,2025-04-23T06:14:00,ACC00084,ACC00036,12129.73,RTGS,Mumbai,Maharashtra,True,81,6.65
TXN200508,CMP-1207,2025-07-12T21:08:00,ACC00264,ACC00088,1504.64,IMPS,Delhi,Delhi,True,70,10.98
TXN200509,CMP-1207,2025-07-12T22:24:00,ACC00088,ACC00062,1674.85,Card,Bengaluru,Karnataka,True,89,11.3
TXN200510,CMP-1208,2025-08-17T16:27:00,ACC00263,ACC00088,10154.76,UPI,Mumbai,Maharashtra,True,81,6.2
TXN200511,CMP-1208,2025-08-17T16:50:00,ACC00088,ACC00025,13809.32,IMPS,Kanpur,Uttar Pradesh,True,79,8.76
TXN200512,CMP-1209,2025-07-31T15:03:00,ACC00292,ACC00050,1448.08,Wallet,Delhi,Delhi,True,69,3.18
TXN200513,CMP-1209,2025-07-31T16:23:00,ACC00050,ACC00057,1268.4,RTGS,Mumbai,Maharashtra,True,74,10.31
TXN200514,CMP-1209,2025-07-31T16:37:00,ACC00057,ACC00081,1298.77,UPI,Kanpur,Uttar Pradesh,True,85,4.41
TXN200515,CMP-1210,2025-05-21T13:17:00,ACC00449,ACC00003,5412.13,UPI,Kanpur,Uttar Pradesh,True,69,10.58
TXN200516,CMP-1210,2025-05-21T14:19:00,ACC00003,ACC00049,3706.08,UPI,Jaipur,Rajasthan,True,68,9.54
TXN200517,CMP-1211,2025-08-05T01:16:00,ACC00324,ACC00088,9097.32,IMPS,Hyderabad,Telangana,True,74,9.88
TXN200518,CMP-1211,2025-08-05T02:43:00,ACC00088,ACC00074,11107.47,Card,Delhi,Delhi,True,70,7.61
TXN200519,CMP-1212,2025-06-26T19:24:00,ACC00171,ACC00030,3424.3,NEFT,Lucknow,Uttar Pradesh,True,82,5.62
TXN200520,CMP-1212,2025-06-26T19:43:00,ACC00030,ACC00007,3373.94,RTGS,Lucknow,Uttar Pradesh,True,78,8.0
TXN200521,CMP-1213,2025-05-11T03:07:00,ACC00293,ACC00076,21266.21,Wallet,Lucknow,Uttar Pradesh,True,84,5.45
TXN200522,CMP-1213,2025-05-11T04:13:00,ACC00076,ACC00027,21091.47,Card,Kanpur,Uttar Pradesh,True,68,9.65
TXN200523,CMP-1214,2025-07-22T05:17:00,ACC00378,ACC00046,6889.43,NEFT,Patna,Bihar,True,78,8.24
TXN200524,CMP-1214,2025-07-22T06:33:00,ACC00046,ACC00061,6614.57,NEFT,Jaipur,Rajasthan,True,69,5.38
TXN200525,CMP-1214,2025-07-22T07:38:00,ACC00061,ACC00097,4384.68,RTGS,Jaipur,Rajasthan,True,98,3.3
TXN200526,CMP-1215,2025-01-01T05:12:00,ACC00155,ACC00084,2235.89,RTGS,Patna,Bihar,True,85,3.06
TXN200527,CMP-1215,2025-01-01T05:57:00,ACC00084,ACC00030,1815.2,Card,Lucknow,Uttar Pradesh,True,73,3.83
TXN200528,CMP-1215,2025-01-01T06:25:00,ACC00030,ACC00046,2336.09,NEFT,Jaipur,Rajasthan,True,61,3.5
TXN200529,CMP-1217,2025-01-28T05:17:00,ACC00105,ACC00028,3168.45,Card,Patna,Bihar,True,74,4.28
TXN200530,CMP-1217,2025-01-28T05:56:00,ACC00028,ACC00000,2382.61,RTGS,Mumbai,Maharashtra,True,81,3.99
TXN200531,CMP-1218,2025-05-07T14:53:00,ACC00328,ACC00059,3245.3,UPI,Kanpur,Uttar Pradesh,True,96,3.49
TXN200532,CMP-1218,2025-05-07T15:37:00,ACC00059,ACC00078,2952.51,RTGS,Bengaluru,Karnataka,True,73,4.62
TXN200533,CMP-1220,2025-07-14T00:26:00,ACC00473,ACC00039,6637.25,RTGS,Hyderabad,Telangana,True,81,6.07
TXN200534,CMP-1220,2025-07-14T01:14:00,ACC00039,ACC00058,7434.31,Wallet,Patna,Bihar,True,90,8.22
TXN200535,CMP-1220,2025-07-14T01:32:00,ACC00058,ACC00080,6962.84,RTGS,Bengaluru,Karnataka,True,70,4.2
TXN200536,CMP-1221,2025-05-16T08:08:00,ACC00278,ACC00056,4422.29,NEFT,Lucknow,Uttar Pradesh,True,59,11.29
TXN200537,CMP-1221,2025-05-16T08:23:00,ACC00056,ACC00082,5360.8,RTGS,Jaipur,Rajasthan,True,80,10.34
TXN200538,CMP-1222,2025-03-03T08:53:00,ACC00253,ACC00090,9598.43,NEFT,Hyderabad,Telangana,True,89,11.65
TXN200539,CMP-1222,2025-03-03T09:49:00,ACC00090,ACC00095,8772.78,IMPS,Hyderabad,Telangana,True,81,3.13
TXN200540,CMP-1223,2025-03-19T05:24:00,ACC00446,ACC00094,4141.15,UPI,Jaipur,Rajasthan,True,72,11.84
TXN200541,CMP-1223,2025-03-19T06:13:00,ACC00094,ACC00095,3833.44,Card,Hyderabad,Telangana,True,66,10.56
TXN200542,CMP-1223,2025-03-19T06:57:00,ACC00095,ACC00078,3768.1,RTGS,Delhi,Delhi,True,92,5.69
TXN200543,CMP-1224,2025-02-16T17:23:00,ACC00269,ACC00059,4671.01,IMPS,Mumbai,Maharashtra,True,93,9.75
TXN200544,CMP-1224,2025-02-16T18:05:00,ACC00059,ACC00049,6143.32,Wallet,Lucknow,Uttar Pradesh,True,87,8.69
TXN200545,CMP-1224,2025-02-16T18:34:00,ACC00049,ACC00037,5207.6,IMPS,Hyderabad,Telangana,True,72,5.58
TXN200546,CMP-1224,2025-02-16T19:51:00,ACC00037,ACC00078,4699.98,UPI,Kanpur,Uttar Pradesh,True,64,9.11
TXN200547,CMP-1225,2025-09-12T03:38:00,ACC00195,ACC00055,7495.05,Card,Delhi,Delhi,True,86,11.59
TXN200548,CMP-1225,2025-09-12T04:00:00,ACC00055,ACC00071,6808.66,Card,Bengaluru,Karnataka,True,81,10.7
TXN200549,CMP-1225,2025-09-12T05:02:00,ACC00071,ACC00060,6727.35,IMPS,Bengaluru,Karnataka,True,77,5.42
TXN200550,CMP-1225,2025-09-12T06:03:00,ACC00060,ACC00021,6954.41,IMPS,Delhi,Delhi,True,93,6.43
TXN200551,CMP-1226,2025-06-02T17:29:00,ACC00403,ACC00000,1776.39,RTGS,Lucknow,Uttar Pradesh,True,75,7.56
TXN200552,CMP-1226,2025-06-02T18:09:00,ACC00000,ACC00056,2036.71,IMPS,Jaipur,Rajasthan,True,86,7.33
TXN200553,CMP-1227,2025-05-01T11:44:00,ACC00395,ACC00068,7663.66,IMPS,Kanpur,Uttar Pradesh,True,94,8.28
TXN200554,CMP-1227,2025-05-01T11:54:00,ACC00068,ACC00099,8340.01,RTGS,Hyderabad,Telangana,True,92,11.58
TXN200555,CMP-1227,2025-05-01T12:44:00,ACC00099,ACC00035,8284.95,RTGS,Delhi,Delhi,True,77,8.01
TXN200556,CMP-1228,2025-07-03T15:38:00,ACC00158,ACC00062,4069.42,RTGS,Hyderabad,Telangana,True,66,4.13
TXN200557,CMP-1228,2025-07-03T16:52:00,ACC00062,ACC00017,3235.45,UPI,Jaipur,Rajasthan,True,68,7.75
TXN200558,CMP-1228,2025-07-03T18:13:00,ACC00017,ACC00069,4575.07,IMPS,Delhi,Delhi,True,86,7.24
TXN200559,CMP-1228,2025-07-03T18:52:00,ACC00069,ACC00082,3340.04,RTGS,Jaipur,Rajasthan,True,83,9.57
TXN200560,CMP-1229,2025-01-02T02:16:00,ACC00412,ACC00014,2005.27,RTGS,Patna,Bihar,True,71,10.8
TXN200561,CMP-1229,2025-01-02T02:23:00,ACC00014,ACC00092,2619.42,RTGS,Patna,Bihar,True,67,4.07
TXN200562,CMP-1229,2025-01-02T03:39:00,ACC00092,ACC00096,2118.03,IMPS,Bengaluru,Karnataka,True,87,4.22
TXN200563,CMP-1230,2025-04-14T22:53:00,ACC00444,ACC00038,2570.12,UPI,Delhi,Delhi,True,77,8.95
TXN200564,CMP-1230,2025-04-14T23:22:00,ACC00038,ACC00014,2015.96,UPI,Jaipur,Rajasthan,True,89,8.17
TXN200565,CMP-1230,2025-04-15T00:01:00,ACC00014,ACC00037,2362.22,RTGS,Bengaluru,Karnataka,True,82,4.65
TXN200566,CMP-1231,2025-03-15T01:30:00,ACC00260,ACC00039,10552.46,IMPS,Jaipur,Rajasthan,True,79,9.99
TXN200567,CMP-1231,2025-03-15T02:38:00,ACC00039,ACC00014,8939.65,Card,Lucknow,Uttar Pradesh,True,65,8.5
TXN200568,CMP-1231,2025-03-15T03:16:00,ACC00014,ACC00074,8988.0,NEFT,Lucknow,Uttar Pradesh,True,76,9.72
TXN200569,CMP-1231,2025-03-15T03:28:00,ACC00074,ACC00048,9045.29,Wallet,Bengaluru,Karnataka,True,97,8.08
TXN200570,CMP-1232,2025-09-11T08:37:00,ACC00361,ACC00076,16390.67,NEFT,Mumbai,Maharashtra,True,79,7.34
TXN200571,CMP-1232,2025-09-11T09:30:00,ACC00076,ACC00054,14925.99,Wallet,Bengaluru,Karnataka,True,82,5.48
TXN200572,CMP-1232,2025-09-11T10:16:00,ACC00054,ACC00040,14661.14,UPI,Patna,Bihar,True,75,11.84
TXN200573,CMP-1233,2025-03-11T03:38:00,ACC00349,ACC00088,11667.16,Card,Jaipur,Rajasthan,True,90,6.67
TXN200574,CMP-1233,2025-03-11T04:47:00,ACC00088,ACC00068,11565.68,IMPS,Kanpur,Uttar Pradesh,True,73,3.4
TXN200575,CMP-1234,2025-03-31T07:31:00,ACC00350,ACC00023,2866.76,RTGS,Hyderabad,Telangana,True,92,10.3
TXN200576,CMP-1234,2025-03-31T08:12:00,ACC00023,ACC00064,3300.15,IMPS,Kanpur,Uttar Pradesh,True,88,8.48
TXN200577,CMP-1236,2025-08-18T10:10:00,ACC00309,ACC00053,6354.19,RTGS,Lucknow,Uttar Pradesh,True,72,7.26
TXN200578,CMP-1236,2025-08-18T10:52:00,ACC00053,ACC00096,7599.69,Wallet,Jaipur,Rajasthan,True,82,3.34
TXN200579,CMP-1237,2025-06-12T11:31:00,ACC00142,ACC00097,1388.39,UPI,Kanpur,Uttar Pradesh,True,82,8.7
TXN200580,CMP-1237,2025-06-12T11:44:00,ACC00097,ACC00064,1194.42,RTGS,Hyderabad,Telangana,True,71,9.55
TXN200581,CMP-1237,2025-06-12T12:16:00,ACC00064,ACC00088,1720.75,RTGS,Bengaluru,Karnataka,True,70,3.34
TXN200582,CMP-1238,2025-03-29T07:34:00,ACC00375,ACC00099,2392.2,Card,Lucknow,Uttar Pradesh,True,78,11.0
TXN200583,CMP-1238,2025-03-29T07:43:00,ACC00099,ACC00037,1913.25,NEFT,Mumbai,Maharashtra,True,75,8.83
TXN200584,CMP-1238,2025-03-29T09:04:00,ACC00037,ACC00090,2164.11,RTGS,Bengaluru,Karnataka,True,76,11.93
TXN200585,CMP-1239,2025-01-24T17:12:00,ACC00393,ACC00099,6174.78,UPI,Mumbai,Maharashtra,True,90,6.11
TXN200586,CMP-1239,2025-01-24T18:27:00,ACC00099,ACC00028,6540.7,Card,Patna,Bihar,True,86,10.92
TXN200587,CMP-1239,2025-01-24T19:56:00,ACC00028,ACC00089,4649.79,NEFT,Mumbai,Maharashtra,True,64,9.87
TXN200588,CMP-1239,2025-01-24T21:24:00,ACC00089,ACC00094,5989.65,UPI,Patna,Bihar,True,85,4.16
TXN200589,CMP-1240,2025-03-01T09:07:00,ACC00489,ACC00069,20113.23,Card,Jaipur,Rajasthan,True,77,8.44
TXN200590,CMP-1240,2025-03-01T09:13:00,ACC00069,ACC00054,14035.39,Card,Patna,Bihar,True,76,11.23
TXN200591,CMP-1240,2025-03-01T09:47:00,ACC00054,ACC00087,16520.03,UPI,Kanpur,Uttar Pradesh,True,88,3.17
TXN200592,CMP-1242,2025-04-22T03:57:00,ACC00160,ACC00030,1232.62,RTGS,Patna,Bihar,True,73,7.02
TXN200593,CMP-1242,2025-04-22T04:28:00,ACC00030,ACC00090,1049.89,UPI,Mumbai,Maharashtra,True,75,5.91
TXN200594,CMP-1242,2025-04-22T05:29:00,ACC00090,ACC00024,850.62,NEFT,Lucknow,Uttar Pradesh,True,88,9.18
TXN200595,CMP-1243,2025-01-26T21:22:00,ACC00463,ACC00054,24074.26,IMPS,Mumbai,Maharashtra,True,81,8.04
TXN200596,CMP-1243,2025-01-26T21:49:00,ACC00054,ACC00038,19951.83,Card,Hyderabad,Telangana,True,84,9.35
TXN200597,CMP-1243,2025-01-26T22:56:00,ACC00038,ACC00059,19357.72,NEFT,Mumbai,Maharashtra,True,73,6.11
TXN200598,CMP-1243,2025-01-27T00:10:00,ACC00059,ACC00084,16720.02,IMPS,Bengaluru,Karnataka,True,78,9.07
TXN200599,CMP-1244,2025-03-17T18:09:00,ACC00130,ACC00068,2944.11,UPI,Jaipur,Rajasthan,True,85,10.59
TXN200600,CMP-1244,2025-03-17T18:48:00,ACC00068,ACC00025,2381.06,RTGS,Delhi,Delhi,True,55,10.23
TXN200601,CMP-1244,2025-03-17T19:16:00,ACC00025,ACC00095,2778.76,RTGS,Mumbai,Maharashtra,True,72,4.86
TXN200602,CMP-1244,2025-03-17T20:11:00,ACC00095,ACC00084,2367.15,Card,Patna,Bihar,True,67,9.71
TXN200603,CMP-1245,2025-09-12T19:23:00,ACC00460,ACC00073,283.99,NEFT,Hyderabad,Telangana,True,64,9.99
TXN200604,CMP-1245,2025-09-12T20:35:00,ACC00073,ACC00021,413.33,IMPS,Lucknow,Uttar Pradesh,True,94,10.66
TXN200605,CMP-1245,2025-09-12T21:46:00,ACC00021,ACC00007,302.33,UPI,Jaipur,Rajasthan,True,73,10.31
TXN200606,CMP-1245,2025-09-12T22:29:00,ACC00007,ACC00012,390.88,Wallet,Patna,Bihar,True,80,10.99
TXN200607,CMP-1248,2025-03-08T22:13:00,ACC00350,ACC00080,24113.98,RTGS,Patna,Bihar,True,77,10.25
TXN200608,CMP-1248,2025-03-08T23:18:00,ACC00080,ACC00081,20212.78,IMPS,Lucknow,Uttar Pradesh,True,62,4.02
TXN200609,CMP-1249,2025-05-26T14:05:00,ACC00138,ACC00098,3362.02,Card,Hyderabad,Telangana,True,73,8.87
TXN200610,CMP-1249,2025-05-26T14:25:00,ACC00098,ACC00030,2879.11,NEFT,Mumbai,Maharashtra,True,92,5.95
TXN200611,CMP-1251,2025-04-28T10:18:00,ACC00496,ACC00011,2747.43,RTGS,Delhi,Delhi,True,86,6.9
TXN200612,CMP-1251,2025-04-28T10:36:00,ACC00011,ACC00096,2495.85,Card,Patna,Bihar,True,78,5.14
TXN200613,CMP-1251,2025-04-28T11:50:00,ACC00096,ACC00049,2700.59,NEFT,Hyderabad,Telangana,True,83,5.17
TXN200614,CMP-1251,2025-04-28T12:00:00,ACC00049,ACC00089,2775.04,NEFT,Lucknow,Uttar Pradesh,True,73,5.54
TXN200615,CMP-1252,2025-02-20T04:52:00,ACC00132,ACC00050,3167.85,UPI,Delhi,Delhi,True,92,7.8
TXN200616,CMP-1252,2025-02-20T05:59:00,ACC00050,ACC00014,3233.94,Card,Bengaluru,Karnataka,True,73,7.03
TXN200617,CMP-1253,2025-07-16T06:50:00,ACC00237,ACC00036,11625.4,Wallet,Hyderabad,Telangana,True,72,10.65
TXN200618,CMP-1253,2025-07-16T07:26:00,ACC00036,ACC00076,10217.73,NEFT,Delhi,Delhi,True,72,8.05
TXN200619,CMP-1255,2025-05-26T03:16:00,ACC00108,ACC00020,625.26,RTGS,Patna,Bihar,True,94,11.22
TXN200620,CMP-1255,2025-05-26T03:30:00,ACC00020,ACC00024,581.48,NEFT,Mumbai,Maharashtra,True,74,10.27
TXN200621,CMP-1255,2025-05-26T04:39:00,ACC00024,ACC00050,601.18,UPI,Jaipur,Rajasthan,True,66,11.59
TXN200622,CMP-1255,2025-05-26T05:37:00,ACC00050,ACC00062,661.41,UPI,Mumbai,Maharashtra,True,76,4.13
TXN200623,CMP-1257,2025-01-09T09:11:00,ACC00228,ACC00085,7041.9,Card,Hyderabad,Telangana,True,91,7.34
TXN200624,CMP-1257,2025-01-09T09:42:00,ACC00085,ACC00090,10016.27,UPI,Delhi,Delhi,True,71,8.35
TXN200625,CMP-1257,2025-01-09T10:54:00,ACC00090,ACC00002,10183.03,IMPS,Delhi,Delhi,True,72,9.11
TXN200626,CMP-1258,2025-03-23T19:27:00,ACC00420,ACC00089,6384.6,RTGS,Mumbai,Maharashtra,True,76,3.29
TXN200627,CMP-1258,2025-03-23T20:16:00,ACC00089,ACC00076,5450.12,UPI,Hyderabad,Telangana,True,94,8.05
TXN200628,CMP-1259,2025-03-25T23:16:00,ACC00460,ACC00027,1088.11,IMPS,Bengaluru,Karnataka,True,78,8.54
TXN200629,CMP-1259,2025-03-26T00:19:00,ACC00027,ACC00015,1098.05,RTGS,Mumbai,Maharashtra,True,62,10.88
TXN200630,CMP-1259,2025-03-26T00:27:00,ACC00015,ACC00005,1130.71,UPI,Kanpur,Uttar Pradesh,True,64,9.38
TXN200631,CMP-1260,2025-07-08T07:14:00,ACC00365,ACC00001,1346.17,UPI,Kanpur,Uttar Pradesh,True,66,10.03
TXN200632,CMP-1260,2025-07-08T08:16:00,ACC00001,ACC00011,1228.72,NEFT,Mumbai,Maharashtra,True,73,11.06
TXN200633,CMP-1261,2025-06-28T02:13:00,ACC00455,ACC00009,2339.98,IMPS,Kanpur,Uttar Pradesh,True,87,7.5
TXN200634,CMP-1261,2025-06-28T02:58:00,ACC00009,ACC00085,2041.7,UPI,Kanpur,Uttar Pradesh,True,98,9.5
TXN200635,CMP-1261,2025-06-28T04:22:00,ACC00085,ACC00000,1606.78,RTGS,Hyderabad,Telangana,True,78,3.18
TXN200636,CMP-1262,2025-09-11T09:28:00,ACC00152,ACC00038,6834.61,Card,Jaipur,Rajasthan,True,80,8.86
TXN200637,CMP-1262,2025-09-11T09:49:00,ACC00038,ACC00074,5490.73,Wallet,Jaipur,Rajasthan,True,76,8.93
TXN200638,CMP-1263,2025-01-29T18:09:00,ACC00135,ACC00001,1030.95,RTGS,Delhi,Delhi,True,77,5.65
TXN200639,CMP-1263,2025-01-29T18:14:00,ACC00001,ACC00069,738.71,RTGS,Lucknow,Uttar Pradesh,True,80,6.06
TXN200640,CMP-1263,2025-01-29T18:36:00,ACC00069,ACC00066,754.53,IMPS,Lucknow,Uttar Pradesh,True,82,5.97
TXN200641,CMP-1263,2025-01-29T18:42:00,ACC00066,ACC00027,656.6,IMPS,Mumbai,Maharashtra,True,76,9.26
TXN200642,CMP-1264,2025-03-08T19:34:00,ACC00469,ACC00095,4591.54,Wallet,Bengaluru,Karnataka,True,75,8.24
TXN200643,CMP-1264,2025-03-08T20:37:00,ACC00095,ACC00027,4053.99,Wallet,Jaipur,Rajasthan,True,77,9.15
TXN200644,CMP-1264,2025-03-08T21:47:00,ACC00027,ACC00017,3667.31,NEFT,Mumbai,Maharashtra,True,70,11.52
TXN200645,CMP-1265,2025-03-05T02:44:00,ACC00211,ACC00012,5822.77,Wallet,Kanpur,Uttar Pradesh,True,82,10.3
TXN200646,CMP-1265,2025-03-05T03:20:00,ACC00012,ACC00080,3908.33,NEFT,Patna,Bihar,True,84,9.2
TXN200647,CMP-1265,2025-03-05T04:48:00,ACC00080,ACC00055,5073.52,RTGS,Mumbai,Maharashtra,True,75,11.36
TXN200648,CMP-1265,2025-03-05T05:14:00,ACC00055,ACC00009,4091.26,Card,Hyderabad,Telangana,True,84,4.51
TXN200649,CMP-1267,2025-06-09T10:54:00,ACC00227,ACC00076,26380.14,RTGS,Patna,Bihar,True,82,9.85
TXN200650,CMP-1267,2025-06-09T11:26:00,ACC00076,ACC00032,17059.55,RTGS,Mumbai,Maharashtra,True,60,6.98
TXN200651,CMP-1269,2025-03-23T00:26:00,ACC00251,ACC00030,1634.75,RTGS,Kanpur,Uttar Pradesh,True,91,3.92
TXN200652,CMP-1269,2025-03-23T01:33:00,ACC00030,ACC00026,1288.62,RTGS,Bengaluru,Karnataka,True,67,9.16
TXN200653,CMP-1269,2025-03-23T02:08:00,ACC00026,ACC00009,1362.45,RTGS,Jaipur,Rajasthan,True,92,3.37
TXN200654,CMP-1269,2025-03-23T03:21:00,ACC00009,ACC00081,1332.15,Wallet,Mumbai,Maharashtra,True,75,4.84
TXN200655,CMP-1270,2025-06-20T23:26:00,ACC00426,ACC00067,12111.32,Card,Patna,Bihar,True,77,3.93
TXN200656,CMP-1270,2025-06-20T23:58:00,ACC00067,ACC00019,8191.58,UPI,Bengaluru,Karnataka,True,78,7.48
TXN200657,CMP-1270,2025-06-21T00:43:00,ACC00019,ACC00040,10759.29,UPI,Kanpur,Uttar Pradesh,True,88,3.31
TXN200658,CMP-1271,2025-02-26T08:56:00,ACC00167,ACC00072,18766.77,UPI,Patna,Bihar,True,63,10.34
TXN200659,CMP-1271,2025-02-26T09:06:00,ACC00072,ACC00068,20803.98,UPI,Jaipur,Rajasthan,True,69,7.45
TXN200660,CMP-1272,2025-08-23T05:07:00,ACC00490,ACC00098,4353.36,NEFT,Mumbai,Maharashtra,True,84,8.48
TXN200661,CMP-1272,2025-08-23T05:27:00,ACC00098,ACC00011,4404.19,IMPS,Kanpur,Uttar Pradesh,True,88,3.23
TXN200662,CMP-1272,2025-08-23T06:39:00,ACC00011,ACC00046,4039.31,UPI,Delhi,Delhi,True,86,11.13
TXN200663,CMP-1272,2025-08-23T07:41:00,ACC00046,ACC00042,5543.27,Card,Bengaluru,Karnataka,True,94,7.02
TXN200664,CMP-1273,2025-08-16T00:12:00,ACC00234,ACC00007,2533.17,IMPS,Kanpur,Uttar Pradesh,True,76,10.53
TXN200665,CMP-1273,2025-08-16T01:27:00,ACC00007,ACC00014,2908.08,Wallet,Hyderabad,Telangana,True,99,9.28
TXN200666,CMP-1273,2025-08-16T01:52:00,ACC00014,ACC00016,1909.06,UPI,Jaipur,Rajasthan,True,51,8.28
TXN200667,CMP-1274,2025-04-09T06:09:00,ACC00421,ACC00098,1634.59,NEFT,Delhi,Delhi,True,84,9.82
TXN200668,CMP-1274,2025-04-09T07:37:00,ACC00098,ACC00073,1354.01,UPI,Mumbai,Maharashtra,True,92,10.74
TXN200669,CMP-1274,2025-04-09T09:02:00,ACC00073,ACC00036,1458.08,NEFT,Patna,Bihar,True,74,6.43
TXN200670,CMP-1274,2025-04-09T09:53:00,ACC00036,ACC00070,1275.87,IMPS,Jaipur,Rajasthan,True,69,4.9
TXN200671,CMP-1275,2025-04-18T20:02:00,ACC00242,ACC00010,2746.08,Wallet,Patna,Bihar,True,77,8.03
TXN200672,CMP-1275,2025-04-18T20:17:00,ACC00010,ACC00087,2479.83,Card,Mumbai,Maharashtra,True,67,6.59
TXN200673,CMP-1275,2025-04-18T20:46:00,ACC00087,ACC00069,1967.13,NEFT,Lucknow,Uttar Pradesh,True,93,6.02
TXN200674,CMP-1275,2025-04-18T21:04:00,ACC00069,ACC00071,1856.76,RTGS,Mumbai,Maharashtra,True,98,3.24
TXN200675,CMP-1276,2025-04-20T00:06:00,ACC00300,ACC00097,8089.91,Wallet,Kanpur,Uttar Pradesh,True,86,3.41
TXN200676,CMP-1276,2025-04-20T00:19:00,ACC00097,ACC00016,6402.32,UPI,Jaipur,Rajasthan,True,83,11.66
TXN200677,CMP-1276,2025-04-20T01:34:00,ACC00016,ACC00018,6314.36,RTGS,Bengaluru,Karnataka,True,75,9.86
TXN200678,CMP-1276,2025-04-20T02:54:00,ACC00018,ACC00048,6017.85,RTGS,Patna,Bihar,True,90,7.75
TXN200679,CMP-1278,2025-06-13T13:29:00,ACC00332,ACC00007,1872.66,NEFT,Hyderabad,Telangana,True,89,6.26
TXN200680,CMP-1278,2025-06-13T14:56:00,ACC00007,ACC00059,1802.6,Wallet,Kanpur,Uttar Pradesh,True,93,7.04
TXN200681,CMP-1278,2025-06-13T15:06:00,ACC00059,ACC00024,1462.89,NEFT,Patna,Bihar,True,88,9.2
TXN200682,CMP-1278,2025-06-13T15:50:00,ACC00024,ACC00057,1289.73,Wallet,Bengaluru,Karnataka,True,99,5.5
TXN200683,CMP-1279,2025-02-26T02:47:00,ACC00462,ACC00001,2826.71,NEFT,Patna,Bihar,True,88,6.07
TXN200684,CMP-1279,2025-02-26T02:57:00,ACC00001,ACC00082,3709.59,NEFT,Delhi,Delhi,True,62,8.06
TXN200685,CMP-1279,2025-02-26T03:59:00,ACC00082,ACC00012,3368.09,RTGS,Delhi,Delhi,True,85,5.62
TXN200686,CMP-1280,2025-01-12T14:10:00,ACC00185,ACC00095,11503.26,IMPS,Delhi,Delhi,True,79,9.72
TXN200687,CMP-1280,2025-01-12T14:29:00,ACC00095,ACC00093,7266.15,IMPS,Lucknow,Uttar Pradesh,True,66,8.2
TXN200688,CMP-1282,2025-01-17T22:13:00,ACC00234,ACC00073,2417.16,NEFT,Hyderabad,Telangana,True,71,5.85
TXN200689,CMP-1282,2025-01-17T23:30:00,ACC00073,ACC00096,2865.49,UPI,Patna,Bihar,True,82,6.21
TXN200690,CMP-1283,2025-03-30T23:41:00,ACC00128,ACC00072,5666.31,Card,Hyderabad,Telangana,True,82,3.01
TXN200691,CMP-1283,2025-03-31T00:30:00,ACC00072,ACC00065,6345.52,Wallet,Delhi,Delhi,True,87,11.97
TXN200692,CMP-1283,2025-03-31T01:56:00,ACC00065,ACC00094,7732.54,Card,Lucknow,Uttar Pradesh,True,87,5.86
TXN200693,CMP-1283,2025-03-31T02:15:00,ACC00094,ACC00017,6978.14,Wallet,Bengaluru,Karnataka,True,99,6.4
TXN200694,CMP-1284,2025-08-06T07:22:00,ACC00393,ACC00014,613.56,RTGS,Jaipur,Rajasthan,True,75,10.05
TXN200695,CMP-1284,2025-08-06T07:49:00,ACC00014,ACC00000,667.86,IMPS,Lucknow,Uttar Pradesh,True,79,3.01
TXN200696,CMP-1284,2025-08-06T08:29:00,ACC00000,ACC00092,505.45,Wallet,Hyderabad,Telangana,True,62,6.0
TXN200697,CMP-1284,2025-08-06T09:35:00,ACC00092,ACC00055,610.97,IMPS,Bengaluru,Karnataka,True,63,3.65
TXN200698,CMP-1285,2025-07-25T13:54:00,ACC00106,ACC00060,882.3,NEFT,Mumbai,Maharashtra,True,82,11.86
TXN200699,CMP-1285,2025-07-25T14:25:00,ACC00060,ACC00009,843.44,Wallet,Jaipur,Rajasthan,True,82,5.51
TXN200700,CMP-1286,2025-02-27T12:07:00,ACC00383,ACC00091,5529.09,Card,Patna,Bihar,True,87,11.21
TXN200701,CMP-1286,2025-02-27T13:14:00,ACC00091,ACC00054,3831.34,IMPS,Jaipur,Rajasthan,True,86,10.59
TXN200702,CMP-1287,2025-01-09T21:03:00,ACC00227,ACC00092,1240.43,RTGS,Bengaluru,Karnataka,True,72,7.79
TXN200703,CMP-1287,2025-01-09T22:02:00,ACC00092,ACC00043,1280.04,Wallet,Delhi,Delhi,True,89,3.91
TXN200704,CMP-1288,2025-03-30T04:26:00,ACC00161,ACC00006,15045.2,NEFT,Kanpur,Uttar Pradesh,True,64,3.2
TXN200705,CMP-1288,2025-03-30T04:35:00,ACC00006,ACC00039,14221.19,IMPS,Lucknow,Uttar Pradesh,True,89,11.17
TXN200706,CMP-1288,2025-03-30T05:24:00,ACC00039,ACC00062,19472.53,RTGS,Patna,Bihar,True,91,4.4
TXN200707,CMP-1290,2025-07-24T23:38:00,ACC00383,ACC00047,1415.14,RTGS,Lucknow,Uttar Pradesh,True,62,3.99
TXN200708,CMP-1290,2025-07-24T23:46:00,ACC00047,ACC00039,1142.5,Card,Hyderabad,Telangana,True,72,9.88
TXN200709,CMP-1291,2025-05-03T23:06:00,ACC00337,ACC00063,2294.38,UPI,Hyderabad,Telangana,True,80,3.78
TXN200710,CMP-1291,2025-05-04T00:30:00,ACC00063,ACC00045,2132.87,NEFT,Kanpur,Uttar Pradesh,True,80,5.59
TXN200711,CMP-1292,2025-08-20T00:33:00,ACC00177,ACC00052,4138.83,NEFT,Mumbai,Maharashtra,True,99,4.25
TXN200712,CMP-1292,2025-08-20T01:56:00,ACC00052,ACC00013,4427.72,Card,Jaipur,Rajasthan,True,90,9.22
TXN200713,CMP-1292,2025-08-20T03:07:00,ACC00013,ACC00000,3264.69,UPI,Delhi,Delhi,True,78,6.24
TXN200714,CMP-1293,2025-08-24T06:17:00,ACC00271,ACC00084,193.45,UPI,Mumbai,Maharashtra,True,90,4.34
TXN200715,CMP-1293,2025-08-24T06:57:00,ACC00084,ACC00062,233.75,Card,Delhi,Delhi,True,69,5.37
TXN200716,CMP-1293,2025-08-24T07:43:00,ACC00062,ACC00025,256.51,Card,Lucknow,Uttar Pradesh,True,75,8.95
TXN200717,CMP-1295,2025-05-04T14:14:00,ACC00147,ACC00029,13553.51,RTGS,Kanpur,Uttar Pradesh,True,56,9.28
TXN200718,CMP-1295,2025-05-04T15:11:00,ACC00029,ACC00099,15878.28,IMPS,Hyderabad,Telangana,True,86,3.85
TXN200719,CMP-1297,2025-05-01T10:38:00,ACC00138,ACC00007,2122.66,NEFT,Patna,Bihar,True,76,8.19
TXN200720,CMP-1297,2025-05-01T11:07:00,ACC00007,ACC00048,2573.2,IMPS,Kanpur,Uttar Pradesh,True,76,9.61
TXN200721,CMP-1297,2025-05-01T12:08:00,ACC00048,ACC00039,2325.35,UPI,Hyderabad,Telangana,True,82,4.15
TXN200722,CMP-1299,2025-08-01T12:33:00,ACC00239,ACC00025,5395.74,NEFT,Patna,Bihar,True,90,10.22
TXN200723,CMP-1299,2025-08-01T13:49:00,ACC00025,ACC00057,3729.43,UPI,Jaipur,Rajasthan,True,78,11.72
TXN200724,CMP-1299,2025-08-01T13:59:00,ACC00057,ACC00020,3711.69,RTGS,Bengaluru,Karnataka,True,83,11.94
TXN200725,CMP-1299,2025-08-01T14:51:00,ACC00020,ACC00017,3951.17,UPI,Bengaluru,Karnataka,True,88,5.59
TXN200726,CMP-1300,2025-01-08T16:40:00,ACC00154,ACC00059,4295.84,Card,Patna,Bihar,True,67,9.15
TXN200727,CMP-1300,2025-01-08T17:52:00,ACC00059,ACC00005,3066.6,RTGS,Jaipur,Rajasthan,True,60,3.71
TXN200728,CMP-1300,2025-01-08T18:14:00,ACC00005,ACC00017,3931.76,UPI,Mumbai,Maharashtra,True,78,7.0
TXN200729,CMP-1301,2025-08-30T03:19:00,ACC00494,ACC00039,16771.6,NEFT,Delhi,Delhi,True,91,5.53
TXN200730,CMP-1301,2025-08-30T03:48:00,ACC00039,ACC00025,16355.5,Card,Hyderabad,Telangana,True,67,4.43
TXN200731,CMP-1301,2025-08-30T04:19:00,ACC00025,ACC00062,14903.33,Wallet,Hyderabad,Telangana,True,76,3.17
TXN200732,CMP-1301,2025-08-30T05:29:00,ACC00062,ACC00086,19911.08,RTGS,Mumbai,Maharashtra,True,83,7.84
TXN200733,CMP-1302,2025-08-18T16:31:00,ACC00451,ACC00090,8070.98,Card,Patna,Bihar,True,96,9.63
TXN200734,CMP-1302,2025-08-18T16:36:00,ACC00090,ACC00097,11094.47,IMPS,Delhi,Delhi,True,90,3.6
TXN200735,CMP-1302,2025-08-18T17:12:00,ACC00097,ACC00098,8479.49,UPI,Lucknow,Uttar Pradesh,True,96,3.01
TXN200736,CMP-1303,2025-03-19T18:14:00,ACC00175,ACC00031,10883.8,NEFT,Lucknow,Uttar Pradesh,True,79,7.39
TXN200737,CMP-1303,2025-03-19T19:12:00,ACC00031,ACC00019,7185.64,RTGS,Bengaluru,Karnataka,True,76,7.39
TXN200738,CMP-1304,2025-01-11T20:32:00,ACC00446,ACC00022,9049.47,NEFT,Patna,Bihar,True,69,8.14
TXN200739,CMP-1304,2025-01-11T21:53:00,ACC00022,ACC00087,8592.52,Wallet,Lucknow,Uttar Pradesh,True,80,11.83
TXN200740,CMP-1305,2025-07-28T15:59:00,ACC00148,ACC00017,3865.44,NEFT,Hyderabad,Telangana,True,96,10.6
TXN200741,CMP-1305,2025-07-28T16:53:00,ACC00017,ACC00062,5563.54,UPI,Patna,Bihar,True,84,8.73
TXN200742,CMP-1305,2025-07-28T17:27:00,ACC00062,ACC00038,3874.64,IMPS,Mumbai,Maharashtra,True,84,6.87
TXN200743,CMP-1306,2025-05-23T21:44:00,ACC00201,ACC00047,532.91,NEFT,Delhi,Delhi,True,83,11.05
TXN200744,CMP-1306,2025-05-23T22:57:00,ACC00047,ACC00066,597.81,NEFT,Bengaluru,Karnataka,True,80,11.52
TXN200745,CMP-1306,2025-05-23T23:44:00,ACC00066,ACC00023,657.87,RTGS,Patna,Bihar,True,67,6.22
TXN200746,CMP-1306,2025-05-24T00:35:00,ACC00023,ACC00031,547.39,IMPS,Hyderabad,Telangana,True,61,7.47
TXN200747,CMP-1307,2025-07-14T09:31:00,ACC00138,ACC00008,19628.21,Wallet,Mumbai,Maharashtra,True,97,8.3
TXN200748,CMP-1307,2025-07-14T10:41:00,ACC00008,ACC00014,18958.45,IMPS,Mumbai,Maharashtra,True,69,7.5
TXN200749,CMP-1307,2025-07-14T10:55:00,ACC00014,ACC00090,14558.37,IMPS,Delhi,Delhi,True,77,7.31
TXN200750,CMP-1307,2025-07-14T12:21:00,ACC00090,ACC00094,14297.73,IMPS,Patna,Bihar,True,88,11.76
TXN200751,CMP-1308,2025-08-19T14:05:00,ACC00269,ACC00059,1281.59,IMPS,Mumbai,Maharashtra,True,84,11.38
TXN200752,CMP-1308,2025-08-19T14:12:00,ACC00059,ACC00035,832.09,Card,Lucknow,Uttar Pradesh,True,69,4.99
TXN200753,CMP-1309,2025-01-31T03:48:00,ACC00354,ACC00087,6389.57,Card,Patna,Bihar,True,79,3.31
TXN200754,CMP-1309,2025-01-31T04:43:00,ACC00087,ACC00025,5057.55,Wallet,Kanpur,Uttar Pradesh,True,67,6.59
TXN200755,CMP-1309,2025-01-31T06:04:00,ACC00025,ACC00011,7126.67,RTGS,Bengaluru,Karnataka,True,77,11.88
TXN200756,CMP-1309,2025-01-31T07:07:00,ACC00011,ACC00006,5331.38,IMPS,Jaipur,Rajasthan,True,89,8.84
TXN200757,CMP-1310,2025-07-12T12:31:00,ACC00240,ACC00019,7380.54,Wallet,Patna,Bihar,True,68,7.71
TXN200758,CMP-1310,2025-07-12T13:05:00,ACC00019,ACC00062,7145.83,RTGS,Lucknow,Uttar Pradesh,True,56,10.06
TXN200759,CMP-1310,2025-07-12T14:05:00,ACC00062,ACC00007,7206.2,NEFT,Delhi,Delhi,True,84,11.15
TXN200760,CMP-1311,2025-05-19T10:23:00,ACC00431,ACC00052,3296.79,NEFT,Patna,Bihar,True,88,7.55
TXN200761,CMP-1311,2025-05-19T11:28:00,ACC00052,ACC00046,3423.49,IMPS,Jaipur,Rajasthan,True,91,9.68
TXN200762,CMP-1311,2025-05-19T12:34:00,ACC00046,ACC00035,3411.71,UPI,Mumbai,Maharashtra,True,90,10.49
TXN200763,CMP-1312,2025-08-25T19:57:00,ACC00243,ACC00053,3378.47,UPI,Jaipur,Rajasthan,True,71,4.92
TXN200764,CMP-1312,2025-08-25T20:15:00,ACC00053,ACC00000,3429.14,IMPS,Kanpur,Uttar Pradesh,True,98,7.59
TXN200765,CMP-1313,2025-08-01T02:28:00,ACC00295,ACC00045,10873.04,UPI,Patna,Bihar,True,69,7.33
TXN200766,CMP-1313,2025-08-01T03:09:00,ACC00045,ACC00035,10524.14,IMPS,Kanpur,Uttar Pradesh,True,78,4.44
TXN200767,CMP-1313,2025-08-01T03:37:00,ACC00035,ACC00078,9879.98,Card,Jaipur,Rajasthan,True,80,9.61
TXN200768,CMP-1314,2025-04-16T02:09:00,ACC00298,ACC00003,12915.47,UPI,Lucknow,Uttar Pradesh,True,76,11.38
TXN200769,CMP-1314,2025-04-16T03:14:00,ACC00003,ACC00039,13931.17,RTGS,Mumbai,Maharashtra,True,85,4.77
TXN200770,CMP-1314,2025-04-16T03:49:00,ACC00039,ACC00015,10436.68,NEFT,Jaipur,Rajasthan,True,84,6.47
TXN200771,CMP-1315,2025-06-03T06:07:00,ACC00129,ACC00060,1319.92,Wallet,Jaipur,Rajasthan,True,81,9.63
TXN200772,CMP-1315,2025-06-03T06:33:00,ACC00060,ACC00046,1170.12,IMPS,Kanpur,Uttar Pradesh,True,78,8.31
TXN200773,CMP-1315,2025-06-03T06:43:00,ACC00046,ACC00096,1001.79,IMPS,Patna,Bihar,True,88,5.35
TXN200774,CMP-1315,2025-06-03T07:59:00,ACC00096,ACC00076,1230.27,UPI,Delhi,Delhi,True,80,3.33
TXN200775,CMP-1316,2025-05-31T18:50:00,ACC00151,ACC00030,3817.94,RTGS,Delhi,Delhi,True,76,6.05
TXN200776,CMP-1316,2025-05-31T20:00:00,ACC00030,ACC00081,3121.94,UPI,Bengaluru,Karnataka,True,74,10.31
TXN200777,CMP-1318,2025-01-12T18:32:00,ACC00402,ACC00089,2725.45,Card,Delhi,Delhi,True,76,6.92
TXN200778,CMP-1318,2025-01-12T18:46:00,ACC00089,ACC00091,2665.88,UPI,Jaipur,Rajasthan,True,79,4.02
TXN200779,CMP-1320,2025-01-27T20:34:00,ACC00146,ACC00077,17675.29,IMPS,Mumbai,Maharashtra,True,65,7.58
TXN200780,CMP-1320,2025-01-27T21:06:00,ACC00077,ACC00093,10926.06,UPI,Mumbai,Maharashtra,True,92,7.5
TXN200781,CMP-1320,2025-01-27T21:52:00,ACC00093,ACC00060,11415.08,IMPS,Patna,Bihar,True,58,9.88
TXN200782,CMP-1322,2025-02-05T02:17:00,ACC00265,ACC00018,558.0,Wallet,Jaipur,Rajasthan,True,79,9.78
TXN200783,CMP-1322,2025-02-05T02:45:00,ACC00018,ACC00092,457.05,NEFT,Hyderabad,Telangana,True,84,7.7
TXN200784,CMP-1322,2025-02-05T03:41:00,ACC00092,ACC00033,411.5,RTGS,Delhi,Delhi,True,70,3.33
TXN200785,CMP-1322,2025-02-05T04:38:00,ACC00033,ACC00098,444.37,Card,Delhi,Delhi,True,72,3.78
TXN200786,CMP-1323,2025-03-23T03:44:00,ACC00137,ACC00084,1005.09,Wallet,Lucknow,Uttar Pradesh,True,90,8.65
TXN200787,CMP-1323,2025-03-23T04:14:00,ACC00084,ACC00053,1334.59,IMPS,Kanpur,Uttar Pradesh,True,77,9.33
TXN200788,CMP-1323,2025-03-23T04:51:00,ACC00053,ACC00067,1066.25,RTGS,Mumbai,Maharashtra,True,69,10.58
TXN200789,CMP-1324,2025-08-06T08:54:00,ACC00265,ACC00020,1812.03,UPI,Bengaluru,Karnataka,True,67,8.9
TXN200790,CMP-1324,2025-08-06T09:23:00,ACC00020,ACC00005,2484.08,RTGS,Patna,Bihar,True,90,10.05
TXN200791,CMP-1324,2025-08-06T09:57:00,ACC00005,ACC00073,1902.9,Card,Delhi,Delhi,True,78,8.04
TXN200792,CMP-1325,2025-04-26T23:48:00,ACC00432,ACC00090,1803.69,Wallet,Patna,Bihar,True,77,8.87
TXN200793,CMP-1325,2025-04-26T23:58:00,ACC00090,ACC00056,1421.99,Wallet,Patna,Bihar,True,81,7.47
TXN200794,CMP-1326,2025-06-07T03:40:00,ACC00440,ACC00022,72325.24,IMPS,Mumbai,Maharashtra,True,79,3.94
TXN200795,CMP-1326,2025-06-07T04:23:00,ACC00022,ACC00078,58354.97,UPI,Mumbai,Maharashtra,True,85,10.52
TXN200796,CMP-1326,2025-06-07T05:29:00,ACC00078,ACC00035,73499.55,Wallet,Bengaluru,Karnataka,True,85,4.81
TXN200797,CMP-1327,2025-02-13T05:43:00,ACC00473,ACC00089,2569.88,Card,Kanpur,Uttar Pradesh,True,70,8.74
TXN200798,CMP-1327,2025-02-13T05:56:00,ACC00089,ACC00090,2691.82,NEFT,Bengaluru,Karnataka,True,87,8.04
TXN200799,CMP-1327,2025-02-13T06:14:00,ACC00090,ACC00001,2447.47,NEFT,Kanpur,Uttar Pradesh,True,84,11.23
TXN200800,CMP-1327,2025-02-13T07:38:00,ACC00001,ACC00065,2475.3,Wallet,Delhi,Delhi,True,75,11.23
TXN200801,CMP-1328,2025-08-03T17:51:00,ACC00193,ACC00078,3683.1,UPI,Bengaluru,Karnataka,True,78,3.07
TXN200802,CMP-1328,2025-08-03T18:29:00,ACC00078,ACC00028,3255.64,NEFT,Lucknow,Uttar Pradesh,True,73,6.56
TXN200803,CMP-1329,2025-06-26T05:19:00,ACC00172,ACC00009,5320.38,NEFT,Lucknow,Uttar Pradesh,True,80,5.68
TXN200804,CMP-1329,2025-06-26T05:28:00,ACC00009,ACC00019,5267.01,RTGS,Bengaluru,Karnataka,True,99,7.75
TXN200805,CMP-1329,2025-06-26T06:00:00,ACC00019,ACC00036,3539.8,IMPS,Delhi,Delhi,True,79,6.05
TXN200806,CMP-1329,2025-06-26T06:50:00,ACC00036,ACC00018,4728.92,UPI,Jaipur,Rajasthan,True,78,9.19
TXN200807,CMP-1330,2025-02-12T13:14:00,ACC00462,ACC00093,1803.99,UPI,Kanpur,Uttar Pradesh,True,77,6.85
TXN200808,CMP-1330,2025-02-12T14:41:00,ACC00093,ACC00077,2172.71,RTGS,Mumbai,Maharashtra,True,82,9.61
TXN200809,CMP-1330,2025-02-12T14:55:00,ACC00077,ACC00047,2316.78,Card,Kanpur,Uttar Pradesh,True,80,10.55
TXN200810,CMP-1330,2025-02-12T16:01:00,ACC00047,ACC00041,1477.13,NEFT,Lucknow,Uttar Pradesh,True,99,8.33
TXN200811,CMP-1331,2025-07-23T18:17:00,ACC00207,ACC00008,1124.31,RTGS,Kanpur,Uttar Pradesh,True,96,3.97
TXN200812,CMP-1331,2025-07-23T18:31:00,ACC00008,ACC00001,1004.64,IMPS,Kanpur,Uttar Pradesh,True,74,4.33
TXN200813,CMP-1331,2025-07-23T19:43:00,ACC00001,ACC00046,898.5,UPI,Delhi,Delhi,True,93,9.18
TXN200814,CMP-1331,2025-07-23T21:09:00,ACC00046,ACC00029,895.86,RTGS,Patna,Bihar,True,73,5.83
TXN200815,CMP-1332,2025-07-26T12:13:00,ACC00124,ACC00093,1588.02,Wallet,Bengaluru,Karnataka,True,62,4.94
TXN200816,CMP-1332,2025-07-26T12:51:00,ACC00093,ACC00032,1458.65,Card,Bengaluru,Karnataka,True,84,9.86
TXN200817,CMP-1332,2025-07-26T14:01:00,ACC00032,ACC00080,1938.26,NEFT,Kanpur,Uttar Pradesh,True,65,3.24
TXN200818,CMP-1332,2025-07-26T14:34:00,ACC00080,ACC00081,1785.99,IMPS,Patna,Bihar,True,83,4.73
TXN200819,CMP-1333,2025-08-10T17:59:00,ACC00293,ACC00048,25424.48,IMPS,Patna,Bihar,True,86,11.59
TXN200820,CMP-1333,2025-08-10T18:49:00,ACC00048,ACC00058,19557.98,NEFT,Mumbai,Maharashtra,True,85,6.83
TXN200821,CMP-1334,2025-04-02T11:51:00,ACC00183,ACC00004,1951.24,IMPS,Hyderabad,Telangana,True,65,8.47
TXN200822,CMP-1334,2025-04-02T12:10:00,ACC00004,ACC00012,1881.59,IMPS,Mumbai,Maharashtra,True,73,8.81
TXN200823,CMP-1334,2025-04-02T13:13:00,ACC00012,ACC00064,1561.82,IMPS,Hyderabad,Telangana,True,87,5.36
TXN200824,CMP-1335,2025-06-26T11:43:00,ACC00137,ACC00048,4084.97,UPI,Kanpur,Uttar Pradesh,True,87,6.36
TXN200825,CMP-1335,2025-06-26T12:47:00,ACC00048,ACC00023,4295.71,IMPS,Mumbai,Maharashtra,True,50,9.19
TXN200826,CMP-1335,2025-06-26T13:46:00,ACC00023,ACC00083,3853.09,Card,Bengaluru,Karnataka,True,89,8.03
TXN200827,CMP-1335,2025-06-26T14:44:00,ACC00083,ACC00036,2792.34,UPI,Mumbai,Maharashtra,True,74,11.57
TXN200828,CMP-1336,2025-01-25T18:52:00,ACC00273,ACC00078,364.72,IMPS,Hyderabad,Telangana,True,92,3.37
TXN200829,CMP-1336,2025-01-25T19:18:00,ACC00078,ACC00054,482.37,RTGS,Patna,Bihar,True,93,10.67
TXN200830,CMP-1338,2025-06-07T22:39:00,ACC00309,ACC00092,14446.38,Wallet,Mumbai,Maharashtra,True,99,4.07
TXN200831,CMP-1338,2025-06-07T23:48:00,ACC00092,ACC00093,19676.82,RTGS,Lucknow,Uttar Pradesh,True,86,7.12
TXN200832,CMP-1339,2025-08-21T10:12:00,ACC00252,ACC00006,43553.56,UPI,Delhi,Delhi,True,82,8.55
TXN200833,CMP-1339,2025-08-21T11:07:00,ACC00006,ACC00013,33646.52,UPI,Lucknow,Uttar Pradesh,True,77,9.16
TXN200834,CMP-1339,2025-08-21T11:57:00,ACC00013,ACC00049,29370.57,IMPS,Bengaluru,Karnataka,True,81,10.85
TXN200835,CMP-1339,2025-08-21T12:45:00,ACC00049,ACC00050,39506.62,UPI,Kanpur,Uttar Pradesh,True,70,6.31
TXN200836,CMP-1340,2025-06-03T19:52:00,ACC00127,ACC00054,3572.93,Wallet,Lucknow,Uttar Pradesh,True,71,7.69
TXN200837,CMP-1340,2025-06-03T20:30:00,ACC00054,ACC00081,4572.7,UPI,Delhi,Delhi,True,77,9.32
TXN200838,CMP-1341,2025-01-16T00:41:00,ACC00149,ACC00021,799.37,UPI,Bengaluru,Karnataka,True,69,8.97
TXN200839,CMP-1341,2025-01-16T01:27:00,ACC00021,ACC00095,805.79,IMPS,Hyderabad,Telangana,True,73,6.89
TXN200840,CMP-1341,2025-01-16T02:43:00,ACC00095,ACC00044,940.77,Wallet,Hyderabad,Telangana,True,76,5.63
TXN200841,CMP-1341,2025-01-16T03:18:00,ACC00044,ACC00091,877.78,IMPS,Kanpur,Uttar Pradesh,True,86,9.4
TXN200842,CMP-1342,2025-03-04T08:25:00,ACC00257,ACC00060,11508.7,IMPS,Lucknow,Uttar Pradesh,True,63,9.68
TXN200843,CMP-1342,2025-03-04T09:32:00,ACC00060,ACC00062,8240.08,Wallet,Kanpur,Uttar Pradesh,True,83,10.42
TXN200844,CMP-1342,2025-03-04T10:07:00,ACC00062,ACC00019,10828.7,RTGS,Delhi,Delhi,True,78,5.4
TXN200845,CMP-1343,2025-08-30T00:48:00,ACC00194,ACC00048,3417.14,UPI,Kanpur,Uttar Pradesh,True,85,8.94
TXN200846,CMP-1343,2025-08-30T01:37:00,ACC00048,ACC00005,3196.02,UPI,Patna,Bihar,True,87,11.4
TXN200847,CMP-1344,2025-06-14T16:04:00,ACC00325,ACC00028,2366.8,IMPS,Lucknow,Uttar Pradesh,True,76,10.15
TXN200848,CMP-1344,2025-06-14T17:11:00,ACC00028,ACC00000,2153.66,IMPS,Patna,Bihar,True,95,10.69
TXN200849,CMP-1345,2025-07-10T13:13:00,ACC00485,ACC00012,2635.75,RTGS,Kanpur,Uttar Pradesh,True,89,6.41
TXN200850,CMP-1345,2025-07-10T13:28:00,ACC00012,ACC00019,3150.97,IMPS,Patna,Bihar,True,82,11.2
TXN200851,CMP-1345,2025-07-10T14:42:00,ACC00019,ACC00046,3127.58,RTGS,Delhi,Delhi,True,67,9.94
TXN200852,CMP-1346,2025-06-14T01:15:00,ACC00487,ACC00070,5468.86,IMPS,Delhi,Delhi,True,80,6.16
TXN200853,CMP-1346,2025-06-14T02:39:00,ACC00070,ACC00021,6985.37,NEFT,Jaipur,Rajasthan,True,62,6.9
TXN200854,CMP-1346,2025-06-14T03:43:00,ACC00021,ACC00014,6686.25,UPI,Jaipur,Rajasthan,True,79,5.15
TXN200855,CMP-1347,2025-08-18T16:08:00,ACC00374,ACC00060,3148.73,UPI,Lucknow,Uttar Pradesh,True,96,8.06
TXN200856,CMP-1347,2025-08-18T16:59:00,ACC00060,ACC00046,2537.74,Wallet,Mumbai,Maharashtra,True,68,6.58
TXN200857,CMP-1348,2025-07-08T06:41:00,ACC00140,ACC00091,7487.12,Wallet,Jaipur,Rajasthan,True,83,11.65
TXN200858,CMP-1348,2025-07-08T07:35:00,ACC00091,ACC00054,6621.06,Wallet,Mumbai,Maharashtra,True,85,11.45
TXN200859,CMP-1350,2025-08-07T05:26:00,ACC00164,ACC00010,1073.02,RTGS,Kanpur,Uttar Pradesh,True,68,9.21
TXN200860,CMP-1350,2025-08-07T06:20:00,ACC00010,ACC00055,1150.29,Wallet,Kanpur,Uttar Pradesh,True,88,7.28
TXN200861,CMP-1350,2025-08-07T07:32:00,ACC00055,ACC00020,908.73,NEFT,Delhi,Delhi,True,99,11.45
TXN200862,CMP-1350,2025-08-07T07:39:00,ACC00020,ACC00086,795.69,NEFT,Hyderabad,Telangana,True,88,8.7
TXN200863,CMP-1351,2025-07-04T16:40:00,ACC00404,ACC00093,6111.53,UPI,Lucknow,Uttar Pradesh,True,84,3.57
TXN200864,CMP-1351,2025-07-04T17:00:00,ACC00093,ACC00047,6207.29,IMPS,Mumbai,Maharashtra,True,85,10.36
TXN200865,CMP-1351,2025-07-04T17:59:00,ACC00047,ACC00033,5131.21,NEFT,Mumbai,Maharashtra,True,73,8.91
TXN200866,CMP-1351,2025-07-04T18:24:00,ACC00033,ACC00091,5552.05,Card,Hyderabad,Telangana,True,69,3.97
TXN200867,CMP-1352,2025-04-15T08:24:00,ACC00384,ACC00041,2102.2,Wallet,Patna,Bihar,True,62,4.97
TXN200868,CMP-1352,2025-04-15T09:14:00,ACC00041,ACC00062,2041.71,RTGS,Kanpur,Uttar Pradesh,True,79,4.19
TXN200869,CMP-1352,2025-04-15T09:41:00,ACC00062,ACC00008,2053.81,IMPS,Delhi,Delhi,True,85,3.27
TXN200870,CMP-1352,2025-04-15T10:37:00,ACC00008,ACC00014,2075.23,NEFT,Mumbai,Maharashtra,True,93,8.31
TXN200871,CMP-1353,2025-01-06T14:24:00,ACC00458,ACC00066,3581.35,Card,Jaipur,Rajasthan,True,75,3.43
TXN200872,CMP-1353,2025-01-06T14:44:00,ACC00066,ACC00099,4810.77,NEFT,Hyderabad,Telangana,True,75,7.14
TXN200873,CMP-1354,2025-02-27T01:29:00,ACC00175,ACC00074,2135.3,Card,Jaipur,Rajasthan,True,99,5.8
TXN200874,CMP-1354,2025-02-27T02:45:00,ACC00074,ACC00061,2332.77,IMPS,Bengaluru,Karnataka,True,66,4.85
TXN200875,CMP-1354,2025-02-27T04:00:00,ACC00061,ACC00089,2301.18,Card,Patna,Bihar,True,53,4.38
TXN200876,CMP-1356,2025-04-29T20:19:00,ACC00392,ACC00004,30257.87,Card,Delhi,Delhi,True,81,10.88
TXN200877,CMP-1356,2025-04-29T21:07:00,ACC00004,ACC00064,33711.82,Wallet,Patna,Bihar,True,84,4.46
TXN200878,CMP-1356,2025-04-29T21:43:00,ACC00064,ACC00069,29967.81,Wallet,Bengaluru,Karnataka,True,82,7.99
TXN200879,CMP-1356,2025-04-29T22:55:00,ACC00069,ACC00030,25422.96,RTGS,Delhi,Delhi,True,63,8.68
TXN200880,CMP-1357,2025-05-17T11:43:00,ACC00119,ACC00042,1451.09,UPI,Bengaluru,Karnataka,True,88,10.11
TXN200881,CMP-1357,2025-05-17T12:41:00,ACC00042,ACC00047,1605.45,UPI,Jaipur,Rajasthan,True,88,6.53
TXN200882,CMP-1360,2025-03-12T09:43:00,ACC00480,ACC00041,8293.77,UPI,Jaipur,Rajasthan,True,74,7.69
TXN200883,CMP-1360,2025-03-12T10:26:00,ACC00041,ACC00061,7089.38,NEFT,Mumbai,Maharashtra,True,82,4.08
TXN200884,CMP-1360,2025-03-12T10:49:00,ACC00061,ACC00017,6148.7,NEFT,Hyderabad,Telangana,True,76,10.18
TXN200885,CMP-1360,2025-03-12T11:07:00,ACC00017,ACC00014,7875.28,IMPS,Patna,Bihar,True,77,6.05
TXN200886,CMP-1361,2025-06-04T21:06:00,ACC00196,ACC00052,1517.14,IMPS,Lucknow,Uttar Pradesh,True,69,7.62
TXN200887,CMP-1361,2025-06-04T21:22:00,ACC00052,ACC00026,1106.69,RTGS,Mumbai,Maharashtra,True,73,7.03
TXN200888,CMP-1362,2025-03-30T22:50:00,ACC00363,ACC00008,3636.07,RTGS,Mumbai,Maharashtra,True,71,6.62
TXN200889,CMP-1362,2025-03-30T23:55:00,ACC00008,ACC00090,3534.12,Card,Lucknow,Uttar Pradesh,True,86,4.95
TXN200890,CMP-1364,2025-09-03T10:35:00,ACC00227,ACC00006,9031.31,RTGS,Delhi,Delhi,True,87,5.36
TXN200891,CMP-1364,2025-09-03T11:01:00,ACC00006,ACC00055,7912.62,RTGS,Delhi,Delhi,True,69,6.91
TXN200892,CMP-1364,2025-09-03T12:11:00,ACC00055,ACC00048,7611.11,Card,Mumbai,Maharashtra,True,74,8.1
TXN200893,CMP-1364,2025-09-03T13:37:00,ACC00048,ACC00007,5915.46,UPI,Mumbai,Maharashtra,True,91,4.98
TXN200894,CMP-1365,2025-06-25T02:24:00,ACC00337,ACC00081,3357.92,IMPS,Delhi,Delhi,True,87,10.29
TXN200895,CMP-1365,2025-06-25T03:52:00,ACC00081,ACC00018,4284.41,UPI,Patna,Bihar,True,93,5.5
TXN200896,CMP-1365,2025-06-25T05:06:00,ACC00018,ACC00010,4612.73,IMPS,Mumbai,Maharashtra,True,80,10.57
TXN200897,CMP-1366,2025-08-30T20:59:00,ACC00350,ACC00022,1582.33,RTGS,Kanpur,Uttar Pradesh,True,92,7.21
TXN200898,CMP-1366,2025-08-30T22:26:00,ACC00022,ACC00096,1425.21,Card,Patna,Bihar,True,85,8.16
TXN200899,CMP-1366,2025-08-30T23:08:00,ACC00096,ACC00017,1497.22,RTGS,Jaipur,Rajasthan,True,80,8.67
TXN200900,CMP-1367,2025-03-08T21:12:00,ACC00276,ACC00033,1582.11,UPI,Kanpur,Uttar Pradesh,True,76,10.12
TXN200901,CMP-1367,2025-03-08T21:38:00,ACC00033,ACC00083,1810.86,UPI,Mumbai,Maharashtra,True,85,3.58
TXN200902,CMP-1367,2025-03-08T22:24:00,ACC00083,ACC00089,2204.5,UPI,Lucknow,Uttar Pradesh,True,73,6.58
TXN200903,CMP-1368,2025-02-03T16:27:00,ACC00297,ACC00073,41732.97,IMPS,Lucknow,Uttar Pradesh,True,88,9.41
TXN200904,CMP-1368,2025-02-03T17:23:00,ACC00073,ACC00097,43064.22,Card,Patna,Bihar,True,81,10.07
TXN200905,CMP-1368,2025-02-03T18:48:00,ACC00097,ACC00022,38827.9,RTGS,Hyderabad,Telangana,True,79,5.25
TXN200906,CMP-1368,2025-02-03T20:17:00,ACC00022,ACC00064,39346.73,Wallet,Kanpur,Uttar Pradesh,True,99,3.67
TXN200907,CMP-1369,2025-09-17T03:28:00,ACC00446,ACC00083,305.4,IMPS,Patna,Bihar,True,77,4.6
TXN200908,CMP-1369,2025-09-17T04:05:00,ACC00083,ACC00064,298.89,IMPS,Kanpur,Uttar Pradesh,True,86,7.77
TXN200909,CMP-1369,2025-09-17T04:21:00,ACC00064,ACC00039,226.71,UPI,Patna,Bihar,True,83,9.5
TXN200910,CMP-1369,2025-09-17T05:25:00,ACC00039,ACC00091,215.8,IMPS,Bengaluru,Karnataka,True,67,9.24
TXN200911,CMP-1371,2025-07-20T01:20:00,ACC00411,ACC00039,2744.64,IMPS,Patna,Bihar,True,86,6.45
TXN200912,CMP-1371,2025-07-20T02:39:00,ACC00039,ACC00080,2461.6,IMPS,Delhi,Delhi,True,65,6.57
TXN200913,CMP-1371,2025-07-20T03:18:00,ACC00080,ACC00007,2648.7,RTGS,Hyderabad,Telangana,True,74,5.06
TXN200914,CMP-1372,2025-05-24T10:04:00,ACC00278,ACC00027,1535.75,RTGS,Patna,Bihar,True,88,8.27
TXN200915,CMP-1372,2025-05-24T10:24:00,ACC00027,ACC00041,1622.84,Card,Mumbai,Maharashtra,True,81,4.7
TXN200916,CMP-1372,2025-05-24T11:29:00,ACC00041,ACC00084,1118.88,UPI,Jaipur,Rajasthan,True,70,3.62
TXN200917,CMP-1373,2025-08-15T18:13:00,ACC00399,ACC00065,15369.16,UPI,Delhi,Delhi,True,69,5.21
TXN200918,CMP-1373,2025-08-15T19:11:00,ACC00065,ACC00054,15003.98,UPI,Jaipur,Rajasthan,True,99,3.72
TXN200919,CMP-1373,2025-08-15T20:22:00,ACC00054,ACC00024,12271.18,Wallet,Jaipur,Rajasthan,True,86,8.08
TXN200920,CMP-1373,2025-08-15T20:31:00,ACC00024,ACC00034,9319.67,UPI,Bengaluru,Karnataka,True,82,4.6
TXN200921,CMP-1374,2025-07-16T01:28:00,ACC00252,ACC00061,8760.27,UPI,Delhi,Delhi,True,85,8.53
TXN200922,CMP-1374,2025-07-16T02:01:00,ACC00061,ACC00020,6162.33,IMPS,Lucknow,Uttar Pradesh,True,90,8.22
TXN200923,CMP-1374,2025-07-16T03:07:00,ACC00020,ACC00070,6049.25,NEFT,Bengaluru,Karnataka,True,89,8.7
TXN200924,CMP-1375,2025-02-02T17:50:00,ACC00241,ACC00091,2173.28,IMPS,Kanpur,Uttar Pradesh,True,72,7.74
TXN200925,CMP-1375,2025-02-02T18:28:00,ACC00091,ACC00025,2161.73,UPI,Lucknow,Uttar Pradesh,True,77,10.57
TXN200926,CMP-1375,2025-02-02T19:23:00,ACC00025,ACC00081,1986.92,Wallet,Hyderabad,Telangana,True,78,9.32
TXN200927,CMP-1375,2025-02-02T19:32:00,ACC00081,ACC00004,1894.85,UPI,Lucknow,Uttar Pradesh,True,82,5.75
TXN200928,CMP-1376,2025-05-31T03:10:00,ACC00364,ACC00007,3616.75,UPI,Jaipur,Rajasthan,True,87,10.51
TXN200929,CMP-1376,2025-05-31T03:15:00,ACC00007,ACC00012,3634.11,NEFT,Patna,Bihar,True,89,8.54
TXN200930,CMP-1376,2025-05-31T03:25:00,ACC00012,ACC00040,3621.35,Wallet,Bengaluru,Karnataka,True,99,11.32
TXN200931,CMP-1377,2025-08-03T18:35:00,ACC00448,ACC00003,1476.12,RTGS,Jaipur,Rajasthan,True,85,12.0
TXN200932,CMP-1377,2025-08-03T19:39:00,ACC00003,ACC00097,1118.79,IMPS,Delhi,Delhi,True,64,4.34
TXN200933,CMP-1377,2025-08-03T20:22:00,ACC00097,ACC00051,1209.38,NEFT,Patna,Bihar,True,80,9.43
TXN200934,CMP-1378,2025-06-28T05:52:00,ACC00307,ACC00004,3862.07,UPI,Patna,Bihar,True,78,4.36
TXN200935,CMP-1378,2025-06-28T07:04:00,ACC00004,ACC00065,5258.72,Card,Lucknow,Uttar Pradesh,True,60,5.55
TXN200936,CMP-1378,2025-06-28T07:15:00,ACC00065,ACC00013,4605.75,NEFT,Mumbai,Maharashtra,True,71,10.43
TXN200937,CMP-1378,2025-06-28T07:45:00,ACC00013,ACC00020,4999.25,IMPS,Hyderabad,Telangana,True,73,3.68
TXN200938,CMP-1379,2025-01-09T17:42:00,ACC00471,ACC00087,7713.51,UPI,Bengaluru,Karnataka,True,99,5.33
TXN200939,CMP-1379,2025-01-09T18:47:00,ACC00087,ACC00080,8322.04,IMPS,Mumbai,Maharashtra,True,75,5.54
TXN200940,CMP-1380,2025-03-11T18:06:00,ACC00359,ACC00021,14919.77,RTGS,Jaipur,Rajasthan,True,89,4.52
TXN200941,CMP-1380,2025-03-11T18:37:00,ACC00021,ACC00020,18161.29,Card,Mumbai,Maharashtra,True,72,8.81
TXN200942,CMP-1380,2025-03-11T19:13:00,ACC00020,ACC00065,18144.2,NEFT,Kanpur,Uttar Pradesh,True,78,9.04
TXN200943,CMP-1380,2025-03-11T19:31:00,ACC00065,ACC00067,12455.65,NEFT,Patna,Bihar,True,99,9.78
TXN200944,CMP-1381,2025-04-29T06:30:00,ACC00149,ACC00094,2565.03,RTGS,Patna,Bihar,True,80,4.52
TXN200945,CMP-1381,2025-04-29T07:45:00,ACC00094,ACC00091,2315.82,IMPS,Bengaluru,Karnataka,True,99,8.26
TXN200946,CMP-1382,2025-08-11T13:13:00,ACC00435,ACC00045,3712.41,Wallet,Hyderabad,Telangana,True,73,11.82
TXN200947,CMP-1382,2025-08-11T14:04:00,ACC00045,ACC00078,3538.67,UPI,Lucknow,Uttar Pradesh,True,73,4.62
TXN200948,CMP-1382,2025-08-11T15:30:00,ACC00078,ACC00009,2350.39,IMPS,Kanpur,Uttar Pradesh,True,81,5.74
TXN200949,CMP-1382,2025-08-11T16:44:00,ACC00009,ACC00019,2368.14,Wallet,Delhi,Delhi,True,66,5.19
TXN200950,CMP-1383,2025-04-06T04:23:00,ACC00290,ACC00037,424.46,NEFT,Mumbai,Maharashtra,True,88,7.42
TXN200951,CMP-1383,2025-04-06T05:50:00,ACC00037,ACC00012,530.19,NEFT,Mumbai,Maharashtra,True,74,5.56
TXN200952,CMP-1383,2025-04-06T07:18:00,ACC00012,ACC00059,375.31,UPI,Kanpur,Uttar Pradesh,True,58,6.22
TXN200953,CMP-1384,2025-03-30T18:07:00,ACC00424,ACC00079,9199.66,UPI,Mumbai,Maharashtra,True,72,4.4
TXN200954,CMP-1384,2025-03-30T18:13:00,ACC00079,ACC00046,7590.41,RTGS,Hyderabad,Telangana,True,72,9.04
TXN200955,CMP-1384,2025-03-30T19:09:00,ACC00046,ACC00045,5608.87,NEFT,Hyderabad,Telangana,True,73,3.62
TXN200956,CMP-1384,2025-03-30T20:20:00,ACC00045,ACC00011,5701.59,NEFT,Hyderabad,Telangana,True,70,3.4
TXN200957,CMP-1385,2025-05-29T13:38:00,ACC00448,ACC00038,7021.57,Card,Lucknow,Uttar Pradesh,True,69,7.06
TXN200958,CMP-1385,2025-05-29T14:09:00,ACC00038,ACC00017,8397.29,NEFT,Kanpur,Uttar Pradesh,True,92,5.24
TXN200959,CMP-1385,2025-05-29T15:08:00,ACC00017,ACC00015,6019.24,Card,Patna,Bihar,True,83,7.56
TXN200960,CMP-1385,2025-05-29T16:24:00,ACC00015,ACC00073,6706.36,Wallet,Mumbai,Maharashtra,True,82,5.24
TXN200961,CMP-1386,2025-08-17T17:01:00,ACC00275,ACC00072,16710.67,Wallet,Jaipur,Rajasthan,True,91,3.1
TXN200962,CMP-1386,2025-08-17T17:47:00,ACC00072,ACC00046,13371.11,NEFT,Delhi,Delhi,True,77,10.85
TXN200963,CMP-1386,2025-08-17T18:05:00,ACC00046,ACC00065,12229.04,RTGS,Patna,Bihar,True,93,9.19
TXN200964,CMP-1387,2025-06-07T06:18:00,ACC00466,ACC00010,2013.07,UPI,Lucknow,Uttar Pradesh,True,70,4.41
TXN200965,CMP-1387,2025-06-07T07:43:00,ACC00010,ACC00058,2095.15,RTGS,Bengaluru,Karnataka,True,72,6.03
TXN200966,CMP-1387,2025-06-07T08:31:00,ACC00058,ACC00034,2064.65,RTGS,Lucknow,Uttar Pradesh,True,78,9.9
TXN200967,CMP-1387,2025-06-07T09:32:00,ACC00034,ACC00088,1977.97,IMPS,Delhi,Delhi,True,89,5.02
TXN200968,CMP-1388,2025-08-22T17:18:00,ACC00102,ACC00026,5334.46,Wallet,Patna,Bihar,True,90,3.58
TXN200969,CMP-1388,2025-08-22T17:27:00,ACC00026,ACC00049,3681.0,UPI,Bengaluru,Karnataka,True,94,11.19
TXN200970,CMP-1388,2025-08-22T17:51:00,ACC00049,ACC00020,4125.26,Card,Hyderabad,Telangana,True,81,6.22
TXN200971,CMP-1389,2025-05-04T02:15:00,ACC00350,ACC00099,7602.77,Card,Hyderabad,Telangana,True,80,5.19
TXN200972,CMP-1389,2025-05-04T02:59:00,ACC00099,ACC00011,8991.33,UPI,Delhi,Delhi,True,79,7.05
TXN200973,CMP-1389,2025-05-04T04:26:00,ACC00011,ACC00044,10480.91,IMPS,Delhi,Delhi,True,71,9.36
TXN200974,CMP-1389,2025-05-04T05:49:00,ACC00044,ACC00059,8343.02,Card,Patna,Bihar,True,74,5.51
TXN200975,CMP-1390,2025-09-15T05:45:00,ACC00306,ACC00061,46960.01,NEFT,Delhi,Delhi,True,93,6.48
TXN200976,CMP-1390,2025-09-15T06:26:00,ACC00061,ACC00051,33150.56,NEFT,Jaipur,Rajasthan,True,82,11.95
TXN200977,CMP-1391,2025-06-17T14:26:00,ACC00474,ACC00001,2103.57,RTGS,Hyderabad,Telangana,True,85,9.2
TXN200978,CMP-1391,2025-06-17T14:54:00,ACC00001,ACC00063,1975.89,UPI,Kanpur,Uttar Pradesh,True,77,11.26
TXN200979,CMP-1391,2025-06-17T15:50:00,ACC00063,ACC00028,1890.61,Card,Lucknow,Uttar Pradesh,True,85,10.13
TXN200980,CMP-1391,2025-06-17T16:02:00,ACC00028,ACC00090,1595.38,Wallet,Mumbai,Maharashtra,True,69,4.46
TXN200981,CMP-1392,2025-07-08T14:40:00,ACC00446,ACC00093,1254.31,IMPS,Jaipur,Rajasthan,True,83,11.88
TXN200982,CMP-1392,2025-07-08T15:28:00,ACC00093,ACC00018,1255.52,Wallet,Lucknow,Uttar Pradesh,True,60,7.31
TXN200983,CMP-1392,2025-07-08T16:32:00,ACC00018,ACC00081,1182.26,Wallet,Patna,Bihar,True,78,6.36
TXN200984,CMP-1393,2025-09-13T12:39:00,ACC00152,ACC00075,15289.64,Card,Hyderabad,Telangana,True,82,6.23
TXN200985,CMP-1393,2025-09-13T13:35:00,ACC00075,ACC00046,10348.9,IMPS,Lucknow,Uttar Pradesh,True,96,3.51
TXN200986,CMP-1394,2025-09-04T08:38:00,ACC00248,ACC00066,5490.43,RTGS,Patna,Bihar,True,62,7.64
TXN200987,CMP-1394,2025-09-04T09:41:00,ACC00066,ACC00002,5435.29,NEFT,Kanpur,Uttar Pradesh,True,69,6.82
TXN200988,CMP-1396,2025-05-10T05:48:00,ACC00109,ACC00093,3543.64,UPI,Kanpur,Uttar Pradesh,True,77,7.29
TXN200989,CMP-1396,2025-05-10T06:20:00,ACC00093,ACC00022,3599.63,Card,Delhi,Delhi,True,79,3.67
TXN200990,CMP-1396,2025-05-10T07:00:00,ACC00022,ACC00010,2788.04,NEFT,Hyderabad,Telangana,True,85,3.09
TXN200991,CMP-1396,2025-05-10T07:28:00,ACC00010,ACC00018,2491.04,Card,Bengaluru,Karnataka,True,90,8.94
TXN200992,CMP-1397,2025-03-20T18:22:00,ACC00401,ACC00015,7423.75,UPI,Patna,Bihar,True,72,7.71
TXN200993,CMP-1397,2025-03-20T18:36:00,ACC00015,ACC00034,5730.98,NEFT,Kanpur,Uttar Pradesh,True,80,4.86
TXN200994,CMP-1397,2025-03-20T19:38:00,ACC00034,ACC00024,6851.57,IMPS,Bengaluru,Karnataka,True,65,7.52
TXN200995,CMP-1397,2025-03-20T21:05:00,ACC00024,ACC00006,6611.44,NEFT,Patna,Bihar,True,68,10.79
TXN200996,CMP-1398,2025-09-08T14:23:00,ACC00494,ACC00006,964.24,RTGS,Mumbai,Maharashtra,True,79,6.8
TXN200997,CMP-1398,2025-09-08T14:40:00,ACC00006,ACC00061,858.37,RTGS,Patna,Bihar,True,77,3.16
TXN200998,CMP-1398,2025-09-08T15:38:00,ACC00061,ACC00069,943.6,NEFT,Patna,Bihar,True,81,4.19
TXN200999,CMP-1399,2025-04-30T13:49:00,ACC00434,ACC00006,4025.63,Wallet,Bengaluru,Karnataka,True,75,5.35
TXN201000,CMP-1399,2025-04-30T14:41:00,ACC00006,ACC00072,3535.31,UPI,Mumbai,Maharashtra,True,70,4.18
TXN201001,CMP-1400,2025-08-22T16:43:00,ACC00163,ACC00060,249.97,RTGS,Jaipur,Rajasthan,True,88,10.58
TXN201002,CMP-1400,2025-08-22T17:24:00,ACC00060,ACC00086,297.08,UPI,Mumbai,Maharashtra,True,75,7.59
TXN201003,CMP-1400,2025-08-22T18:21:00,ACC00086,ACC00094,245.8,Card,Mumbai,Maharashtra,True,66,9.91
TXN201004,CMP-1401,2025-06-21T02:49:00,ACC00254,ACC00012,4240.21,RTGS,Patna,Bihar,True,56,8.93
TXN201005,CMP-1401,2025-06-21T03:23:00,ACC00012,ACC00041,3794.3,NEFT,Lucknow,Uttar Pradesh,True,66,8.78
TXN201006,CMP-1401,2025-06-21T04:34:00,ACC00041,ACC00015,3490.94,Card,Mumbai,Maharashtra,True,92,11.87
TXN201007,CMP-1402,2025-04-16T22:26:00,ACC00314,ACC00013,586.36,UPI,Lucknow,Uttar Pradesh,True,85,3.63
TXN201008,CMP-1402,2025-04-16T22:31:00,ACC00013,ACC00058,772.51,IMPS,Bengaluru,Karnataka,True,81,8.91
TXN201009,CMP-1402,2025-04-16T23:38:00,ACC00058,ACC00082,627.27,Card,Mumbai,Maharashtra,True,78,10.38
TXN201010,CMP-1402,2025-04-17T00:52:00,ACC00082,ACC00075,580.0,Wallet,Patna,Bihar,True,62,4.67
TXN201011,CMP-1403,2025-04-30T23:02:00,ACC00158,ACC00063,2216.88,IMPS,Bengaluru,Karnataka,True,70,7.63
TXN201012,CMP-1403,2025-05-01T00:24:00,ACC00063,ACC00044,1663.37,RTGS,Lucknow,Uttar Pradesh,True,77,6.88
TXN201013,CMP-1404,2025-01-04T00:09:00,ACC00283,ACC00037,5608.65,NEFT,Kanpur,Uttar Pradesh,True,77,8.93
TXN201014,CMP-1404,2025-01-04T00:14:00,ACC00037,ACC00047,5380.82,Wallet,Delhi,Delhi,True,80,9.87
TXN201015,CMP-1404,2025-01-04T01:08:00,ACC00047,ACC00002,5093.68,RTGS,Hyderabad,Telangana,True,86,7.39
TXN201016,CMP-1406,2025-09-09T10:24:00,ACC00156,ACC00085,5499.41,NEFT,Patna,Bihar,True,84,4.22
TXN201017,CMP-1406,2025-09-09T10:49:00,ACC00085,ACC00058,6468.39,Wallet,Jaipur,Rajasthan,True,61,11.74
TXN201018,CMP-1406,2025-09-09T11:30:00,ACC00058,ACC00052,5015.59,UPI,Mumbai,Maharashtra,True,76,5.31
TXN201019,CMP-1406,2025-09-09T12:25:00,ACC00052,ACC00045,4145.65,Card,Patna,Bihar,True,78,5.34
TXN201020,CMP-1407,2025-03-22T05:12:00,ACC00470,ACC00032,17705.2,Wallet,Mumbai,Maharashtra,True,80,10.9
TXN201021,CMP-1407,2025-03-22T06:22:00,ACC00032,ACC00022,14775.19,Wallet,Patna,Bihar,True,88,7.52
TXN201022,CMP-1407,2025-03-22T07:28:00,ACC00022,ACC00071,21262.3,Card,Kanpur,Uttar Pradesh,True,66,7.28
TXN201023,CMP-1408,2025-09-07T19:29:00,ACC00337,ACC00022,6489.37,RTGS,Kanpur,Uttar Pradesh,True,61,10.94
TXN201024,CMP-1408,2025-09-07T20:04:00,ACC00022,ACC00089,3962.14,RTGS,Delhi,Delhi,True,93,5.24
TXN201025,CMP-1408,2025-09-07T21:10:00,ACC00089,ACC00088,5158.94,UPI,Delhi,Delhi,True,74,11.25
TXN201026,CMP-1408,2025-09-07T21:25:00,ACC00088,ACC00056,5788.5,UPI,Lucknow,Uttar Pradesh,True,91,10.09
TXN201027,CMP-1409,2025-08-06T18:39:00,ACC00318,ACC00012,11677.8,RTGS,Delhi,Delhi,True,85,9.13
TXN201028,CMP-1409,2025-08-06T18:51:00,ACC00012,ACC00053,10278.07,RTGS,Hyderabad,Telangana,True,85,3.06
TXN201029,CMP-1409,2025-08-06T18:59:00,ACC00053,ACC00014,11042.85,Wallet,Lucknow,Uttar Pradesh,True,87,7.75
TXN201030,CMP-1409,2025-08-06T20:24:00,ACC00014,ACC00064,10397.52,RTGS,Kanpur,Uttar Pradesh,True,85,7.35
TXN201031,CMP-1410,2025-07-29T01:33:00,ACC00439,ACC00042,1875.29,Card,Patna,Bihar,True,89,6.6
TXN201032,CMP-1410,2025-07-29T02:34:00,ACC00042,ACC00027,2613.63,UPI,Bengaluru,Karnataka,True,59,9.56
TXN201033,CMP-1410,2025-07-29T03:33:00,ACC00027,ACC00028,1895.53,Card,Delhi,Delhi,True,89,3.31
TXN201034,CMP-1411,2025-05-14T19:22:00,ACC00475,ACC00043,1648.19,RTGS,Patna,Bihar,True,72,8.22
TXN201035,CMP-1411,2025-05-14T19:41:00,ACC00043,ACC00060,1285.15,UPI,Jaipur,Rajasthan,True,94,7.47
TXN201036,CMP-1411,2025-05-14T20:48:00,ACC00060,ACC00053,1437.22,IMPS,Kanpur,Uttar Pradesh,True,75,10.4
TXN201037,CMP-1412,2025-04-15T21:52:00,ACC00239,ACC00088,4571.43,NEFT,Patna,Bihar,True,71,4.96
TXN201038,CMP-1412,2025-04-15T22:20:00,ACC00088,ACC00084,3081.88,RTGS,Bengaluru,Karnataka,True,94,7.97
TXN201039,CMP-1412,2025-04-15T22:43:00,ACC00084,ACC00033,3011.09,UPI,Patna,Bihar,True,86,11.91
TXN201040,CMP-1413,2025-05-14T12:12:00,ACC00157,ACC00092,2065.25,UPI,Mumbai,Maharashtra,True,87,8.16
TXN201041,CMP-1413,2025-05-14T12:35:00,ACC00092,ACC00001,1890.0,NEFT,Jaipur,Rajasthan,True,72,9.68
TXN201042,CMP-1414,2025-01-09T01:39:00,ACC00402,ACC00072,697.42,Card,Bengaluru,Karnataka,True,54,6.09
TXN201043,CMP-1414,2025-01-09T03:05:00,ACC00072,ACC00021,660.2,Wallet,Patna,Bihar,True,61,8.67
TXN201044,CMP-1414,2025-01-09T03:11:00,ACC00021,ACC00074,442.05,IMPS,Patna,Bihar,True,91,9.79
TXN201045,CMP-1415,2025-06-11T23:45:00,ACC00498,ACC00003,12608.49,Card,Mumbai,Maharashtra,True,78,5.38
TXN201046,CMP-1415,2025-06-12T01:07:00,ACC00003,ACC00074,13210.04,RTGS,Patna,Bihar,True,84,7.89
TXN201047,CMP-1417,2025-03-01T22:06:00,ACC00106,ACC00086,6251.04,Wallet,Mumbai,Maharashtra,True,84,8.73
TXN201048,CMP-1417,2025-03-01T23:06:00,ACC00086,ACC00022,6449.64,Card,Bengaluru,Karnataka,True,65,9.99
TXN201049,CMP-1417,2025-03-01T23:37:00,ACC00022,ACC00051,5872.14,UPI,Mumbai,Maharashtra,True,92,11.83
TXN201050,CMP-1417,2025-03-02T00:34:00,ACC00051,ACC00040,4439.37,Wallet,Delhi,Delhi,True,74,10.42
TXN201051,CMP-1419,2025-04-22T08:02:00,ACC00438,ACC00061,2694.6,RTGS,Kanpur,Uttar Pradesh,True,78,3.72
TXN201052,CMP-1419,2025-04-22T08:18:00,ACC00061,ACC00074,3577.35,Wallet,Mumbai,Maharashtra,True,71,7.23
TXN201053,CMP-1419,2025-04-22T09:11:00,ACC00074,ACC00050,3431.57,NEFT,Bengaluru,Karnataka,True,91,7.77
TXN201054,CMP-1419,2025-04-22T09:53:00,ACC00050,ACC00098,2517.79,UPI,Delhi,Delhi,True,74,9.51
TXN201055,CMP-1420,2025-04-22T22:13:00,ACC00105,ACC00020,3045.17,UPI,Mumbai,Maharashtra,True,86,11.8
TXN201056,CMP-1420,2025-04-22T23:30:00,ACC00020,ACC00056,1991.98,UPI,Delhi,Delhi,True,87,6.26
TXN201057,CMP-1421,2025-07-18T20:07:00,ACC00138,ACC00041,4504.92,RTGS,Mumbai,Maharashtra,True,69,4.6
TXN201058,CMP-1421,2025-07-18T21:00:00,ACC00041,ACC00049,4755.63,Card,Jaipur,Rajasthan,True,67,11.39
TXN201059,CMP-1421,2025-07-18T22:08:00,ACC00049,ACC00003,4564.02,IMPS,Bengaluru,Karnataka,True,64,7.23
TXN201060,CMP-1421,2025-07-18T23:05:00,ACC00003,ACC00096,3134.45,RTGS,Bengaluru,Karnataka,True,64,8.22
TXN201061,CMP-1422,2025-02-23T07:01:00,ACC00381,ACC00051,8415.59,IMPS,Patna,Bihar,True,66,11.58
TXN201062,CMP-1422,2025-02-23T07:46:00,ACC00051,ACC00024,8987.98,NEFT,Lucknow,Uttar Pradesh,True,85,5.91
TXN201063,CMP-1422,2025-02-23T07:57:00,ACC00024,ACC00069,8280.66,NEFT,Delhi,Delhi,True,89,11.53
TXN201064,CMP-1423,2025-01-09T16:15:00,ACC00393,ACC00063,682.21,UPI,Delhi,Delhi,True,79,9.37
TXN201065,CMP-1423,2025-01-09T16:57:00,ACC00063,ACC00081,696.44,UPI,Hyderabad,Telangana,True,72,9.18
TXN201066,CMP-1424,2025-08-17T12:22:00,ACC00152,ACC00004,2067.91,NEFT,Kanpur,Uttar Pradesh,True,85,11.4
TXN201067,CMP-1424,2025-08-17T12:53:00,ACC00004,ACC00016,2129.72,IMPS,Delhi,Delhi,True,87,6.32
TXN201068,CMP-1424,2025-08-17T13:39:00,ACC00016,ACC00014,1336.56,UPI,Hyderabad,Telangana,True,96,8.62
TXN201069,CMP-1424,2025-08-17T14:19:00,ACC00014,ACC00019,1687.48,NEFT,Bengaluru,Karnataka,True,80,6.86
TXN201070,CMP-1425,2025-08-03T13:08:00,ACC00360,ACC00083,2344.99,UPI,Patna,Bihar,True,84,8.32
TXN201071,CMP-1425,2025-08-03T13:14:00,ACC00083,ACC00012,1475.19,UPI,Hyderabad,Telangana,True,85,9.32
TXN201072,CMP-1425,2025-08-03T13:36:00,ACC00012,ACC00062,1623.03,RTGS,Delhi,Delhi,True,63,7.54
TXN201073,CMP-1426,2025-03-17T23:27:00,ACC00214,ACC00042,11437.03,Card,Patna,Bihar,True,90,11.43
TXN201074,CMP-1426,2025-03-18T00:45:00,ACC00042,ACC00088,10513.76,NEFT,Hyderabad,Telangana,True,72,11.94
TXN201075,CMP-1427,2025-05-19T14:05:00,ACC00466,ACC00091,2862.23,NEFT,Lucknow,Uttar Pradesh,True,69,8.61
TXN201076,CMP-1427,2025-05-19T14:41:00,ACC00091,ACC00023,2385.46,IMPS,Lucknow,Uttar Pradesh,True,79,8.78
TXN201077,CMP-1428,2025-07-08T05:20:00,ACC00101,ACC00081,13357.67,NEFT,Hyderabad,Telangana,True,90,9.3
TXN201078,CMP-1428,2025-07-08T05:36:00,ACC00081,ACC00043,10082.22,Wallet,Lucknow,Uttar Pradesh,True,49,4.69
TXN201079,CMP-1429,2025-01-14T05:14:00,ACC00459,ACC00021,15282.84,RTGS,Kanpur,Uttar Pradesh,True,73,7.83
TXN201080,CMP-1429,2025-01-14T06:10:00,ACC00021,ACC00067,13404.23,UPI,Bengaluru,Karnataka,True,83,7.07
TXN201081,CMP-1430,2025-06-16T09:25:00,ACC00412,ACC00015,8541.54,Wallet,Mumbai,Maharashtra,True,77,9.69
TXN201082,CMP-1430,2025-06-16T09:40:00,ACC00015,ACC00003,7039.58,IMPS,Jaipur,Rajasthan,True,73,8.7
TXN201083,CMP-1430,2025-06-16T10:34:00,ACC00003,ACC00069,5966.18,UPI,Bengaluru,Karnataka,True,89,11.18
TXN201084,CMP-1430,2025-06-16T11:14:00,ACC00069,ACC00002,5052.84,UPI,Jaipur,Rajasthan,True,87,8.56
TXN201085,CMP-1431,2025-08-21T19:10:00,ACC00197,ACC00013,1225.2,UPI,Mumbai,Maharashtra,True,69,8.85
TXN201086,CMP-1431,2025-08-21T19:56:00,ACC00013,ACC00029,1752.93,NEFT,Kanpur,Uttar Pradesh,True,66,11.69
TXN201087,CMP-1433,2025-05-22T03:40:00,ACC00102,ACC00006,824.01,NEFT,Kanpur,Uttar Pradesh,True,82,5.72
TXN201088,CMP-1433,2025-05-22T04:36:00,ACC00006,ACC00026,885.18,Card,Hyderabad,Telangana,True,62,6.67
TXN201089,CMP-1433,2025-05-22T04:58:00,ACC00026,ACC00012,848.63,Card,Patna,Bihar,True,99,6.07
TXN201090,CMP-1434,2025-07-15T00:58:00,ACC00360,ACC00022,4335.56,IMPS,Bengaluru,Karnataka,True,84,8.0
TXN201091,CMP-1434,2025-07-15T01:27:00,ACC00022,ACC00033,3330.78,RTGS,Kanpur,Uttar Pradesh,True,88,8.63
TXN201092,CMP-1435,2025-03-11T16:08:00,ACC00153,ACC00076,384.72,Wallet,Kanpur,Uttar Pradesh,True,68,11.62
TXN201093,CMP-1435,2025-03-11T16:13:00,ACC00076,ACC00013,377.4,IMPS,Bengaluru,Karnataka,True,71,9.15
TXN201094,CMP-1435,2025-03-11T16:35:00,ACC00013,ACC00074,242.18,RTGS,Hyderabad,Telangana,True,99,6.96
TXN201095,CMP-1437,2025-07-22T17:15:00,ACC00250,ACC00017,1004.88,Wallet,Kanpur,Uttar Pradesh,True,85,8.63
TXN201096,CMP-1437,2025-07-22T17:25:00,ACC00017,ACC00058,887.59,NEFT,Delhi,Delhi,True,89,5.59
TXN201097,CMP-1437,2025-07-22T18:47:00,ACC00058,ACC00055,1093.49,Wallet,Patna,Bihar,True,79,6.33
TXN201098,CMP-1438,2025-02-16T02:20:00,ACC00459,ACC00040,2787.79,NEFT,Jaipur,Rajasthan,True,92,7.45
TXN201099,CMP-1438,2025-02-16T03:06:00,ACC00040,ACC00025,2755.83,RTGS,Delhi,Delhi,True,70,5.32
TXN201100,CMP-1438,2025-02-16T03:22:00,ACC00025,ACC00073,2549.17,Card,Mumbai,Maharashtra,True,60,10.29
TXN201101,CMP-1439,2025-02-02T21:15:00,ACC00202,ACC00091,2918.82,NEFT,Patna,Bihar,True,80,7.67
TXN201102,CMP-1439,2025-02-02T21:54:00,ACC00091,ACC00065,2855.06,NEFT,Jaipur,Rajasthan,True,78,10.86
TXN201103,CMP-1440,2025-01-14T03:44:00,ACC00463,ACC00022,6047.85,IMPS,Jaipur,Rajasthan,True,54,5.05
TXN201104,CMP-1440,2025-01-14T05:02:00,ACC00022,ACC00003,7624.44,Card,Mumbai,Maharashtra,True,71,9.21
TXN201105,CMP-1440,2025-01-14T05:46:00,ACC00003,ACC00014,6990.76,NEFT,Bengaluru,Karnataka,True,90,7.02
TXN201106,CMP-1441,2025-02-10T02:26:00,ACC00489,ACC00061,10085.48,RTGS,Jaipur,Rajasthan,True,56,6.0
TXN201107,CMP-1441,2025-02-10T02:43:00,ACC00061,ACC00027,6690.28,NEFT,Mumbai,Maharashtra,True,67,3.12
TXN201108,CMP-1442,2025-04-24T13:06:00,ACC00316,ACC00066,3142.95,NEFT,Lucknow,Uttar Pradesh,True,76,9.12
TXN201109,CMP-1442,2025-04-24T13:18:00,ACC00066,ACC00015,2940.18,RTGS,Jaipur,Rajasthan,True,88,9.69
TXN201110,CMP-1442,2025-04-24T14:13:00,ACC00015,ACC00001,2504.34,IMPS,Hyderabad,Telangana,True,70,10.66
TXN201111,CMP-1443,2025-05-12T09:41:00,ACC00443,ACC00034,2967.67,UPI,Patna,Bihar,True,93,9.51
TXN201112,CMP-1443,2025-05-12T10:26:00,ACC00034,ACC00042,2345.91,NEFT,Bengaluru,Karnataka,True,88,10.66
TXN201113,CMP-1443,2025-05-12T11:28:00,ACC00042,ACC00029,2653.04,Wallet,Bengaluru,Karnataka,True,67,11.02
TXN201114,CMP-1443,2025-05-12T12:32:00,ACC00029,ACC00072,1944.62,UPI,Kanpur,Uttar Pradesh,True,80,5.55
TXN201115,CMP-1444,2025-07-27T14:25:00,ACC00174,ACC00088,4726.4,Wallet,Patna,Bihar,True,75,10.81
TXN201116,CMP-1444,2025-07-27T15:27:00,ACC00088,ACC00077,4045.4,RTGS,Patna,Bihar,True,99,6.74
TXN201117,CMP-1444,2025-07-27T16:04:00,ACC00077,ACC00085,3505.85,NEFT,Jaipur,Rajasthan,True,73,8.3
TXN201118,CMP-1444,2025-07-27T17:31:00,ACC00085,ACC00009,2895.75,IMPS,Bengaluru,Karnataka,True,99,6.12
TXN201119,CMP-1445,2025-07-03T12:40:00,ACC00283,ACC00013,228.81,Card,Lucknow,Uttar Pradesh,True,80,6.28
TXN201120,CMP-1445,2025-07-03T13:13:00,ACC00013,ACC00064,312.78,NEFT,Patna,Bihar,True,62,7.59
TXN201121,CMP-1446,2025-03-22T11:16:00,ACC00221,ACC00089,6732.51,Card,Mumbai,Maharashtra,True,85,3.89
TXN201122,CMP-1446,2025-03-22T12:28:00,ACC00089,ACC00015,6892.78,Wallet,Jaipur,Rajasthan,True,77,9.0
TXN201123,CMP-1448,2025-08-01T12:25:00,ACC00480,ACC00079,3581.04,UPI,Kanpur,Uttar Pradesh,True,73,4.66
TXN201124,CMP-1448,2025-08-01T12:55:00,ACC00079,ACC00049,2919.69,UPI,Lucknow,Uttar Pradesh,True,71,9.42
TXN201125,CMP-1448,2025-08-01T14:18:00,ACC00049,ACC00030,2269.46,Card,Kanpur,Uttar Pradesh,True,91,11.59
TXN201126,CMP-1448,2025-08-01T15:14:00,ACC00030,ACC00073,3039.91,IMPS,Patna,Bihar,True,74,9.47
TXN201127,CMP-1449,2025-09-01T20:47:00,ACC00486,ACC00094,3110.98,Wallet,Lucknow,Uttar Pradesh,True,81,8.26
TXN201128,CMP-1449,2025-09-01T22:00:00,ACC00094,ACC00068,3949.44,NEFT,Lucknow,Uttar Pradesh,True,74,11.97
TXN201129,CMP-1451,2025-04-18T22:43:00,ACC00293,ACC00035,12856.13,UPI,Patna,Bihar,True,75,9.0
TXN201130,CMP-1451,2025-04-18T23:43:00,ACC00035,ACC00061,12972.69,RTGS,Kanpur,Uttar Pradesh,True,81,8.19
TXN201131,CMP-1452,2025-06-07T05:35:00,ACC00102,ACC00090,2078.62,NEFT,Patna,Bihar,True,68,10.04
TXN201132,CMP-1452,2025-06-07T06:01:00,ACC00090,ACC00040,1921.82,UPI,Jaipur,Rajasthan,True,81,10.25
TXN201133,CMP-1452,2025-06-07T06:29:00,ACC00040,ACC00097,1561.49,Card,Lucknow,Uttar Pradesh,True,69,3.7
TXN201134,CMP-1453,2025-03-28T16:30:00,ACC00405,ACC00080,5416.65,Card,Hyderabad,Telangana,True,98,4.74
TXN201135,CMP-1453,2025-03-28T17:08:00,ACC00080,ACC00038,5221.95,RTGS,Delhi,Delhi,True,71,6.84
TXN201136,CMP-1453,2025-03-28T18:20:00,ACC00038,ACC00090,4008.56,NEFT,Delhi,Delhi,True,81,10.2
TXN201137,CMP-1454,2025-07-24T17:26:00,ACC00137,ACC00040,4913.27,UPI,Lucknow,Uttar Pradesh,True,74,10.08
TXN201138,CMP-1454,2025-07-24T18:17:00,ACC00040,ACC00028,4436.52,IMPS,Delhi,Delhi,True,89,8.52
TXN201139,CMP-1455,2025-07-24T14:35:00,ACC00358,ACC00069,3418.56,Card,Bengaluru,Karnataka,True,72,3.34
TXN201140,CMP-1455,2025-07-24T15:42:00,ACC00069,ACC00089,4317.9,IMPS,Delhi,Delhi,True,64,7.1
TXN201141,CMP-1455,2025-07-24T16:57:00,ACC00089,ACC00093,4125.23,IMPS,Jaipur,Rajasthan,True,99,10.86
TXN201142,CMP-1456,2025-09-12T02:22:00,ACC00209,ACC00042,5270.04,NEFT,Lucknow,Uttar Pradesh,True,71,9.89
TXN201143,CMP-1456,2025-09-12T03:06:00,ACC00042,ACC00000,5168.82,UPI,Lucknow,Uttar Pradesh,True,92,8.6
TXN201144,CMP-1456,2025-09-12T03:24:00,ACC00000,ACC00089,6025.83,NEFT,Delhi,Delhi,True,86,8.39
TXN201145,CMP-1456,2025-09-12T03:33:00,ACC00089,ACC00006,5851.23,NEFT,Jaipur,Rajasthan,True,74,6.45
TXN201146,CMP-1457,2025-05-25T04:34:00,ACC00387,ACC00083,802.58,RTGS,Mumbai,Maharashtra,True,60,10.27
TXN201147,CMP-1457,2025-05-25T04:49:00,ACC00083,ACC00078,1012.12,IMPS,Hyderabad,Telangana,True,77,7.99
TXN201148,CMP-1457,2025-05-25T05:44:00,ACC00078,ACC00048,843.28,UPI,Mumbai,Maharashtra,True,77,3.48
TXN201149,CMP-1457,2025-05-25T06:09:00,ACC00048,ACC00034,864.6,NEFT,Mumbai,Maharashtra,True,84,3.45
TXN201150,CMP-1458,2025-05-16T01:41:00,ACC00428,ACC00079,5447.36,RTGS,Delhi,Delhi,True,89,3.17
TXN201151,CMP-1458,2025-05-16T02:56:00,ACC00079,ACC00052,4731.84,Wallet,Bengaluru,Karnataka,True,64,5.79
TXN201152,CMP-1458,2025-05-16T03:43:00,ACC00052,ACC00082,6221.48,Wallet,Hyderabad,Telangana,True,84,7.23
TXN201153,CMP-1458,2025-05-16T05:08:00,ACC00082,ACC00057,6036.63,RTGS,Hyderabad,Telangana,True,65,6.0
TXN201154,CMP-1461,2025-06-30T10:58:00,ACC00122,ACC00083,3904.75,RTGS,Hyderabad,Telangana,True,61,11.72
TXN201155,CMP-1461,2025-06-30T11:54:00,ACC00083,ACC00041,3980.05,IMPS,Delhi,Delhi,True,92,8.81
TXN201156,CMP-1461,2025-06-30T12:47:00,ACC00041,ACC00099,3184.68,NEFT,Kanpur,Uttar Pradesh,True,76,4.59
TXN201157,CMP-1463,2025-04-28T17:18:00,ACC00207,ACC00099,9217.59,IMPS,Bengaluru,Karnataka,True,78,11.55
TXN201158,CMP-1463,2025-04-28T17:39:00,ACC00099,ACC00010,8815.05,RTGS,Delhi,Delhi,True,75,6.45
TXN201159,CMP-1463,2025-04-28T17:57:00,ACC00010,ACC00045,8797.0,UPI,Hyderabad,Telangana,True,78,7.83
TXN201160,CMP-1463,2025-04-28T19:05:00,ACC00045,ACC00071,6868.71,UPI,Bengaluru,Karnataka,True,62,5.64
TXN201161,CMP-1464,2025-03-06T00:34:00,ACC00375,ACC00094,45325.12,IMPS,Hyderabad,Telangana,True,65,10.62
TXN201162,CMP-1464,2025-03-06T01:54:00,ACC00094,ACC00085,47825.59,Card,Bengaluru,Karnataka,True,71,9.03
TXN201163,CMP-1465,2025-02-25T23:29:00,ACC00112,ACC00042,833.71,IMPS,Jaipur,Rajasthan,True,68,9.6
TXN201164,CMP-1465,2025-02-25T23:46:00,ACC00042,ACC00013,853.86,NEFT,Hyderabad,Telangana,True,60,11.38
TXN201165,CMP-1465,2025-02-26T00:43:00,ACC00013,ACC00044,661.86,RTGS,Mumbai,Maharashtra,True,71,4.39
TXN201166,CMP-1466,2025-01-14T15:57:00,ACC00228,ACC00073,9059.69,NEFT,Patna,Bihar,True,71,3.43
TXN201167,CMP-1466,2025-01-14T16:02:00,ACC00073,ACC00013,7517.9,Card,Bengaluru,Karnataka,True,76,5.56
TXN201168,CMP-1466,2025-01-14T16:31:00,ACC00013,ACC00016,6182.81,Card,Bengaluru,Karnataka,True,87,4.3
TXN201169,CMP-1466,2025-01-14T17:25:00,ACC00016,ACC00028,5663.42,UPI,Kanpur,Uttar Pradesh,True,76,6.82
TXN201170,CMP-1467,2025-05-21T22:06:00,ACC00330,ACC00055,8508.5,NEFT,Delhi,Delhi,True,79,9.26
TXN201171,CMP-1467,2025-05-21T23:31:00,ACC00055,ACC00021,6927.76,IMPS,Hyderabad,Telangana,True,79,3.93
TXN201172,CMP-1467,2025-05-22T00:28:00,ACC00021,ACC00088,9038.14,UPI,Delhi,Delhi,True,73,9.14
TXN201173,CMP-1468,2025-06-10T17:22:00,ACC00373,ACC00092,7620.67,Card,Mumbai,Maharashtra,True,79,11.19
TXN201174,CMP-1468,2025-06-10T18:48:00,ACC00092,ACC00002,8249.91,NEFT,Lucknow,Uttar Pradesh,True,59,9.73
TXN201175,CMP-1470,2025-01-22T19:26:00,ACC00244,ACC00056,4879.51,Card,Jaipur,Rajasthan,True,71,3.74
TXN201176,CMP-1470,2025-01-22T20:42:00,ACC00056,ACC00085,5580.02,NEFT,Delhi,Delhi,True,82,7.8
TXN201177,CMP-1470,2025-01-22T20:58:00,ACC00085,ACC00068,3669.2,Wallet,Delhi,Delhi,True,95,10.17
TXN201178,CMP-1471,2025-05-14T10:30:00,ACC00373,ACC00095,33231.6,IMPS,Patna,Bihar,True,87,9.72
TXN201179,CMP-1471,2025-05-14T11:14:00,ACC00095,ACC00055,33258.28,Wallet,Patna,Bihar,True,72,10.11
TXN201180,CMP-1471,2025-05-14T12:24:00,ACC00055,ACC00027,33534.2,Wallet,Jaipur,Rajasthan,True,80,10.94
TXN201181,CMP-1472,2025-07-02T04:59:00,ACC00252,ACC00093,9828.61,NEFT,Jaipur,Rajasthan,True,75,5.28
TXN201182,CMP-1472,2025-07-02T06:03:00,ACC00093,ACC00056,13333.57,UPI,Lucknow,Uttar Pradesh,True,84,5.97
TXN201183,CMP-1473,2025-01-14T21:32:00,ACC00163,ACC00073,3602.33,IMPS,Kanpur,Uttar Pradesh,True,82,10.75
TXN201184,CMP-1473,2025-01-14T22:14:00,ACC00073,ACC00048,3697.01,IMPS,Patna,Bihar,True,81,10.81
TXN201185,CMP-1473,2025-01-14T22:22:00,ACC00048,ACC00094,3335.64,IMPS,Kanpur,Uttar Pradesh,True,63,10.68
TXN201186,CMP-1473,2025-01-14T23:34:00,ACC00094,ACC00054,2868.79,Wallet,Hyderabad,Telangana,True,71,3.03
TXN201187,CMP-1474,2025-01-05T02:26:00,ACC00256,ACC00094,3025.8,UPI,Bengaluru,Karnataka,True,74,10.38
TXN201188,CMP-1474,2025-01-05T02:58:00,ACC00094,ACC00055,2987.6,UPI,Bengaluru,Karnataka,True,70,8.61
TXN201189,CMP-1474,2025-01-05T03:45:00,ACC00055,ACC00013,2323.51,UPI,Lucknow,Uttar Pradesh,True,62,6.44
TXN201190,CMP-1474,2025-01-05T04:00:00,ACC00013,ACC00087,2756.22,UPI,Kanpur,Uttar Pradesh,True,99,3.66
TXN201191,CMP-1476,2025-04-07T07:37:00,ACC00199,ACC00085,3096.55,Wallet,Delhi,Delhi,True,61,3.18
TXN201192,CMP-1476,2025-04-07T07:42:00,ACC00085,ACC00008,2329.6,NEFT,Bengaluru,Karnataka,True,87,11.47
TXN201193,CMP-1477,2025-05-09T06:49:00,ACC00430,ACC00037,2768.58,Card,Patna,Bihar,True,57,7.72
TXN201194,CMP-1477,2025-05-09T07:20:00,ACC00037,ACC00090,1911.96,UPI,Bengaluru,Karnataka,True,89,6.09
TXN201195,CMP-1477,2025-05-09T08:04:00,ACC00090,ACC00092,1790.25,RTGS,Kanpur,Uttar Pradesh,True,76,5.02
TXN201196,CMP-1477,2025-05-09T09:04:00,ACC00092,ACC00052,2333.45,Card,Bengaluru,Karnataka,True,62,5.58
TXN201197,CMP-1478,2025-05-14T06:20:00,ACC00471,ACC00042,2335.24,NEFT,Kanpur,Uttar Pradesh,True,67,11.05
TXN201198,CMP-1478,2025-05-14T06:52:00,ACC00042,ACC00026,2084.29,RTGS,Kanpur,Uttar Pradesh,True,79,10.9
TXN201199,CMP-1479,2025-02-23T19:45:00,ACC00417,ACC00024,10015.9,Wallet,Hyderabad,Telangana,True,79,8.34
TXN201200,CMP-1479,2025-02-23T19:51:00,ACC00024,ACC00000,8652.38,RTGS,Kanpur,Uttar Pradesh,True,99,4.65
TXN201201,CMP-1479,2025-02-23T20:53:00,ACC00000,ACC00012,7210.23,RTGS,Bengaluru,Karnataka,True,67,8.07
TXN201202,CMP-1479,2025-02-23T22:16:00,ACC00012,ACC00023,8409.55,IMPS,Jaipur,Rajasthan,True,68,11.67
TXN201203,CMP-1480,2025-08-26T20:07:00,ACC00455,ACC00072,10434.26,NEFT,Hyderabad,Telangana,True,76,9.0
TXN201204,CMP-1480,2025-08-26T21:31:00,ACC00072,ACC00008,11498.79,IMPS,Lucknow,Uttar Pradesh,True,84,10.21
TXN201205,CMP-1480,2025-08-26T22:09:00,ACC00008,ACC00021,9208.58,RTGS,Hyderabad,Telangana,True,79,11.2
TXN201206,CMP-1480,2025-08-26T22:14:00,ACC00021,ACC00023,8425.17,Card,Jaipur,Rajasthan,True,87,8.16
TXN201207,CMP-1481,2025-06-15T20:07:00,ACC00102,ACC00028,131133.8,NEFT,Delhi,Delhi,True,77,5.73
TXN201208,CMP-1481,2025-06-15T20:53:00,ACC00028,ACC00022,137188.03,IMPS,Lucknow,Uttar Pradesh,True,81,8.56
TXN201209,CMP-1482,2025-02-07T18:39:00,ACC00168,ACC00042,3482.7,UPI,Hyderabad,Telangana,True,84,9.14
TXN201210,CMP-1482,2025-02-07T20:03:00,ACC00042,ACC00046,4046.85,IMPS,Hyderabad,Telangana,True,88,9.88
TXN201211,CMP-1482,2025-02-07T20:22:00,ACC00046,ACC00061,3400.23,UPI,Lucknow,Uttar Pradesh,True,81,7.37
TXN201212,CMP-1482,2025-02-07T20:51:00,ACC00061,ACC00075,3684.31,UPI,Kanpur,Uttar Pradesh,True,63,7.23
TXN201213,CMP-1483,2025-07-24T14:43:00,ACC00496,ACC00070,7179.28,Wallet,Mumbai,Maharashtra,True,65,6.53
TXN201214,CMP-1483,2025-07-24T16:04:00,ACC00070,ACC00067,5605.79,IMPS,Delhi,Delhi,True,69,8.4
TXN201215,CMP-1485,2025-01-03T09:20:00,ACC00109,ACC00080,19928.95,RTGS,Jaipur,Rajasthan,True,87,5.47
TXN201216,CMP-1485,2025-01-03T10:25:00,ACC00080,ACC00038,20749.22,Card,Hyderabad,Telangana,True,85,7.61
TXN201217,CMP-1486,2025-09-03T18:05:00,ACC00493,ACC00004,8949.47,RTGS,Hyderabad,Telangana,True,77,8.86
TXN201218,CMP-1486,2025-09-03T18:45:00,ACC00004,ACC00045,8772.38,NEFT,Jaipur,Rajasthan,True,78,5.31
TXN201219,CMP-1486,2025-09-03T19:51:00,ACC00045,ACC00070,6932.85,Card,Lucknow,Uttar Pradesh,True,75,5.0
TXN201220,CMP-1486,2025-09-03T20:55:00,ACC00070,ACC00033,8571.39,NEFT,Kanpur,Uttar Pradesh,True,95,11.56
TXN201221,CMP-1487,2025-04-27T19:55:00,ACC00434,ACC00046,23257.6,Wallet,Hyderabad,Telangana,True,77,6.18
TXN201222,CMP-1487,2025-04-27T20:19:00,ACC00046,ACC00042,33403.9,UPI,Kanpur,Uttar Pradesh,True,71,5.78
TXN201223,CMP-1487,2025-04-27T21:48:00,ACC00042,ACC00067,21838.88,RTGS,Lucknow,Uttar Pradesh,True,86,4.15
TXN201224,CMP-1487,2025-04-27T23:07:00,ACC00067,ACC00085,21565.48,IMPS,Patna,Bihar,True,74,3.29
TXN201225,CMP-1488,2025-03-08T18:08:00,ACC00168,ACC00065,1848.37,IMPS,Jaipur,Rajasthan,True,78,4.2
TXN201226,CMP-1488,2025-03-08T18:44:00,ACC00065,ACC00085,2465.69,Card,Lucknow,Uttar Pradesh,True,79,5.94
TXN201227,CMP-1489,2025-07-30T19:06:00,ACC00439,ACC00078,677.04,RTGS,Patna,Bihar,True,91,8.93
TXN201228,CMP-1489,2025-07-30T19:22:00,ACC00078,ACC00073,947.12,NEFT,Bengaluru,Karnataka,True,71,5.18
TXN201229,CMP-1490,2025-03-12T05:35:00,ACC00181,ACC00072,9245.27,RTGS,Delhi,Delhi,True,84,8.21
TXN201230,CMP-1490,2025-03-12T06:07:00,ACC00072,ACC00011,5984.78,NEFT,Hyderabad,Telangana,True,78,11.97
TXN201231,CMP-1490,2025-03-12T06:34:00,ACC00011,ACC00024,8218.24,Wallet,Mumbai,Maharashtra,True,81,4.49
TXN201232,CMP-1490,2025-03-12T08:02:00,ACC00024,ACC00048,6936.23,NEFT,Jaipur,Rajasthan,True,97,3.23
TXN201233,CMP-1491,2025-01-21T19:56:00,ACC00283,ACC00097,4490.09,Card,Kanpur,Uttar Pradesh,True,79,10.19
TXN201234,CMP-1491,2025-01-21T21:07:00,ACC00097,ACC00050,4343.48,NEFT,Bengaluru,Karnataka,True,91,7.43
TXN201235,CMP-1491,2025-01-21T21:45:00,ACC00050,ACC00075,5255.76,UPI,Jaipur,Rajasthan,True,77,3.4
TXN201236,CMP-1492,2025-07-26T22:00:00,ACC00219,ACC00026,1701.11,Wallet,Jaipur,Rajasthan,True,81,10.49
TXN201237,CMP-1492,2025-07-26T22:19:00,ACC00026,ACC00015,2122.7,NEFT,Delhi,Delhi,True,70,5.35
TXN201238,CMP-1492,2025-07-26T23:25:00,ACC00015,ACC00056,1828.89,UPI,Hyderabad,Telangana,True,91,9.77
TXN201239,CMP-1492,2025-07-26T23:32:00,ACC00056,ACC00059,1763.53,RTGS,Mumbai,Maharashtra,True,71,7.49
TXN201240,CMP-1494,2025-04-17T17:27:00,ACC00479,ACC00069,3179.39,Wallet,Kanpur,Uttar Pradesh,True,88,4.06
TXN201241,CMP-1494,2025-04-17T18:52:00,ACC00069,ACC00088,2504.38,Wallet,Mumbai,Maharashtra,True,95,12.0
TXN201242,CMP-1494,2025-04-17T18:57:00,ACC00088,ACC00019,3247.78,NEFT,Hyderabad,Telangana,True,79,5.43
TXN201243,CMP-1495,2025-04-22T18:01:00,ACC00287,ACC00009,4831.93,UPI,Hyderabad,Telangana,True,76,4.48
TXN201244,CMP-1495,2025-04-22T18:32:00,ACC00009,ACC00008,4023.99,UPI,Bengaluru,Karnataka,True,50,5.86
TXN201245,CMP-1495,2025-04-22T19:07:00,ACC00008,ACC00038,4199.85,NEFT,Delhi,Delhi,True,83,8.69
TXN201246,CMP-1496,2025-07-25T08:18:00,ACC00280,ACC00044,396.13,NEFT,Lucknow,Uttar Pradesh,True,77,6.9
TXN201247,CMP-1496,2025-07-25T08:55:00,ACC00044,ACC00063,414.66,Card,Jaipur,Rajasthan,True,85,9.04
TXN201248,CMP-1498,2025-01-31T05:26:00,ACC00208,ACC00020,1109.67,IMPS,Jaipur,Rajasthan,True,69,9.29
TXN201249,CMP-1498,2025-01-31T06:25:00,ACC00020,ACC00000,1319.59,NEFT,Mumbai,Maharashtra,True,81,7.73
TXN201250,CMP-1498,2025-01-31T07:25:00,ACC00000,ACC00006,1063.12,UPI,Kanpur,Uttar Pradesh,True,85,4.49
TXN201251,CMP-1498,2025-01-31T07:55:00,ACC00006,ACC00033,1305.45,IMPS,Bengaluru,Karnataka,True,68,9.99
TXN201252,CMP-1499,2025-03-05T06:26:00,ACC00312,ACC00092,12662.1,NEFT,Bengaluru,Karnataka,True,66,11.54
TXN201253,CMP-1499,2025-03-05T07:25:00,ACC00092,ACC00074,11612.9,UPI,Hyderabad,Telangana,True,89,9.5
TXN201254,CMP-1499,2025-03-05T07:41:00,ACC00074,ACC00010,12746.95,NEFT,Bengaluru,Karnataka,True,92,3.96
TXN201255,CMP-1500,2025-05-30T00:14:00,ACC00402,ACC00052,21178.53,Card,Delhi,Delhi,True,69,7.56
TXN201256,CMP-1500,2025-05-30T00:28:00,ACC00052,ACC00082,22991.13,NEFT,Kanpur,Uttar Pradesh,True,74,4.8
TXN201257,CMP-1500,2025-05-30T00:38:00,ACC00082,ACC00049,21849.59,Wallet,Kanpur,Uttar Pradesh,True,60,7.94
TXN201258,CMP-1500,2025-05-30T01:48:00,ACC00049,ACC00055,13640.99,IMPS,Patna,Bihar,True,93,6.62
TXN201259,CMP-1501,2025-08-15T17:12:00,ACC00168,ACC00005,19811.75,RTGS,Bengaluru,Karnataka,True,91,7.95
TXN201260,CMP-1501,2025-08-15T18:40:00,ACC00005,ACC00042,20646.69,NEFT,Mumbai,Maharashtra,True,91,7.44
TXN201261,CMP-1501,2025-08-15T19:57:00,ACC00042,ACC00075,14820.04,Card,Bengaluru,Karnataka,True,74,7.04
TXN201262,CMP-1501,2025-08-15T21:06:00,ACC00075,ACC00018,17553.83,NEFT,Kanpur,Uttar Pradesh,True,76,8.01
TXN201263,CMP-1503,2025-01-06T22:39:00,ACC00468,ACC00036,3571.04,Wallet,Hyderabad,Telangana,True,72,4.04
TXN201264,CMP-1503,2025-01-06T23:53:00,ACC00036,ACC00039,3018.03,Wallet,Mumbai,Maharashtra,True,98,4.85
TXN201265,CMP-1504,2025-08-31T10:59:00,ACC00346,ACC00052,4453.69,IMPS,Hyderabad,Telangana,True,71,7.25
TXN201266,CMP-1504,2025-08-31T12:14:00,ACC00052,ACC00056,3521.54,RTGS,Jaipur,Rajasthan,True,88,11.66
TXN201267,CMP-1504,2025-08-31T12:25:00,ACC00056,ACC00012,3440.11,Wallet,Jaipur,Rajasthan,True,66,8.0
TXN201268,CMP-1505,2025-01-30T18:55:00,ACC00185,ACC00043,14132.42,Card,Patna,Bihar,True,75,8.8
TXN201269,CMP-1505,2025-01-30T19:19:00,ACC00043,ACC00046,13388.43,Card,Hyderabad,Telangana,True,85,5.31
TXN201270,CMP-1505,2025-01-30T20:35:00,ACC00046,ACC00055,11505.12,UPI,Lucknow,Uttar Pradesh,True,70,7.78
TXN201271,CMP-1506,2025-09-05T18:30:00,ACC00217,ACC00016,11767.99,IMPS,Kanpur,Uttar Pradesh,True,84,4.19
TXN201272,CMP-1506,2025-09-05T19:42:00,ACC00016,ACC00011,11313.8,IMPS,Jaipur,Rajasthan,True,99,5.7
TXN201273,CMP-1506,2025-09-05T20:00:00,ACC00011,ACC00097,11628.89,IMPS,Kanpur,Uttar Pradesh,True,76,11.36
TXN201274,CMP-1507,2025-06-25T09:41:00,ACC00176,ACC00022,3248.97,Card,Mumbai,Maharashtra,True,76,5.65
TXN201275,CMP-1507,2025-06-25T10:07:00,ACC00022,ACC00097,2875.36,Card,Lucknow,Uttar Pradesh,True,74,7.82
TXN201276,CMP-1508,2025-07-05T22:27:00,ACC00372,ACC00015,11266.72,Card,Lucknow,Uttar Pradesh,True,99,3.09
TXN201277,CMP-1508,2025-07-05T23:12:00,ACC00015,ACC00098,9603.55,UPI,Lucknow,Uttar Pradesh,True,72,3.96
TXN201278,CMP-1508,2025-07-05T23:19:00,ACC00098,ACC00067,8734.45,NEFT,Delhi,Delhi,True,71,8.26
TXN201279,CMP-1509,2025-07-15T11:40:00,ACC00496,ACC00055,3441.7,NEFT,Hyderabad,Telangana,True,90,3.5
TXN201280,CMP-1509,2025-07-15T12:25:00,ACC00055,ACC00077,2098.98,RTGS,Jaipur,Rajasthan,True,82,5.19
TXN201281,CMP-1509,2025-07-15T12:57:00,ACC00077,ACC00012,3177.63,UPI,Delhi,Delhi,True,87,11.21
TXN201282,CMP-1511,2025-08-02T10:28:00,ACC00317,ACC00061,2481.19,RTGS,Lucknow,Uttar Pradesh,True,77,5.35
TXN201283,CMP-1511,2025-08-02T11:19:00,ACC00061,ACC00075,2202.82,RTGS,Bengaluru,Karnataka,True,76,3.29
TXN201284,CMP-1511,2025-08-02T12:34:00,ACC00075,ACC00087,2660.2,Wallet,Mumbai,Maharashtra,True,68,6.55
TXN201285,CMP-1511,2025-08-02T13:42:00,ACC00087,ACC00066,2803.0,Wallet,Hyderabad,Telangana,True,68,11.34
TXN201286,CMP-1512,2025-04-17T16:22:00,ACC00231,ACC00090,713.21,RTGS,Mumbai,Maharashtra,True,75,9.5
TXN201287,CMP-1512,2025-04-17T16:38:00,ACC00090,ACC00028,804.13,NEFT,Kanpur,Uttar Pradesh,True,76,6.7
TXN201288,CMP-1513,2025-07-13T21:04:00,ACC00366,ACC00083,5031.54,RTGS,Bengaluru,Karnataka,True,87,9.83
TXN201289,CMP-1513,2025-07-13T21:56:00,ACC00083,ACC00000,4975.45,UPI,Delhi,Delhi,True,85,6.6
TXN201290,CMP-1513,2025-07-13T22:12:00,ACC00000,ACC00062,5446.09,UPI,Mumbai,Maharashtra,True,82,5.28
TXN201291,CMP-1513,2025-07-13T23:25:00,ACC00062,ACC00079,4081.97,Wallet,Delhi,Delhi,True,83,9.2
TXN201292,CMP-1514,2025-04-28T13:16:00,ACC00154,ACC00083,1859.86,UPI,Hyderabad,Telangana,True,68,9.78
TXN201293,CMP-1514,2025-04-28T14:05:00,ACC00083,ACC00012,1877.25,UPI,Hyderabad,Telangana,True,80,8.29
TXN201294,CMP-1514,2025-04-28T14:53:00,ACC00012,ACC00031,1331.97,Card,Lucknow,Uttar Pradesh,True,88,7.9
TXN201295,CMP-1514,2025-04-28T15:09:00,ACC00031,ACC00026,1716.96,UPI,Kanpur,Uttar Pradesh,True,84,9.08
TXN201296,CMP-1515,2025-07-09T14:38:00,ACC00389,ACC00035,1416.81,IMPS,Kanpur,Uttar Pradesh,True,76,10.75
TXN201297,CMP-1515,2025-07-09T15:27:00,ACC00035,ACC00062,1192.24,Wallet,Hyderabad,Telangana,True,81,11.03
TXN201298,CMP-1515,2025-07-09T15:38:00,ACC00062,ACC00023,1462.17,RTGS,Delhi,Delhi,True,76,3.31
TXN201299,CMP-1516,2025-04-07T02:16:00,ACC00382,ACC00061,7109.47,UPI,Mumbai,Maharashtra,True,79,3.84
TXN201300,CMP-1516,2025-04-07T02:37:00,ACC00061,ACC00018,5425.96,IMPS,Bengaluru,Karnataka,True,98,6.76
TXN201301,CMP-1516,2025-04-07T02:49:00,ACC00018,ACC00082,5500.44,IMPS,Bengaluru,Karnataka,True,85,5.41
TXN201302,CMP-1518,2025-06-14T02:10:00,ACC00437,ACC00029,742.84,NEFT,Delhi,Delhi,True,99,10.98
TXN201303,CMP-1518,2025-06-14T02:37:00,ACC00029,ACC00062,484.68,Wallet,Hyderabad,Telangana,True,60,11.48
TXN201304,CMP-1518,2025-06-14T03:23:00,ACC00062,ACC00038,635.23,NEFT,Kanpur,Uttar Pradesh,True,76,4.52
TXN201305,CMP-1519,2025-05-23T13:10:00,ACC00360,ACC00043,18472.82,UPI,Hyderabad,Telangana,True,68,7.85
TXN201306,CMP-1519,2025-05-23T13:50:00,ACC00043,ACC00050,14111.39,Card,Patna,Bihar,True,99,6.35
TXN201307,CMP-1519,2025-05-23T14:04:00,ACC00050,ACC00090,13619.01,IMPS,Lucknow,Uttar Pradesh,True,68,5.45
TXN201308,CMP-1520,2025-07-17T00:11:00,ACC00182,ACC00081,7232.63,Wallet,Patna,Bihar,True,86,5.02
TXN201309,CMP-1520,2025-07-17T01:02:00,ACC00081,ACC00058,7173.46,UPI,Kanpur,Uttar Pradesh,True,79,11.69
TXN201310,CMP-1520,2025-07-17T02:14:00,ACC00058,ACC00015,5765.06,UPI,Hyderabad,Telangana,True,85,7.93
TXN201311,CMP-1521,2025-04-11T16:08:00,ACC00407,ACC00008,938.48,IMPS,Hyderabad,Telangana,True,78,3.55
TXN201312,CMP-1521,2025-04-11T16:56:00,ACC00008,ACC00046,983.74,RTGS,Hyderabad,Telangana,True,68,6.96
TXN201313,CMP-1522,2025-02-11T06:44:00,ACC00470,ACC00051,1066.49,NEFT,Bengaluru,Karnataka,True,87,3.95
TXN201314,CMP-1522,2025-02-11T07:52:00,ACC00051,ACC00001,1005.77,NEFT,Patna,Bihar,True,90,7.24
TXN201315,CMP-1522,2025-02-11T08:14:00,ACC00001,ACC00020,884.89,Wallet,Delhi,Delhi,True,78,11.62
TXN201316,CMP-1523,2025-07-21T20:10:00,ACC00496,ACC00081,26746.4,IMPS,Jaipur,Rajasthan,True,80,3.65
TXN201317,CMP-1523,2025-07-21T20:18:00,ACC00081,ACC00084,19457.21,RTGS,Jaipur,Rajasthan,True,71,11.72
TXN201318,CMP-1524,2025-03-21T09:58:00,ACC00199,ACC00076,1233.46,NEFT,Kanpur,Uttar Pradesh,True,62,11.08
TXN201319,CMP-1524,2025-03-21T10:47:00,ACC00076,ACC00092,1500.49,Card,Delhi,Delhi,True,79,10.75
TXN201320,CMP-1524,2025-03-21T11:06:00,ACC00092,ACC00017,1674.08,RTGS,Hyderabad,Telangana,True,85,6.63
TXN201321,CMP-1525,2025-06-03T05:24:00,ACC00445,ACC00030,14291.12,RTGS,Mumbai,Maharashtra,True,78,4.03
TXN201322,CMP-1525,2025-06-03T06:23:00,ACC00030,ACC00061,8944.69,Wallet,Kanpur,Uttar Pradesh,True,84,11.0
TXN201323,CMP-1525,2025-06-03T07:22:00,ACC00061,ACC00078,11689.08,IMPS,Jaipur,Rajasthan,True,53,11.12
TXN201324,CMP-1526,2025-08-14T18:18:00,ACC00499,ACC00085,6413.81,Card,Delhi,Delhi,True,82,11.54
TXN201325,CMP-1526,2025-08-14T19:42:00,ACC00085,ACC00074,5238.37,UPI,Lucknow,Uttar Pradesh,True,88,7.02
TXN201326,CMP-1526,2025-08-14T20:17:00,ACC00074,ACC00044,6017.98,RTGS,Mumbai,Maharashtra,True,67,4.09
TXN201327,CMP-1526,2025-08-14T20:31:00,ACC00044,ACC00079,4415.99,IMPS,Delhi,Delhi,True,69,3.76
TXN201328,CMP-1527,2025-06-02T03:18:00,ACC00477,ACC00011,402.37,Card,Jaipur,Rajasthan,True,83,10.04
TXN201329,CMP-1527,2025-06-02T04:32:00,ACC00011,ACC00014,423.56,IMPS,Bengaluru,Karnataka,True,64,9.66
TXN201330,CMP-1527,2025-06-02T05:29:00,ACC00014,ACC00064,413.25,UPI,Mumbai,Maharashtra,True,76,9.81
TXN201331,CMP-1527,2025-06-02T05:38:00,ACC00064,ACC00087,564.36,RTGS,Patna,Bihar,True,88,3.65
TXN201332,CMP-1529,2025-06-15T17:06:00,ACC00394,ACC00022,4538.71,Wallet,Kanpur,Uttar Pradesh,True,81,6.15
TXN201333,CMP-1529,2025-06-15T18:00:00,ACC00022,ACC00008,3824.57,UPI,Lucknow,Uttar Pradesh,True,67,3.58
TXN201334,CMP-1529,2025-06-15T18:57:00,ACC00008,ACC00007,3666.33,RTGS,Delhi,Delhi,True,98,6.05
TXN201335,CMP-1530,2025-08-03T11:52:00,ACC00357,ACC00014,10661.65,Wallet,Lucknow,Uttar Pradesh,True,70,6.35
TXN201336,CMP-1530,2025-08-03T12:11:00,ACC00014,ACC00098,9044.11,IMPS,Jaipur,Rajasthan,True,70,4.79
TXN201337,CMP-1530,2025-08-03T13:09:00,ACC00098,ACC00048,9763.13,UPI,Hyderabad,Telangana,True,68,6.44
TXN201338,CMP-1531,2025-08-03T01:50:00,ACC00455,ACC00048,8899.95,Wallet,Bengaluru,Karnataka,True,72,9.17
TXN201339,CMP-1531,2025-08-03T02:58:00,ACC00048,ACC00017,8217.31,IMPS,Kanpur,Uttar Pradesh,True,81,6.16
TXN201340,CMP-1531,2025-08-03T03:19:00,ACC00017,ACC00082,7033.48,Card,Hyderabad,Telangana,True,74,9.66
TXN201341,CMP-1532,2025-05-01T00:11:00,ACC00448,ACC00075,7211.97,RTGS,Mumbai,Maharashtra,True,91,7.61
TXN201342,CMP-1532,2025-05-01T01:20:00,ACC00075,ACC00036,9325.32,Card,Bengaluru,Karnataka,True,84,3.07
TXN201343,CMP-1532,2025-05-01T02:02:00,ACC00036,ACC00028,6477.94,UPI,Lucknow,Uttar Pradesh,True,87,4.08
TXN201344,CMP-1532,2025-05-01T02:31:00,ACC00028,ACC00025,5622.42,RTGS,Delhi,Delhi,True,74,3.47
TXN201345,CMP-1533,2025-07-14T03:41:00,ACC00134,ACC00028,3695.73,IMPS,Lucknow,Uttar Pradesh,True,70,5.57
TXN201346,CMP-1533,2025-07-14T04:27:00,ACC00028,ACC00004,3211.2,NEFT,Patna,Bihar,True,78,5.44
TXN201347,CMP-1534,2025-03-10T09:30:00,ACC00280,ACC00001,12923.81,IMPS,Hyderabad,Telangana,True,67,3.09
TXN201348,CMP-1534,2025-03-10T10:00:00,ACC00001,ACC00070,11455.18,IMPS,Bengaluru,Karnataka,True,96,10.51
TXN201349,CMP-1534,2025-03-10T10:52:00,ACC00070,ACC00010,8079.56,Wallet,Hyderabad,Telangana,True,99,7.15
TXN201350,CMP-1534,2025-03-10T11:54:00,ACC00010,ACC00044,7779.93,Wallet,Jaipur,Rajasthan,True,60,7.52
TXN201351,CMP-1535,2025-07-23T10:55:00,ACC00147,ACC00095,3814.36,IMPS,Delhi,Delhi,True,72,9.02
TXN201352,CMP-1535,2025-07-23T12:21:00,ACC00095,ACC00079,3685.44,Card,Patna,Bihar,True,69,6.12
TXN201353,CMP-1535,2025-07-23T13:16:00,ACC00079,ACC00071,4625.38,RTGS,Patna,Bihar,True,81,11.85
TXN201354,CMP-1536,2025-07-11T10:36:00,ACC00343,ACC00027,2094.96,UPI,Mumbai,Maharashtra,True,88,6.6
TXN201355,CMP-1536,2025-07-11T10:43:00,ACC00027,ACC00073,1995.32,Wallet,Kanpur,Uttar Pradesh,True,67,7.91
TXN201356,CMP-1537,2025-07-14T19:55:00,ACC00355,ACC00030,48928.95,Card,Bengaluru,Karnataka,True,72,5.91
TXN201357,CMP-1537,2025-07-14T20:54:00,ACC00030,ACC00015,63848.63,UPI,Jaipur,Rajasthan,True,87,7.8
TXN201358,CMP-1538,2025-03-21T08:01:00,ACC00203,ACC00079,2434.93,NEFT,Kanpur,Uttar Pradesh,True,87,10.8
TXN201359,CMP-1538,2025-03-21T08:43:00,ACC00079,ACC00028,2109.53,Card,Jaipur,Rajasthan,True,84,5.2
TXN201360,CMP-1540,2025-02-04T13:20:00,ACC00290,ACC00063,588.31,NEFT,Delhi,Delhi,True,71,5.0
TXN201361,CMP-1540,2025-02-04T13:29:00,ACC00063,ACC00020,559.66,Wallet,Bengaluru,Karnataka,True,66,3.43
TXN201362,CMP-1542,2025-06-25T04:21:00,ACC00127,ACC00054,23167.29,Card,Lucknow,Uttar Pradesh,True,85,5.02
TXN201363,CMP-1542,2025-06-25T05:38:00,ACC00054,ACC00079,20030.12,Wallet,Delhi,Delhi,True,74,5.76
TXN201364,CMP-1542,2025-06-25T06:17:00,ACC00079,ACC00065,20260.15,Wallet,Hyderabad,Telangana,True,88,4.05
TXN201365,CMP-1542,2025-06-25T06:25:00,ACC00065,ACC00039,23098.53,NEFT,Lucknow,Uttar Pradesh,True,70,8.81
TXN201366,CMP-1544,2025-06-14T12:25:00,ACC00261,ACC00001,3337.62,Card,Kanpur,Uttar Pradesh,True,69,7.26
TXN201367,CMP-1544,2025-06-14T13:38:00,ACC00001,ACC00044,2884.43,IMPS,Jaipur,Rajasthan,True,85,5.68
TXN201368,CMP-1545,2025-08-12T12:01:00,ACC00266,ACC00033,3196.41,IMPS,Jaipur,Rajasthan,True,87,8.76
TXN201369,CMP-1545,2025-08-12T13:11:00,ACC00033,ACC00017,4317.04,RTGS,Lucknow,Uttar Pradesh,True,89,3.12
TXN201370,CMP-1547,2025-01-29T22:17:00,ACC00314,ACC00047,2409.73,UPI,Lucknow,Uttar Pradesh,True,94,3.62
TXN201371,CMP-1547,2025-01-29T23:32:00,ACC00047,ACC00064,1836.57,NEFT,Delhi,Delhi,True,77,9.2
TXN201372,CMP-1548,2025-06-17T23:47:00,ACC00192,ACC00073,4158.81,Wallet,Delhi,Delhi,True,85,4.42
TXN201373,CMP-1548,2025-06-18T00:42:00,ACC00073,ACC00077,4514.54,Wallet,Hyderabad,Telangana,True,80,11.25
TXN201374,CMP-1548,2025-06-18T01:48:00,ACC00077,ACC00095,4422.0,IMPS,Kanpur,Uttar Pradesh,True,91,7.44
TXN201375,CMP-1549,2025-07-14T19:14:00,ACC00220,ACC00048,851.56,Card,Bengaluru,Karnataka,True,95,10.58
TXN201376,CMP-1549,2025-07-14T19:34:00,ACC00048,ACC00005,1019.92,RTGS,Jaipur,Rajasthan,True,86,6.64
TXN201377,CMP-1549,2025-07-14T20:34:00,ACC00005,ACC00013,628.99,Card,Hyderabad,Telangana,True,78,4.15
TXN201378,CMP-1549,2025-07-14T21:09:00,ACC00013,ACC00004,609.42,NEFT,Bengaluru,Karnataka,True,79,4.73
TXN201379,CMP-1550,2025-01-12T14:08:00,ACC00190,ACC00017,9194.54,UPI,Bengaluru,Karnataka,True,63,3.79
TXN201380,CMP-1550,2025-01-12T14:24:00,ACC00017,ACC00007,6393.18,Wallet,Patna,Bihar,True,83,8.2
TXN201381,CMP-1551,2025-01-16T16:10:00,ACC00349,ACC00071,412.57,Wallet,Hyderabad,Telangana,True,71,4.22
TXN201382,CMP-1551,2025-01-16T17:30:00,ACC00071,ACC00088,447.66,UPI,Patna,Bihar,True,73,10.82
TXN201383,CMP-1551,2025-01-16T18:07:00,ACC00088,ACC00095,358.85,Card,Mumbai,Maharashtra,True,66,6.43
TXN201384,CMP-1551,2025-01-16T19:02:00,ACC00095,ACC00002,367.08,Card,Patna,Bihar,True,69,11.83
TXN201385,CMP-1552,2025-06-28T21:35:00,ACC00453,ACC00027,6488.55,UPI,Jaipur,Rajasthan,True,79,5.8
TXN201386,CMP-1552,2025-06-28T22:33:00,ACC00027,ACC00017,4921.77,NEFT,Bengaluru,Karnataka,True,82,9.6
TXN201387,CMP-1552,2025-06-28T23:00:00,ACC00017,ACC00014,5596.02,NEFT,Patna,Bihar,True,79,10.95
TXN201388,CMP-1552,2025-06-29T00:15:00,ACC00014,ACC00057,4400.26,UPI,Bengaluru,Karnataka,True,84,10.63
TXN201389,CMP-1553,2025-08-18T14:58:00,ACC00330,ACC00033,6180.01,Wallet,Lucknow,Uttar Pradesh,True,75,11.01
TXN201390,CMP-1553,2025-08-18T16:10:00,ACC00033,ACC00011,4891.99,IMPS,Patna,Bihar,True,88,10.4
TXN201391,CMP-1554,2025-01-21T18:02:00,ACC00276,ACC00015,3838.29,UPI,Lucknow,Uttar Pradesh,True,97,9.15
TXN201392,CMP-1554,2025-01-21T18:31:00,ACC00015,ACC00097,4085.7,RTGS,Bengaluru,Karnataka,True,95,9.86
TXN201393,CMP-1554,2025-01-21T18:57:00,ACC00097,ACC00069,4302.01,UPI,Delhi,Delhi,True,81,9.25
TXN201394,CMP-1554,2025-01-21T19:52:00,ACC00069,ACC00073,4595.27,UPI,Mumbai,Maharashtra,True,72,6.33
TXN201395,CMP-1555,2025-07-02T01:43:00,ACC00499,ACC00041,4213.13,UPI,Jaipur,Rajasthan,True,88,10.27
TXN201396,CMP-1555,2025-07-02T02:24:00,ACC00041,ACC00023,4067.0,NEFT,Bengaluru,Karnataka,True,82,11.11
TXN201397,CMP-1555,2025-07-02T02:37:00,ACC00023,ACC00036,3509.06,NEFT,Mumbai,Maharashtra,True,81,5.69
TXN201398,CMP-1556,2025-06-10T05:52:00,ACC00140,ACC00036,10419.65,UPI,Delhi,Delhi,True,84,6.76
TXN201399,CMP-1556,2025-06-10T07:01:00,ACC00036,ACC00051,8691.26,UPI,Kanpur,Uttar Pradesh,True,70,10.44
TXN201400,CMP-1556,2025-06-10T07:50:00,ACC00051,ACC00062,8519.78,Wallet,Bengaluru,Karnataka,True,70,8.83
TXN201401,CMP-1556,2025-06-10T08:25:00,ACC00062,ACC00085,7434.6,Card,Jaipur,Rajasthan,True,68,7.23
TXN201402,CMP-1557,2025-05-11T23:52:00,ACC00315,ACC00073,1147.82,RTGS,Kanpur,Uttar Pradesh,True,81,6.53
TXN201403,CMP-1557,2025-05-12T00:20:00,ACC00073,ACC00056,1440.21,NEFT,Kanpur,Uttar Pradesh,True,87,9.15
TXN201404,CMP-1558,2025-07-28T22:17:00,ACC00275,ACC00040,2752.33,NEFT,Delhi,Delhi,True,66,10.47
TXN201405,CMP-1558,2025-07-28T22:35:00,ACC00040,ACC00031,3177.95,UPI,Jaipur,Rajasthan,True,75,7.86
TXN201406,CMP-1558,2025-07-29T00:03:00,ACC00031,ACC00068,2989.9,Card,Hyderabad,Telangana,True,66,8.18
TXN201407,CMP-1558,2025-07-29T00:17:00,ACC00068,ACC00034,2440.55,NEFT,Delhi,Delhi,True,80,5.37
TXN201408,CMP-1560,2025-09-02T19:20:00,ACC00311,ACC00002,2784.87,Wallet,Bengaluru,Karnataka,True,72,5.25
TXN201409,CMP-1560,2025-09-02T20:13:00,ACC00002,ACC00018,2967.22,NEFT,Bengaluru,Karnataka,True,76,9.51
TXN201410,CMP-1561,2025-04-24T09:34:00,ACC00480,ACC00010,10287.48,RTGS,Mumbai,Maharashtra,True,83,7.41
TXN201411,CMP-1561,2025-04-24T09:48:00,ACC00010,ACC00048,7951.48,UPI,Bengaluru,Karnataka,True,90,9.27
TXN201412,CMP-1563,2025-02-13T11:35:00,ACC00153,ACC00019,2774.42,Card,Delhi,Delhi,True,80,11.54
TXN201413,CMP-1563,2025-02-13T12:21:00,ACC00019,ACC00057,3265.5,UPI,Hyderabad,Telangana,True,67,8.59
TXN201414,CMP-1563,2025-02-13T12:40:00,ACC00057,ACC00084,2962.36,UPI,Kanpur,Uttar Pradesh,True,63,10.24
TXN201415,CMP-1563,2025-02-13T13:52:00,ACC00084,ACC00098,3614.46,NEFT,Patna,Bihar,True,80,6.63
TXN201416,CMP-1564,2025-05-19T00:13:00,ACC00226,ACC00056,7588.5,NEFT,Patna,Bihar,True,98,6.31
TXN201417,CMP-1564,2025-05-19T00:46:00,ACC00056,ACC00010,5888.62,Card,Lucknow,Uttar Pradesh,True,73,8.19
TXN201418,CMP-1564,2025-05-19T01:10:00,ACC00010,ACC00007,5976.22,Card,Patna,Bihar,True,91,8.81
TXN201419,CMP-1565,2025-02-27T00:51:00,ACC00114,ACC00045,2580.88,IMPS,Patna,Bihar,True,70,6.05
TXN201420,CMP-1565,2025-02-27T01:02:00,ACC00045,ACC00005,2187.16,IMPS,Patna,Bihar,True,78,5.71
TXN201421,CMP-1565,2025-02-27T01:59:00,ACC00005,ACC00028,1698.6,Wallet,Lucknow,Uttar Pradesh,True,81,4.1
TXN201422,CMP-1567,2025-01-21T00:05:00,ACC00423,ACC00072,2568.27,NEFT,Lucknow,Uttar Pradesh,True,90,7.17
TXN201423,CMP-1567,2025-01-21T01:14:00,ACC00072,ACC00039,2148.77,Wallet,Jaipur,Rajasthan,True,78,5.0
TXN201424,CMP-1567,2025-01-21T01:45:00,ACC00039,ACC00004,1890.24,NEFT,Bengaluru,Karnataka,True,58,6.04
TXN201425,CMP-1567,2025-01-21T02:00:00,ACC00004,ACC00069,1599.38,UPI,Jaipur,Rajasthan,True,76,3.42
TXN201426,CMP-1568,2025-08-04T16:55:00,ACC00346,ACC00011,1009.46,RTGS,Lucknow,Uttar Pradesh,True,72,10.99
TXN201427,CMP-1568,2025-08-04T18:08:00,ACC00011,ACC00080,1146.34,UPI,Patna,Bihar,True,76,9.52
TXN201428,CMP-1568,2025-08-04T19:29:00,ACC00080,ACC00056,907.94,RTGS,Kanpur,Uttar Pradesh,True,78,11.53
TXN201429,CMP-1568,2025-08-04T20:22:00,ACC00056,ACC00055,963.46,Wallet,Hyderabad,Telangana,True,75,7.46
TXN201430,CMP-1569,2025-05-05T18:35:00,ACC00179,ACC00000,1287.09,Wallet,Kanpur,Uttar Pradesh,True,80,7.59
TXN201431,CMP-1569,2025-05-05T19:00:00,ACC00000,ACC00074,1028.65,IMPS,Patna,Bihar,True,99,10.77
TXN201432,CMP-1569,2025-05-05T20:26:00,ACC00074,ACC00093,984.88,Card,Bengaluru,Karnataka,True,99,7.32
TXN201433,CMP-1570,2025-01-01T05:13:00,ACC00340,ACC00088,3564.85,NEFT,Kanpur,Uttar Pradesh,True,84,5.39
TXN201434,CMP-1570,2025-01-01T05:39:00,ACC00088,ACC00001,3636.4,UPI,Bengaluru,Karnataka,True,71,4.16
TXN201435,CMP-1571,2025-09-13T09:32:00,ACC00492,ACC00037,1017.05,Card,Lucknow,Uttar Pradesh,True,82,9.33
TXN201436,CMP-1571,2025-09-13T10:56:00,ACC00037,ACC00038,1026.63,Wallet,Kanpur,Uttar Pradesh,True,88,3.79
TXN201437,CMP-1571,2025-09-13T12:12:00,ACC00038,ACC00044,1385.48,NEFT,Kanpur,Uttar Pradesh,True,74,10.48
TXN201438,CMP-1571,2025-09-13T12:35:00,ACC00044,ACC00074,1360.91,RTGS,Kanpur,Uttar Pradesh,True,91,5.76
TXN201439,CMP-1572,2025-04-05T04:38:00,ACC00196,ACC00071,8302.44,UPI,Kanpur,Uttar Pradesh,True,84,5.64
TXN201440,CMP-1572,2025-04-05T05:31:00,ACC00071,ACC00099,7157.22,Wallet,Jaipur,Rajasthan,True,93,5.49
TXN201441,CMP-1572,2025-04-05T06:15:00,ACC00099,ACC00078,6858.64,NEFT,Mumbai,Maharashtra,True,76,8.25
TXN201442,CMP-1572,2025-04-05T06:32:00,ACC00078,ACC00001,7358.5,Card,Hyderabad,Telangana,True,77,3.2
TXN201443,CMP-1573,2025-09-15T16:17:00,ACC00293,ACC00010,5017.14,UPI,Hyderabad,Telangana,True,80,9.91
TXN201444,CMP-1573,2025-09-15T17:37:00,ACC00010,ACC00057,5189.1,UPI,Jaipur,Rajasthan,True,93,3.22
TXN201445,CMP-1574,2025-07-18T22:37:00,ACC00245,ACC00068,3925.17,IMPS,Patna,Bihar,True,70,9.11
TXN201446,CMP-1574,2025-07-18T23:14:00,ACC00068,ACC00082,3728.4,UPI,Delhi,Delhi,True,71,11.56
TXN201447,CMP-1574,2025-07-19T00:23:00,ACC00082,ACC00072,3468.0,NEFT,Jaipur,Rajasthan,True,78,3.49
TXN201448,CMP-1575,2025-05-03T16:14:00,ACC00193,ACC00014,27354.57,IMPS,Kanpur,Uttar Pradesh,True,67,7.85
TXN201449,CMP-1575,2025-05-03T17:34:00,ACC00014,ACC00057,33057.29,NEFT,Kanpur,Uttar Pradesh,True,79,4.94
TXN201450,CMP-1576,2025-06-21T03:04:00,ACC00458,ACC00024,3280.27,RTGS,Mumbai,Maharashtra,True,78,3.69
TXN201451,CMP-1576,2025-06-21T03:11:00,ACC00024,ACC00016,3048.7,IMPS,Lucknow,Uttar Pradesh,True,67,9.73
TXN201452,CMP-1576,2025-06-21T03:25:00,ACC00016,ACC00030,2568.0,IMPS,Delhi,Delhi,True,76,6.28
TXN201453,CMP-1578,2025-08-20T19:11:00,ACC00219,ACC00001,29977.57,Wallet,Hyderabad,Telangana,True,71,4.79
TXN201454,CMP-1578,2025-08-20T20:25:00,ACC00001,ACC00005,20158.75,Wallet,Jaipur,Rajasthan,True,89,9.8
TXN201455,CMP-1578,2025-08-20T20:38:00,ACC00005,ACC00024,23009.9,UPI,Bengaluru,Karnataka,True,74,9.61
TXN201456,CMP-1578,2025-08-20T21:56:00,ACC00024,ACC00088,26628.66,UPI,Kanpur,Uttar Pradesh,True,71,3.4
TXN201457,CMP-1581,2025-08-11T03:19:00,ACC00192,ACC00032,3046.71,NEFT,Lucknow,Uttar Pradesh,True,80,4.62
TXN201458,CMP-1581,2025-08-11T04:03:00,ACC00032,ACC00002,4344.86,Wallet,Bengaluru,Karnataka,True,84,8.01
TXN201459,CMP-1581,2025-08-11T05:04:00,ACC00002,ACC00087,3140.02,NEFT,Delhi,Delhi,True,73,6.44
TXN201460,CMP-1582,2025-04-16T21:26:00,ACC00297,ACC00056,15030.21,Card,Delhi,Delhi,True,81,3.14
TXN201461,CMP-1582,2025-04-16T22:16:00,ACC00056,ACC00065,17296.38,Wallet,Delhi,Delhi,True,88,6.46
TXN201462,CMP-1583,2025-05-26T08:16:00,ACC00476,ACC00066,1792.19,NEFT,Jaipur,Rajasthan,True,67,9.91
TXN201463,CMP-1583,2025-05-26T08:34:00,ACC00066,ACC00026,1903.14,RTGS,Patna,Bihar,True,82,9.85
TXN201464,CMP-1585,2025-05-30T08:27:00,ACC00229,ACC00038,3681.94,Card,Kanpur,Uttar Pradesh,True,92,7.47
TXN201465,CMP-1585,2025-05-30T09:06:00,ACC00038,ACC00083,4662.26,IMPS,Lucknow,Uttar Pradesh,True,73,11.14
TXN201466,CMP-1586,2025-05-16T15:19:00,ACC00157,ACC00055,9158.79,NEFT,Patna,Bihar,True,88,11.36
TXN201467,CMP-1586,2025-05-16T16:02:00,ACC00055,ACC00078,8527.83,RTGS,Jaipur,Rajasthan,True,83,8.32
TXN201468,CMP-1586,2025-05-16T16:10:00,ACC00078,ACC00046,7042.69,Card,Kanpur,Uttar Pradesh,True,86,9.79
TXN201469,CMP-1587,2025-06-06T01:54:00,ACC00302,ACC00001,1068.0,UPI,Kanpur,Uttar Pradesh,True,73,10.81
TXN201470,CMP-1587,2025-06-06T03:19:00,ACC00001,ACC00004,857.6,IMPS,Lucknow,Uttar Pradesh,True,77,3.67
TXN201471,CMP-1587,2025-06-06T04:33:00,ACC00004,ACC00021,953.81,UPI,Bengaluru,Karnataka,True,99,8.75
TXN201472,CMP-1587,2025-06-06T05:38:00,ACC00021,ACC00048,919.35,NEFT,Jaipur,Rajasthan,True,73,11.6
TXN201473,CMP-1588,2025-03-10T13:48:00,ACC00452,ACC00047,2146.62,Wallet,Lucknow,Uttar Pradesh,True,77,11.68
TXN201474,CMP-1588,2025-03-10T13:56:00,ACC00047,ACC00049,1530.83,RTGS,Mumbai,Maharashtra,True,83,6.46
TXN201475,CMP-1589,2025-03-03T22:23:00,ACC00146,ACC00043,4061.67,UPI,Delhi,Delhi,True,90,11.78
TXN201476,CMP-1589,2025-03-03T22:36:00,ACC00043,ACC00098,4746.24,IMPS,Patna,Bihar,True,90,9.65
TXN201477,CMP-1589,2025-03-03T23:37:00,ACC00098,ACC00084,3607.72,Wallet,Delhi,Delhi,True,84,6.81
TXN201478,CMP-1590,2025-08-29T19:07:00,ACC00430,ACC00068,8956.88,RTGS,Hyderabad,Telangana,True,89,7.05
TXN201479,CMP-1590,2025-08-29T20:16:00,ACC00068,ACC00006,6656.1,NEFT,Kanpur,Uttar Pradesh,True,69,9.06
TXN201480,CMP-1590,2025-08-29T21:17:00,ACC00006,ACC00078,9444.16,IMPS,Kanpur,Uttar Pradesh,True,70,8.2
TXN201481,CMP-1590,2025-08-29T22:06:00,ACC00078,ACC00060,6473.21,IMPS,Jaipur,Rajasthan,True,90,9.44
TXN201482,CMP-1592,2025-09-01T09:41:00,ACC00110,ACC00045,3081.34,NEFT,Bengaluru,Karnataka,True,71,10.35
TXN201483,CMP-1592,2025-09-01T10:04:00,ACC00045,ACC00099,2678.1,Card,Jaipur,Rajasthan,True,71,9.96
TXN201484,CMP-1593,2025-06-25T18:41:00,ACC00461,ACC00037,4573.57,Card,Patna,Bihar,True,81,11.19
TXN201485,CMP-1593,2025-06-25T19:02:00,ACC00037,ACC00014,4807.8,NEFT,Delhi,Delhi,True,72,4.18
TXN201486,CMP-1593,2025-06-25T20:21:00,ACC00014,ACC00089,3488.98,NEFT,Delhi,Delhi,True,72,10.08
TXN201487,CMP-1593,2025-06-25T21:05:00,ACC00089,ACC00030,4782.28,NEFT,Hyderabad,Telangana,True,85,10.55
TXN201488,CMP-1594,2025-02-28T16:58:00,ACC00378,ACC00093,23793.78,IMPS,Mumbai,Maharashtra,True,83,5.35
TXN201489,CMP-1594,2025-02-28T17:11:00,ACC00093,ACC00029,20705.25,Wallet,Bengaluru,Karnataka,True,89,6.91
TXN201490,CMP-1594,2025-02-28T17:46:00,ACC00029,ACC00057,19947.24,Card,Mumbai,Maharashtra,True,54,3.28
TXN201491,CMP-1594,2025-02-28T19:13:00,ACC00057,ACC00053,21571.48,Wallet,Kanpur,Uttar Pradesh,True,85,11.42
TXN201492,CMP-1595,2025-02-02T16:26:00,ACC00135,ACC00057,9970.15,UPI,Delhi,Delhi,True,57,10.11
TXN201493,CMP-1595,2025-02-02T17:05:00,ACC00057,ACC00043,8284.67,Card,Patna,Bihar,True,87,10.14
TXN201494,CMP-1595,2025-02-02T18:20:00,ACC00043,ACC00040,8453.91,Wallet,Mumbai,Maharashtra,True,65,7.32
TXN201495,CMP-1596,2025-08-30T23:54:00,ACC00332,ACC00081,9496.49,IMPS,Mumbai,Maharashtra,True,86,8.42
TXN201496,CMP-1596,2025-08-31T00:58:00,ACC00081,ACC00063,8135.83,Card,Lucknow,Uttar Pradesh,True,88,7.09
TXN201497,CMP-1596,2025-08-31T01:43:00,ACC00063,ACC00080,6993.35,IMPS,Delhi,Delhi,True,73,3.3
TXN201498,CMP-1596,2025-08-31T03:03:00,ACC00080,ACC00099,6131.71,Card,Kanpur,Uttar Pradesh,True,75,4.25
TXN201499,CMP-1597,2025-02-26T08:15:00,ACC00497,ACC00041,22396.66,UPI,Mumbai,Maharashtra,True,69,3.05
TXN201500,CMP-1597,2025-02-26T09:32:00,ACC00041,ACC00092,23746.78,UPI,Patna,Bihar,True,79,11.63
TXN201501,CMP-1597,2025-02-26T10:14:00,ACC00092,ACC00061,19977.27,UPI,Mumbai,Maharashtra,True,72,8.4
TXN201502,CMP-1597,2025-02-26T10:24:00,ACC00061,ACC00096,20380.19,UPI,Mumbai,Maharashtra,True,60,5.17
TXN201503,CMP-1598,2025-08-26T04:44:00,ACC00368,ACC00098,4835.07,NEFT,Mumbai,Maharashtra,True,85,8.05
TXN201504,CMP-1598,2025-08-26T05:45:00,ACC00098,ACC00067,4747.05,Card,Bengaluru,Karnataka,True,89,3.86
TXN201505,CMP-1598,2025-08-26T06:24:00,ACC00067,ACC00049,5437.17,RTGS,Kanpur,Uttar Pradesh,True,71,11.96
TXN201506,CMP-1598,2025-08-26T06:37:00,ACC00049,ACC00054,4130.4,UPI,Jaipur,Rajasthan,True,87,10.71
TXN201507,CMP-1599,2025-06-08T05:06:00,ACC00309,ACC00014,4984.2,Wallet,Delhi,Delhi,True,80,8.54
TXN201508,CMP-1599,2025-06-08T05:31:00,ACC00014,ACC00076,4483.81,RTGS,Lucknow,Uttar Pradesh,True,74,9.18
TXN201509,CMP-1599,2025-06-08T06:03:00,ACC00076,ACC00078,3314.42,UPI,Jaipur,Rajasthan,True,76,3.92
TXN201510,CMP-1601,2025-08-06T22:32:00,ACC00392,ACC00049,912.82,Card,Patna,Bihar,True,96,8.34
TXN201511,CMP-1601,2025-08-06T23:21:00,ACC00049,ACC00053,833.34,NEFT,Hyderabad,Telangana,True,74,10.34
TXN201512,CMP-1601,2025-08-06T23:58:00,ACC00053,ACC00081,806.68,RTGS,Mumbai,Maharashtra,True,98,7.66
TXN201513,CMP-1602,2025-07-14T11:04:00,ACC00125,ACC00077,3415.45,Wallet,Delhi,Delhi,True,71,11.24
TXN201514,CMP-1602,2025-07-14T11:31:00,ACC00077,ACC00023,3085.77,IMPS,Lucknow,Uttar Pradesh,True,74,6.33
TXN201515,CMP-1602,2025-07-14T11:50:00,ACC00023,ACC00093,2170.67,Wallet,Jaipur,Rajasthan,True,75,5.95
TXN201516,CMP-1602,2025-07-14T12:02:00,ACC00093,ACC00099,2805.16,RTGS,Hyderabad,Telangana,True,89,6.24
TXN201517,CMP-1603,2025-04-19T07:08:00,ACC00140,ACC00081,829.66,IMPS,Kanpur,Uttar Pradesh,True,88,4.23
TXN201518,CMP-1603,2025-04-19T08:20:00,ACC00081,ACC00041,969.09,UPI,Bengaluru,Karnataka,True,81,6.8
TXN201519,CMP-1603,2025-04-19T09:17:00,ACC00041,ACC00056,888.46,NEFT,Hyderabad,Telangana,True,87,5.21
TXN201520,CMP-1604,2025-01-11T15:36:00,ACC00288,ACC00007,28509.61,Wallet,Patna,Bihar,True,83,6.88
TXN201521,CMP-1604,2025-01-11T16:15:00,ACC00007,ACC00006,18568.98,NEFT,Jaipur,Rajasthan,True,85,9.26
TXN201522,CMP-1604,2025-01-11T16:32:00,ACC00006,ACC00073,18777.21,Card,Jaipur,Rajasthan,True,90,8.16
TXN201523,CMP-1605,2025-02-20T07:39:00,ACC00475,ACC00038,16872.99,UPI,Bengaluru,Karnataka,True,73,11.71
TXN201524,CMP-1605,2025-02-20T07:45:00,ACC00038,ACC00018,13247.23,Card,Kanpur,Uttar Pradesh,True,95,9.16
TXN201525,CMP-1606,2025-05-12T09:16:00,ACC00151,ACC00068,3158.02,NEFT,Kanpur,Uttar Pradesh,True,80,6.65
TXN201526,CMP-1606,2025-05-12T09:27:00,ACC00068,ACC00079,2815.99,IMPS,Delhi,Delhi,True,82,11.03
TXN201527,CMP-1606,2025-05-12T10:29:00,ACC00079,ACC00040,2919.55,NEFT,Kanpur,Uttar Pradesh,True,80,3.76
TXN201528,CMP-1606,2025-05-12T11:41:00,ACC00040,ACC00012,2100.83,Card,Hyderabad,Telangana,True,89,11.35
TXN201529,CMP-1607,2025-04-29T17:14:00,ACC00391,ACC00022,345.71,NEFT,Kanpur,Uttar Pradesh,True,71,10.87
TXN201530,CMP-1607,2025-04-29T17:41:00,ACC00022,ACC00021,452.0,Wallet,Delhi,Delhi,True,73,11.24
TXN201531,CMP-1608,2025-04-24T19:32:00,ACC00492,ACC00045,1916.56,NEFT,Mumbai,Maharashtra,True,73,9.08
TXN201532,CMP-1608,2025-04-24T20:20:00,ACC00045,ACC00086,1806.77,UPI,Bengaluru,Karnataka,True,89,3.24
TXN201533,CMP-1609,2025-03-23T20:37:00,ACC00192,ACC00064,5952.18,UPI,Lucknow,Uttar Pradesh,True,79,5.27
TXN201534,CMP-1609,2025-03-23T21:48:00,ACC00064,ACC00066,5834.91,Wallet,Bengaluru,Karnataka,True,78,4.88
TXN201535,CMP-1609,2025-03-23T22:09:00,ACC00066,ACC00097,5334.37,UPI,Hyderabad,Telangana,True,94,7.12
TXN201536,CMP-1609,2025-03-23T23:38:00,ACC00097,ACC00021,5192.91,UPI,Jaipur,Rajasthan,True,87,5.09
TXN201537,CMP-1611,2025-03-04T17:14:00,ACC00491,ACC00092,1538.5,Wallet,Patna,Bihar,True,82,7.71
TXN201538,CMP-1611,2025-03-04T18:02:00,ACC00092,ACC00036,1326.44,RTGS,Hyderabad,Telangana,True,85,6.64
TXN201539,CMP-1612,2025-04-27T21:24:00,ACC00292,ACC00095,702.22,UPI,Delhi,Delhi,True,73,8.17
TXN201540,CMP-1612,2025-04-27T21:39:00,ACC00095,ACC00016,748.69,Card,Patna,Bihar,True,73,3.29
TXN201541,CMP-1612,2025-04-27T22:41:00,ACC00016,ACC00058,804.26,Card,Kanpur,Uttar Pradesh,True,82,8.05
TXN201542,CMP-1612,2025-04-27T22:51:00,ACC00058,ACC00037,780.53,UPI,Mumbai,Maharashtra,True,80,5.21
TXN201543,CMP-1613,2025-02-16T07:45:00,ACC00100,ACC00036,3654.53,UPI,Jaipur,Rajasthan,True,72,9.52
TXN201544,CMP-1613,2025-02-16T08:47:00,ACC00036,ACC00094,2310.99,UPI,Bengaluru,Karnataka,True,99,8.28
TXN201545,CMP-1613,2025-02-16T09:39:00,ACC00094,ACC00086,2643.45,RTGS,Delhi,Delhi,True,78,4.81
TXN201546,CMP-1614,2025-08-13T05:26:00,ACC00103,ACC00028,9414.64,NEFT,Kanpur,Uttar Pradesh,True,72,8.71
TXN201547,CMP-1614,2025-08-13T06:36:00,ACC00028,ACC00020,7468.2,Card,Delhi,Delhi,True,76,9.66
TXN201548,CMP-1614,2025-08-13T07:09:00,ACC00020,ACC00065,9233.6,RTGS,Jaipur,Rajasthan,True,88,3.45
TXN201549,CMP-1615,2025-04-03T18:34:00,ACC00383,ACC00073,1000.69,UPI,Jaipur,Rajasthan,True,78,3.26
TXN201550,CMP-1615,2025-04-03T19:37:00,ACC00073,ACC00055,1058.74,IMPS,Lucknow,Uttar Pradesh,True,70,10.65
TXN201551,CMP-1616,2025-01-28T10:42:00,ACC00335,ACC00017,5427.47,IMPS,Patna,Bihar,True,85,11.59
TXN201552,CMP-1616,2025-01-28T11:07:00,ACC00017,ACC00081,3971.72,IMPS,Bengaluru,Karnataka,True,83,9.78
TXN201553,CMP-1616,2025-01-28T11:48:00,ACC00081,ACC00001,4742.91,NEFT,Hyderabad,Telangana,True,88,10.9
TXN201554,CMP-1616,2025-01-28T12:06:00,ACC00001,ACC00032,3637.67,IMPS,Hyderabad,Telangana,True,74,7.66
TXN201555,CMP-1617,2025-06-06T20:24:00,ACC00231,ACC00011,2496.17,Card,Kanpur,Uttar Pradesh,True,86,8.21
TXN201556,CMP-1617,2025-06-06T21:22:00,ACC00011,ACC00094,2122.8,IMPS,Bengaluru,Karnataka,True,73,5.09
TXN201557,CMP-1618,2025-05-07T03:19:00,ACC00470,ACC00061,6233.07,RTGS,Bengaluru,Karnataka,True,71,5.07
TXN201558,CMP-1618,2025-05-07T04:13:00,ACC00061,ACC00011,5059.21,UPI,Patna,Bihar,True,82,9.97
TXN201559,CMP-1618,2025-05-07T04:35:00,ACC00011,ACC00067,4869.59,UPI,Hyderabad,Telangana,True,88,4.41
TXN201560,CMP-1618,2025-05-07T05:15:00,ACC00067,ACC00093,5701.05,Wallet,Bengaluru,Karnataka,True,91,3.66
TXN201561,CMP-1619,2025-02-05T18:13:00,ACC00119,ACC00073,11786.18,RTGS,Kanpur,Uttar Pradesh,True,95,5.92
TXN201562,CMP-1619,2025-02-05T19:29:00,ACC00073,ACC00022,13563.12,Wallet,Patna,Bihar,True,81,6.63
TXN201563,CMP-1619,2025-02-05T20:54:00,ACC00022,ACC00004,11107.46,RTGS,Bengaluru,Karnataka,True,64,10.23
TXN201564,CMP-1619,2025-02-05T20:59:00,ACC00004,ACC00053,11820.82,RTGS,Jaipur,Rajasthan,True,94,5.49
TXN201565,CMP-1620,2025-04-12T08:13:00,ACC00322,ACC00015,3227.53,IMPS,Kanpur,Uttar Pradesh,True,91,6.13
TXN201566,CMP-1620,2025-04-12T08:33:00,ACC00015,ACC00068,3737.07,IMPS,Kanpur,Uttar Pradesh,True,83,6.53
TXN201567,CMP-1620,2025-04-12T09:21:00,ACC00068,ACC00085,4244.58,RTGS,Hyderabad,Telangana,True,80,7.98
TXN201568,CMP-1621,2025-01-28T20:56:00,ACC00424,ACC00048,29806.31,Wallet,Jaipur,Rajasthan,True,92,10.41
TXN201569,CMP-1621,2025-01-28T22:19:00,ACC00048,ACC00081,31373.67,Wallet,Hyderabad,Telangana,True,74,10.39
TXN201570,CMP-1621,2025-01-28T22:28:00,ACC00081,ACC00051,34251.74,NEFT,Delhi,Delhi,True,72,10.67
TXN201571,CMP-1622,2025-04-17T14:22:00,ACC00376,ACC00041,10789.82,NEFT,Patna,Bihar,True,66,7.32
TXN201572,CMP-1622,2025-04-17T15:22:00,ACC00041,ACC00014,10822.05,Card,Jaipur,Rajasthan,True,80,10.85
TXN201573,CMP-1623,2025-01-26T02:18:00,ACC00444,ACC00050,2037.19,Card,Delhi,Delhi,True,87,11.05
TXN201574,CMP-1623,2025-01-26T02:45:00,ACC00050,ACC00085,1713.53,IMPS,Hyderabad,Telangana,True,89,7.69
TXN201575,CMP-1624,2025-06-02T06:18:00,ACC00213,ACC00050,4680.43,NEFT,Patna,Bihar,True,60,4.15
TXN201576,CMP-1624,2025-06-02T06:37:00,ACC00050,ACC00085,4448.75,RTGS,Mumbai,Maharashtra,True,85,3.9
TXN201577,CMP-1624,2025-06-02T07:10:00,ACC00085,ACC00014,4107.28,Card,Hyderabad,Telangana,True,63,7.19
TXN201578,CMP-1625,2025-07-01T15:17:00,ACC00392,ACC00070,2386.45,UPI,Kanpur,Uttar Pradesh,True,77,5.07
TXN201579,CMP-1625,2025-07-01T15:36:00,ACC00070,ACC00052,2263.38,NEFT,Bengaluru,Karnataka,True,80,3.61
TXN201580,CMP-1625,2025-07-01T16:33:00,ACC00052,ACC00088,2404.53,Card,Lucknow,Uttar Pradesh,True,75,9.86
TXN201581,CMP-1625,2025-07-01T16:41:00,ACC00088,ACC00030,2728.49,Wallet,Jaipur,Rajasthan,True,71,3.86
TXN201582,CMP-1626,2025-08-16T19:19:00,ACC00496,ACC00097,5894.6,Card,Patna,Bihar,True,83,3.74
TXN201583,CMP-1626,2025-08-16T20:16:00,ACC00097,ACC00086,4387.94,Card,Patna,Bihar,True,68,9.98
TXN201584,CMP-1626,2025-08-16T20:52:00,ACC00086,ACC00040,4252.39,Card,Kanpur,Uttar Pradesh,True,86,9.24
TXN201585,CMP-1627,2025-03-06T10:32:00,ACC00302,ACC00025,1824.87,Card,Bengaluru,Karnataka,True,66,11.61
TXN201586,CMP-1627,2025-03-06T11:14:00,ACC00025,ACC00035,1881.29,NEFT,Lucknow,Uttar Pradesh,True,86,7.02
TXN201587,CMP-1628,2025-02-07T02:10:00,ACC00136,ACC00055,3323.08,IMPS,Mumbai,Maharashtra,True,88,10.12
TXN201588,CMP-1628,2025-02-07T02:29:00,ACC00055,ACC00058,4355.65,Wallet,Bengaluru,Karnataka,True,99,11.65
TXN201589,CMP-1628,2025-02-07T02:37:00,ACC00058,ACC00052,2922.39,RTGS,Delhi,Delhi,True,84,10.96
TXN201590,CMP-1629,2025-02-27T00:25:00,ACC00443,ACC00046,1242.64,Wallet,Lucknow,Uttar Pradesh,True,91,4.94
TXN201591,CMP-1629,2025-02-27T01:31:00,ACC00046,ACC00079,1190.94,RTGS,Lucknow,Uttar Pradesh,True,84,11.87
TXN201592,CMP-1629,2025-02-27T02:42:00,ACC00079,ACC00042,993.36,Card,Delhi,Delhi,True,66,6.42
TXN201593,CMP-1629,2025-02-27T04:02:00,ACC00042,ACC00016,988.08,RTGS,Jaipur,Rajasthan,True,77,8.62
TXN201594,CMP-1630,2025-06-29T22:28:00,ACC00494,ACC00044,3145.5,UPI,Lucknow,Uttar Pradesh,True,82,7.47
TXN201595,CMP-1630,2025-06-29T23:09:00,ACC00044,ACC00099,3327.19,Wallet,Bengaluru,Karnataka,True,68,4.85
TXN201596,CMP-1630,2025-06-29T23:38:00,ACC00099,ACC00071,2594.38,NEFT,Bengaluru,Karnataka,True,68,11.9
TXN201597,CMP-1631,2025-08-21T20:20:00,ACC00325,ACC00029,954.78,Card,Bengaluru,Karnataka,True,81,6.81
TXN201598,CMP-1631,2025-08-21T21:37:00,ACC00029,ACC00069,941.9,NEFT,Mumbai,Maharashtra,True,81,7.16
TXN201599,CMP-1632,2025-08-05T08:06:00,ACC00157,ACC00031,4208.32,IMPS,Bengaluru,Karnataka,True,78,7.14
TXN201600,CMP-1632,2025-08-05T09:00:00,ACC00031,ACC00043,4630.2,UPI,Lucknow,Uttar Pradesh,True,77,8.89
TXN201601,CMP-1632,2025-08-05T09:09:00,ACC00043,ACC00053,3338.22,UPI,Delhi,Delhi,True,89,4.16
TXN201602,CMP-1633,2025-02-17T03:39:00,ACC00275,ACC00014,21423.92,IMPS,Kanpur,Uttar Pradesh,True,85,4.8
TXN201603,CMP-1633,2025-02-17T05:06:00,ACC00014,ACC00051,17599.06,NEFT,Lucknow,Uttar Pradesh,True,81,10.61
TXN201604,CMP-1633,2025-02-17T05:21:00,ACC00051,ACC00063,14133.71,IMPS,Bengaluru,Karnataka,True,74,3.47
TXN201605,CMP-1633,2025-02-17T06:43:00,ACC00063,ACC00005,20903.79,UPI,Kanpur,Uttar Pradesh,True,85,5.03
TXN201606,CMP-1634,2025-07-23T06:47:00,ACC00207,ACC00027,2016.7,Card,Mumbai,Maharashtra,True,80,7.35
TXN201607,CMP-1634,2025-07-23T07:59:00,ACC00027,ACC00015,2019.43,RTGS,Kanpur,Uttar Pradesh,True,64,10.05
TXN201608,CMP-1634,2025-07-23T08:31:00,ACC00015,ACC00049,1588.02,UPI,Delhi,Delhi,True,75,7.48
TXN201609,CMP-1634,2025-07-23T08:48:00,ACC00049,ACC00084,2167.99,UPI,Patna,Bihar,True,67,6.79
TXN201610,CMP-1635,2025-04-20T15:24:00,ACC00418,ACC00018,3661.72,RTGS,Mumbai,Maharashtra,True,82,10.78
TXN201611,CMP-1635,2025-04-20T16:27:00,ACC00018,ACC00001,3166.48,UPI,Patna,Bihar,True,76,3.13
TXN201612,CMP-1636,2025-03-06T15:27:00,ACC00230,ACC00036,719.62,NEFT,Jaipur,Rajasthan,True,82,7.07
TXN201613,CMP-1636,2025-03-06T15:33:00,ACC00036,ACC00078,774.2,Card,Lucknow,Uttar Pradesh,True,84,10.91
TXN201614,CMP-1637,2025-08-30T21:26:00,ACC00338,ACC00001,1428.46,IMPS,Delhi,Delhi,True,99,9.64
TXN201615,CMP-1637,2025-08-30T21:41:00,ACC00001,ACC00036,1580.01,NEFT,Hyderabad,Telangana,True,82,8.27
TXN201616,CMP-1637,2025-08-30T22:31:00,ACC00036,ACC00059,1707.79,Card,Kanpur,Uttar Pradesh,True,63,5.73
TXN201617,CMP-1638,2025-05-14T18:50:00,ACC00155,ACC00083,3561.85,Card,Kanpur,Uttar Pradesh,True,97,4.68
TXN201618,CMP-1638,2025-05-14T19:05:00,ACC00083,ACC00011,3322.01,Card,Kanpur,Uttar Pradesh,True,87,8.09
TXN201619,CMP-1638,2025-05-14T19:32:00,ACC00011,ACC00028,3687.08,RTGS,Bengaluru,Karnataka,True,84,6.61
TXN201620,CMP-1639,2025-06-18T06:03:00,ACC00261,ACC00076,6101.49,RTGS,Patna,Bihar,True,87,9.31
TXN201621,CMP-1639,2025-06-18T07:27:00,ACC00076,ACC00002,6168.98,NEFT,Delhi,Delhi,True,63,5.39
TXN201622,CMP-1639,2025-06-18T08:19:00,ACC00002,ACC00063,5544.24,Card,Bengaluru,Karnataka,True,99,10.73
TXN201623,CMP-1641,2025-09-08T11:00:00,ACC00350,ACC00020,4114.98,IMPS,Hyderabad,Telangana,True,77,3.57
TXN201624,CMP-1641,2025-09-08T11:32:00,ACC00020,ACC00003,4352.65,NEFT,Hyderabad,Telangana,True,79,6.38
TXN201625,CMP-1641,2025-09-08T13:00:00,ACC00003,ACC00051,4064.89,Wallet,Delhi,Delhi,True,80,5.39
TXN201626,CMP-1641,2025-09-08T13:18:00,ACC00051,ACC00099,4528.31,RTGS,Kanpur,Uttar Pradesh,True,69,4.4
TXN201627,CMP-1645,2025-08-06T01:54:00,ACC00313,ACC00019,365.33,UPI,Delhi,Delhi,True,68,3.38
TXN201628,CMP-1645,2025-08-06T03:06:00,ACC00019,ACC00018,299.85,Wallet,Mumbai,Maharashtra,True,56,8.11
TXN201629,CMP-1645,2025-08-06T04:18:00,ACC00018,ACC00081,300.54,IMPS,Hyderabad,Telangana,True,82,6.22
TXN201630,CMP-1646,2025-03-24T07:19:00,ACC00329,ACC00026,3424.17,Card,Hyderabad,Telangana,True,75,11.34
TXN201631,CMP-1646,2025-03-24T08:31:00,ACC00026,ACC00032,2866.28,Wallet,Bengaluru,Karnataka,True,99,10.03
TXN201632,CMP-1646,2025-03-24T09:05:00,ACC00032,ACC00010,2378.82,UPI,Hyderabad,Telangana,True,65,9.81
TXN201633,CMP-1646,2025-03-24T09:48:00,ACC00010,ACC00018,2165.12,NEFT,Patna,Bihar,True,84,4.82
TXN201634,CMP-1647,2025-01-12T18:51:00,ACC00170,ACC00090,1008.76,IMPS,Lucknow,Uttar Pradesh,True,88,6.88
TXN201635,CMP-1647,2025-01-12T19:00:00,ACC00090,ACC00095,996.2,NEFT,Patna,Bihar,True,64,10.16
TXN201636,CMP-1647,2025-01-12T19:06:00,ACC00095,ACC00043,959.68,UPI,Kanpur,Uttar Pradesh,True,65,3.23
TXN201637,CMP-1649,2025-07-19T12:53:00,ACC00194,ACC00018,681.09,Card,Hyderabad,Telangana,True,62,10.56
TXN201638,CMP-1649,2025-07-19T13:41:00,ACC00018,ACC00027,711.48,NEFT,Bengaluru,Karnataka,True,88,3.85
TXN201639,CMP-1649,2025-07-19T14:38:00,ACC00027,ACC00097,742.65,NEFT,Hyderabad,Telangana,True,91,5.69
TXN201640,CMP-1649,2025-07-19T15:26:00,ACC00097,ACC00072,654.97,RTGS,Hyderabad,Telangana,True,84,5.8
TXN201641,CMP-1650,2025-05-23T06:31:00,ACC00255,ACC00081,3497.17,UPI,Delhi,Delhi,True,63,9.35
TXN201642,CMP-1650,2025-05-23T06:42:00,ACC00081,ACC00071,2979.44,Card,Delhi,Delhi,True,77,6.37
TXN201643,CMP-1650,2025-05-23T07:09:00,ACC00071,ACC00095,2725.1,Card,Mumbai,Maharashtra,True,88,6.24
TXN201644,CMP-1650,2025-05-23T07:43:00,ACC00095,ACC00094,2848.17,UPI,Mumbai,Maharashtra,True,82,11.07
TXN201645,CMP-1651,2025-08-18T13:28:00,ACC00154,ACC00003,8176.56,IMPS,Hyderabad,Telangana,True,72,10.46
TXN201646,CMP-1651,2025-08-18T14:54:00,ACC00003,ACC00096,6072.71,UPI,Lucknow,Uttar Pradesh,True,68,8.09
TXN201647,CMP-1651,2025-08-18T15:33:00,ACC00096,ACC00016,6035.73,Card,Hyderabad,Telangana,True,91,4.74
TXN201648,CMP-1651,2025-08-18T15:42:00,ACC00016,ACC00022,7170.65,IMPS,Hyderabad,Telangana,True,81,8.99
TXN201649,CMP-1652,2025-07-01T07:57:00,ACC00410,ACC00029,1818.58,Wallet,Patna,Bihar,True,93,5.67
TXN201650,CMP-1652,2025-07-01T08:28:00,ACC00029,ACC00096,1627.93,Card,Lucknow,Uttar Pradesh,True,76,3.18
TXN201651,CMP-1653,2025-08-11T20:07:00,ACC00283,ACC00099,1127.99,NEFT,Kanpur,Uttar Pradesh,True,89,7.73
TXN201652,CMP-1653,2025-08-11T21:01:00,ACC00099,ACC00015,1273.03,Wallet,Jaipur,Rajasthan,True,65,5.64
TXN201653,CMP-1653,2025-08-11T22:10:00,ACC00015,ACC00055,1021.26,Wallet,Jaipur,Rajasthan,True,90,6.7
TXN201654,CMP-1654,2025-04-10T15:01:00,ACC00464,ACC00023,23037.16,NEFT,Bengaluru,Karnataka,True,86,5.57
TXN201655,CMP-1654,2025-04-10T16:22:00,ACC00023,ACC00084,15516.38,Wallet,Jaipur,Rajasthan,True,76,8.94
TXN201656,CMP-1654,2025-04-10T16:53:00,ACC00084,ACC00021,18049.67,Wallet,Kanpur,Uttar Pradesh,True,99,4.46
TXN201657,CMP-1654,2025-04-10T17:29:00,ACC00021,ACC00018,14180.8,Card,Hyderabad,Telangana,True,77,8.15
TXN201658,CMP-1655,2025-09-17T05:16:00,ACC00183,ACC00004,344.56,RTGS,Mumbai,Maharashtra,True,72,3.65
TXN201659,CMP-1655,2025-09-17T06:14:00,ACC00004,ACC00043,300.85,IMPS,Hyderabad,Telangana,True,68,7.8
TXN201660,CMP-1656,2025-03-21T04:46:00,ACC00213,ACC00025,3227.25,Card,Mumbai,Maharashtra,True,87,3.81
TXN201661,CMP-1656,2025-03-21T05:44:00,ACC00025,ACC00041,3262.42,IMPS,Hyderabad,Telangana,True,95,5.48
TXN201662,CMP-1657,2025-08-27T19:13:00,ACC00415,ACC00041,4993.73,NEFT,Bengaluru,Karnataka,True,78,7.21
TXN201663,CMP-1657,2025-08-27T20:06:00,ACC00041,ACC00000,4251.47,IMPS,Delhi,Delhi,True,86,4.14
TXN201664,CMP-1658,2025-04-25T19:55:00,ACC00497,ACC00094,12860.31,UPI,Hyderabad,Telangana,True,56,10.0
TXN201665,CMP-1658,2025-04-25T20:12:00,ACC00094,ACC00058,8739.33,Wallet,Mumbai,Maharashtra,True,88,3.9
TXN201666,CMP-1658,2025-04-25T21:40:00,ACC00058,ACC00042,10007.02,UPI,Jaipur,Rajasthan,True,90,10.44
TXN201667,CMP-1658,2025-04-25T22:33:00,ACC00042,ACC00012,11129.15,RTGS,Bengaluru,Karnataka,True,88,9.49
TXN201668,CMP-1659,2025-03-30T20:06:00,ACC00366,ACC00058,1941.13,IMPS,Kanpur,Uttar Pradesh,True,99,3.87
TXN201669,CMP-1659,2025-03-30T20:14:00,ACC00058,ACC00081,1920.63,NEFT,Patna,Bihar,True,77,8.39
TXN201670,CMP-1659,2025-03-30T20:46:00,ACC00081,ACC00001,1917.45,Wallet,Kanpur,Uttar Pradesh,True,75,5.51
TXN201671,CMP-1660,2025-03-03T19:13:00,ACC00476,ACC00049,2835.02,Card,Kanpur,Uttar Pradesh,True,75,4.57
TXN201672,CMP-1660,2025-03-03T20:18:00,ACC00049,ACC00080,3329.77,Wallet,Bengaluru,Karnataka,True,87,11.79
TXN201673,CMP-1660,2025-03-03T20:46:00,ACC00080,ACC00099,2623.21,UPI,Mumbai,Maharashtra,True,87,3.47
TXN201674,CMP-1661,2025-03-10T06:12:00,ACC00325,ACC00038,2831.37,IMPS,Kanpur,Uttar Pradesh,True,69,10.7
TXN201675,CMP-1661,2025-03-10T07:06:00,ACC00038,ACC00094,2489.79,IMPS,Kanpur,Uttar Pradesh,True,81,3.43
TXN201676,CMP-1662,2025-08-12T18:23:00,ACC00316,ACC00006,1139.69,Wallet,Patna,Bihar,True,81,5.23
TXN201677,CMP-1662,2025-08-12T19:02:00,ACC00006,ACC00014,1200.84,NEFT,Kanpur,Uttar Pradesh,True,93,10.88
TXN201678,CMP-1662,2025-08-12T20:26:00,ACC00014,ACC00017,860.83,RTGS,Hyderabad,Telangana,True,55,10.76
TXN201679,CMP-1662,2025-08-12T20:44:00,ACC00017,ACC00067,1005.55,IMPS,Mumbai,Maharashtra,True,91,4.97
TXN201680,CMP-1663,2025-07-01T08:37:00,ACC00146,ACC00014,3884.44,IMPS,Delhi,Delhi,True,99,8.94
TXN201681,CMP-1663,2025-07-01T09:43:00,ACC00014,ACC00030,2683.71,Wallet,Mumbai,Maharashtra,True,75,10.95
TXN201682,CMP-1664,2025-01-17T12:15:00,ACC00301,ACC00057,20712.66,Card,Lucknow,Uttar Pradesh,True,74,10.99
TXN201683,CMP-1664,2025-01-17T12:41:00,ACC00057,ACC00021,19315.52,NEFT,Delhi,Delhi,True,93,10.61
TXN201684,CMP-1665,2025-02-04T12:23:00,ACC00332,ACC00041,1164.75,Wallet,Hyderabad,Telangana,True,86,5.05
TXN201685,CMP-1665,2025-02-04T13:51:00,ACC00041,ACC00017,1043.35,Card,Hyderabad,Telangana,True,76,9.26
TXN201686,CMP-1666,2025-02-27T07:16:00,ACC00146,ACC00057,2407.11,UPI,Bengaluru,Karnataka,True,74,5.56
TXN201687,CMP-1666,2025-02-27T08:23:00,ACC00057,ACC00038,2008.37,Wallet,Patna,Bihar,True,86,9.77
TXN201688,CMP-1666,2025-02-27T09:08:00,ACC00038,ACC00065,1881.67,Card,Patna,Bihar,True,88,8.49
TXN201689,CMP-1667,2025-01-24T04:39:00,ACC00472,ACC00065,4082.96,Wallet,Jaipur,Rajasthan,True,71,8.76
TXN201690,CMP-1667,2025-01-24T06:01:00,ACC00065,ACC00060,4833.63,Wallet,Delhi,Delhi,True,78,3.51
TXN201691,CMP-1667,2025-01-24T06:50:00,ACC00060,ACC00045,3333.7,Wallet,Bengaluru,Karnataka,True,68,10.54
TXN201692,CMP-1667,2025-01-24T06:56:00,ACC00045,ACC00039,3135.79,IMPS,Kanpur,Uttar Pradesh,True,83,7.57
TXN201693,CMP-1668,2025-03-16T07:07:00,ACC00122,ACC00042,11986.8,Card,Hyderabad,Telangana,True,69,4.99
TXN201694,CMP-1668,2025-03-16T07:45:00,ACC00042,ACC00018,14375.82,RTGS,Kanpur,Uttar Pradesh,True,73,9.16
TXN201695,CMP-1668,2025-03-16T09:11:00,ACC00018,ACC00056,16057.31,RTGS,Delhi,Delhi,True,80,8.13
TXN201696,CMP-1668,2025-03-16T10:20:00,ACC00056,ACC00072,12050.07,Wallet,Patna,Bihar,True,75,7.91
TXN201697,CMP-1669,2025-08-15T18:48:00,ACC00191,ACC00006,2723.24,NEFT,Hyderabad,Telangana,True,84,5.89
TXN201698,CMP-1669,2025-08-15T20:01:00,ACC00006,ACC00045,3558.36,RTGS,Jaipur,Rajasthan,True,84,10.14
TXN201699,CMP-1669,2025-08-15T21:03:00,ACC00045,ACC00023,3326.83,RTGS,Patna,Bihar,True,57,9.01
TXN201700,CMP-1669,2025-08-15T22:10:00,ACC00023,ACC00003,2691.68,IMPS,Bengaluru,Karnataka,True,82,7.89
TXN201701,CMP-1670,2025-06-30T13:41:00,ACC00247,ACC00015,1673.37,RTGS,Lucknow,Uttar Pradesh,True,71,11.77
TXN201702,CMP-1670,2025-06-30T13:59:00,ACC00015,ACC00048,2058.29,IMPS,Hyderabad,Telangana,True,69,8.28
TXN201703,CMP-1670,2025-06-30T14:56:00,ACC00048,ACC00023,1965.02,NEFT,Bengaluru,Karnataka,True,74,6.09
TXN201704,CMP-1671,2025-03-19T22:07:00,ACC00106,ACC00063,25580.65,NEFT,Jaipur,Rajasthan,True,74,4.86
TXN201705,CMP-1671,2025-03-19T22:24:00,ACC00063,ACC00076,19338.23,UPI,Jaipur,Rajasthan,True,95,8.65
TXN201706,CMP-1672,2025-04-01T10:04:00,ACC00221,ACC00084,3384.55,Wallet,Kanpur,Uttar Pradesh,True,70,9.22
TXN201707,CMP-1672,2025-04-01T10:53:00,ACC00084,ACC00064,4088.2,UPI,Kanpur,Uttar Pradesh,True,77,4.46
TXN201708,CMP-1672,2025-04-01T11:14:00,ACC00064,ACC00001,3567.15,RTGS,Hyderabad,Telangana,True,99,5.48
TXN201709,CMP-1673,2025-08-04T14:37:00,ACC00407,ACC00031,11777.47,RTGS,Kanpur,Uttar Pradesh,True,70,5.2
TXN201710,CMP-1673,2025-08-04T15:45:00,ACC00031,ACC00005,13466.44,NEFT,Lucknow,Uttar Pradesh,True,54,4.43
TXN201711,CMP-1673,2025-08-04T16:40:00,ACC00005,ACC00090,13563.47,Wallet,Lucknow,Uttar Pradesh,True,96,3.98
TXN201712,CMP-1674,2025-03-06T23:56:00,ACC00125,ACC00007,752.19,Card,Hyderabad,Telangana,True,78,6.57
TXN201713,CMP-1674,2025-03-07T00:44:00,ACC00007,ACC00061,1087.57,IMPS,Hyderabad,Telangana,True,79,4.61
TXN201714,CMP-1674,2025-03-07T01:06:00,ACC00061,ACC00078,813.61,RTGS,Delhi,Delhi,True,81,8.53
TXN201715,CMP-1674,2025-03-07T01:29:00,ACC00078,ACC00081,738.16,UPI,Jaipur,Rajasthan,True,83,10.69
TXN201716,CMP-1675,2025-03-23T02:56:00,ACC00441,ACC00077,4366.25,RTGS,Mumbai,Maharashtra,True,75,11.52
TXN201717,CMP-1675,2025-03-23T03:07:00,ACC00077,ACC00079,5450.55,RTGS,Mumbai,Maharashtra,True,65,6.82
TXN201718,CMP-1677,2025-01-28T02:03:00,ACC00333,ACC00046,7695.29,Card,Delhi,Delhi,True,82,7.13
TXN201719,CMP-1677,2025-01-28T02:52:00,ACC00046,ACC00010,5360.38,UPI,Hyderabad,Telangana,True,85,11.03
TXN201720,CMP-1679,2025-01-31T04:18:00,ACC00341,ACC00088,14769.42,UPI,Kanpur,Uttar Pradesh,True,80,7.84
TXN201721,CMP-1679,2025-01-31T05:04:00,ACC00088,ACC00091,16300.75,IMPS,Lucknow,Uttar Pradesh,True,76,9.03
TXN201722,CMP-1679,2025-01-31T05:37:00,ACC00091,ACC00007,14116.7,NEFT,Jaipur,Rajasthan,True,71,5.62
TXN201723,CMP-1679,2025-01-31T05:51:00,ACC00007,ACC00040,14076.9,RTGS,Mumbai,Maharashtra,True,75,10.66
TXN201724,CMP-1680,2025-05-12T16:17:00,ACC00368,ACC00026,570.04,UPI,Patna,Bihar,True,83,9.57
TXN201725,CMP-1680,2025-05-12T17:07:00,ACC00026,ACC00093,660.24,Card,Lucknow,Uttar Pradesh,True,80,6.83
TXN201726,CMP-1680,2025-05-12T17:26:00,ACC00093,ACC00047,664.83,UPI,Bengaluru,Karnataka,True,73,7.74
TXN201727,CMP-1680,2025-05-12T18:18:00,ACC00047,ACC00067,619.88,Wallet,Mumbai,Maharashtra,True,69,8.62
TXN201728,CMP-1681,2025-06-10T15:47:00,ACC00347,ACC00077,51376.42,Card,Lucknow,Uttar Pradesh,True,69,10.15
TXN201729,CMP-1681,2025-06-10T17:13:00,ACC00077,ACC00034,33950.4,NEFT,Bengaluru,Karnataka,True,81,5.41
TXN201730,CMP-1681,2025-06-10T17:29:00,ACC00034,ACC00010,33404.75,RTGS,Patna,Bihar,True,77,8.06
TXN201731,CMP-1681,2025-06-10T18:08:00,ACC00010,ACC00022,43312.67,IMPS,Lucknow,Uttar Pradesh,True,62,7.38
TXN201732,CMP-1682,2025-01-07T11:19:00,ACC00232,ACC00079,1759.02,NEFT,Delhi,Delhi,True,62,6.0
TXN201733,CMP-1682,2025-01-07T11:52:00,ACC00079,ACC00035,1534.58,NEFT,Hyderabad,Telangana,True,85,10.75
TXN201734,CMP-1682,2025-01-07T13:04:00,ACC00035,ACC00071,1782.4,Wallet,Delhi,Delhi,True,77,9.03
TXN201735,CMP-1683,2025-01-26T14:32:00,ACC00366,ACC00063,627.58,UPI,Mumbai,Maharashtra,True,94,5.63
TXN201736,CMP-1683,2025-01-26T14:57:00,ACC00063,ACC00059,672.1,RTGS,Delhi,Delhi,True,74,6.38
TXN201737,CMP-1683,2025-01-26T15:47:00,ACC00059,ACC00011,668.0,IMPS,Jaipur,Rajasthan,True,93,9.13
TXN201738,CMP-1683,2025-01-26T17:10:00,ACC00011,ACC00014,470.67,Wallet,Lucknow,Uttar Pradesh,True,89,8.52
TXN201739,CMP-1684,2025-05-03T11:39:00,ACC00462,ACC00024,5452.83,IMPS,Jaipur,Rajasthan,True,86,4.13
TXN201740,CMP-1684,2025-05-03T12:58:00,ACC00024,ACC00001,7675.41,Card,Delhi,Delhi,True,61,7.98
TXN201741,CMP-1685,2025-07-23T18:11:00,ACC00477,ACC00078,4700.24,RTGS,Bengaluru,Karnataka,True,73,6.3
TXN201742,CMP-1685,2025-07-23T19:01:00,ACC00078,ACC00031,5931.59,RTGS,Mumbai,Maharashtra,True,81,9.35
TXN201743,CMP-1685,2025-07-23T20:13:00,ACC00031,ACC00039,5184.48,NEFT,Lucknow,Uttar Pradesh,True,86,4.86
TXN201744,CMP-1685,2025-07-23T20:34:00,ACC00039,ACC00088,4804.71,Card,Kanpur,Uttar Pradesh,True,97,3.28
TXN201745,CMP-1686,2025-01-16T06:15:00,ACC00279,ACC00081,7393.58,IMPS,Jaipur,Rajasthan,True,85,6.99
TXN201746,CMP-1686,2025-01-16T07:05:00,ACC00081,ACC00035,7626.09,Card,Bengaluru,Karnataka,True,96,11.79
TXN201747,CMP-1687,2025-03-26T15:09:00,ACC00230,ACC00039,822.18,IMPS,Mumbai,Maharashtra,True,82,8.83
TXN201748,CMP-1687,2025-03-26T16:02:00,ACC00039,ACC00034,1126.48,NEFT,Kanpur,Uttar Pradesh,True,69,10.95
TXN201749,CMP-1688,2025-06-19T06:25:00,ACC00158,ACC00043,4723.67,Card,Jaipur,Rajasthan,True,83,10.81
TXN201750,CMP-1688,2025-06-19T07:31:00,ACC00043,ACC00057,4690.77,Wallet,Jaipur,Rajasthan,True,70,8.69
TXN201751,CMP-1688,2025-06-19T07:40:00,ACC00057,ACC00033,4857.22,NEFT,Hyderabad,Telangana,True,91,11.29
TXN201752,CMP-1688,2025-06-19T07:51:00,ACC00033,ACC00011,4831.94,RTGS,Mumbai,Maharashtra,True,78,11.1
TXN201753,CMP-1689,2025-01-30T23:15:00,ACC00189,ACC00043,5216.66,Card,Mumbai,Maharashtra,True,92,10.01
TXN201754,CMP-1689,2025-01-30T23:29:00,ACC00043,ACC00075,6547.3,Wallet,Bengaluru,Karnataka,True,81,11.41
TXN201755,CMP-1690,2025-04-17T03:18:00,ACC00430,ACC00019,3279.88,RTGS,Kanpur,Uttar Pradesh,True,99,11.91
TXN201756,CMP-1690,2025-04-17T04:15:00,ACC00019,ACC00056,4554.17,IMPS,Jaipur,Rajasthan,True,73,10.31
TXN201757,CMP-1690,2025-04-17T04:36:00,ACC00056,ACC00045,3392.84,RTGS,Kanpur,Uttar Pradesh,True,84,10.89
TXN201758,CMP-1690,2025-04-17T06:05:00,ACC00045,ACC00083,4114.42,UPI,Bengaluru,Karnataka,True,91,4.94
TXN201759,CMP-1692,2025-06-24T18:16:00,ACC00384,ACC00026,45670.78,NEFT,Lucknow,Uttar Pradesh,True,91,3.33
TXN201760,CMP-1692,2025-06-24T19:42:00,ACC00026,ACC00028,41106.85,UPI,Mumbai,Maharashtra,True,72,5.22
TXN201761,CMP-1692,2025-06-24T20:34:00,ACC00028,ACC00060,50350.05,Card,Mumbai,Maharashtra,True,99,9.72
TXN201762,CMP-1693,2025-07-29T09:25:00,ACC00176,ACC00003,5642.94,NEFT,Patna,Bihar,True,89,5.3
TXN201763,CMP-1693,2025-07-29T10:45:00,ACC00003,ACC00076,4621.38,RTGS,Lucknow,Uttar Pradesh,True,78,9.12
TXN201764,CMP-1693,2025-07-29T11:15:00,ACC00076,ACC00042,4989.58,NEFT,Delhi,Delhi,True,63,5.34
TXN201765,CMP-1694,2025-02-13T01:08:00,ACC00392,ACC00023,7871.67,Card,Hyderabad,Telangana,True,99,9.54
TXN201766,CMP-1694,2025-02-13T01:59:00,ACC00023,ACC00046,9810.12,NEFT,Jaipur,Rajasthan,True,60,6.3
TXN201767,CMP-1694,2025-02-13T02:21:00,ACC00046,ACC00001,9125.67,RTGS,Delhi,Delhi,True,77,4.57
TXN201768,CMP-1694,2025-02-13T03:21:00,ACC00001,ACC00020,6182.5,IMPS,Jaipur,Rajasthan,True,82,11.31
TXN201769,CMP-1695,2025-08-07T03:53:00,ACC00463,ACC00052,5317.85,Wallet,Mumbai,Maharashtra,True,94,4.26
TXN201770,CMP-1695,2025-08-07T04:30:00,ACC00052,ACC00020,4918.96,UPI,Hyderabad,Telangana,True,70,8.2
TXN201771,CMP-1695,2025-08-07T05:10:00,ACC00020,ACC00060,4555.66,Wallet,Hyderabad,Telangana,True,87,4.39
TXN201772,CMP-1696,2025-02-09T20:12:00,ACC00254,ACC00038,625.65,RTGS,Patna,Bihar,True,72,7.56
TXN201773,CMP-1696,2025-02-09T20:39:00,ACC00038,ACC00074,645.26,Card,Bengaluru,Karnataka,True,89,10.94
TXN201774,CMP-1696,2025-02-09T21:05:00,ACC00074,ACC00089,572.07,NEFT,Jaipur,Rajasthan,True,69,4.72
TXN201775,CMP-1696,2025-02-09T22:22:00,ACC00089,ACC00056,691.47,Wallet,Jaipur,Rajasthan,True,75,5.67
TXN201776,CMP-1697,2025-08-06T14:13:00,ACC00147,ACC00003,782.68,NEFT,Lucknow,Uttar Pradesh,True,90,8.37
TXN201777,CMP-1697,2025-08-06T14:41:00,ACC00003,ACC00087,595.84,IMPS,Delhi,Delhi,True,82,11.78
TXN201778,CMP-1697,2025-08-06T14:56:00,ACC00087,ACC00052,722.19,Card,Patna,Bihar,True,83,4.93
TXN201779,CMP-1700,2025-08-23T21:28:00,ACC00335,ACC00066,2772.14,Wallet,Lucknow,Uttar Pradesh,True,92,6.17
TXN201780,CMP-1700,2025-08-23T22:38:00,ACC00066,ACC00074,3177.54,IMPS,Mumbai,Maharashtra,True,77,8.09
TXN201781,CMP-1700,2025-08-23T23:54:00,ACC00074,ACC00051,2538.57,NEFT,Bengaluru,Karnataka,True,78,10.22
TXN201782,CMP-1701,2025-03-24T21:12:00,ACC00270,ACC00005,856.4,RTGS,Jaipur,Rajasthan,True,76,9.56
TXN201783,CMP-1701,2025-03-24T22:05:00,ACC00005,ACC00097,717.34,UPI,Delhi,Delhi,True,84,8.89
TXN201784,CMP-1701,2025-03-24T22:22:00,ACC00097,ACC00018,873.3,NEFT,Mumbai,Maharashtra,True,81,11.2
TXN201785,CMP-1701,2025-03-24T23:09:00,ACC00018,ACC00017,721.63,NEFT,Hyderabad,Telangana,True,77,4.54
TXN201786,CMP-1703,2025-01-24T20:23:00,ACC00495,ACC00015,5046.25,UPI,Mumbai,Maharashtra,True,89,6.39
TXN201787,CMP-1703,2025-01-24T21:16:00,ACC00015,ACC00022,3276.22,IMPS,Mumbai,Maharashtra,True,89,5.37
TXN201788,CMP-1703,2025-01-24T21:51:00,ACC00022,ACC00059,4601.69,NEFT,Kanpur,Uttar Pradesh,True,91,5.12
TXN201789,CMP-1705,2025-05-05T03:44:00,ACC00381,ACC00018,3500.14,IMPS,Bengaluru,Karnataka,True,80,6.07
TXN201790,CMP-1705,2025-05-05T04:34:00,ACC00018,ACC00024,3424.66,Card,Delhi,Delhi,True,81,4.43
TXN201791,CMP-1706,2025-01-23T01:36:00,ACC00187,ACC00078,3717.58,Wallet,Jaipur,Rajasthan,True,74,11.32
TXN201792,CMP-1706,2025-01-23T02:17:00,ACC00078,ACC00031,2682.02,UPI,Hyderabad,Telangana,True,89,3.92
TXN201793,CMP-1706,2025-01-23T03:01:00,ACC00031,ACC00019,3244.2,IMPS,Jaipur,Rajasthan,True,93,5.38
TXN201794,CMP-1706,2025-01-23T03:31:00,ACC00019,ACC00088,3433.66,UPI,Hyderabad,Telangana,True,89,4.85
TXN201795,CMP-1707,2025-03-25T11:51:00,ACC00166,ACC00086,3792.05,IMPS,Hyderabad,Telangana,True,94,7.83
TXN201796,CMP-1707,2025-03-25T12:52:00,ACC00086,ACC00088,3666.83,RTGS,Patna,Bihar,True,99,9.53
TXN201797,CMP-1707,2025-03-25T14:04:00,ACC00088,ACC00050,2754.48,Card,Bengaluru,Karnataka,True,88,6.49
TXN201798,CMP-1707,2025-03-25T15:30:00,ACC00050,ACC00090,2522.6,UPI,Patna,Bihar,True,99,6.16
TXN201799,CMP-1708,2025-08-12T14:53:00,ACC00318,ACC00090,1501.15,IMPS,Patna,Bihar,True,74,11.36
TXN201800,CMP-1708,2025-08-12T15:33:00,ACC00090,ACC00040,1170.43,NEFT,Kanpur,Uttar Pradesh,True,78,11.88
TXN201801,CMP-1709,2025-07-12T15:41:00,ACC00415,ACC00042,4280.39,Card,Delhi,Delhi,True,91,6.29
TXN201802,CMP-1709,2025-07-12T15:52:00,ACC00042,ACC00094,4151.13,NEFT,Hyderabad,Telangana,True,76,11.7
TXN201803,CMP-1709,2025-07-12T16:10:00,ACC00094,ACC00055,4843.62,RTGS,Lucknow,Uttar Pradesh,True,71,6.21
TXN201804,CMP-1709,2025-07-12T16:41:00,ACC00055,ACC00077,4179.29,IMPS,Mumbai,Maharashtra,True,81,5.09
TXN201805,CMP-1710,2025-03-08T19:51:00,ACC00390,ACC00089,3787.51,NEFT,Jaipur,Rajasthan,True,85,8.85
TXN201806,CMP-1710,2025-03-08T20:49:00,ACC00089,ACC00047,3392.45,Wallet,Lucknow,Uttar Pradesh,True,75,7.38
TXN201807,CMP-1711,2025-06-25T18:22:00,ACC00340,ACC00028,3012.2,UPI,Bengaluru,Karnataka,True,87,11.47
TXN201808,CMP-1711,2025-06-25T18:47:00,ACC00028,ACC00077,2788.82,IMPS,Hyderabad,Telangana,True,90,10.84
TXN201809,CMP-1711,2025-06-25T18:52:00,ACC00077,ACC00097,3096.31,IMPS,Lucknow,Uttar Pradesh,True,64,5.5
TXN201810,CMP-1711,2025-06-25T19:23:00,ACC00097,ACC00051,3637.7,IMPS,Kanpur,Uttar Pradesh,True,84,8.43
TXN201811,CMP-1712,2025-07-27T05:17:00,ACC00300,ACC00085,5713.62,Card,Mumbai,Maharashtra,True,99,4.87
TXN201812,CMP-1712,2025-07-27T05:45:00,ACC00085,ACC00011,4702.35,Card,Mumbai,Maharashtra,True,71,9.61
TXN201813,CMP-1712,2025-07-27T07:09:00,ACC00011,ACC00043,4842.97,NEFT,Kanpur,Uttar Pradesh,True,69,3.09
TXN201814,CMP-1713,2025-05-17T06:33:00,ACC00115,ACC00014,1156.48,UPI,Kanpur,Uttar Pradesh,True,63,8.69
TXN201815,CMP-1713,2025-05-17T06:48:00,ACC00014,ACC00087,1028.27,Card,Mumbai,Maharashtra,True,90,7.57
TXN201816,CMP-1713,2025-05-17T08:09:00,ACC00087,ACC00062,1273.94,IMPS,Patna,Bihar,True,78,3.42
TXN201817,CMP-1714,2025-07-20T16:25:00,ACC00493,ACC00073,1388.27,UPI,Jaipur,Rajasthan,True,67,3.31
TXN201818,CMP-1714,2025-07-20T16:45:00,ACC00073,ACC00066,1459.46,RTGS,Delhi,Delhi,True,76,5.24
TXN201819,CMP-1714,2025-07-20T17:48:00,ACC00066,ACC00013,1337.25,RTGS,Patna,Bihar,True,79,7.89
TXN201820,CMP-1714,2025-07-20T18:47:00,ACC00013,ACC00059,1824.94,UPI,Mumbai,Maharashtra,True,82,4.24
TXN201821,CMP-1715,2025-01-13T07:40:00,ACC00266,ACC00009,4612.81,Wallet,Patna,Bihar,True,69,11.39
TXN201822,CMP-1715,2025-01-13T09:01:00,ACC00009,ACC00017,3244.85,RTGS,Hyderabad,Telangana,True,82,6.18
TXN201823,CMP-1715,2025-01-13T09:37:00,ACC00017,ACC00074,3590.86,UPI,Hyderabad,Telangana,True,86,10.11
TXN201824,CMP-1716,2025-03-12T09:06:00,ACC00402,ACC00079,25159.3,UPI,Kanpur,Uttar Pradesh,True,88,9.73
TXN201825,CMP-1716,2025-03-12T09:48:00,ACC00079,ACC00086,28184.3,Card,Kanpur,Uttar Pradesh,True,74,10.41
TXN201826,CMP-1716,2025-03-12T10:48:00,ACC00086,ACC00051,26535.62,RTGS,Delhi,Delhi,True,81,6.42
TXN201827,CMP-1716,2025-03-12T12:04:00,ACC00051,ACC00054,19546.82,Wallet,Hyderabad,Telangana,True,93,8.13
TXN201828,CMP-1717,2025-02-11T00:20:00,ACC00133,ACC00088,995.7,NEFT,Jaipur,Rajasthan,True,91,5.36
TXN201829,CMP-1717,2025-02-11T01:24:00,ACC00088,ACC00047,933.4,UPI,Mumbai,Maharashtra,True,91,7.18
TXN201830,CMP-1717,2025-02-11T01:38:00,ACC00047,ACC00060,926.61,Card,Patna,Bihar,True,88,3.89
TXN201831,CMP-1717,2025-02-11T02:19:00,ACC00060,ACC00092,848.29,RTGS,Delhi,Delhi,True,88,6.94
TXN201832,CMP-1718,2025-08-21T01:28:00,ACC00378,ACC00022,12486.8,NEFT,Kanpur,Uttar Pradesh,True,91,11.35
TXN201833,CMP-1718,2025-08-21T02:02:00,ACC00022,ACC00000,10238.18,IMPS,Hyderabad,Telangana,True,87,8.14
TXN201834,CMP-1719,2025-03-29T23:15:00,ACC00158,ACC00059,24999.19,NEFT,Lucknow,Uttar Pradesh,True,67,9.12
TXN201835,CMP-1719,2025-03-30T00:15:00,ACC00059,ACC00006,19394.26,UPI,Hyderabad,Telangana,True,69,4.65
TXN201836,CMP-1719,2025-03-30T00:52:00,ACC00006,ACC00060,18978.15,Card,Jaipur,Rajasthan,True,71,10.29
TXN201837,CMP-1721,2025-09-09T16:28:00,ACC00353,ACC00007,5459.66,RTGS,Jaipur,Rajasthan,True,70,7.99
TXN201838,CMP-1721,2025-09-09T17:03:00,ACC00007,ACC00077,4894.33,NEFT,Patna,Bihar,True,73,7.02
TXN201839,CMP-1722,2025-03-21T09:24:00,ACC00487,ACC00019,21397.9,UPI,Kanpur,Uttar Pradesh,True,83,3.92
TXN201840,CMP-1722,2025-03-21T09:48:00,ACC00019,ACC00087,19933.32,IMPS,Kanpur,Uttar Pradesh,True,71,8.32
TXN201841,CMP-1722,2025-03-21T10:12:00,ACC00087,ACC00038,16683.21,NEFT,Patna,Bihar,True,82,6.65
TXN201842,CMP-1723,2025-03-24T14:07:00,ACC00200,ACC00040,9547.61,NEFT,Kanpur,Uttar Pradesh,True,87,8.65
TXN201843,CMP-1723,2025-03-24T15:02:00,ACC00040,ACC00058,12144.31,RTGS,Lucknow,Uttar Pradesh,True,91,10.07
TXN201844,CMP-1724,2025-05-02T01:24:00,ACC00145,ACC00078,1478.47,UPI,Patna,Bihar,True,81,4.61
TXN201845,CMP-1724,2025-05-02T02:38:00,ACC00078,ACC00014,1488.67,IMPS,Mumbai,Maharashtra,True,99,6.02
TXN201846,CMP-1724,2025-05-02T02:49:00,ACC00014,ACC00045,1180.83,UPI,Delhi,Delhi,True,83,6.25
TXN201847,CMP-1724,2025-05-02T04:08:00,ACC00045,ACC00094,1331.87,IMPS,Mumbai,Maharashtra,True,92,9.31
TXN201848,CMP-1725,2025-01-30T22:36:00,ACC00131,ACC00070,3137.11,NEFT,Hyderabad,Telangana,True,88,7.98
TXN201849,CMP-1725,2025-01-31T00:00:00,ACC00070,ACC00063,3476.28,RTGS,Bengaluru,Karnataka,True,73,7.96
TXN201850,CMP-1725,2025-01-31T01:07:00,ACC00063,ACC00055,2900.3,RTGS,Hyderabad,Telangana,True,92,5.52
TXN201851,CMP-1725,2025-01-31T02:03:00,ACC00055,ACC00035,3155.41,UPI,Delhi,Delhi,True,97,7.13
TXN201852,CMP-1727,2025-04-29T10:10:00,ACC00464,ACC00048,367.64,IMPS,Delhi,Delhi,True,86,6.19
TXN201853,CMP-1727,2025-04-29T11:35:00,ACC00048,ACC00047,316.12,Card,Delhi,Delhi,True,70,10.09
TXN201854,CMP-1727,2025-04-29T11:46:00,ACC00047,ACC00004,314.59,NEFT,Kanpur,Uttar Pradesh,True,86,7.6
TXN201855,CMP-1728,2025-07-09T04:04:00,ACC00343,ACC00071,2127.43,IMPS,Kanpur,Uttar Pradesh,True,89,5.81
TXN201856,CMP-1728,2025-07-09T04:32:00,ACC00071,ACC00051,2267.92,RTGS,Delhi,Delhi,True,70,6.46
TXN201857,CMP-1728,2025-07-09T05:42:00,ACC00051,ACC00002,1660.26,Card,Delhi,Delhi,True,85,4.84
TXN201858,CMP-1730,2025-06-25T00:22:00,ACC00173,ACC00062,23457.94,NEFT,Kanpur,Uttar Pradesh,True,98,5.48
TXN201859,CMP-1730,2025-06-25T01:02:00,ACC00062,ACC00074,16392.03,Wallet,Bengaluru,Karnataka,True,61,6.49
TXN201860,CMP-1731,2025-02-25T02:10:00,ACC00428,ACC00058,1555.86,Card,Bengaluru,Karnataka,True,79,9.57
TXN201861,CMP-1731,2025-02-25T02:32:00,ACC00058,ACC00006,1486.45,Card,Kanpur,Uttar Pradesh,True,86,3.07
TXN201862,CMP-1731,2025-02-25T03:46:00,ACC00006,ACC00047,1485.85,RTGS,Mumbai,Maharashtra,True,93,10.2
TXN201863,CMP-1731,2025-02-25T04:46:00,ACC00047,ACC00074,1131.67,NEFT,Lucknow,Uttar Pradesh,True,99,5.28
TXN201864,CMP-1732,2025-01-31T06:10:00,ACC00332,ACC00070,5616.42,NEFT,Kanpur,Uttar Pradesh,True,78,7.89
TXN201865,CMP-1732,2025-01-31T06:59:00,ACC00070,ACC00051,4460.39,UPI,Patna,Bihar,True,71,8.35
TXN201866,CMP-1732,2025-01-31T07:33:00,ACC00051,ACC00023,4124.32,IMPS,Lucknow,Uttar Pradesh,True,91,7.01
TXN201867,CMP-1732,2025-01-31T07:42:00,ACC00023,ACC00087,4176.22,Card,Mumbai,Maharashtra,True,64,7.74
TXN201868,CMP-1733,2025-06-26T14:47:00,ACC00195,ACC00000,2434.8,Wallet,Jaipur,Rajasthan,True,64,10.89
TXN201869,CMP-1733,2025-06-26T15:40:00,ACC00000,ACC00035,2355.88,UPI,Bengaluru,Karnataka,True,82,10.14
TXN201870,CMP-1733,2025-06-26T15:54:00,ACC00035,ACC00060,2304.95,IMPS,Lucknow,Uttar Pradesh,True,90,5.51
TXN201871,CMP-1735,2025-06-09T12:25:00,ACC00460,ACC00074,2650.38,Wallet,Kanpur,Uttar Pradesh,True,99,11.5
TXN201872,CMP-1735,2025-06-09T13:28:00,ACC00074,ACC00041,2978.68,RTGS,Hyderabad,Telangana,True,73,3.3
TXN201873,CMP-1735,2025-06-09T14:07:00,ACC00041,ACC00028,2748.37,Wallet,Patna,Bihar,True,82,10.33
TXN201874,CMP-1735,2025-06-09T14:32:00,ACC00028,ACC00008,2334.69,RTGS,Jaipur,Rajasthan,True,84,3.29
TXN201875,CMP-1736,2025-05-11T04:59:00,ACC00338,ACC00066,12088.41,UPI,Jaipur,Rajasthan,True,82,9.0
TXN201876,CMP-1736,2025-05-11T05:31:00,ACC00066,ACC00049,9789.08,NEFT,Jaipur,Rajasthan,True,84,10.69
TXN201877,CMP-1736,2025-05-11T05:52:00,ACC00049,ACC00060,9277.74,NEFT,Hyderabad,Telangana,True,69,4.86
TXN201878,CMP-1736,2025-05-11T07:16:00,ACC00060,ACC00072,12822.11,IMPS,Hyderabad,Telangana,True,80,11.76
TXN201879,CMP-1737,2025-08-27T08:08:00,ACC00422,ACC00085,1582.76,RTGS,Mumbai,Maharashtra,True,81,11.98
TXN201880,CMP-1737,2025-08-27T09:12:00,ACC00085,ACC00063,1041.72,RTGS,Patna,Bihar,True,84,10.87
TXN201881,CMP-1737,2025-08-27T09:22:00,ACC00063,ACC00026,1115.55,NEFT,Patna,Bihar,True,69,11.92
TXN201882,CMP-1737,2025-08-27T10:49:00,ACC00026,ACC00068,1428.72,UPI,Delhi,Delhi,True,77,4.68
TXN201883,CMP-1738,2025-06-26T08:18:00,ACC00413,ACC00043,19735.91,UPI,Bengaluru,Karnataka,True,82,6.43
TXN201884,CMP-1738,2025-06-26T09:38:00,ACC00043,ACC00063,21961.14,RTGS,Jaipur,Rajasthan,True,85,4.18
TXN201885,CMP-1738,2025-06-26T11:02:00,ACC00063,ACC00072,22605.66,NEFT,Kanpur,Uttar Pradesh,True,83,6.13
TXN201886,CMP-1738,2025-06-26T12:08:00,ACC00072,ACC00045,21546.21,NEFT,Hyderabad,Telangana,True,73,3.47
TXN201887,CMP-1740,2025-06-10T08:17:00,ACC00248,ACC00088,5914.06,Wallet,Mumbai,Maharashtra,True,79,8.57
TXN201888,CMP-1740,2025-06-10T09:11:00,ACC00088,ACC00059,6017.44,Wallet,Jaipur,Rajasthan,True,75,5.85
TXN201889,CMP-1740,2025-06-10T09:57:00,ACC00059,ACC00003,5938.04,Wallet,Patna,Bihar,True,72,11.59
TXN201890,CMP-1740,2025-06-10T11:21:00,ACC00003,ACC00019,4736.71,Card,Lucknow,Uttar Pradesh,True,71,9.47
TXN201891,CMP-1741,2025-04-02T14:57:00,ACC00131,ACC00074,2699.25,Card,Bengaluru,Karnataka,True,90,8.88
TXN201892,CMP-1741,2025-04-02T15:10:00,ACC00074,ACC00071,3528.99,Card,Mumbai,Maharashtra,True,97,6.6
TXN201893,CMP-1741,2025-04-02T16:09:00,ACC00071,ACC00096,3225.92,Card,Delhi,Delhi,True,68,6.81
TXN201894,CMP-1742,2025-04-30T19:21:00,ACC00477,ACC00036,2409.34,IMPS,Bengaluru,Karnataka,True,62,3.26
TXN201895,CMP-1742,2025-04-30T20:43:00,ACC00036,ACC00051,3153.49,UPI,Kanpur,Uttar Pradesh,True,83,11.75
TXN201896,CMP-1743,2025-02-21T06:56:00,ACC00242,ACC00078,1537.22,RTGS,Patna,Bihar,True,73,3.52
TXN201897,CMP-1743,2025-02-21T07:55:00,ACC00078,ACC00020,1632.02,Wallet,Patna,Bihar,True,85,4.02
TXN201898,CMP-1744,2025-02-26T22:54:00,ACC00409,ACC00075,231.85,Card,Kanpur,Uttar Pradesh,True,83,5.78
TXN201899,CMP-1744,2025-02-27T00:14:00,ACC00075,ACC00097,229.76,NEFT,Jaipur,Rajasthan,True,92,9.72
TXN201900,CMP-1744,2025-02-27T01:43:00,ACC00097,ACC00027,230.09,RTGS,Delhi,Delhi,True,81,5.27
TXN201901,CMP-1745,2025-01-04T05:14:00,ACC00233,ACC00030,2824.37,RTGS,Jaipur,Rajasthan,True,89,10.68
TXN201902,CMP-1745,2025-01-04T06:26:00,ACC00030,ACC00088,3517.55,Wallet,Patna,Bihar,True,82,8.48
TXN201903,CMP-1745,2025-01-04T06:35:00,ACC00088,ACC00082,3650.76,IMPS,Patna,Bihar,True,76,6.76
TXN201904,CMP-1745,2025-01-04T07:59:00,ACC00082,ACC00098,3526.57,Card,Hyderabad,Telangana,True,80,7.89
TXN201905,CMP-1747,2025-08-02T19:54:00,ACC00494,ACC00084,1950.43,IMPS,Patna,Bihar,True,86,5.38
TXN201906,CMP-1747,2025-08-02T20:07:00,ACC00084,ACC00057,1674.1,NEFT,Lucknow,Uttar Pradesh,True,68,7.43
TXN201907,CMP-1747,2025-08-02T20:44:00,ACC00057,ACC00020,1410.92,Wallet,Jaipur,Rajasthan,True,79,6.2
TXN201908,CMP-1748,2025-08-06T14:02:00,ACC00127,ACC00096,22316.79,RTGS,Delhi,Delhi,True,58,4.3
TXN201909,CMP-1748,2025-08-06T15:21:00,ACC00096,ACC00083,15845.4,Card,Patna,Bihar,True,99,8.32
TXN201910,CMP-1748,2025-08-06T16:27:00,ACC00083,ACC00022,16037.34,Card,Patna,Bihar,True,97,5.87
TXN201911,CMP-1749,2025-01-04T04:17:00,ACC00304,ACC00060,1293.4,UPI,Bengaluru,Karnataka,True,99,4.62
TXN201912,CMP-1749,2025-01-04T04:43:00,ACC00060,ACC00082,1154.13,IMPS,Delhi,Delhi,True,93,9.7
TXN201913,CMP-1750,2025-06-05T10:09:00,ACC00449,ACC00060,3195.95,UPI,Jaipur,Rajasthan,True,70,11.1
TXN201914,CMP-1750,2025-06-05T11:06:00,ACC00060,ACC00074,1987.03,Wallet,Bengaluru,Karnataka,True,82,10.97
TXN201915,CMP-1750,2025-06-05T11:51:00,ACC00074,ACC00094,2623.25,IMPS,Hyderabad,Telangana,True,61,3.47
TXN201916,CMP-1750,2025-06-05T12:20:00,ACC00094,ACC00052,2191.85,RTGS,Delhi,Delhi,True,83,3.01
TXN201917,CMP-1753,2025-08-27T18:44:00,ACC00271,ACC00012,205.41,Wallet,Patna,Bihar,True,59,10.77
TXN201918,CMP-1753,2025-08-27T20:13:00,ACC00012,ACC00002,205.09,Wallet,Bengaluru,Karnataka,True,72,7.25
TXN201919,CMP-1753,2025-08-27T21:00:00,ACC00002,ACC00096,217.39,IMPS,Hyderabad,Telangana,True,94,6.07
TXN201920,CMP-1754,2025-03-27T14:11:00,ACC00495,ACC00030,457.78,IMPS,Hyderabad,Telangana,True,73,6.87
TXN201921,CMP-1754,2025-03-27T15:05:00,ACC00030,ACC00093,418.86,RTGS,Bengaluru,Karnataka,True,87,5.39
TXN201922,CMP-1754,2025-03-27T15:10:00,ACC00093,ACC00031,422.92,NEFT,Mumbai,Maharashtra,True,79,5.8
TXN201923,CMP-1755,2025-09-01T23:31:00,ACC00446,ACC00023,6793.86,IMPS,Hyderabad,Telangana,True,81,5.85
TXN201924,CMP-1755,2025-09-02T00:52:00,ACC00023,ACC00008,6137.61,Card,Bengaluru,Karnataka,True,79,4.29
TXN201925,CMP-1755,2025-09-02T02:10:00,ACC00008,ACC00003,6913.22,RTGS,Hyderabad,Telangana,True,53,4.52
TXN201926,CMP-1756,2025-06-26T03:23:00,ACC00134,ACC00012,4988.57,Card,Delhi,Delhi,True,83,8.68
TXN201927,CMP-1756,2025-06-26T03:36:00,ACC00012,ACC00023,5177.35,Wallet,Jaipur,Rajasthan,True,72,8.03
TXN201928,CMP-1757,2025-07-09T01:16:00,ACC00471,ACC00024,10696.77,Card,Delhi,Delhi,True,73,4.22
TXN201929,CMP-1757,2025-07-09T01:56:00,ACC00024,ACC00032,8968.4,UPI,Lucknow,Uttar Pradesh,True,82,8.91
TXN201930,CMP-1758,2025-02-14T02:02:00,ACC00404,ACC00027,16123.54,Card,Patna,Bihar,True,94,8.75
TXN201931,CMP-1758,2025-02-14T02:37:00,ACC00027,ACC00087,12541.36,UPI,Patna,Bihar,True,76,10.74
TXN201932,CMP-1758,2025-02-14T03:31:00,ACC00087,ACC00053,13331.86,NEFT,Delhi,Delhi,True,71,9.87
TXN201933,CMP-1758,2025-02-14T04:03:00,ACC00053,ACC00067,9939.31,RTGS,Lucknow,Uttar Pradesh,True,93,11.59
TXN201934,CMP-1760,2025-09-15T01:10:00,ACC00456,ACC00037,4832.1,UPI,Kanpur,Uttar Pradesh,True,79,4.27
TXN201935,CMP-1760,2025-09-15T01:46:00,ACC00037,ACC00062,3468.81,Card,Lucknow,Uttar Pradesh,True,75,10.75
TXN201936,CMP-1760,2025-09-15T02:51:00,ACC00062,ACC00093,3526.29,NEFT,Patna,Bihar,True,79,7.78
TXN201937,CMP-1761,2025-09-08T03:20:00,ACC00241,ACC00088,824.26,Card,Patna,Bihar,True,71,5.16
TXN201938,CMP-1761,2025-09-08T03:34:00,ACC00088,ACC00065,973.68,UPI,Delhi,Delhi,True,67,4.87
TXN201939,CMP-1761,2025-09-08T04:57:00,ACC00065,ACC00080,746.36,IMPS,Kanpur,Uttar Pradesh,True,90,5.3
TXN201940,CMP-1761,2025-09-08T05:38:00,ACC00080,ACC00083,946.72,Wallet,Delhi,Delhi,True,72,10.06
TXN201941,CMP-1762,2025-01-14T15:24:00,ACC00499,ACC00099,6629.07,RTGS,Jaipur,Rajasthan,True,67,3.47
TXN201942,CMP-1762,2025-01-14T15:51:00,ACC00099,ACC00021,6314.14,IMPS,Bengaluru,Karnataka,True,84,11.8
TXN201943,CMP-1762,2025-01-14T16:46:00,ACC00021,ACC00046,6300.25,Card,Bengaluru,Karnataka,True,80,3.08
TXN201944,CMP-1762,2025-01-14T17:24:00,ACC00046,ACC00052,6109.37,NEFT,Delhi,Delhi,True,75,5.72
TXN201945,CMP-1764,2025-06-13T15:41:00,ACC00412,ACC00082,2319.6,UPI,Hyderabad,Telangana,True,79,5.46
TXN201946,CMP-1764,2025-06-13T16:22:00,ACC00082,ACC00083,2548.47,RTGS,Hyderabad,Telangana,True,88,5.81
TXN201947,CMP-1764,2025-06-13T17:36:00,ACC00083,ACC00089,1743.5,IMPS,Kanpur,Uttar Pradesh,True,95,4.65
TXN201948,CMP-1765,2025-06-29T00:25:00,ACC00211,ACC00013,3043.01,Card,Jaipur,Rajasthan,True,67,3.53
TXN201949,CMP-1765,2025-06-29T01:15:00,ACC00013,ACC00038,2834.7,Card,Kanpur,Uttar Pradesh,True,80,4.69
TXN201950,CMP-1765,2025-06-29T02:07:00,ACC00038,ACC00089,3524.16,Wallet,Kanpur,Uttar Pradesh,True,93,6.88
TXN201951,CMP-1766,2025-06-13T17:14:00,ACC00137,ACC00093,2591.76,IMPS,Kanpur,Uttar Pradesh,True,77,9.79
TXN201952,CMP-1766,2025-06-13T18:20:00,ACC00093,ACC00004,3514.94,UPI,Bengaluru,Karnataka,True,79,4.13
TXN201953,CMP-1766,2025-06-13T18:36:00,ACC00004,ACC00098,3346.78,NEFT,Jaipur,Rajasthan,True,73,11.3
TXN201954,CMP-1766,2025-06-13T19:15:00,ACC00098,ACC00017,2919.08,RTGS,Kanpur,Uttar Pradesh,True,85,4.44
TXN201955,CMP-1767,2025-02-20T19:22:00,ACC00176,ACC00000,9643.67,Wallet,Kanpur,Uttar Pradesh,True,93,7.59
TXN201956,CMP-1767,2025-02-20T20:31:00,ACC00000,ACC00092,12246.31,Card,Hyderabad,Telangana,True,80,10.5
TXN201957,CMP-1767,2025-02-20T20:57:00,ACC00092,ACC00021,9093.82,RTGS,Kanpur,Uttar Pradesh,True,78,7.5
TXN201958,CMP-1768,2025-04-07T12:53:00,ACC00458,ACC00050,2095.3,RTGS,Mumbai,Maharashtra,True,77,8.89
TXN201959,CMP-1768,2025-04-07T13:42:00,ACC00050,ACC00096,1752.91,IMPS,Kanpur,Uttar Pradesh,True,77,4.81
TXN201960,CMP-1769,2025-06-25T14:28:00,ACC00344,ACC00093,1756.3,IMPS,Lucknow,Uttar Pradesh,True,84,4.25
TXN201961,CMP-1769,2025-06-25T15:16:00,ACC00093,ACC00032,1891.3,IMPS,Kanpur,Uttar Pradesh,True,72,10.07
TXN201962,CMP-1769,2025-06-25T15:59:00,ACC00032,ACC00081,1335.32,IMPS,Lucknow,Uttar Pradesh,True,84,3.16
TXN201963,CMP-1770,2025-06-14T18:42:00,ACC00101,ACC00088,5920.85,Wallet,Patna,Bihar,True,85,9.15
TXN201964,CMP-1770,2025-06-14T19:51:00,ACC00088,ACC00046,5122.08,Card,Mumbai,Maharashtra,True,83,6.34
TXN201965,CMP-1770,2025-06-14T20:19:00,ACC00046,ACC00093,5915.75,NEFT,Mumbai,Maharashtra,True,80,4.44
TXN201966,CMP-1771,2025-04-23T04:06:00,ACC00270,ACC00051,603.58,NEFT,Patna,Bihar,True,70,7.06
TXN201967,CMP-1771,2025-04-23T04:55:00,ACC00051,ACC00065,533.66,Card,Mumbai,Maharashtra,True,80,9.22
TXN201968,CMP-1771,2025-04-23T05:49:00,ACC00065,ACC00040,439.67,Wallet,Hyderabad,Telangana,True,78,3.44
TXN201969,CMP-1771,2025-04-23T06:03:00,ACC00040,ACC00067,497.52,IMPS,Hyderabad,Telangana,True,68,9.83
TXN201970,CMP-1772,2025-03-20T18:24:00,ACC00141,ACC00097,7445.56,UPI,Jaipur,Rajasthan,True,64,3.93
TXN201971,CMP-1772,2025-03-20T18:58:00,ACC00097,ACC00001,9183.75,IMPS,Kanpur,Uttar Pradesh,True,84,8.63
TXN201972,CMP-1772,2025-03-20T20:05:00,ACC00001,ACC00085,6344.75,IMPS,Bengaluru,Karnataka,True,79,9.7
TXN201973,CMP-1773,2025-09-02T08:07:00,ACC00296,ACC00038,9213.58,Wallet,Delhi,Delhi,True,69,4.89
TXN201974,CMP-1773,2025-09-02T09:26:00,ACC00038,ACC00035,7661.66,RTGS,Bengaluru,Karnataka,True,91,8.58
TXN201975,CMP-1774,2025-02-21T07:29:00,ACC00349,ACC00080,2508.24,Wallet,Lucknow,Uttar Pradesh,True,93,10.03
TXN201976,CMP-1774,2025-02-21T08:37:00,ACC00080,ACC00063,1579.56,RTGS,Bengaluru,Karnataka,True,67,11.63
TXN201977,CMP-1774,2025-02-21T09:11:00,ACC00063,ACC00058,1678.67,RTGS,Bengaluru,Karnataka,True,74,10.66
TXN201978,CMP-1775,2025-05-03T01:14:00,ACC00198,ACC00075,1327.63,Card,Delhi,Delhi,True,82,3.67
TXN201979,CMP-1775,2025-05-03T02:36:00,ACC00075,ACC00086,1284.97,NEFT,Delhi,Delhi,True,81,6.02
TXN201980,CMP-1775,2025-05-03T03:11:00,ACC00086,ACC00004,1250.74,NEFT,Delhi,Delhi,True,57,11.77
TXN201981,CMP-1776,2025-07-13T09:54:00,ACC00355,ACC00057,3973.72,Wallet,Bengaluru,Karnataka,True,93,5.0
TXN201982,CMP-1776,2025-07-13T10:57:00,ACC00057,ACC00058,3081.82,IMPS,Kanpur,Uttar Pradesh,True,90,11.09
TXN201983,CMP-1777,2025-02-03T10:33:00,ACC00128,ACC00092,8086.84,IMPS,Bengaluru,Karnataka,True,68,9.84
TXN201984,CMP-1777,2025-02-03T11:29:00,ACC00092,ACC00023,5522.92,RTGS,Hyderabad,Telangana,True,96,9.86
TXN201985,CMP-1777,2025-02-03T11:42:00,ACC00023,ACC00088,6441.27,IMPS,Lucknow,Uttar Pradesh,True,81,3.93
TXN201986,CMP-1777,2025-02-03T12:45:00,ACC00088,ACC00083,7043.23,Wallet,Kanpur,Uttar Pradesh,True,92,10.57
TXN201987,CMP-1779,2025-04-19T21:16:00,ACC00118,ACC00062,2888.81,IMPS,Delhi,Delhi,True,77,8.18
TXN201988,CMP-1779,2025-04-19T21:51:00,ACC00062,ACC00035,2031.08,IMPS,Kanpur,Uttar Pradesh,True,78,7.98
TXN201989,CMP-1779,2025-04-19T22:13:00,ACC00035,ACC00011,2262.95,UPI,Bengaluru,Karnataka,True,62,11.19
TXN201990,CMP-1779,2025-04-19T23:08:00,ACC00011,ACC00096,2090.59,IMPS,Bengaluru,Karnataka,True,80,3.67
TXN201991,CMP-1780,2025-03-24T02:06:00,ACC00224,ACC00016,5749.57,Card,Delhi,Delhi,True,81,9.52
TXN201992,CMP-1780,2025-03-24T03:09:00,ACC00016,ACC00098,4217.46,Wallet,Lucknow,Uttar Pradesh,True,82,3.94
TXN201993,CMP-1780,2025-03-24T04:02:00,ACC00098,ACC00075,4540.66,NEFT,Delhi,Delhi,True,98,11.57
TXN201994,CMP-1780,2025-03-24T04:55:00,ACC00075,ACC00062,3598.46,IMPS,Hyderabad,Telangana,True,74,8.33
TXN201995,CMP-1781,2025-01-16T00:50:00,ACC00333,ACC00075,1428.05,UPI,Hyderabad,Telangana,True,78,7.62
TXN201996,CMP-1781,2025-01-16T01:46:00,ACC00075,ACC00056,1370.09,IMPS,Delhi,Delhi,True,67,7.4
TXN201997,CMP-1782,2025-02-02T06:11:00,ACC00404,ACC00028,747.28,Card,Kanpur,Uttar Pradesh,True,97,5.89
TXN201998,CMP-1782,2025-02-02T07:29:00,ACC00028,ACC00076,710.38,Wallet,Lucknow,Uttar Pradesh,True,64,3.14
TXN201999,CMP-1782,2025-02-02T08:12:00,ACC00076,ACC00027,787.19,Wallet,Patna,Bihar,True,84,7.97
TXN202000,CMP-1782,2025-02-02T08:25:00,ACC00027,ACC00077,934.78,UPI,Hyderabad,Telangana,True,84,3.99
TXN202001,CMP-1783,2025-05-09T02:58:00,ACC00477,ACC00041,627.08,Wallet,Hyderabad,Telangana,True,71,9.12
TXN202002,CMP-1783,2025-05-09T03:49:00,ACC00041,ACC00024,481.85,UPI,Kanpur,Uttar Pradesh,True,68,3.18
TXN202003,CMP-1783,2025-05-09T04:41:00,ACC00024,ACC00076,530.36,Card,Kanpur,Uttar Pradesh,True,81,8.91
TXN202004,CMP-1783,2025-05-09T04:58:00,ACC00076,ACC00082,609.86,Card,Mumbai,Maharashtra,True,78,7.05
TXN202005,CMP-1784,2025-06-13T19:51:00,ACC00264,ACC00027,830.42,Wallet,Kanpur,Uttar Pradesh,True,77,5.7
TXN202006,CMP-1784,2025-06-13T20:16:00,ACC00027,ACC00065,680.55,RTGS,Kanpur,Uttar Pradesh,True,66,5.48
TXN202007,CMP-1784,2025-06-13T21:34:00,ACC00065,ACC00062,677.03,NEFT,Bengaluru,Karnataka,True,74,3.0
TXN202008,CMP-1785,2025-03-08T07:32:00,ACC00132,ACC00018,2366.21,Wallet,Kanpur,Uttar Pradesh,True,90,8.67
TXN202009,CMP-1785,2025-03-08T08:14:00,ACC00018,ACC00036,2546.24,RTGS,Hyderabad,Telangana,True,88,4.32
TXN202010,CMP-1785,2025-03-08T09:07:00,ACC00036,ACC00087,1900.47,UPI,Mumbai,Maharashtra,True,70,4.6
TXN202011,CMP-1786,2025-07-25T09:08:00,ACC00383,ACC00031,39689.53,Wallet,Hyderabad,Telangana,True,72,7.97
TXN202012,CMP-1786,2025-07-25T09:54:00,ACC00031,ACC00000,33667.68,Card,Mumbai,Maharashtra,True,76,9.32
TXN202013,CMP-1786,2025-07-25T11:21:00,ACC00000,ACC00041,31043.65,IMPS,Delhi,Delhi,True,91,6.65
TXN202014,CMP-1787,2025-06-03T01:18:00,ACC00423,ACC00099,2308.54,UPI,Hyderabad,Telangana,True,75,9.52
TXN202015,CMP-1787,2025-06-03T01:24:00,ACC00099,ACC00086,2166.54,NEFT,Mumbai,Maharashtra,True,74,8.77
TXN202016,CMP-1787,2025-06-03T02:10:00,ACC00086,ACC00038,2228.97,IMPS,Delhi,Delhi,True,70,3.95
TXN202017,CMP-1788,2025-07-07T19:24:00,ACC00103,ACC00011,5915.85,NEFT,Kanpur,Uttar Pradesh,True,79,9.75
TXN202018,CMP-1788,2025-07-07T19:43:00,ACC00011,ACC00028,6049.42,NEFT,Hyderabad,Telangana,True,72,4.13
TXN202019,CMP-1789,2025-01-04T08:43:00,ACC00455,ACC00098,667.96,NEFT,Bengaluru,Karnataka,True,65,4.2
TXN202020,CMP-1789,2025-01-04T09:29:00,ACC00098,ACC00087,711.14,Wallet,Mumbai,Maharashtra,True,77,7.69
TXN202021,CMP-1790,2025-08-13T07:29:00,ACC00427,ACC00057,1087.74,Card,Mumbai,Maharashtra,True,77,9.83
TXN202022,CMP-1790,2025-08-13T07:46:00,ACC00057,ACC00020,1055.51,IMPS,Mumbai,Maharashtra,True,71,4.37
TXN202023,CMP-1790,2025-08-13T09:06:00,ACC00020,ACC00024,1263.96,NEFT,Hyderabad,Telangana,True,80,8.05
TXN202024,CMP-1791,2025-03-28T13:49:00,ACC00405,ACC00063,11772.37,NEFT,Bengaluru,Karnataka,True,64,3.54
TXN202025,CMP-1791,2025-03-28T15:16:00,ACC00063,ACC00077,10684.99,NEFT,Hyderabad,Telangana,True,82,11.34
TXN202026,CMP-1791,2025-03-28T15:48:00,ACC00077,ACC00053,12045.78,NEFT,Jaipur,Rajasthan,True,76,10.49
TXN202027,CMP-1791,2025-03-28T16:49:00,ACC00053,ACC00093,10720.3,IMPS,Kanpur,Uttar Pradesh,True,69,9.3
TXN202028,CMP-1792,2025-07-30T22:03:00,ACC00278,ACC00071,1795.74,RTGS,Jaipur,Rajasthan,True,95,5.99
TXN202029,CMP-1792,2025-07-30T23:28:00,ACC00071,ACC00094,1133.75,Card,Kanpur,Uttar Pradesh,True,75,6.14
TXN202030,CMP-1792,2025-07-31T00:17:00,ACC00094,ACC00045,1618.35,Card,Patna,Bihar,True,76,3.36
TXN202031,CMP-1793,2025-02-04T16:29:00,ACC00416,ACC00097,2590.53,Card,Lucknow,Uttar Pradesh,True,73,11.81
TXN202032,CMP-1793,2025-02-04T17:37:00,ACC00097,ACC00000,2689.86,Card,Jaipur,Rajasthan,True,58,5.1
TXN202033,CMP-1793,2025-02-04T19:01:00,ACC00000,ACC00098,2648.51,RTGS,Mumbai,Maharashtra,True,79,3.16
TXN202034,CMP-1794,2025-02-05T00:44:00,ACC00494,ACC00026,2705.3,UPI,Bengaluru,Karnataka,True,69,3.81
TXN202035,CMP-1794,2025-02-05T01:43:00,ACC00026,ACC00099,2492.2,IMPS,Kanpur,Uttar Pradesh,True,64,5.1
TXN202036,CMP-1794,2025-02-05T02:00:00,ACC00099,ACC00036,2346.21,NEFT,Jaipur,Rajasthan,True,82,11.8
TXN202037,CMP-1795,2025-04-03T21:25:00,ACC00450,ACC00060,3620.78,Card,Patna,Bihar,True,73,5.31
TXN202038,CMP-1795,2025-04-03T22:29:00,ACC00060,ACC00041,2955.93,NEFT,Bengaluru,Karnataka,True,64,11.61
TXN202039,CMP-1796,2025-06-26T22:08:00,ACC00127,ACC00036,16950.2,Wallet,Hyderabad,Telangana,True,68,11.05
TXN202040,CMP-1796,2025-06-26T23:01:00,ACC00036,ACC00080,14605.48,NEFT,Delhi,Delhi,True,80,10.72
TXN202041,CMP-1797,2025-01-22T09:51:00,ACC00122,ACC00006,9475.79,IMPS,Jaipur,Rajasthan,True,82,10.54
TXN202042,CMP-1797,2025-01-22T10:54:00,ACC00006,ACC00032,10314.64,RTGS,Hyderabad,Telangana,True,89,9.34
TXN202043,CMP-1798,2025-02-09T03:32:00,ACC00348,ACC00009,2532.44,RTGS,Patna,Bihar,True,69,8.35
TXN202044,CMP-1798,2025-02-09T04:41:00,ACC00009,ACC00076,2438.45,RTGS,Hyderabad,Telangana,True,66,4.34
TXN202045,CMP-1798,2025-02-09T05:57:00,ACC00076,ACC00061,2646.5,IMPS,Kanpur,Uttar Pradesh,True,76,7.2
TXN202046,CMP-1798,2025-02-09T06:10:00,ACC00061,ACC00005,2095.87,Wallet,Patna,Bihar,True,84,9.09
TXN202047,CMP-1799,2025-02-17T23:19:00,ACC00314,ACC00086,31884.82,UPI,Jaipur,Rajasthan,True,78,6.83
TXN202048,CMP-1799,2025-02-18T00:09:00,ACC00086,ACC00012,36723.17,NEFT,Jaipur,Rajasthan,True,89,5.7
TXN202049,CMP-1800,2025-07-08T08:29:00,ACC00216,ACC00094,2863.27,Card,Mumbai,Maharashtra,True,97,5.5
TXN202050,CMP-1800,2025-07-08T08:53:00,ACC00094,ACC00036,2047.7,RTGS,Delhi,Delhi,True,83,10.51
TXN202051,CMP-1800,2025-07-08T09:28:00,ACC00036,ACC00014,2284.38,NEFT,Patna,Bihar,True,93,3.25
TXN202052,CMP-1801,2025-03-23T16:14:00,ACC00137,ACC00062,10246.24,Wallet,Kanpur,Uttar Pradesh,True,74,9.23
TXN202053,CMP-1801,2025-03-23T17:02:00,ACC00062,ACC00019,9161.12,Wallet,Bengaluru,Karnataka,True,71,9.68
TXN202054,CMP-1802,2025-07-31T20:25:00,ACC00412,ACC00049,1501.8,NEFT,Kanpur,Uttar Pradesh,True,72,4.26
TXN202055,CMP-1802,2025-07-31T21:18:00,ACC00049,ACC00011,2049.59,Wallet,Kanpur,Uttar Pradesh,True,80,7.84
TXN202056,CMP-1802,2025-07-31T22:22:00,ACC00011,ACC00057,2036.48,RTGS,Lucknow,Uttar Pradesh,True,79,3.36
TXN202057,CMP-1802,2025-07-31T22:47:00,ACC00057,ACC00031,1596.28,IMPS,Delhi,Delhi,True,98,4.64
TXN202058,CMP-1803,2025-07-18T04:10:00,ACC00423,ACC00034,11794.74,NEFT,Hyderabad,Telangana,True,83,6.85
TXN202059,CMP-1803,2025-07-18T04:25:00,ACC00034,ACC00092,13957.99,RTGS,Bengaluru,Karnataka,True,89,6.91
TXN202060,CMP-1803,2025-07-18T05:38:00,ACC00092,ACC00095,14720.78,IMPS,Jaipur,Rajasthan,True,79,10.97
TXN202061,CMP-1803,2025-07-18T06:40:00,ACC00095,ACC00041,15208.64,Card,Bengaluru,Karnataka,True,97,8.07
TXN202062,CMP-1804,2025-01-07T18:06:00,ACC00243,ACC00059,3083.28,IMPS,Kanpur,Uttar Pradesh,True,81,11.41
TXN202063,CMP-1804,2025-01-07T19:11:00,ACC00059,ACC00046,2150.76,NEFT,Lucknow,Uttar Pradesh,True,90,6.4
TXN202064,CMP-1804,2025-01-07T20:29:00,ACC00046,ACC00042,2187.84,IMPS,Delhi,Delhi,True,76,10.61
TXN202065,CMP-1805,2025-07-31T01:32:00,ACC00251,ACC00081,2672.89,Card,Lucknow,Uttar Pradesh,True,92,7.85
TXN202066,CMP-1805,2025-07-31T02:14:00,ACC00081,ACC00052,2892.94,Wallet,Lucknow,Uttar Pradesh,True,88,10.29
TXN202067,CMP-1805,2025-07-31T03:25:00,ACC00052,ACC00054,2304.91,Wallet,Jaipur,Rajasthan,True,89,3.34
TXN202068,CMP-1805,2025-07-31T03:46:00,ACC00054,ACC00050,2752.43,UPI,Patna,Bihar,True,79,10.27
TXN202069,CMP-1806,2025-05-22T23:05:00,ACC00144,ACC00066,5801.63,NEFT,Hyderabad,Telangana,True,74,8.28
TXN202070,CMP-1806,2025-05-23T00:21:00,ACC00066,ACC00064,5603.43,NEFT,Jaipur,Rajasthan,True,96,9.94
TXN202071,CMP-1807,2025-03-13T22:12:00,ACC00336,ACC00093,2013.7,Wallet,Delhi,Delhi,True,73,3.5
TXN202072,CMP-1807,2025-03-13T23:06:00,ACC00093,ACC00008,2329.66,Wallet,Delhi,Delhi,True,87,3.2
TXN202073,CMP-1807,2025-03-13T23:14:00,ACC00008,ACC00095,2639.96,Wallet,Mumbai,Maharashtra,True,86,8.47
TXN202074,CMP-1807,2025-03-13T23:33:00,ACC00095,ACC00009,1957.62,Wallet,Delhi,Delhi,True,80,9.81
TXN202075,CMP-1808,2025-06-24T06:10:00,ACC00322,ACC00075,1509.2,IMPS,Delhi,Delhi,True,84,11.56
TXN202076,CMP-1808,2025-06-24T06:43:00,ACC00075,ACC00059,1241.03,RTGS,Patna,Bihar,True,75,10.06
TXN202077,CMP-1808,2025-06-24T07:26:00,ACC00059,ACC00079,1465.31,NEFT,Hyderabad,Telangana,True,86,4.68
TXN202078,CMP-1808,2025-06-24T07:48:00,ACC00079,ACC00084,1311.64,Card,Mumbai,Maharashtra,True,99,8.37
TXN202079,CMP-1809,2025-01-17T05:23:00,ACC00122,ACC00060,4461.06,RTGS,Jaipur,Rajasthan,True,88,5.59
TXN202080,CMP-1809,2025-01-17T06:36:00,ACC00060,ACC00042,3690.7,Card,Patna,Bihar,True,87,3.09
TXN202081,CMP-1809,2025-01-17T07:45:00,ACC00042,ACC00009,2823.4,UPI,Patna,Bihar,True,81,4.05
TXN202082,CMP-1809,2025-01-17T08:10:00,ACC00009,ACC00023,3542.87,Wallet,Kanpur,Uttar Pradesh,True,80,5.73
TXN202083,CMP-1810,2025-01-22T17:21:00,ACC00371,ACC00089,2577.76,Card,Lucknow,Uttar Pradesh,True,75,4.87
TXN202084,CMP-1810,2025-01-22T17:36:00,ACC00089,ACC00079,1921.87,UPI,Bengaluru,Karnataka,True,63,9.12
TXN202085,CMP-1811,2025-07-23T19:39:00,ACC00142,ACC00001,4357.92,NEFT,Bengaluru,Karnataka,True,69,3.99
TXN202086,CMP-1811,2025-07-23T19:48:00,ACC00001,ACC00055,3861.67,Wallet,Jaipur,Rajasthan,True,99,3.75
TXN202087,CMP-1811,2025-07-23T21:03:00,ACC00055,ACC00020,3852.1,Wallet,Hyderabad,Telangana,True,75,8.01
TXN202088,CMP-1812,2025-01-22T15:46:00,ACC00283,ACC00082,20435.11,Wallet,Jaipur,Rajasthan,True,72,4.65
TXN202089,CMP-1812,2025-01-22T15:51:00,ACC00082,ACC00086,17187.23,RTGS,Mumbai,Maharashtra,True,79,7.35
TXN202090,CMP-1812,2025-01-22T16:24:00,ACC00086,ACC00025,17455.67,IMPS,Mumbai,Maharashtra,True,66,6.13
TXN202091,CMP-1812,2025-01-22T17:22:00,ACC00025,ACC00099,13602.23,IMPS,Kanpur,Uttar Pradesh,True,60,4.54
TXN202092,CMP-1813,2025-03-21T20:38:00,ACC00182,ACC00073,7837.85,UPI,Lucknow,Uttar Pradesh,True,70,10.98
TXN202093,CMP-1813,2025-03-21T21:04:00,ACC00073,ACC00012,7589.56,IMPS,Jaipur,Rajasthan,True,77,7.13
TXN202094,CMP-1814,2025-06-15T09:47:00,ACC00495,ACC00090,597.35,NEFT,Bengaluru,Karnataka,True,77,4.54
TXN202095,CMP-1814,2025-06-15T11:05:00,ACC00090,ACC00041,546.8,RTGS,Bengaluru,Karnataka,True,96,6.7
TXN202096,CMP-1815,2025-05-05T19:08:00,ACC00460,ACC00080,3956.66,IMPS,Patna,Bihar,True,92,6.28
TXN202097,CMP-1815,2025-05-05T19:18:00,ACC00080,ACC00038,3563.82,NEFT,Bengaluru,Karnataka,True,83,11.94
TXN202098,CMP-1816,2025-05-02T16:58:00,ACC00251,ACC00034,1921.04,NEFT,Lucknow,Uttar Pradesh,True,83,3.32
TXN202099,CMP-1816,2025-05-02T18:08:00,ACC00034,ACC00099,1657.53,IMPS,Hyderabad,Telangana,True,89,3.45
TXN202100,CMP-1817,2025-06-09T08:03:00,ACC00450,ACC00042,1750.96,UPI,Hyderabad,Telangana,True,99,10.25
TXN202101,CMP-1817,2025-06-09T08:19:00,ACC00042,ACC00049,2018.95,RTGS,Bengaluru,Karnataka,True,59,10.93
TXN202102,CMP-1818,2025-04-01T20:09:00,ACC00126,ACC00046,9461.91,Card,Patna,Bihar,True,90,11.88
TXN202103,CMP-1818,2025-04-01T21:31:00,ACC00046,ACC00006,9237.78,IMPS,Bengaluru,Karnataka,True,73,3.95
TXN202104,CMP-1818,2025-04-01T22:06:00,ACC00006,ACC00058,7092.26,Card,Delhi,Delhi,True,74,5.2
TXN202105,CMP-1819,2025-06-13T20:57:00,ACC00189,ACC00090,3172.41,Wallet,Delhi,Delhi,True,81,9.09
TXN202106,CMP-1819,2025-06-13T22:05:00,ACC00090,ACC00022,3711.01,IMPS,Bengaluru,Karnataka,True,84,5.98
TXN202107,CMP-1820,2025-01-15T06:06:00,ACC00222,ACC00083,739.03,RTGS,Jaipur,Rajasthan,True,85,5.54
TXN202108,CMP-1820,2025-01-15T07:32:00,ACC00083,ACC00062,704.33,RTGS,Jaipur,Rajasthan,True,82,11.91
TXN202109,CMP-1821,2025-02-13T11:32:00,ACC00485,ACC00028,2102.59,UPI,Jaipur,Rajasthan,True,78,4.62
TXN202110,CMP-1821,2025-02-13T12:50:00,ACC00028,ACC00024,1519.86,Card,Kanpur,Uttar Pradesh,True,73,4.39
TXN202111,CMP-1821,2025-02-13T14:12:00,ACC00024,ACC00026,2012.85,Wallet,Delhi,Delhi,True,70,3.11
TXN202112,CMP-1822,2025-04-14T11:36:00,ACC00241,ACC00047,12272.09,Card,Patna,Bihar,True,91,6.84
TXN202113,CMP-1822,2025-04-14T12:24:00,ACC00047,ACC00002,12415.44,Card,Delhi,Delhi,True,90,7.19
TXN202114,CMP-1822,2025-04-14T13:06:00,ACC00002,ACC00000,9633.98,NEFT,Jaipur,Rajasthan,True,89,8.77
TXN202115,CMP-1823,2025-05-18T12:10:00,ACC00340,ACC00086,15853.47,RTGS,Kanpur,Uttar Pradesh,True,86,8.29
TXN202116,CMP-1823,2025-05-18T12:43:00,ACC00086,ACC00008,17019.52,IMPS,Delhi,Delhi,True,67,8.88
TXN202117,CMP-1823,2025-05-18T13:11:00,ACC00008,ACC00055,13482.0,RTGS,Patna,Bihar,True,83,10.62
TXN202118,CMP-1826,2025-07-14T08:02:00,ACC00241,ACC00018,2522.76,RTGS,Jaipur,Rajasthan,True,59,4.57
TXN202119,CMP-1826,2025-07-14T08:55:00,ACC00018,ACC00002,2567.92,UPI,Mumbai,Maharashtra,True,63,11.72
TXN202120,CMP-1826,2025-07-14T09:46:00,ACC00002,ACC00036,1706.95,IMPS,Mumbai,Maharashtra,True,99,6.62
TXN202121,CMP-1827,2025-01-01T09:43:00,ACC00250,ACC00087,1834.8,IMPS,Mumbai,Maharashtra,True,63,9.83
TXN202122,CMP-1827,2025-01-01T10:03:00,ACC00087,ACC00001,1410.02,RTGS,Hyderabad,Telangana,True,91,9.12
TXN202123,CMP-1827,2025-01-01T10:30:00,ACC00001,ACC00016,1411.29,UPI,Lucknow,Uttar Pradesh,True,84,6.48
TXN202124,CMP-1827,2025-01-01T11:34:00,ACC00016,ACC00066,1304.3,Wallet,Bengaluru,Karnataka,True,82,6.9
TXN202125,CMP-1828,2025-08-13T02:17:00,ACC00315,ACC00082,6959.01,Wallet,Patna,Bihar,True,78,4.48
TXN202126,CMP-1828,2025-08-13T02:39:00,ACC00082,ACC00085,6528.66,IMPS,Patna,Bihar,True,77,8.76
TXN202127,CMP-1828,2025-08-13T04:08:00,ACC00085,ACC00037,8975.7,IMPS,Mumbai,Maharashtra,True,90,3.41
TXN202128,CMP-1828,2025-08-13T04:24:00,ACC00037,ACC00047,8464.12,Wallet,Mumbai,Maharashtra,True,77,8.33
TXN202129,CMP-1829,2025-03-15T20:24:00,ACC00218,ACC00066,11095.34,UPI,Mumbai,Maharashtra,True,68,9.09
TXN202130,CMP-1829,2025-03-15T20:38:00,ACC00066,ACC00086,8708.7,UPI,Hyderabad,Telangana,True,86,4.68
TXN202131,CMP-1829,2025-03-15T20:51:00,ACC00086,ACC00023,7939.01,IMPS,Kanpur,Uttar Pradesh,True,83,10.74
TXN202132,CMP-1829,2025-03-15T21:11:00,ACC00023,ACC00046,10172.63,Card,Jaipur,Rajasthan,True,52,8.21
TXN202133,CMP-1830,2025-08-16T17:49:00,ACC00435,ACC00041,6851.39,UPI,Lucknow,Uttar Pradesh,True,75,7.37
TXN202134,CMP-1830,2025-08-16T18:23:00,ACC00041,ACC00080,6690.1,NEFT,Lucknow,Uttar Pradesh,True,85,11.79
TXN202135,CMP-1830,2025-08-16T18:33:00,ACC00080,ACC00042,9768.7,Card,Lucknow,Uttar Pradesh,True,97,5.82
TXN202136,CMP-1831,2025-03-22T05:16:00,ACC00334,ACC00016,4271.32,Wallet,Patna,Bihar,True,88,5.93
TXN202137,CMP-1831,2025-03-22T05:25:00,ACC00016,ACC00019,4851.69,Wallet,Mumbai,Maharashtra,True,66,3.41
TXN202138,CMP-1831,2025-03-22T05:46:00,ACC00019,ACC00053,4333.15,IMPS,Delhi,Delhi,True,90,8.17
TXN202139,CMP-1831,2025-03-22T06:17:00,ACC00053,ACC00005,3883.81,UPI,Jaipur,Rajasthan,True,75,5.22
TXN202140,CMP-1832,2025-07-04T05:25:00,ACC00216,ACC00036,5791.66,Card,Delhi,Delhi,True,87,3.16
TXN202141,CMP-1832,2025-07-04T05:52:00,ACC00036,ACC00011,4695.8,UPI,Hyderabad,Telangana,True,80,10.94
TXN202142,CMP-1833,2025-01-29T05:46:00,ACC00245,ACC00021,1605.54,Card,Mumbai,Maharashtra,True,80,6.73
TXN202143,CMP-1833,2025-01-29T06:16:00,ACC00021,ACC00054,1742.06,Wallet,Lucknow,Uttar Pradesh,True,87,4.04
TXN202144,CMP-1833,2025-01-29T07:22:00,ACC00054,ACC00069,1086.48,NEFT,Hyderabad,Telangana,True,77,3.21
TXN202145,CMP-1835,2025-06-28T19:48:00,ACC00159,ACC00040,5327.22,NEFT,Jaipur,Rajasthan,True,79,6.99
TXN202146,CMP-1835,2025-06-28T20:27:00,ACC00040,ACC00032,4390.68,Wallet,Delhi,Delhi,True,62,4.82
TXN202147,CMP-1835,2025-06-28T21:50:00,ACC00032,ACC00016,5796.02,Card,Hyderabad,Telangana,True,77,4.79
TXN202148,CMP-1836,2025-06-24T00:58:00,ACC00194,ACC00090,1690.15,IMPS,Mumbai,Maharashtra,True,83,10.92
TXN202149,CMP-1836,2025-06-24T01:07:00,ACC00090,ACC00073,2068.88,IMPS,Bengaluru,Karnataka,True,77,10.02
TXN202150,CMP-1836,2025-06-24T01:15:00,ACC00073,ACC00025,2098.62,RTGS,Delhi,Delhi,True,70,5.77
TXN202151,CMP-1836,2025-06-24T02:07:00,ACC00025,ACC00016,2220.27,RTGS,Delhi,Delhi,True,81,5.75
TXN202152,CMP-1837,2025-07-30T08:11:00,ACC00290,ACC00020,708.83,UPI,Bengaluru,Karnataka,True,76,4.42
TXN202153,CMP-1837,2025-07-30T08:49:00,ACC00020,ACC00052,646.92,IMPS,Kanpur,Uttar Pradesh,True,65,10.26
TXN202154,CMP-1837,2025-07-30T09:18:00,ACC00052,ACC00037,444.02,IMPS,Kanpur,Uttar Pradesh,True,87,11.3
TXN202155,CMP-1837,2025-07-30T09:37:00,ACC00037,ACC00079,534.67,NEFT,Hyderabad,Telangana,True,65,8.26
TXN202156,CMP-1838,2025-07-23T22:01:00,ACC00355,ACC00058,11162.26,NEFT,Mumbai,Maharashtra,True,67,5.3
TXN202157,CMP-1838,2025-07-23T22:39:00,ACC00058,ACC00076,12895.96,NEFT,Patna,Bihar,True,92,11.7
TXN202158,CMP-1838,2025-07-23T23:29:00,ACC00076,ACC00067,11433.13,NEFT,Mumbai,Maharashtra,True,85,11.89
TXN202159,CMP-1838,2025-07-24T00:11:00,ACC00067,ACC00074,8346.7,Wallet,Lucknow,Uttar Pradesh,True,75,11.61
TXN202160,CMP-1839,2025-03-11T13:28:00,ACC00431,ACC00060,2243.85,IMPS,Mumbai,Maharashtra,True,93,6.35
TXN202161,CMP-1839,2025-03-11T14:24:00,ACC00060,ACC00049,2088.22,UPI,Mumbai,Maharashtra,True,99,9.29
TXN202162,CMP-1839,2025-03-11T14:38:00,ACC00049,ACC00081,2714.71,RTGS,Lucknow,Uttar Pradesh,True,95,8.16
TXN202163,CMP-1839,2025-03-11T14:55:00,ACC00081,ACC00006,1956.9,IMPS,Mumbai,Maharashtra,True,66,10.2
TXN202164,CMP-1840,2025-09-06T02:13:00,ACC00389,ACC00056,845.79,Wallet,Hyderabad,Telangana,True,81,6.04
TXN202165,CMP-1840,2025-09-06T03:13:00,ACC00056,ACC00041,1001.69,Card,Jaipur,Rajasthan,True,83,5.23
TXN202166,CMP-1840,2025-09-06T03:52:00,ACC00041,ACC00001,798.49,IMPS,Patna,Bihar,True,91,10.85
TXN202167,CMP-1841,2025-04-22T01:30:00,ACC00120,ACC00070,1633.64,Wallet,Kanpur,Uttar Pradesh,True,85,4.27
TXN202168,CMP-1841,2025-04-22T02:17:00,ACC00070,ACC00027,1677.58,Wallet,Hyderabad,Telangana,True,86,9.1
TXN202169,CMP-1841,2025-04-22T02:25:00,ACC00027,ACC00058,1857.98,UPI,Kanpur,Uttar Pradesh,True,80,6.59
TXN202170,CMP-1842,2025-04-25T23:51:00,ACC00328,ACC00041,8189.28,NEFT,Mumbai,Maharashtra,True,84,7.36
TXN202171,CMP-1842,2025-04-26T00:15:00,ACC00041,ACC00099,7275.74,NEFT,Jaipur,Rajasthan,True,97,11.5
TXN202172,CMP-1842,2025-04-26T01:43:00,ACC00099,ACC00066,7897.45,Card,Hyderabad,Telangana,True,71,8.93
TXN202173,CMP-1842,2025-04-26T02:50:00,ACC00066,ACC00044,7861.88,RTGS,Delhi,Delhi,True,80,11.64
TXN202174,CMP-1843,2025-05-20T20:37:00,ACC00492,ACC00002,12828.97,NEFT,Delhi,Delhi,True,83,6.47
TXN202175,CMP-1843,2025-05-20T22:02:00,ACC00002,ACC00044,17498.62,NEFT,Patna,Bihar,True,60,7.71
TXN202176,CMP-1843,2025-05-20T22:45:00,ACC00044,ACC00098,15576.59,RTGS,Lucknow,Uttar Pradesh,True,83,6.62
TXN202177,CMP-1843,2025-05-20T23:05:00,ACC00098,ACC00067,13848.55,Wallet,Mumbai,Maharashtra,True,79,5.03
TXN202178,CMP-1844,2025-09-16T08:22:00,ACC00362,ACC00062,9069.2,Card,Delhi,Delhi,True,83,4.7
TXN202179,CMP-1844,2025-09-16T09:19:00,ACC00062,ACC00029,11262.68,UPI,Kanpur,Uttar Pradesh,True,70,8.1
TXN202180,CMP-1845,2025-08-27T17:34:00,ACC00441,ACC00018,1428.94,NEFT,Hyderabad,Telangana,True,83,3.88
TXN202181,CMP-1845,2025-08-27T17:49:00,ACC00018,ACC00045,1017.37,Card,Delhi,Delhi,True,87,11.96
TXN202182,CMP-1846,2025-01-06T18:29:00,ACC00290,ACC00044,27838.9,IMPS,Mumbai,Maharashtra,True,77,4.97
TXN202183,CMP-1846,2025-01-06T19:16:00,ACC00044,ACC00023,27407.7,RTGS,Bengaluru,Karnataka,True,85,10.35
TXN202184,CMP-1846,2025-01-06T19:38:00,ACC00023,ACC00051,22657.94,UPI,Bengaluru,Karnataka,True,84,7.36
TXN202185,CMP-1846,2025-01-06T20:58:00,ACC00051,ACC00066,19948.77,RTGS,Jaipur,Rajasthan,True,99,11.38
TXN202186,CMP-1847,2025-02-06T10:27:00,ACC00210,ACC00056,716.08,Wallet,Lucknow,Uttar Pradesh,True,74,9.39
TXN202187,CMP-1847,2025-02-06T11:15:00,ACC00056,ACC00077,858.34,Wallet,Jaipur,Rajasthan,True,89,9.63
TXN202188,CMP-1847,2025-02-06T12:16:00,ACC00077,ACC00019,730.9,Wallet,Bengaluru,Karnataka,True,81,5.22
TXN202189,CMP-1847,2025-02-06T12:54:00,ACC00019,ACC00073,711.37,RTGS,Mumbai,Maharashtra,True,69,11.03
TXN202190,CMP-1848,2025-01-31T20:55:00,ACC00183,ACC00054,2104.59,RTGS,Mumbai,Maharashtra,True,73,9.43
TXN202191,CMP-1848,2025-01-31T21:59:00,ACC00054,ACC00020,2368.35,RTGS,Bengaluru,Karnataka,True,99,11.03
TXN202192,CMP-1848,2025-01-31T22:21:00,ACC00020,ACC00012,2351.39,RTGS,Mumbai,Maharashtra,True,80,10.76
TXN202193,CMP-1849,2025-07-28T23:23:00,ACC00173,ACC00060,3985.01,NEFT,Lucknow,Uttar Pradesh,True,75,5.86
TXN202194,CMP-1849,2025-07-28T23:47:00,ACC00060,ACC00079,4810.19,Card,Kanpur,Uttar Pradesh,True,72,9.67
TXN202195,CMP-1849,2025-07-29T00:18:00,ACC00079,ACC00054,4309.4,Card,Patna,Bihar,True,63,3.2
TXN202196,CMP-1849,2025-07-29T00:32:00,ACC00054,ACC00025,4322.92,Card,Hyderabad,Telangana,True,81,4.79
TXN202197,CMP-1850,2025-08-17T23:14:00,ACC00402,ACC00011,2521.7,NEFT,Lucknow,Uttar Pradesh,True,86,3.13
TXN202198,CMP-1850,2025-08-17T23:48:00,ACC00011,ACC00018,2277.55,UPI,Kanpur,Uttar Pradesh,True,95,3.66
TXN202199,CMP-1850,2025-08-18T01:13:00,ACC00018,ACC00093,2431.97,RTGS,Kanpur,Uttar Pradesh,True,76,3.77
TXN202200,CMP-1851,2025-06-03T16:22:00,ACC00384,ACC00072,2649.95,Wallet,Delhi,Delhi,True,86,8.08
TXN202201,CMP-1851,2025-06-03T16:33:00,ACC00072,ACC00094,2814.82,UPI,Patna,Bihar,True,74,11.06
TXN202202,CMP-1852,2025-08-04T15:38:00,ACC00295,ACC00062,27058.69,Card,Mumbai,Maharashtra,True,69,11.27
TXN202203,CMP-1852,2025-08-04T16:16:00,ACC00062,ACC00018,20132.4,IMPS,Patna,Bihar,True,85,6.13
TXN202204,CMP-1853,2025-01-31T09:07:00,ACC00352,ACC00059,1719.18,Card,Patna,Bihar,True,69,7.91
TXN202205,CMP-1853,2025-01-31T09:35:00,ACC00059,ACC00083,1873.03,Wallet,Bengaluru,Karnataka,True,78,4.03
TXN202206,CMP-1856,2025-01-31T17:23:00,ACC00134,ACC00046,14552.42,UPI,Bengaluru,Karnataka,True,82,10.04
TXN202207,CMP-1856,2025-01-31T17:48:00,ACC00046,ACC00044,16398.6,NEFT,Mumbai,Maharashtra,True,99,5.91
TXN202208,CMP-1857,2025-05-13T14:55:00,ACC00421,ACC00088,302.56,RTGS,Mumbai,Maharashtra,True,81,3.59
TXN202209,CMP-1857,2025-05-13T15:21:00,ACC00088,ACC00015,289.87,IMPS,Hyderabad,Telangana,True,71,3.16
TXN202210,CMP-1857,2025-05-13T15:47:00,ACC00015,ACC00093,273.86,IMPS,Kanpur,Uttar Pradesh,True,72,8.24
TXN202211,CMP-1858,2025-07-19T16:22:00,ACC00232,ACC00007,1525.47,UPI,Kanpur,Uttar Pradesh,True,86,11.34
TXN202212,CMP-1858,2025-07-19T17:37:00,ACC00007,ACC00001,1680.36,Wallet,Delhi,Delhi,True,82,6.2
TXN202213,CMP-1858,2025-07-19T18:02:00,ACC00001,ACC00082,1297.96,RTGS,Hyderabad,Telangana,True,99,11.57
TXN202214,CMP-1859,2025-05-19T17:40:00,ACC00282,ACC00034,6640.9,Card,Kanpur,Uttar Pradesh,True,82,3.35
TXN202215,CMP-1859,2025-05-19T18:21:00,ACC00034,ACC00085,7157.4,UPI,Hyderabad,Telangana,True,76,6.8
TXN202216,CMP-1860,2025-08-29T19:16:00,ACC00249,ACC00009,34743.49,RTGS,Jaipur,Rajasthan,True,88,9.07
TXN202217,CMP-1860,2025-08-29T19:41:00,ACC00009,ACC00010,29590.86,NEFT,Lucknow,Uttar Pradesh,True,81,6.62
TXN202218,CMP-1861,2025-08-29T14:18:00,ACC00378,ACC00040,6885.5,RTGS,Hyderabad,Telangana,True,86,10.76
TXN202219,CMP-1861,2025-08-29T15:20:00,ACC00040,ACC00032,7634.6,Card,Mumbai,Maharashtra,True,82,5.25
TXN202220,CMP-1861,2025-08-29T16:26:00,ACC00032,ACC00014,5878.44,RTGS,Hyderabad,Telangana,True,84,10.99
TXN202221,CMP-1862,2025-05-24T05:59:00,ACC00149,ACC00045,7325.08,UPI,Delhi,Delhi,True,75,6.25
TXN202222,CMP-1862,2025-05-24T06:42:00,ACC00045,ACC00028,6127.98,RTGS,Jaipur,Rajasthan,True,71,7.6
TXN202223,CMP-1862,2025-05-24T07:33:00,ACC00028,ACC00067,6694.4,IMPS,Hyderabad,Telangana,True,87,4.53
TXN202224,CMP-1863,2025-06-21T13:52:00,ACC00290,ACC00052,4601.39,RTGS,Delhi,Delhi,True,76,7.3
TXN202225,CMP-1863,2025-06-21T14:43:00,ACC00052,ACC00056,3675.77,NEFT,Kanpur,Uttar Pradesh,True,69,7.92
TXN202226,CMP-1863,2025-06-21T16:01:00,ACC00056,ACC00054,3552.56,NEFT,Jaipur,Rajasthan,True,76,11.29
TXN202227,CMP-1863,2025-06-21T16:43:00,ACC00054,ACC00007,4411.95,Card,Kanpur,Uttar Pradesh,True,88,7.92
TXN202228,CMP-1864,2025-05-17T19:26:00,ACC00179,ACC00024,1607.94,UPI,Hyderabad,Telangana,True,68,8.44
TXN202229,CMP-1864,2025-05-17T20:55:00,ACC00024,ACC00010,1225.78,IMPS,Hyderabad,Telangana,True,84,3.56
TXN202230,CMP-1864,2025-05-17T22:16:00,ACC00010,ACC00001,1441.93,IMPS,Patna,Bihar,True,90,6.34
TXN202231,CMP-1865,2025-05-03T11:20:00,ACC00313,ACC00009,6547.68,Card,Patna,Bihar,True,60,3.93
TXN202232,CMP-1865,2025-05-03T11:48:00,ACC00009,ACC00035,5585.46,Wallet,Patna,Bihar,True,84,5.08
TXN202233,CMP-1865,2025-05-03T13:10:00,ACC00035,ACC00014,4810.72,UPI,Delhi,Delhi,True,89,9.1
TXN202234,CMP-1865,2025-05-03T14:31:00,ACC00014,ACC00091,4250.09,Wallet,Delhi,Delhi,True,91,3.77
TXN202235,CMP-1866,2025-04-18T04:09:00,ACC00278,ACC00046,2016.46,IMPS,Jaipur,Rajasthan,True,90,11.76
TXN202236,CMP-1866,2025-04-18T04:14:00,ACC00046,ACC00012,1413.16,Wallet,Patna,Bihar,True,69,9.2
TXN202237,CMP-1866,2025-04-18T04:24:00,ACC00012,ACC00015,1567.03,Card,Lucknow,Uttar Pradesh,True,77,8.96
TXN202238,CMP-1866,2025-04-18T05:22:00,ACC00015,ACC00098,1556.24,NEFT,Hyderabad,Telangana,True,95,3.47
TXN202239,CMP-1867,2025-05-30T21:08:00,ACC00188,ACC00003,1289.14,UPI,Patna,Bihar,True,90,3.29
TXN202240,CMP-1867,2025-05-30T21:25:00,ACC00003,ACC00074,1141.18,RTGS,Patna,Bihar,True,78,3.99
TXN202241,CMP-1867,2025-05-30T22:00:00,ACC00074,ACC00067,1470.21,RTGS,Lucknow,Uttar Pradesh,True,86,4.74
TXN202242,CMP-1868,2025-01-23T05:04:00,ACC00455,ACC00029,786.57,IMPS,Lucknow,Uttar Pradesh,True,87,6.29
TXN202243,CMP-1868,2025-01-23T05:40:00,ACC00029,ACC00073,761.63,RTGS,Jaipur,Rajasthan,True,69,3.7
TXN202244,CMP-1869,2025-05-22T05:24:00,ACC00317,ACC00014,2414.23,Card,Lucknow,Uttar Pradesh,True,93,4.62
TXN202245,CMP-1869,2025-05-22T06:45:00,ACC00014,ACC00038,2202.24,RTGS,Hyderabad,Telangana,True,90,10.95
TXN202246,CMP-1870,2025-03-05T19:45:00,ACC00200,ACC00084,1929.18,NEFT,Jaipur,Rajasthan,True,82,4.9
TXN202247,CMP-1870,2025-03-05T20:37:00,ACC00084,ACC00045,1281.57,IMPS,Kanpur,Uttar Pradesh,True,99,7.02
TXN202248,CMP-1870,2025-03-05T21:13:00,ACC00045,ACC00088,1206.93,Card,Lucknow,Uttar Pradesh,True,92,8.9
TXN202249,CMP-1871,2025-05-29T13:46:00,ACC00229,ACC00038,1097.62,RTGS,Kanpur,Uttar Pradesh,True,83,11.42
TXN202250,CMP-1871,2025-05-29T14:10:00,ACC00038,ACC00059,1285.41,IMPS,Bengaluru,Karnataka,True,75,4.15
TXN202251,CMP-1871,2025-05-29T14:55:00,ACC00059,ACC00090,1252.63,Wallet,Jaipur,Rajasthan,True,79,7.01
TXN202252,CMP-1874,2025-06-01T13:44:00,ACC00358,ACC00012,2899.73,IMPS,Hyderabad,Telangana,True,72,11.29
TXN202253,CMP-1874,2025-06-01T14:24:00,ACC00012,ACC00052,3653.07,UPI,Jaipur,Rajasthan,True,70,3.99
TXN202254,CMP-1874,2025-06-01T15:03:00,ACC00052,ACC00097,2470.23,NEFT,Bengaluru,Karnataka,True,74,6.97
TXN202255,CMP-1874,2025-06-01T15:38:00,ACC00097,ACC00045,2537.56,NEFT,Kanpur,Uttar Pradesh,True,89,8.78
TXN202256,CMP-1875,2025-05-10T05:47:00,ACC00466,ACC00036,38519.12,UPI,Patna,Bihar,True,88,11.7
TXN202257,CMP-1875,2025-05-10T06:22:00,ACC00036,ACC00093,33287.51,NEFT,Hyderabad,Telangana,True,63,8.96
TXN202258,CMP-1878,2025-03-23T18:24:00,ACC00363,ACC00014,7520.88,IMPS,Kanpur,Uttar Pradesh,True,71,4.03
TXN202259,CMP-1878,2025-03-23T18:39:00,ACC00014,ACC00024,7571.95,RTGS,Hyderabad,Telangana,True,69,3.73
TXN202260,CMP-1878,2025-03-23T18:46:00,ACC00024,ACC00097,4858.96,NEFT,Jaipur,Rajasthan,True,87,6.36
TXN202261,CMP-1878,2025-03-23T18:57:00,ACC00097,ACC00049,6133.36,Card,Jaipur,Rajasthan,True,93,8.83
TXN202262,CMP-1879,2025-09-14T18:46:00,ACC00156,ACC00063,591.67,NEFT,Lucknow,Uttar Pradesh,True,72,6.66
TXN202263,CMP-1879,2025-09-14T19:27:00,ACC00063,ACC00021,712.24,UPI,Bengaluru,Karnataka,True,91,9.13
TXN202264,CMP-1880,2025-05-22T00:33:00,ACC00142,ACC00014,2134.4,RTGS,Kanpur,Uttar Pradesh,True,71,7.28
TXN202265,CMP-1880,2025-05-22T01:41:00,ACC00014,ACC00040,2348.52,Wallet,Mumbai,Maharashtra,True,64,10.82
TXN202266,CMP-1880,2025-05-22T03:10:00,ACC00040,ACC00065,2375.9,Card,Delhi,Delhi,True,68,10.25
TXN202267,CMP-1880,2025-05-22T04:23:00,ACC00065,ACC00090,2746.21,IMPS,Delhi,Delhi,True,89,3.76
TXN202268,CMP-1883,2025-02-26T02:52:00,ACC00445,ACC00013,2516.96,Wallet,Patna,Bihar,True,72,4.5
TXN202269,CMP-1883,2025-02-26T03:20:00,ACC00013,ACC00092,2376.11,NEFT,Mumbai,Maharashtra,True,84,5.49
TXN202270,CMP-1884,2025-01-07T10:06:00,ACC00161,ACC00051,3295.36,Card,Mumbai,Maharashtra,True,74,4.83
TXN202271,CMP-1884,2025-01-07T10:58:00,ACC00051,ACC00043,3696.12,Card,Delhi,Delhi,True,82,10.41
TXN202272,CMP-1884,2025-01-07T11:50:00,ACC00043,ACC00069,3615.9,RTGS,Kanpur,Uttar Pradesh,True,82,8.45
TXN202273,CMP-1884,2025-01-07T12:02:00,ACC00069,ACC00045,2907.5,Wallet,Delhi,Delhi,True,65,3.15
TXN202274,CMP-1885,2025-04-13T14:18:00,ACC00133,ACC00025,2039.52,UPI,Bengaluru,Karnataka,True,75,11.96
TXN202275,CMP-1885,2025-04-13T14:38:00,ACC00025,ACC00029,1898.51,Wallet,Mumbai,Maharashtra,True,78,4.08
TXN202276,CMP-1885,2025-04-13T15:57:00,ACC00029,ACC00057,1610.99,RTGS,Kanpur,Uttar Pradesh,True,83,10.25
TXN202277,CMP-1886,2025-09-08T12:22:00,ACC00219,ACC00092,18645.07,IMPS,Bengaluru,Karnataka,True,87,4.73
TXN202278,CMP-1886,2025-09-08T13:21:00,ACC00092,ACC00063,19003.85,IMPS,Bengaluru,Karnataka,True,74,11.74
TXN202279,CMP-1887,2025-06-23T12:44:00,ACC00487,ACC00082,2313.08,IMPS,Lucknow,Uttar Pradesh,True,57,4.77
TXN202280,CMP-1887,2025-06-23T13:33:00,ACC00082,ACC00083,1862.51,NEFT,Bengaluru,Karnataka,True,93,6.5
TXN202281,CMP-1887,2025-06-23T15:02:00,ACC00083,ACC00027,2122.27,UPI,Hyderabad,Telangana,True,93,11.66
TXN202282,CMP-1888,2025-01-06T09:22:00,ACC00348,ACC00018,1287.76,Wallet,Bengaluru,Karnataka,True,75,6.81
TXN202283,CMP-1888,2025-01-06T09:32:00,ACC00018,ACC00054,1282.4,Card,Mumbai,Maharashtra,True,69,11.57
TXN202284,CMP-1888,2025-01-06T10:04:00,ACC00054,ACC00072,1115.48,Wallet,Patna,Bihar,True,76,5.85
TXN202285,CMP-1889,2025-02-05T17:56:00,ACC00350,ACC00080,37609.38,NEFT,Jaipur,Rajasthan,True,85,9.04
TXN202286,CMP-1889,2025-02-05T18:49:00,ACC00080,ACC00073,24634.92,NEFT,Patna,Bihar,True,78,7.49
TXN202287,CMP-1889,2025-02-05T19:49:00,ACC00073,ACC00049,33025.07,NEFT,Jaipur,Rajasthan,True,71,11.43
TXN202288,CMP-1889,2025-02-05T20:00:00,ACC00049,ACC00096,30315.08,IMPS,Jaipur,Rajasthan,True,75,10.16
TXN202289,CMP-1890,2025-08-11T10:39:00,ACC00134,ACC00003,5649.81,IMPS,Jaipur,Rajasthan,True,78,11.59
TXN202290,CMP-1890,2025-08-11T11:50:00,ACC00003,ACC00046,6025.91,RTGS,Bengaluru,Karnataka,True,81,4.39
TXN202291,CMP-1890,2025-08-11T12:25:00,ACC00046,ACC00010,4678.4,Wallet,Mumbai,Maharashtra,True,64,5.66
TXN202292,CMP-1890,2025-08-11T13:03:00,ACC00010,ACC00089,5389.54,UPI,Hyderabad,Telangana,True,94,3.79
TXN202293,CMP-1891,2025-05-15T12:07:00,ACC00178,ACC00079,5419.0,IMPS,Jaipur,Rajasthan,True,79,7.32
TXN202294,CMP-1891,2025-05-15T13:07:00,ACC00079,ACC00040,5195.64,RTGS,Bengaluru,Karnataka,True,80,11.05
TXN202295,CMP-1891,2025-05-15T14:23:00,ACC00040,ACC00013,4645.71,Card,Kanpur,Uttar Pradesh,True,90,9.23
TXN202296,CMP-1891,2025-05-15T14:55:00,ACC00013,ACC00077,5383.95,Wallet,Lucknow,Uttar Pradesh,True,75,11.85
TXN202297,CMP-1892,2025-03-26T05:19:00,ACC00338,ACC00084,32931.38,Card,Patna,Bihar,True,71,7.93
TXN202298,CMP-1892,2025-03-26T05:52:00,ACC00084,ACC00079,34834.41,UPI,Mumbai,Maharashtra,True,60,7.88
TXN202299,CMP-1892,2025-03-26T06:13:00,ACC00079,ACC00056,36884.26,UPI,Hyderabad,Telangana,True,90,5.51
TXN202300,CMP-1893,2025-02-23T20:07:00,ACC00376,ACC00097,2786.12,Card,Mumbai,Maharashtra,True,71,6.67
TXN202301,CMP-1893,2025-02-23T20:53:00,ACC00097,ACC00083,3052.96,UPI,Jaipur,Rajasthan,True,83,6.33
TXN202302,CMP-1893,2025-02-23T22:21:00,ACC00083,ACC00007,2128.95,UPI,Kanpur,Uttar Pradesh,True,77,7.92
TXN202303,CMP-1893,2025-02-23T22:55:00,ACC00007,ACC00044,2370.22,Wallet,Kanpur,Uttar Pradesh,True,68,6.02
TXN202304,CMP-1894,2025-06-26T07:22:00,ACC00330,ACC00048,6784.53,Card,Patna,Bihar,True,85,5.93
TXN202305,CMP-1894,2025-06-26T08:32:00,ACC00048,ACC00003,5179.56,RTGS,Mumbai,Maharashtra,True,66,6.89
TXN202306,CMP-1894,2025-06-26T09:05:00,ACC00003,ACC00092,5066.0,Card,Bengaluru,Karnataka,True,67,4.37
TXN202307,CMP-1894,2025-06-26T09:22:00,ACC00092,ACC00077,7604.79,RTGS,Hyderabad,Telangana,True,71,3.2
TXN202308,CMP-1895,2025-07-25T02:11:00,ACC00385,ACC00099,2549.59,RTGS,Kanpur,Uttar Pradesh,True,99,4.24
TXN202309,CMP-1895,2025-07-25T03:13:00,ACC00099,ACC00068,2760.43,NEFT,Bengaluru,Karnataka,True,85,7.79
TXN202310,CMP-1895,2025-07-25T04:01:00,ACC00068,ACC00089,2194.74,Wallet,Patna,Bihar,True,67,7.3
TXN202311,CMP-1896,2025-05-15T18:02:00,ACC00168,ACC00049,6872.5,Wallet,Jaipur,Rajasthan,True,74,11.88
TXN202312,CMP-1896,2025-05-15T19:08:00,ACC00049,ACC00099,5565.45,UPI,Lucknow,Uttar Pradesh,True,87,10.04
TXN202313,CMP-1897,2025-08-30T17:17:00,ACC00437,ACC00069,1138.88,UPI,Delhi,Delhi,True,87,10.12
TXN202314,CMP-1897,2025-08-30T18:16:00,ACC00069,ACC00097,1057.22,Wallet,Delhi,Delhi,True,74,6.81
TXN202315,CMP-1897,2025-08-30T19:39:00,ACC00097,ACC00045,931.49,Wallet,Patna,Bihar,True,84,9.24
TXN202316,CMP-1897,2025-08-30T20:44:00,ACC00045,ACC00076,1070.8,RTGS,Mumbai,Maharashtra,True,82,11.12
TXN202317,CMP-1898,2025-07-01T05:15:00,ACC00359,ACC00033,4520.99,IMPS,Mumbai,Maharashtra,True,94,3.29
TXN202318,CMP-1898,2025-07-01T06:04:00,ACC00033,ACC00024,3620.95,UPI,Hyderabad,Telangana,True,66,4.3
TXN202319,CMP-1898,2025-07-01T06:56:00,ACC00024,ACC00031,3434.73,RTGS,Delhi,Delhi,True,93,5.1
TXN202320,CMP-1898,2025-07-01T07:42:00,ACC00031,ACC00077,3199.46,NEFT,Delhi,Delhi,True,75,4.05
TXN202321,CMP-1900,2025-05-06T01:47:00,ACC00287,ACC00094,7877.61,Wallet,Patna,Bihar,True,76,8.88
TXN202322,CMP-1900,2025-05-06T03:04:00,ACC00094,ACC00051,5680.21,Card,Patna,Bihar,True,64,7.79
TXN202323,CMP-1901,2025-07-05T21:35:00,ACC00319,ACC00045,1053.63,IMPS,Delhi,Delhi,True,76,3.45
TXN202324,CMP-1901,2025-07-05T21:48:00,ACC00045,ACC00061,1143.63,NEFT,Jaipur,Rajasthan,True,80,3.39
TXN202325,CMP-1901,2025-07-05T22:27:00,ACC00061,ACC00017,986.24,IMPS,Patna,Bihar,True,85,6.15
TXN202326,CMP-1901,2025-07-05T23:09:00,ACC00017,ACC00043,934.47,NEFT,Hyderabad,Telangana,True,92,8.57
TXN202327,CMP-1902,2025-02-01T17:18:00,ACC00226,ACC00039,1687.27,NEFT,Patna,Bihar,True,79,8.98
TXN202328,CMP-1902,2025-02-01T17:26:00,ACC00039,ACC00023,2367.88,IMPS,Bengaluru,Karnataka,True,88,3.6
TXN202329,CMP-1903,2025-05-07T01:18:00,ACC00272,ACC00068,1990.31,UPI,Jaipur,Rajasthan,True,85,6.29
TXN202330,CMP-1903,2025-05-07T02:39:00,ACC00068,ACC00083,1988.41,Card,Delhi,Delhi,True,80,9.26
TXN202331,CMP-1903,2025-05-07T03:33:00,ACC00083,ACC00082,2107.72,Wallet,Kanpur,Uttar Pradesh,True,79,10.46
TXN202332,CMP-1904,2025-03-14T04:26:00,ACC00390,ACC00053,11252.97,UPI,Lucknow,Uttar Pradesh,True,78,3.1
TXN202333,CMP-1904,2025-03-14T04:48:00,ACC00053,ACC00078,10907.39,RTGS,Jaipur,Rajasthan,True,67,7.44
TXN202334,CMP-1905,2025-03-08T19:21:00,ACC00262,ACC00049,3910.53,UPI,Lucknow,Uttar Pradesh,True,82,4.71
TXN202335,CMP-1905,2025-03-08T19:45:00,ACC00049,ACC00021,5113.87,UPI,Jaipur,Rajasthan,True,73,9.33
TXN202336,CMP-1906,2025-08-11T18:22:00,ACC00453,ACC00043,2925.31,Wallet,Jaipur,Rajasthan,True,93,9.76
TXN202337,CMP-1906,2025-08-11T19:49:00,ACC00043,ACC00039,2324.33,UPI,Mumbai,Maharashtra,True,72,8.5
TXN202338,CMP-1906,2025-08-11T20:49:00,ACC00039,ACC00003,2412.33,IMPS,Hyderabad,Telangana,True,81,4.66
TXN202339,CMP-1908,2025-07-08T21:19:00,ACC00247,ACC00038,2249.91,IMPS,Jaipur,Rajasthan,True,78,6.49
TXN202340,CMP-1908,2025-07-08T21:31:00,ACC00038,ACC00069,2215.48,UPI,Mumbai,Maharashtra,True,99,3.85
TXN202341,CMP-1909,2025-08-10T00:21:00,ACC00467,ACC00012,3447.76,Card,Mumbai,Maharashtra,True,84,4.63
TXN202342,CMP-1909,2025-08-10T01:44:00,ACC00012,ACC00048,4379.52,Wallet,Mumbai,Maharashtra,True,59,9.35
TXN202343,CMP-1909,2025-08-10T02:19:00,ACC00048,ACC00074,4600.98,Card,Lucknow,Uttar Pradesh,True,66,8.58
TXN202344,CMP-1909,2025-08-10T02:49:00,ACC00074,ACC00023,4169.12,Wallet,Lucknow,Uttar Pradesh,True,78,6.83
TXN202345,CMP-1910,2025-01-17T08:20:00,ACC00318,ACC00009,911.79,UPI,Jaipur,Rajasthan,True,89,3.66
TXN202346,CMP-1910,2025-01-17T08:56:00,ACC00009,ACC00016,1067.24,RTGS,Mumbai,Maharashtra,True,82,5.08
TXN202347,CMP-1910,2025-01-17T09:48:00,ACC00016,ACC00040,1083.37,Wallet,Mumbai,Maharashtra,True,77,10.8
TXN202348,CMP-1910,2025-01-17T10:47:00,ACC00040,ACC00038,724.44,UPI,Hyderabad,Telangana,True,72,9.22
TXN202349,CMP-1911,2025-02-16T06:49:00,ACC00321,ACC00040,640.64,IMPS,Jaipur,Rajasthan,True,85,10.33
TXN202350,CMP-1911,2025-02-16T06:59:00,ACC00040,ACC00078,808.24,Card,Patna,Bihar,True,88,10.11
TXN202351,CMP-1912,2025-07-23T18:24:00,ACC00443,ACC00023,13461.16,Wallet,Delhi,Delhi,True,65,5.42
TXN202352,CMP-1912,2025-07-23T18:46:00,ACC00023,ACC00014,11484.34,NEFT,Bengaluru,Karnataka,True,77,7.92
TXN202353,CMP-1912,2025-07-23T20:09:00,ACC00014,ACC00086,16111.07,NEFT,Mumbai,Maharashtra,True,88,5.59
TXN202354,CMP-1913,2025-01-30T06:46:00,ACC00209,ACC00095,2589.16,IMPS,Patna,Bihar,True,96,6.34
TXN202355,CMP-1913,2025-01-30T08:11:00,ACC00095,ACC00062,2522.68,UPI,Jaipur,Rajasthan,True,73,9.79
TXN202356,CMP-1914,2025-09-13T11:38:00,ACC00389,ACC00007,2624.42,RTGS,Delhi,Delhi,True,74,11.45
TXN202357,CMP-1914,2025-09-13T12:19:00,ACC00007,ACC00062,2518.05,Wallet,Delhi,Delhi,True,90,7.23
TXN202358,CMP-1915,2025-04-21T10:12:00,ACC00223,ACC00087,5007.48,Wallet,Patna,Bihar,True,71,5.75
TXN202359,CMP-1915,2025-04-21T10:59:00,ACC00087,ACC00083,4798.28,Wallet,Bengaluru,Karnataka,True,70,11.36
TXN202360,CMP-1915,2025-04-21T11:19:00,ACC00083,ACC00041,6512.47,NEFT,Jaipur,Rajasthan,True,82,9.64
TXN202361,CMP-1915,2025-04-21T12:26:00,ACC00041,ACC00067,4156.78,IMPS,Hyderabad,Telangana,True,99,11.06
TXN202362,CMP-1916,2025-09-03T07:26:00,ACC00132,ACC00052,2436.37,RTGS,Patna,Bihar,True,73,7.34
TXN202363,CMP-1916,2025-09-03T07:35:00,ACC00052,ACC00037,2878.5,Card,Patna,Bihar,True,78,5.27
TXN202364,CMP-1917,2025-06-10T20:58:00,ACC00231,ACC00030,18308.07,UPI,Hyderabad,Telangana,True,87,11.85
TXN202365,CMP-1917,2025-06-10T21:45:00,ACC00030,ACC00010,14736.15,UPI,Jaipur,Rajasthan,True,80,3.68
TXN202366,CMP-1917,2025-06-10T21:55:00,ACC00010,ACC00063,13684.1,Wallet,Hyderabad,Telangana,True,79,3.03
TXN202367,CMP-1918,2025-04-02T14:57:00,ACC00114,ACC00039,2680.76,NEFT,Lucknow,Uttar Pradesh,True,85,4.14
TXN202368,CMP-1918,2025-04-02T15:57:00,ACC00039,ACC00050,2624.9,Wallet,Lucknow,Uttar Pradesh,True,62,10.24
TXN202369,CMP-1918,2025-04-02T16:11:00,ACC00050,ACC00040,2086.68,IMPS,Delhi,Delhi,True,98,3.4
TXN202370,CMP-1918,2025-04-02T16:27:00,ACC00040,ACC00064,2643.86,NEFT,Mumbai,Maharashtra,True,83,7.29
TXN202371,CMP-1920,2025-05-15T07:28:00,ACC00242,ACC00022,15652.71,Wallet,Lucknow,Uttar Pradesh,True,80,8.92
TXN202372,CMP-1920,2025-05-15T08:11:00,ACC00022,ACC00041,13412.85,UPI,Kanpur,Uttar Pradesh,True,83,6.86
TXN202373,CMP-1920,2025-05-15T09:01:00,ACC00041,ACC00095,11784.36,Card,Bengaluru,Karnataka,True,92,11.34
TXN202374,CMP-1920,2025-05-15T09:46:00,ACC00095,ACC00006,13918.98,NEFT,Lucknow,Uttar Pradesh,True,79,6.03
TXN202375,CMP-1921,2025-06-28T06:58:00,ACC00110,ACC00010,1865.4,Wallet,Mumbai,Maharashtra,True,65,6.3
TXN202376,CMP-1921,2025-06-28T08:16:00,ACC00010,ACC00056,1594.7,Wallet,Jaipur,Rajasthan,True,79,8.7
TXN202377,CMP-1921,2025-06-28T08:35:00,ACC00056,ACC00095,1658.29,RTGS,Lucknow,Uttar Pradesh,True,84,11.09
TXN202378,CMP-1921,2025-06-28T08:57:00,ACC00095,ACC00066,1604.95,IMPS,Delhi,Delhi,True,70,7.87
TXN202379,CMP-1922,2025-02-14T02:54:00,ACC00286,ACC00011,1401.39,RTGS,Jaipur,Rajasthan,True,73,8.76
TXN202380,CMP-1922,2025-02-14T03:02:00,ACC00011,ACC00024,1441.05,UPI,Bengaluru,Karnataka,True,64,10.53
TXN202381,CMP-1922,2025-02-14T03:23:00,ACC00024,ACC00029,1063.49,Card,Bengaluru,Karnataka,True,77,3.38
TXN202382,CMP-1923,2025-02-14T13:29:00,ACC00392,ACC00015,1234.08,UPI,Patna,Bihar,True,57,9.46
TXN202383,CMP-1923,2025-02-14T14:12:00,ACC00015,ACC00082,1325.73,IMPS,Delhi,Delhi,True,83,7.65
TXN202384,CMP-1923,2025-02-14T14:56:00,ACC00082,ACC00079,1296.05,NEFT,Lucknow,Uttar Pradesh,True,69,6.53
TXN202385,CMP-1923,2025-02-14T15:35:00,ACC00079,ACC00001,1103.07,IMPS,Jaipur,Rajasthan,True,69,7.74
TXN202386,CMP-1925,2025-07-13T13:18:00,ACC00483,ACC00054,4708.82,IMPS,Jaipur,Rajasthan,True,70,4.81
TXN202387,CMP-1925,2025-07-13T14:13:00,ACC00054,ACC00049,4990.27,Card,Lucknow,Uttar Pradesh,True,99,11.87
TXN202388,CMP-1926,2025-01-03T09:18:00,ACC00240,ACC00032,2184.36,Wallet,Bengaluru,Karnataka,True,71,8.53
TXN202389,CMP-1926,2025-01-03T10:09:00,ACC00032,ACC00018,2628.47,Wallet,Kanpur,Uttar Pradesh,True,66,5.42
TXN202390,CMP-1930,2025-04-15T07:54:00,ACC00229,ACC00039,1265.09,RTGS,Kanpur,Uttar Pradesh,True,89,4.1
TXN202391,CMP-1930,2025-04-15T08:45:00,ACC00039,ACC00088,903.36,IMPS,Kanpur,Uttar Pradesh,True,75,7.51
TXN202392,CMP-1930,2025-04-15T10:09:00,ACC00088,ACC00074,1102.84,Card,Lucknow,Uttar Pradesh,True,82,11.45
TXN202393,CMP-1933,2025-08-09T04:14:00,ACC00423,ACC00098,3942.02,NEFT,Bengaluru,Karnataka,True,87,3.98
TXN202394,CMP-1933,2025-08-09T04:38:00,ACC00098,ACC00052,2467.32,Card,Kanpur,Uttar Pradesh,True,79,10.14
TXN202395,CMP-1933,2025-08-09T05:33:00,ACC00052,ACC00048,3047.0,Wallet,Lucknow,Uttar Pradesh,True,69,3.31
TXN202396,CMP-1935,2025-01-03T10:24:00,ACC00151,ACC00089,248.07,RTGS,Hyderabad,Telangana,True,84,9.36
TXN202397,CMP-1935,2025-01-03T10:48:00,ACC00089,ACC00088,256.96,IMPS,Bengaluru,Karnataka,True,75,7.84
TXN202398,CMP-1935,2025-01-03T11:57:00,ACC00088,ACC00050,216.35,UPI,Delhi,Delhi,True,86,3.44
TXN202399,CMP-1935,2025-01-03T12:36:00,ACC00050,ACC00005,172.24,UPI,Mumbai,Maharashtra,True,74,6.23
TXN202400,CMP-1936,2025-06-14T14:56:00,ACC00408,ACC00070,3046.2,Wallet,Jaipur,Rajasthan,True,56,3.35
TXN202401,CMP-1936,2025-06-14T16:04:00,ACC00070,ACC00008,3408.35,IMPS,Kanpur,Uttar Pradesh,True,81,6.14
TXN202402,CMP-1936,2025-06-14T17:08:00,ACC00008,ACC00023,2919.74,RTGS,Patna,Bihar,True,66,8.51
TXN202403,CMP-1937,2025-05-07T19:17:00,ACC00490,ACC00082,3684.32,NEFT,Kanpur,Uttar Pradesh,True,79,6.83
TXN202404,CMP-1937,2025-05-07T19:57:00,ACC00082,ACC00068,3217.88,UPI,Delhi,Delhi,True,79,8.99
TXN202405,CMP-1937,2025-05-07T21:23:00,ACC00068,ACC00036,2471.39,Card,Bengaluru,Karnataka,True,73,11.87
TXN202406,CMP-1938,2025-06-13T06:20:00,ACC00101,ACC00080,8657.24,Card,Bengaluru,Karnataka,True,99,6.14
TXN202407,CMP-1938,2025-06-13T07:40:00,ACC00080,ACC00071,8196.38,IMPS,Lucknow,Uttar Pradesh,True,78,9.29
TXN202408,CMP-1939,2025-09-17T01:00:00,ACC00180,ACC00091,1825.25,UPI,Bengaluru,Karnataka,True,89,7.09
TXN202409,CMP-1939,2025-09-17T01:12:00,ACC00091,ACC00061,1765.71,UPI,Patna,Bihar,True,84,3.43
TXN202410,CMP-1939,2025-09-17T01:46:00,ACC00061,ACC00013,1234.1,IMPS,Delhi,Delhi,True,82,5.1
TXN202411,CMP-1940,2025-04-14T05:52:00,ACC00263,ACC00094,1511.58,Wallet,Jaipur,Rajasthan,True,82,7.61
TXN202412,CMP-1940,2025-04-14T06:59:00,ACC00094,ACC00008,1143.28,Card,Mumbai,Maharashtra,True,71,9.49
TXN202413,CMP-1940,2025-04-14T07:31:00,ACC00008,ACC00030,1307.91,Card,Lucknow,Uttar Pradesh,True,85,6.07
TXN202414,CMP-1940,2025-04-14T08:22:00,ACC00030,ACC00055,998.86,RTGS,Bengaluru,Karnataka,True,76,11.42
TXN202415,CMP-1941,2025-03-04T16:03:00,ACC00244,ACC00053,9824.09,NEFT,Lucknow,Uttar Pradesh,True,83,8.53
TXN202416,CMP-1941,2025-03-04T16:28:00,ACC00053,ACC00093,11591.56,Wallet,Lucknow,Uttar Pradesh,True,87,8.57
TXN202417,CMP-1943,2025-06-04T12:14:00,ACC00201,ACC00021,2141.28,NEFT,Mumbai,Maharashtra,True,87,9.3
TXN202418,CMP-1943,2025-06-04T13:21:00,ACC00021,ACC00044,2252.24,NEFT,Hyderabad,Telangana,True,62,8.98
TXN202419,CMP-1944,2025-03-17T23:21:00,ACC00176,ACC00047,1822.96,UPI,Patna,Bihar,True,87,9.4
TXN202420,CMP-1944,2025-03-17T23:49:00,ACC00047,ACC00083,1372.4,Card,Mumbai,Maharashtra,True,77,6.28
TXN202421,CMP-1945,2025-04-07T16:00:00,ACC00467,ACC00098,5663.5,IMPS,Mumbai,Maharashtra,True,84,4.19
TXN202422,CMP-1945,2025-04-07T16:54:00,ACC00098,ACC00064,5196.08,RTGS,Bengaluru,Karnataka,True,84,4.64
TXN202423,CMP-1945,2025-04-07T17:13:00,ACC00064,ACC00008,5176.21,NEFT,Hyderabad,Telangana,True,88,7.48
TXN202424,CMP-1946,2025-06-25T01:20:00,ACC00160,ACC00026,13603.65,UPI,Bengaluru,Karnataka,True,69,6.13
TXN202425,CMP-1946,2025-06-25T02:06:00,ACC00026,ACC00057,13711.8,Wallet,Kanpur,Uttar Pradesh,True,78,3.61
TXN202426,CMP-1947,2025-01-21T06:56:00,ACC00295,ACC00026,652.74,NEFT,Lucknow,Uttar Pradesh,True,65,5.69
TXN202427,CMP-1947,2025-01-21T07:04:00,ACC00026,ACC00020,535.33,UPI,Delhi,Delhi,True,99,5.51
TXN202428,CMP-1947,2025-01-21T07:50:00,ACC00020,ACC00018,631.05,Card,Lucknow,Uttar Pradesh,True,93,5.27
TXN202429,CMP-1947,2025-01-21T08:29:00,ACC00018,ACC00071,530.04,Wallet,Mumbai,Maharashtra,True,84,4.04
TXN202430,CMP-1948,2025-08-31T03:38:00,ACC00314,ACC00018,3864.28,IMPS,Delhi,Delhi,True,78,10.17
TXN202431,CMP-1948,2025-08-31T03:50:00,ACC00018,ACC00042,3275.36,RTGS,Bengaluru,Karnataka,True,73,11.76
TXN202432,CMP-1948,2025-08-31T03:59:00,ACC00042,ACC00048,4377.02,UPI,Patna,Bihar,True,80,10.86
TXN202433,CMP-1948,2025-08-31T04:42:00,ACC00048,ACC00004,2990.96,UPI,Lucknow,Uttar Pradesh,True,71,10.47
TXN202434,CMP-1949,2025-07-15T08:03:00,ACC00227,ACC00087,12730.61,UPI,Bengaluru,Karnataka,True,62,8.66
TXN202435,CMP-1949,2025-07-15T09:23:00,ACC00087,ACC00099,14904.57,RTGS,Lucknow,Uttar Pradesh,True,69,6.43
TXN202436,CMP-1949,2025-07-15T09:57:00,ACC00099,ACC00072,12525.58,Wallet,Delhi,Delhi,True,70,6.75
TXN202437,CMP-1951,2025-04-26T22:16:00,ACC00462,ACC00076,2526.17,Card,Patna,Bihar,True,99,6.09
TXN202438,CMP-1951,2025-04-26T23:02:00,ACC00076,ACC00084,3191.72,NEFT,Patna,Bihar,True,93,9.64
TXN202439,CMP-1952,2025-07-16T16:41:00,ACC00126,ACC00030,1111.32,RTGS,Hyderabad,Telangana,True,70,7.77
TXN202440,CMP-1952,2025-07-16T18:09:00,ACC00030,ACC00096,1219.06,Wallet,Kanpur,Uttar Pradesh,True,76,8.63
TXN202441,CMP-1952,2025-07-16T18:55:00,ACC00096,ACC00031,1046.7,NEFT,Hyderabad,Telangana,True,66,3.5
TXN202442,CMP-1953,2025-01-08T17:25:00,ACC00102,ACC00079,3253.91,Wallet,Jaipur,Rajasthan,True,86,7.16
TXN202443,CMP-1953,2025-01-08T17:32:00,ACC00079,ACC00019,2385.2,IMPS,Mumbai,Maharashtra,True,70,8.26
TXN202444,CMP-1953,2025-01-08T18:29:00,ACC00019,ACC00058,2612.62,NEFT,Mumbai,Maharashtra,True,78,3.34
TXN202445,CMP-1955,2025-04-15T12:29:00,ACC00357,ACC00043,5957.1,NEFT,Lucknow,Uttar Pradesh,True,69,7.95
TXN202446,CMP-1955,2025-04-15T13:57:00,ACC00043,ACC00032,4733.13,Card,Kanpur,Uttar Pradesh,True,69,11.9
TXN202447,CMP-1955,2025-04-15T14:06:00,ACC00032,ACC00020,5231.56,IMPS,Lucknow,Uttar Pradesh,True,90,7.44
TXN202448,CMP-1956,2025-06-09T05:04:00,ACC00463,ACC00018,31630.4,Wallet,Bengaluru,Karnataka,True,60,9.19
TXN202449,CMP-1956,2025-06-09T05:37:00,ACC00018,ACC00053,22501.3,Card,Mumbai,Maharashtra,True,75,5.54
TXN202450,CMP-1956,2025-06-09T05:44:00,ACC00053,ACC00091,31611.62,RTGS,Jaipur,Rajasthan,True,76,11.29
TXN202451,CMP-1958,2025-01-02T10:09:00,ACC00413,ACC00033,2120.76,Card,Patna,Bihar,True,71,4.26
TXN202452,CMP-1958,2025-01-02T11:34:00,ACC00033,ACC00052,1954.1,Card,Hyderabad,Telangana,True,73,4.91
TXN202453,CMP-1960,2025-05-16T02:11:00,ACC00127,ACC00006,5238.31,NEFT,Jaipur,Rajasthan,True,74,11.27
TXN202454,CMP-1960,2025-05-16T02:32:00,ACC00006,ACC00050,3585.6,NEFT,Patna,Bihar,True,96,6.99
TXN202455,CMP-1960,2025-05-16T03:42:00,ACC00050,ACC00060,3541.51,IMPS,Bengaluru,Karnataka,True,65,5.8
TXN202456,CMP-1961,2025-07-19T01:54:00,ACC00183,ACC00055,2457.29,RTGS,Bengaluru,Karnataka,True,85,3.31
TXN202457,CMP-1961,2025-07-19T02:33:00,ACC00055,ACC00027,2966.59,Wallet,Bengaluru,Karnataka,True,75,5.64
TXN202458,CMP-1963,2025-01-30T14:57:00,ACC00163,ACC00026,20392.91,Card,Patna,Bihar,True,78,6.18
TXN202459,CMP-1963,2025-01-30T15:22:00,ACC00026,ACC00085,20293.86,NEFT,Kanpur,Uttar Pradesh,True,62,9.71
TXN202460,CMP-1963,2025-01-30T15:45:00,ACC00085,ACC00080,17600.7,IMPS,Patna,Bihar,True,86,7.7
TXN202461,CMP-1963,2025-01-30T16:34:00,ACC00080,ACC00047,12399.72,IMPS,Hyderabad,Telangana,True,82,7.61
TXN202462,CMP-1966,2025-03-10T11:53:00,ACC00245,ACC00087,6402.73,RTGS,Hyderabad,Telangana,True,71,9.76
TXN202463,CMP-1966,2025-03-10T13:20:00,ACC00087,ACC00069,6274.47,NEFT,Patna,Bihar,True,82,5.03
TXN202464,CMP-1967,2025-08-03T17:23:00,ACC00265,ACC00010,12747.0,IMPS,Jaipur,Rajasthan,True,97,3.73
TXN202465,CMP-1967,2025-08-03T18:35:00,ACC00010,ACC00026,13157.75,Wallet,Mumbai,Maharashtra,True,96,10.71
TXN202466,CMP-1968,2025-04-12T10:29:00,ACC00404,ACC00042,1507.88,IMPS,Hyderabad,Telangana,True,90,6.71
TXN202467,CMP-1968,2025-04-12T10:54:00,ACC00042,ACC00050,1701.22,UPI,Bengaluru,Karnataka,True,77,8.6
TXN202468,CMP-1968,2025-04-12T11:47:00,ACC00050,ACC00067,1098.96,Card,Mumbai,Maharashtra,True,71,8.88
TXN202469,CMP-1968,2025-04-12T12:48:00,ACC00067,ACC00056,1465.01,NEFT,Mumbai,Maharashtra,True,71,4.47
TXN202470,CMP-1970,2025-04-13T07:26:00,ACC00265,ACC00095,10714.96,IMPS,Patna,Bihar,True,71,6.86
TXN202471,CMP-1970,2025-04-13T08:45:00,ACC00095,ACC00051,14470.34,NEFT,Hyderabad,Telangana,True,79,10.4
TXN202472,CMP-1970,2025-04-13T09:16:00,ACC00051,ACC00073,9724.18,IMPS,Mumbai,Maharashtra,True,83,4.35
TXN202473,CMP-1970,2025-04-13T10:08:00,ACC00073,ACC00025,10113.37,Card,Jaipur,Rajasthan,True,69,9.63
TXN202474,CMP-1971,2025-06-12T23:06:00,ACC00304,ACC00030,10180.05,RTGS,Lucknow,Uttar Pradesh,True,88,10.17
TXN202475,CMP-1971,2025-06-12T23:40:00,ACC00030,ACC00098,9356.34,RTGS,Delhi,Delhi,True,90,3.46
TXN202476,CMP-1971,2025-06-13T00:16:00,ACC00098,ACC00079,8721.41,UPI,Delhi,Delhi,True,75,11.69
TXN202477,CMP-1971,2025-06-13T00:58:00,ACC00079,ACC00068,7416.05,UPI,Lucknow,Uttar Pradesh,True,79,8.66
TXN202478,CMP-1972,2025-06-08T22:56:00,ACC00206,ACC00099,29256.33,UPI,Jaipur,Rajasthan,True,81,4.95
TXN202479,CMP-1972,2025-06-08T23:08:00,ACC00099,ACC00042,32307.82,NEFT,Bengaluru,Karnataka,True,87,10.94
TXN202480,CMP-1973,2025-07-14T05:59:00,ACC00351,ACC00094,5990.92,UPI,Jaipur,Rajasthan,True,59,11.13
TXN202481,CMP-1973,2025-07-14T06:34:00,ACC00094,ACC00019,4983.03,Wallet,Jaipur,Rajasthan,True,72,4.3
TXN202482,CMP-1973,2025-07-14T07:19:00,ACC00019,ACC00027,6355.24,Wallet,Hyderabad,Telangana,True,75,8.51
TXN202483,CMP-1973,2025-07-14T08:44:00,ACC00027,ACC00039,6357.47,Card,Jaipur,Rajasthan,True,60,10.82
TXN202484,CMP-1974,2025-01-26T02:04:00,ACC00283,ACC00047,2096.14,UPI,Mumbai,Maharashtra,True,84,5.59
TXN202485,CMP-1974,2025-01-26T02:21:00,ACC00047,ACC00022,2100.35,IMPS,Mumbai,Maharashtra,True,70,8.35
TXN202486,CMP-1974,2025-01-26T03:14:00,ACC00022,ACC00037,1694.43,Card,Delhi,Delhi,True,81,8.97
TXN202487,CMP-1974,2025-01-26T03:55:00,ACC00037,ACC00038,2230.76,Wallet,Patna,Bihar,True,89,10.0
TXN202488,CMP-1975,2025-03-18T02:52:00,ACC00343,ACC00076,1208.49,Wallet,Hyderabad,Telangana,True,90,8.9
TXN202489,CMP-1975,2025-03-18T03:36:00,ACC00076,ACC00071,1440.33,RTGS,Kanpur,Uttar Pradesh,True,79,6.41
TXN202490,CMP-1976,2025-08-10T19:31:00,ACC00322,ACC00011,4300.08,IMPS,Hyderabad,Telangana,True,81,10.29
TXN202491,CMP-1976,2025-08-10T19:37:00,ACC00011,ACC00032,4011.46,UPI,Lucknow,Uttar Pradesh,True,84,5.04
TXN202492,CMP-1976,2025-08-10T20:27:00,ACC00032,ACC00015,3552.63,IMPS,Patna,Bihar,True,97,4.86
TXN202493,CMP-1976,2025-08-10T20:45:00,ACC00015,ACC00085,3309.1,Card,Patna,Bihar,True,79,5.62
TXN202494,CMP-1977,2025-05-14T19:14:00,ACC00431,ACC00019,16578.0,UPI,Jaipur,Rajasthan,True,84,5.76
TXN202495,CMP-1977,2025-05-14T19:31:00,ACC00019,ACC00022,14141.46,Card,Mumbai,Maharashtra,True,62,11.68
TXN202496,CMP-1977,2025-05-14T20:13:00,ACC00022,ACC00099,10996.52,Card,Lucknow,Uttar Pradesh,True,69,4.2
TXN202497,CMP-1978,2025-02-18T19:17:00,ACC00248,ACC00010,2511.95,NEFT,Jaipur,Rajasthan,True,85,4.42
TXN202498,CMP-1978,2025-02-18T19:35:00,ACC00010,ACC00086,1689.72,UPI,Jaipur,Rajasthan,True,80,11.34
TXN202499,CMP-1978,2025-02-18T20:39:00,ACC00086,ACC00073,1604.0,UPI,Mumbai,Maharashtra,True,79,6.54
TXN202500,CMP-1979,2025-02-18T05:11:00,ACC00165,ACC00038,14886.24,NEFT,Patna,Bihar,True,73,8.83
TXN202501,CMP-1979,2025-02-18T05:43:00,ACC00038,ACC00080,11821.19,IMPS,Delhi,Delhi,True,84,3.12
TXN202502,CMP-1980,2025-01-21T16:24:00,ACC00391,ACC00009,9416.41,NEFT,Delhi,Delhi,True,91,10.21
TXN202503,CMP-1980,2025-01-21T17:14:00,ACC00009,ACC00026,8562.25,NEFT,Hyderabad,Telangana,True,85,5.4
TXN202504,CMP-1980,2025-01-21T18:08:00,ACC00026,ACC00082,9937.53,UPI,Patna,Bihar,True,74,10.74
TXN202505,CMP-1980,2025-01-21T19:36:00,ACC00082,ACC00042,7711.09,IMPS,Jaipur,Rajasthan,True,74,4.63
TXN202506,CMP-1981,2025-03-05T11:12:00,ACC00311,ACC00084,5669.54,NEFT,Lucknow,Uttar Pradesh,True,79,9.17
TXN202507,CMP-1981,2025-03-05T11:39:00,ACC00084,ACC00024,3827.42,Card,Jaipur,Rajasthan,True,75,6.44
TXN202508,CMP-1981,2025-03-05T11:46:00,ACC00024,ACC00065,4009.02,IMPS,Lucknow,Uttar Pradesh,True,90,11.91
TXN202509,CMP-1982,2025-04-12T04:02:00,ACC00399,ACC00064,8122.33,NEFT,Hyderabad,Telangana,True,68,9.97
TXN202510,CMP-1982,2025-04-12T04:36:00,ACC00064,ACC00030,6810.76,Card,Jaipur,Rajasthan,True,81,10.84
TXN202511,CMP-1982,2025-04-12T05:03:00,ACC00030,ACC00090,5221.22,UPI,Kanpur,Uttar Pradesh,True,83,8.03
TXN202512,CMP-1982,2025-04-12T05:30:00,ACC00090,ACC00039,5355.63,RTGS,Hyderabad,Telangana,True,68,6.59
TXN202513,CMP-1983,2025-07-06T02:55:00,ACC00301,ACC00053,13106.82,UPI,Mumbai,Maharashtra,True,81,5.2
TXN202514,CMP-1983,2025-07-06T03:10:00,ACC00053,ACC00010,12363.31,Wallet,Lucknow,Uttar Pradesh,True,75,11.57
TXN202515,CMP-1983,2025-07-06T04:14:00,ACC00010,ACC00042,12485.94,RTGS,Lucknow,Uttar Pradesh,True,77,8.17
TXN202516,CMP-1983,2025-07-06T04:48:00,ACC00042,ACC00071,13700.26,NEFT,Patna,Bihar,True,67,5.18
TXN202517,CMP-1984,2025-05-14T16:45:00,ACC00487,ACC00079,2678.41,Card,Patna,Bihar,True,80,10.1
TXN202518,CMP-1984,2025-05-14T17:18:00,ACC00079,ACC00060,2446.79,UPI,Kanpur,Uttar Pradesh,True,84,5.62
TXN202519,CMP-1985,2025-08-20T03:19:00,ACC00194,ACC00077,2289.82,Wallet,Patna,Bihar,True,91,8.75
TXN202520,CMP-1985,2025-08-20T04:47:00,ACC00077,ACC00048,1892.4,Card,Jaipur,Rajasthan,True,86,4.53
TXN202521,CMP-1985,2025-08-20T06:04:00,ACC00048,ACC00042,1773.3,IMPS,Jaipur,Rajasthan,True,65,8.38
TXN202522,CMP-1985,2025-08-20T07:11:00,ACC00042,ACC00046,1747.3,RTGS,Kanpur,Uttar Pradesh,True,63,9.24
TXN202523,CMP-1986,2025-02-01T05:06:00,ACC00102,ACC00001,5522.01,NEFT,Delhi,Delhi,True,71,5.87
TXN202524,CMP-1986,2025-02-01T06:04:00,ACC00001,ACC00025,6275.3,Card,Delhi,Delhi,True,91,8.93
TXN202525,CMP-1986,2025-02-01T07:00:00,ACC00025,ACC00063,5323.66,RTGS,Jaipur,Rajasthan,True,72,6.36
TXN202526,CMP-1986,2025-02-01T08:19:00,ACC00063,ACC00037,6117.06,Wallet,Delhi,Delhi,True,81,6.12
TXN202527,CMP-1988,2025-07-22T12:53:00,ACC00453,ACC00088,17080.34,UPI,Bengaluru,Karnataka,True,76,5.44
TXN202528,CMP-1988,2025-07-22T13:42:00,ACC00088,ACC00016,15992.25,UPI,Mumbai,Maharashtra,True,81,7.97
TXN202529,CMP-1989,2025-04-16T00:57:00,ACC00169,ACC00014,3054.95,Wallet,Bengaluru,Karnataka,True,87,9.44
TXN202530,CMP-1989,2025-04-16T01:55:00,ACC00014,ACC00008,2799.24,UPI,Delhi,Delhi,True,96,11.81
TXN202531,CMP-1989,2025-04-16T03:07:00,ACC00008,ACC00020,2573.69,UPI,Lucknow,Uttar Pradesh,True,85,4.22
TXN202532,CMP-1990,2025-05-09T01:10:00,ACC00346,ACC00083,4811.93,IMPS,Hyderabad,Telangana,True,87,11.13
TXN202533,CMP-1990,2025-05-09T01:23:00,ACC00083,ACC00043,4701.91,RTGS,Jaipur,Rajasthan,True,67,8.97
TXN202534,CMP-1990,2025-05-09T02:27:00,ACC00043,ACC00079,4849.86,RTGS,Delhi,Delhi,True,91,3.0
TXN202535,CMP-1990,2025-05-09T02:45:00,ACC00079,ACC00009,5770.71,Wallet,Delhi,Delhi,True,83,5.0
TXN202536,CMP-1991,2025-03-14T09:42:00,ACC00254,ACC00018,12405.02,IMPS,Bengaluru,Karnataka,True,72,10.75
TXN202537,CMP-1991,2025-03-14T10:58:00,ACC00018,ACC00091,9575.77,RTGS,Delhi,Delhi,True,66,7.55
TXN202538,CMP-1992,2025-04-19T07:08:00,ACC00178,ACC00056,4629.11,RTGS,Delhi,Delhi,True,91,3.12
TXN202539,CMP-1992,2025-04-19T08:33:00,ACC00056,ACC00011,5056.23,UPI,Patna,Bihar,True,92,4.73
TXN202540,CMP-1993,2025-01-31T01:42:00,ACC00399,ACC00037,834.67,RTGS,Delhi,Delhi,True,74,9.33
TXN202541,CMP-1993,2025-01-31T01:48:00,ACC00037,ACC00029,620.91,Card,Jaipur,Rajasthan,True,63,8.02
TXN202542,CMP-1993,2025-01-31T03:08:00,ACC00029,ACC00026,739.49,RTGS,Bengaluru,Karnataka,True,88,6.33
TXN202543,CMP-1993,2025-01-31T03:27:00,ACC00026,ACC00006,492.37,Card,Bengaluru,Karnataka,True,63,8.59
TXN202544,CMP-1994,2025-03-08T22:28:00,ACC00104,ACC00091,4969.68,IMPS,Hyderabad,Telangana,True,71,9.75
TXN202545,CMP-1994,2025-03-08T22:48:00,ACC00091,ACC00063,3787.65,NEFT,Lucknow,Uttar Pradesh,True,80,6.76
TXN202546,CMP-1994,2025-03-09T00:08:00,ACC00063,ACC00077,4567.15,Card,Mumbai,Maharashtra,True,99,5.8
TXN202547,CMP-1994,2025-03-09T01:30:00,ACC00077,ACC00090,4339.84,Wallet,Lucknow,Uttar Pradesh,True,80,5.43
TXN202548,CMP-1995,2025-03-12T19:15:00,ACC00118,ACC00062,855.88,IMPS,Kanpur,Uttar Pradesh,True,78,6.23
TXN202549,CMP-1995,2025-03-12T20:23:00,ACC00062,ACC00022,1263.21,IMPS,Bengaluru,Karnataka,True,77,6.4
TXN202550,CMP-1996,2025-08-14T20:20:00,ACC00218,ACC00067,610.51,UPI,Bengaluru,Karnataka,True,89,5.97
TXN202551,CMP-1996,2025-08-14T20:57:00,ACC00067,ACC00015,916.79,IMPS,Jaipur,Rajasthan,True,77,4.85
TXN202552,CMP-1996,2025-08-14T22:06:00,ACC00015,ACC00090,864.27,IMPS,Mumbai,Maharashtra,True,79,5.14
TXN202553,CMP-1996,2025-08-14T22:47:00,ACC00090,ACC00098,575.83,Card,Kanpur,Uttar Pradesh,True,80,7.11
TXN202554,CMP-1998,2025-04-23T03:07:00,ACC00329,ACC00002,1171.54,NEFT,Bengaluru,Karnataka,True,68,5.21
TXN202555,CMP-1998,2025-04-23T03:42:00,ACC00002,ACC00053,1167.34,Card,Kanpur,Uttar Pradesh,True,67,8.31
TXN202556,CMP-1998,2025-04-23T03:57:00,ACC00053,ACC00065,1274.82,NEFT,Bengaluru,Karnataka,True,79,5.53
TXN202557,CMP-1998,2025-04-23T05:19:00,ACC00065,ACC00082,963.41,Wallet,Lucknow,Uttar Pradesh,True,67,6.47
TXN202558,CMP-1999,2025-03-02T16:18:00,ACC00324,ACC00028,1955.24,IMPS,Delhi,Delhi,True,69,6.28
TXN202559,CMP-1999,2025-03-02T16:45:00,ACC00028,ACC00088,1929.88,UPI,Delhi,Delhi,True,71,4.37
TXN202560,CMP-1999,2025-03-02T17:41:00,ACC00088,ACC00033,1677.46,Card,Jaipur,Rajasthan,True,69,7.55
TXN202561,CMP-1999,2025-03-02T18:41:00,ACC00033,ACC00037,2067.56,RTGS,Lucknow,Uttar Pradesh,True,94,9.88
TXN202562,,2025-09-04T11:59:00,ACC00417,ACC00486,1025.66,Card,Delhi,Delhi,False,31,0.88
TXN202563,,2025-04-16T18:47:00,ACC00445,ACC00491,2056.6,RTGS,Hyderabad,Telangana,False,42,1.69
TXN202564,,2025-05-19T22:32:00,ACC00106,ACC00481,583.5,RTGS,Delhi,Delhi,False,15,1.48
TXN202565,,2025-05-10T20:58:00,ACC00263,ACC00401,1474.31,NEFT,Delhi,Delhi,False,7,0.72
TXN202566,,2025-03-31T19:40:00,ACC00391,ACC00234,1492.62,RTGS,Jaipur,Rajasthan,False,20,0.83
TXN202567,,2025-07-06T03:44:00,ACC00330,ACC00283,21190.74,RTGS,Hyderabad,Telangana,False,6,1.85
TXN202568,,2025-02-02T03:35:00,ACC00289,ACC00355,4159.61,NEFT,Hyderabad,Telangana,False,2,1.59
TXN202569,,2025-03-28T20:32:00,ACC00260,ACC00379,6703.95,RTGS,Bengaluru,Karnataka,False,27,1.76
TXN202570,,2025-08-01T17:59:00,ACC00216,ACC00400,23145.04,IMPS,Lucknow,Uttar Pradesh,False,20,0.86
TXN202571,,2025-02-13T00:23:00,ACC00453,ACC00280,1560.56,Card,Hyderabad,Telangana,False,29,1.7
TXN202572,,2025-05-06T22:14:00,ACC00050,ACC00336,2177.03,NEFT,Patna,Bihar,False,10,0.77
TXN202573,,2025-01-01T09:06:00,ACC00337,ACC00044,5269.07,Card,Hyderabad,Telangana,False,20,1.5
TXN202574,,2025-02-25T01:47:00,ACC00178,ACC00172,547.69,RTGS,Patna,Bihar,False,18,1.27
TXN202575,,2025-05-31T22:53:00,ACC00314,ACC00086,2349.84,UPI,Mumbai,Maharashtra,False,10,1.34
TXN202576,,2025-05-09T08:48:00,ACC00003,ACC00262,3081.02,Card,Mumbai,Maharashtra,False,18,0.99
TXN202577,,2025-01-17T21:43:00,ACC00304,ACC00287,7344.84,UPI,Patna,Bihar,False,21,1.14
TXN202578,,2025-01-19T13:16:00,ACC00005,ACC00018,3873.95,RTGS,Mumbai,Maharashtra,False,18,1.19
TXN202579,,2025-04-30T14:56:00,ACC00177,ACC00403,410.78,IMPS,Bengaluru,Karnataka,False,5,0.59
TXN202580,,2025-04-27T02:56:00,ACC00148,ACC00108,2893.26,Card,Hyderabad,Telangana,False,8,0.17
TXN202581,,2025-04-16T23:05:00,ACC00176,ACC00238,717.15,NEFT,Bengaluru,Karnataka,False,26,1.09
TXN202582,,2025-08-28T21:13:00,ACC00111,ACC00354,1962.14,Card,Mumbai,Maharashtra,False,31,0.29
TXN202583,,2025-08-06T13:52:00,ACC00255,ACC00024,2991.91,Wallet,Kanpur,Uttar Pradesh,False,19,0.13
TXN202584,,2025-04-13T09:28:00,ACC00216,ACC00197,2854.19,Card,Hyderabad,Telangana,False,12,0.91
TXN202585,,2025-09-14T08:50:00,ACC00321,ACC00322,573.76,IMPS,Hyderabad,Telangana,False,20,1.1
TXN202586,,2025-03-26T12:34:00,ACC00096,ACC00440,5965.51,UPI,Jaipur,Rajasthan,False,23,0.32
TXN202587,,2025-08-27T17:24:00,ACC00092,ACC00154,853.65,UPI,Jaipur,Rajasthan,False,6,0.24
TXN202588,,2025-08-14T02:30:00,ACC00461,ACC00344,1902.62,Wallet,Kanpur,Uttar Pradesh,False,8,0.1
TXN202589,,2025-07-11T22:04:00,ACC00172,ACC00220,1526.89,Wallet,Hyderabad,Telangana,False,15,0.18
TXN202590,,2025-02-10T07:15:00,ACC00011,ACC00210,1024.93,Card,Hyderabad,Telangana,False,20,1.48
TXN202591,,2025-03-11T19:54:00,ACC00106,ACC00089,513.89,NEFT,Mumbai,Maharashtra,False,25,0.11
TXN202592,,2025-01-26T11:11:00,ACC00273,ACC00422,467.45,NEFT,Patna,Bihar,False,23,0.93
TXN202593,,2025-06-16T22:50:00,ACC00413,ACC00162,4987.08,Wallet,Mumbai,Maharashtra,False,23,1.97
TXN202594,,2025-06-08T09:10:00,ACC00371,ACC00244,15409.01,NEFT,Jaipur,Rajasthan,False,9,1.98
TXN202595,,2025-01-16T01:04:00,ACC00013,ACC00452,5037.48,IMPS,Jaipur,Rajasthan,False,15,0.49
TXN202596,,2025-02-25T15:08:00,ACC00389,ACC00096,424.09,Card,Delhi,Delhi,False,18,0.5
TXN202597,,2025-08-20T11:14:00,ACC00109,ACC00328,463.61,NEFT,Patna,Bihar,False,4,0.89
TXN202598,,2025-04-02T05:07:00,ACC00226,ACC00207,2988.37,NEFT,Bengaluru,Karnataka,False,30,1.19
TXN202599,,2025-03-08T18:42:00,ACC00065,ACC00046,6025.12,NEFT,Hyderabad,Telangana,False,15,0.59
TXN202600,,2025-06-05T03:24:00,ACC00002,ACC00243,692.27,Wallet,Jaipur,Rajasthan,False,15,1.33
TXN202601,,2025-04-28T05:28:00,ACC00395,ACC00006,3774.95,NEFT,Bengaluru,Karnataka,False,33,0.79
TXN202602,,2025-02-07T19:29:00,ACC00061,ACC00165,1213.81,NEFT,Bengaluru,Karnataka,False,25,1.73
TXN202603,,2025-02-13T11:26:00,ACC00462,ACC00403,2397.26,Wallet,Bengaluru,Karnataka,False,30,1.28
TXN202604,,2025-02-26T04:12:00,ACC00016,ACC00019,2387.3,IMPS,Hyderabad,Telangana,False,20,0.58
TXN202605,,2025-06-07T14:47:00,ACC00388,ACC00340,29955.13,UPI,Jaipur,Rajasthan,False,15,0.42
TXN202606,,2025-05-15T00:43:00,ACC00361,ACC00050,12011.36,UPI,Patna,Bihar,False,23,1.55
TXN202607,,2025-07-14T12:32:00,ACC00484,ACC00175,5420.15,Wallet,Jaipur,Rajasthan,False,32,1.27
TXN202608,,2025-05-02T16:19:00,ACC00141,ACC00370,1130.88,Card,Hyderabad,Telangana,False,29,1.28
TXN202609,,2025-05-14T19:30:00,ACC00408,ACC00061,3611.7,RTGS,Kanpur,Uttar Pradesh,False,23,1.04
TXN202610,,2025-05-24T23:37:00,ACC00134,ACC00330,1239.9,Card,Bengaluru,Karnataka,False,18,1.47
TXN202611,,2025-05-15T20:08:00,ACC00005,ACC00494,844.98,NEFT,Mumbai,Maharashtra,False,34,1.49
TXN202612,,2025-05-30T03:01:00,ACC00286,ACC00034,525.32,UPI,Hyderabad,Telangana,False,9,0.55
TXN202613,,2025-02-09T01:23:00,ACC00226,ACC00214,1025.66,RTGS,Lucknow,Uttar Pradesh,False,9,1.76
TXN202614,,2025-02-23T11:24:00,ACC00267,ACC00282,650.46,Wallet,Hyderabad,Telangana,False,24,1.08
TXN202615,,2025-07-07T08:58:00,ACC00387,ACC00174,497.49,NEFT,Jaipur,Rajasthan,False,5,1.21
TXN202616,,2025-07-09T19:14:00,ACC00348,ACC00260,1827.4,Wallet,Bengaluru,Karnataka,False,25,1.33
TXN202617,,2025-04-29T06:22:00,ACC00021,ACC00015,1457.73,RTGS,Bengaluru,Karnataka,False,28,0.88
TXN202618,,2025-04-03T05:34:00,ACC00090,ACC00072,2891.84,Wallet,Delhi,Delhi,False,18,1.29
TXN202619,,2025-07-27T12:07:00,ACC00251,ACC00475,7383.25,UPI,Bengaluru,Karnataka,False,26,0.82
TXN202620,,2025-03-25T11:03:00,ACC00368,ACC00009,2433.48,Wallet,Kanpur,Uttar Pradesh,False,25,0.54
TXN202621,,2025-02-22T19:02:00,ACC00227,ACC00004,970.44,Card,Patna,Bihar,False,17,0.92
TXN202622,,2025-01-01T20:59:00,ACC00458,ACC00019,6099.02,UPI,Kanpur,Uttar Pradesh,False,13,1.77
TXN202623,,2025-04-07T17:52:00,ACC00233,ACC00204,3805.44,IMPS,Kanpur,Uttar Pradesh,False,15,1.03
TXN202624,,2025-09-10T03:37:00,ACC00112,ACC00114,975.19,RTGS,Patna,Bihar,False,36,1.48
TXN202625,,2025-06-21T10:32:00,ACC00140,ACC00288,1561.12,Card,Mumbai,Maharashtra,False,12,0.77
TXN202626,,2025-07-24T16:18:00,ACC00328,ACC00420,5631.25,Card,Mumbai,Maharashtra,False,7,1.2
TXN202627,,2025-07-04T02:11:00,ACC00404,ACC00327,1055.99,NEFT,Delhi,Delhi,False,18,1.94
TXN202628,,2025-09-08T09:36:00,ACC00079,ACC00240,739.83,Card,Kanpur,Uttar Pradesh,False,11,0.79
TXN202629,,2025-04-05T06:59:00,ACC00201,ACC00461,3164.96,Wallet,Hyderabad,Telangana,False,21,1.24
TXN202630,,2025-08-11T12:20:00,ACC00245,ACC00183,530.71,Wallet,Mumbai,Maharashtra,False,19,1.4
TXN202631,,2025-01-25T14:23:00,ACC00265,ACC00089,825.37,UPI,Delhi,Delhi,False,15,0.63
TXN202632,,2025-03-22T12:09:00,ACC00126,ACC00044,1467.29,NEFT,Hyderabad,Telangana,False,21,1.21
TXN202633,,2025-05-08T12:53:00,ACC00288,ACC00172,1041.11,NEFT,Patna,Bihar,False,9,1.68
TXN202634,,2025-05-24T22:40:00,ACC00381,ACC00113,1102.2,RTGS,Patna,Bihar,False,25,1.08
TXN202635,,2025-05-15T15:32:00,ACC00430,ACC00265,3502.33,Card,Mumbai,Maharashtra,False,27,0.87
TXN202636,,2025-07-04T09:50:00,ACC00267,ACC00413,45957.4,UPI,Kanpur,Uttar Pradesh,False,26,0.29
TXN202637,,2025-09-05T10:17:00,ACC00265,ACC00389,5088.55,Wallet,Lucknow,Uttar Pradesh,False,23,0.25
TXN202638,,2025-01-18T21:47:00,ACC00052,ACC00361,1181.86,UPI,Mumbai,Maharashtra,False,22,0.64
TXN202639,,2025-08-15T05:08:00,ACC00354,ACC00132,2442.62,UPI,Mumbai,Maharashtra,False,30,1.23
TXN202640,,2025-01-07T21:40:00,ACC00177,ACC00152,760.49,Wallet,Mumbai,Maharashtra,False,12,0.23
TXN202641,,2025-07-19T03:23:00,ACC00081,ACC00465,1468.47,IMPS,Delhi,Delhi,False,26,1.78
TXN202642,,2025-03-17T10:54:00,ACC00486,ACC00284,1889.15,NEFT,Jaipur,Rajasthan,False,17,1.42
TXN202643,,2025-08-21T02:49:00,ACC00141,ACC00311,6023.89,NEFT,Delhi,Delhi,False,12,1.45
TXN202644,,2025-04-11T21:07:00,ACC00352,ACC00305,1361.58,Wallet,Lucknow,Uttar Pradesh,False,29,1.96
TXN202645,,2025-05-13T17:12:00,ACC00368,ACC00313,1406.52,RTGS,Patna,Bihar,False,12,0.19
TXN202646,,2025-03-11T13:36:00,ACC00455,ACC00179,1997.68,Wallet,Delhi,Delhi,False,27,1.63
TXN202647,,2025-07-30T03:44:00,ACC00016,ACC00206,1995.19,Card,Mumbai,Maharashtra,False,24,0.84
TXN202648,,2025-09-14T18:18:00,ACC00159,ACC00490,2163.51,NEFT,Bengaluru,Karnataka,False,11,1.19
TXN202649,,2025-03-15T15:42:00,ACC00222,ACC00128,4546.04,RTGS,Lucknow,Uttar Pradesh,False,19,1.76
TXN202650,,2025-07-27T20:26:00,ACC00126,ACC00429,2148.21,RTGS,Bengaluru,Karnataka,False,32,1.28
TXN202651,,2025-06-01T14:33:00,ACC00345,ACC00121,389.22,UPI,Bengaluru,Karnataka,False,17,1.28
TXN202652,,2025-04-06T14:03:00,ACC00488,ACC00219,2443.95,IMPS,Mumbai,Maharashtra,False,30,0.64
TXN202653,,2025-01-21T19:41:00,ACC00356,ACC00263,1661.34,NEFT,Patna,Bihar,False,20,1.18
TXN202654,,2025-01-13T01:42:00,ACC00487,ACC00424,1023.29,RTGS,Patna,Bihar,False,13,1.79
TXN202655,,2025-06-11T19:04:00,ACC00109,ACC00361,3334.37,NEFT,Hyderabad,Telangana,False,29,1.79
TXN202656,,2025-05-13T16:31:00,ACC00112,ACC00442,1676.38,RTGS,Patna,Bihar,False,13,1.96
TXN202657,,2025-03-30T03:56:00,ACC00381,ACC00134,1089.27,UPI,Bengaluru,Karnataka,False,18,0.64
TXN202658,,2025-04-08T08:50:00,ACC00401,ACC00118,9766.63,IMPS,Bengaluru,Karnataka,False,41,0.47
TXN202659,,2025-02-06T23:20:00,ACC00398,ACC00351,743.25,UPI,Jaipur,Rajasthan,False,25,0.94
TXN202660,,2025-08-02T14:24:00,ACC00459,ACC00141,6922.93,Wallet,Jaipur,Rajasthan,False,32,1.93
TXN202661,,2025-08-17T17:09:00,ACC00360,ACC00060,3165.77,IMPS,Patna,Bihar,False,26,1.1
TXN202662,,2025-05-05T14:53:00,ACC00208,ACC00177,1155.87,Wallet,Lucknow,Uttar Pradesh,False,39,0.25
TXN202663,,2025-06-01T10:45:00,ACC00068,ACC00421,1762.14,RTGS,Kanpur,Uttar Pradesh,False,31,0.52
TXN202664,,2025-02-28T14:55:00,ACC00236,ACC00384,626.83,NEFT,Patna,Bihar,False,20,1.22
TXN202665,,2025-05-18T00:57:00,ACC00181,ACC00027,673.93,IMPS,Kanpur,Uttar Pradesh,False,1,1.67
TXN202666,,2025-03-24T20:40:00,ACC00271,ACC00200,1677.83,NEFT,Kanpur,Uttar Pradesh,False,15,0.47
TXN202667,,2025-06-12T19:27:00,ACC00301,ACC00161,1070.54,RTGS,Kanpur,Uttar Pradesh,False,15,0.73
TXN202668,,2025-06-10T05:54:00,ACC00331,ACC00114,1046.38,Card,Patna,Bihar,False,23,1.77
TXN202669,,2025-03-29T05:06:00,ACC00204,ACC00194,2038.29,UPI,Lucknow,Uttar Pradesh,False,43,1.17
TXN202670,,2025-04-01T00:08:00,ACC00298,ACC00011,4808.11,UPI,Bengaluru,Karnataka,False,22,0.17
TXN202671,,2025-08-02T07:12:00,ACC00202,ACC00488,14505.5,Wallet,Kanpur,Uttar Pradesh,False,11,1.65
TXN202672,,2025-09-12T12:17:00,ACC00026,ACC00453,1538.04,RTGS,Bengaluru,Karnataka,False,8,1.3
TXN202673,,2025-07-14T20:53:00,ACC00053,ACC00403,7434.4,NEFT,Jaipur,Rajasthan,False,32,0.84
TXN202674,,2025-02-19T07:58:00,ACC00337,ACC00127,3796.57,RTGS,Bengaluru,Karnataka,False,32,0.31
TXN202675,,2025-06-08T04:18:00,ACC00390,ACC00055,2787.65,NEFT,Bengaluru,Karnataka,False,14,1.14
TXN202676,,2025-08-05T18:49:00,ACC00361,ACC00112,4292.75,NEFT,Lucknow,Uttar Pradesh,False,22,0.14
TXN202677,,2025-07-06T21:07:00,ACC00210,ACC00024,373.62,IMPS,Jaipur,Rajasthan,False,8,1.32
TXN202678,,2025-07-17T04:57:00,ACC00205,ACC00355,1158.51,RTGS,Patna,Bihar,False,11,1.42
TXN202679,,2025-06-18T03:51:00,ACC00468,ACC00267,679.1,Card,Patna,Bihar,False,15,1.87
TXN202680,,2025-04-24T13:35:00,ACC00408,ACC00485,33844.11,IMPS,Hyderabad,Telangana,False,20,0.14
TXN202681,,2025-01-10T14:09:00,ACC00345,ACC00387,2271.25,Wallet,Kanpur,Uttar Pradesh,False,20,0.93
TXN202682,,2025-09-08T05:42:00,ACC00007,ACC00441,1501.29,IMPS,Delhi,Delhi,False,25,0.58
TXN202683,,2025-04-02T19:42:00,ACC00415,ACC00154,3856.03,UPI,Lucknow,Uttar Pradesh,False,14,1.13
TXN202684,,2025-01-18T22:40:00,ACC00417,ACC00125,300.09,UPI,Kanpur,Uttar Pradesh,False,28,1.28
TXN202685,,2025-06-23T00:24:00,ACC00076,ACC00100,5823.37,NEFT,Hyderabad,Telangana,False,19,1.1
TXN202686,,2025-03-17T12:45:00,ACC00295,ACC00473,3138.27,Wallet,Mumbai,Maharashtra,False,41,1.62
TXN202687,,2025-05-10T15:09:00,ACC00149,ACC00127,1237.71,NEFT,Bengaluru,Karnataka,False,10,0.36
TXN202688,,2025-06-09T10:56:00,ACC00430,ACC00197,768.49,Card,Jaipur,Rajasthan,False,1,0.17
TXN202689,,2025-05-25T17:17:00,ACC00138,ACC00243,1640.18,Card,Lucknow,Uttar Pradesh,False,15,0.58
TXN202690,,2025-01-01T02:52:00,ACC00252,ACC00494,849.84,UPI,Delhi,Delhi,False,24,1.53
TXN202691,,2025-07-03T07:43:00,ACC00254,ACC00172,1054.71,NEFT,Hyderabad,Telangana,False,31,0.73
TXN202692,,2025-04-11T01:28:00,ACC00076,ACC00077,2219.69,IMPS,Delhi,Delhi,False,17,0.81
TXN202693,,2025-03-18T01:12:00,ACC00070,ACC00425,2020.13,RTGS,Lucknow,Uttar Pradesh,False,27,1.68
TXN202694,,2025-02-07T07:00:00,ACC00050,ACC00076,1633.73,Card,Mumbai,Maharashtra,False,20,0.68
TXN202695,,2025-03-21T09:05:00,ACC00107,ACC00157,3238.18,UPI,Bengaluru,Karnataka,False,7,1.46
TXN202696,,2025-01-27T17:29:00,ACC00333,ACC00045,969.98,Wallet,Kanpur,Uttar Pradesh,False,18,0.44
TXN202697,,2025-01-11T23:09:00,ACC00238,ACC00111,874.25,RTGS,Hyderabad,Telangana,False,17,1.29
TXN202698,,2025-05-29T08:33:00,ACC00132,ACC00474,1322.19,RTGS,Mumbai,Maharashtra,False,1,1.57
TXN202699,,2025-09-08T09:22:00,ACC00210,ACC00133,8338.46,Card,Patna,Bihar,False,30,0.86
TXN202700,,2025-06-12T16:45:00,ACC00115,ACC00119,3170.2,Card,Patna,Bihar,False,5,0.81
TXN202701,,2025-06-26T05:18:00,ACC00025,ACC00338,1643.58,Card,Mumbai,Maharashtra,False,18,0.1
TXN202702,,2025-02-21T06:26:00,ACC00098,ACC00106,2730.15,Wallet,Lucknow,Uttar Pradesh,False,12,0.73
TXN202703,,2025-01-14T07:01:00,ACC00436,ACC00132,1727.91,NEFT,Kanpur,Uttar Pradesh,False,17,0.66
TXN202704,,2025-03-15T00:37:00,ACC00468,ACC00345,701.23,IMPS,Kanpur,Uttar Pradesh,False,17,1.78
TXN202705,,2025-02-12T13:08:00,ACC00112,ACC00443,2426.87,NEFT,Bengaluru,Karnataka,False,18,1.3
TXN202706,,2025-06-10T21:04:00,ACC00220,ACC00453,2832.96,Card,Lucknow,Uttar Pradesh,False,17,0.95
TXN202707,,2025-02-05T00:23:00,ACC00432,ACC00122,725.27,Wallet,Patna,Bihar,False,18,1.53
TXN202708,,2025-03-04T06:18:00,ACC00386,ACC00087,5180.1,RTGS,Hyderabad,Telangana,False,24,0.56
TXN202709,,2025-02-14T13:29:00,ACC00005,ACC00218,1217.69,RTGS,Lucknow,Uttar Pradesh,False,21,0.25
TXN202710,,2025-08-23T09:32:00,ACC00246,ACC00286,3145.34,UPI,Jaipur,Rajasthan,False,24,1.64
TXN202711,,2025-01-25T00:23:00,ACC00333,ACC00020,3957.62,Card,Mumbai,Maharashtra,False,23,0.42
TXN202712,,2025-05-25T12:37:00,ACC00291,ACC00437,994.67,NEFT,Mumbai,Maharashtra,False,15,0.58
TXN202713,,2025-04-15T17:45:00,ACC00264,ACC00476,1121.37,RTGS,Jaipur,Rajasthan,False,19,0.58
TXN202714,,2025-08-19T05:35:00,ACC00308,ACC00189,12320.46,Wallet,Patna,Bihar,False,17,0.96
TXN202715,,2025-05-12T17:35:00,ACC00290,ACC00339,909.82,NEFT,Kanpur,Uttar Pradesh,False,25,0.48
TXN202716,,2025-04-10T11:34:00,ACC00175,ACC00016,518.86,RTGS,Hyderabad,Telangana,False,41,1.69
TXN202717,,2025-06-20T19:17:00,ACC00445,ACC00377,1784.51,Card,Jaipur,Rajasthan,False,18,1.31
TXN202718,,2025-09-15T04:42:00,ACC00092,ACC00321,1072.91,UPI,Kanpur,Uttar Pradesh,False,22,1.21
TXN202719,,2025-04-07T01:55:00,ACC00053,ACC00170,5658.67,NEFT,Jaipur,Rajasthan,False,29,0.79
TXN202720,,2025-04-24T02:38:00,ACC00430,ACC00338,4205.15,Card,Mumbai,Maharashtra,False,19,0.61
TXN202721,,2025-04-30T10:24:00,ACC00055,ACC00121,327.77,NEFT,Mumbai,Maharashtra,False,6,1.04
TXN202722,,2025-05-02T04:48:00,ACC00406,ACC00274,3317.78,Wallet,Mumbai,Maharashtra,False,17,1.16
TXN202723,,2025-04-06T11:27:00,ACC00035,ACC00008,2222.52,Wallet,Mumbai,Maharashtra,False,26,0.92
TXN202724,,2025-03-18T01:14:00,ACC00017,ACC00005,8519.04,IMPS,Patna,Bihar,False,27,1.56
TXN202725,,2025-04-13T17:13:00,ACC00141,ACC00021,1336.51,Card,Delhi,Delhi,False,9,1.89
TXN202726,,2025-05-28T13:02:00,ACC00356,ACC00378,10749.29,UPI,Delhi,Delhi,False,24,1.21
TXN202727,,2025-02-07T00:21:00,ACC00394,ACC00102,812.69,NEFT,Mumbai,Maharashtra,False,22,1.29
TXN202728,,2025-08-14T22:40:00,ACC00478,ACC00216,1195.13,RTGS,Jaipur,Rajasthan,False,1,1.36
TXN202729,,2025-05-08T04:34:00,ACC00350,ACC00159,1385.61,NEFT,Jaipur,Rajasthan,False,10,0.76
TXN202730,,2025-03-10T17:59:00,ACC00380,ACC00079,3675.14,Card,Patna,Bihar,False,27,0.44
TXN202731,,2025-06-30T05:08:00,ACC00212,ACC00395,7857.32,NEFT,Patna,Bihar,False,2,1.41
TXN202732,,2025-04-24T13:37:00,ACC00452,ACC00484,6188.68,UPI,Bengaluru,Karnataka,False,9,1.04
TXN202733,,2025-05-21T10:48:00,ACC00427,ACC00429,2942.24,Card,Mumbai,Maharashtra,False,30,0.98
TXN202734,,2025-08-01T15:06:00,ACC00027,ACC00455,1664.47,IMPS,Lucknow,Uttar Pradesh,False,1,1.46
TXN202735,,2025-02-06T01:48:00,ACC00057,ACC00006,1553.29,Wallet,Delhi,Delhi,False,10,0.19
TXN202736,,2025-04-06T19:44:00,ACC00353,ACC00173,4169.31,UPI,Kanpur,Uttar Pradesh,False,24,0.32
TXN202737,,2025-03-30T02:49:00,ACC00223,ACC00486,5130.62,Card,Kanpur,Uttar Pradesh,False,11,0.27
TXN202738,,2025-03-11T01:16:00,ACC00022,ACC00207,1208.58,Wallet,Delhi,Delhi,False,24,1.23
TXN202739,,2025-02-26T19:09:00,ACC00087,ACC00017,1002.14,IMPS,Lucknow,Uttar Pradesh,False,10,0.46
TXN202740,,2025-06-01T00:55:00,ACC00108,ACC00115,6162.65,NEFT,Delhi,Delhi,False,19,1.04
TXN202741,,2025-02-06T10:29:00,ACC00206,ACC00195,552.26,RTGS,Delhi,Delhi,False,24,0.31
TXN202742,,2025-09-11T10:46:00,ACC00134,ACC00229,458.36,Card,Delhi,Delhi,False,18,1.41
TXN202743,,2025-01-17T03:27:00,ACC00316,ACC00083,43665.19,NEFT,Patna,Bihar,False,37,1.78
TXN202744,,2025-05-18T09:05:00,ACC00105,ACC00457,457.94,Wallet,Kanpur,Uttar Pradesh,False,8,0.84
TXN202745,,2025-04-11T10:43:00,ACC00275,ACC00298,2149.05,NEFT,Bengaluru,Karnataka,False,33,1.97
TXN202746,,2025-02-05T01:34:00,ACC00255,ACC00319,471.13,Wallet,Hyderabad,Telangana,False,10,1.76
TXN202747,,2025-05-12T03:15:00,ACC00425,ACC00414,5666.98,Wallet,Lucknow,Uttar Pradesh,False,2,1.44
TXN202748,,2025-08-13T23:39:00,ACC00447,ACC00351,2615.48,UPI,Hyderabad,Telangana,False,26,0.58
TXN202749,,2025-07-14T22:58:00,ACC00263,ACC00279,3828.58,UPI,Kanpur,Uttar Pradesh,False,29,1.02
TXN202750,,2025-05-05T11:33:00,ACC00458,ACC00342,3056.56,Card,Delhi,Delhi,False,26,0.71
TXN202751,,2025-04-28T10:03:00,ACC00316,ACC00452,5152.37,Wallet,Jaipur,Rajasthan,False,20,0.24
TXN202752,,2025-04-19T19:06:00,ACC00085,ACC00097,1461.24,RTGS,Hyderabad,Telangana,False,20,1.13
TXN202753,,2025-04-04T03:20:00,ACC00113,ACC00294,17000.26,UPI,Hyderabad,Telangana,False,11,0.36
TXN202754,,2025-09-07T07:48:00,ACC00488,ACC00063,7823.44,UPI,Hyderabad,Telangana,False,18,1.97
TXN202755,,2025-03-23T21:15:00,ACC00229,ACC00378,1595.14,UPI,Delhi,Delhi,False,16,1.09
TXN202756,,2025-03-22T14:09:00,ACC00225,ACC00470,1232.96,RTGS,Delhi,Delhi,False,26,0.73
TXN202757,,2025-08-16T12:01:00,ACC00332,ACC00294,7386.53,RTGS,Jaipur,Rajasthan,False,33,0.73
TXN202758,,2025-01-24T09:16:00,ACC00223,ACC00409,1334.68,Card,Lucknow,Uttar Pradesh,False,23,0.26
TXN202759,,2025-06-15T12:27:00,ACC00265,ACC00258,6508.43,Wallet,Hyderabad,Telangana,False,15,1.66
TXN202760,,2025-06-04T13:58:00,ACC00210,ACC00414,2917.33,Card,Delhi,Delhi,False,11,1.1
TXN202761,,2025-01-27T21:39:00,ACC00105,ACC00450,1735.0,IMPS,Lucknow,Uttar Pradesh,False,11,1.3
TXN202762,,2025-06-08T09:45:00,ACC00078,ACC00359,689.4,Card,Delhi,Delhi,False,35,0.94
TXN202763,,2025-01-13T08:01:00,ACC00357,ACC00192,781.55,Card,Kanpur,Uttar Pradesh,False,14,1.42
TXN202764,,2025-07-10T22:55:00,ACC00456,ACC00389,3134.13,Card,Lucknow,Uttar Pradesh,False,26,1.82
TXN202765,,2025-03-03T15:12:00,ACC00229,ACC00399,4575.35,UPI,Hyderabad,Telangana,False,18,1.32
TXN202766,,2025-06-30T22:51:00,ACC00189,ACC00061,136.6,Card,Kanpur,Uttar Pradesh,False,25,0.66
TXN202767,,2025-02-04T13:58:00,ACC00037,ACC00183,427.3,UPI,Kanpur,Uttar Pradesh,False,43,0.27
TXN202768,,2025-01-19T04:58:00,ACC00407,ACC00269,1501.41,Card,Delhi,Delhi,False,34,0.74
TXN202769,,2025-05-18T09:10:00,ACC00451,ACC00179,611.22,UPI,Bengaluru,Karnataka,False,37,0.96
TXN202770,,2025-07-03T20:37:00,ACC00346,ACC00348,22387.42,IMPS,Lucknow,Uttar Pradesh,False,8,1.89
TXN202771,,2025-08-17T00:58:00,ACC00298,ACC00497,2092.18,RTGS,Mumbai,Maharashtra,False,26,1.63
TXN202772,,2025-08-22T01:16:00,ACC00495,ACC00292,2399.43,UPI,Kanpur,Uttar Pradesh,False,10,1.26
TXN202773,,2025-07-09T23:15:00,ACC00193,ACC00214,1609.13,NEFT,Hyderabad,Telangana,False,25,1.18
TXN202774,,2025-08-10T17:35:00,ACC00217,ACC00465,1139.61,Card,Delhi,Delhi,False,19,1.27
TXN202775,,2025-08-31T22:43:00,ACC00151,ACC00184,1952.63,IMPS,Mumbai,Maharashtra,False,26,1.76
TXN202776,,2025-05-10T14:16:00,ACC00479,ACC00084,1186.31,Wallet,Lucknow,Uttar Pradesh,False,19,1.7
TXN202777,,2025-08-01T19:32:00,ACC00324,ACC00354,1375.75,NEFT,Patna,Bihar,False,25,1.71
TXN202778,,2025-02-08T18:50:00,ACC00110,ACC00462,774.33,Wallet,Jaipur,Rajasthan,False,16,0.57
TXN202779,,2025-09-14T13:55:00,ACC00425,ACC00378,9641.62,UPI,Patna,Bihar,False,33,1.3
TXN202780,,2025-05-09T00:26:00,ACC00342,ACC00117,835.85,NEFT,Patna,Bihar,False,14,1.26
TXN202781,,2025-02-27T14:36:00,ACC00385,ACC00459,3436.41,Card,Delhi,Delhi,False,20,1.65
TXN202782,,2025-08-30T04:48:00,ACC00133,ACC00144,1753.93,NEFT,Jaipur,Rajasthan,False,21,0.6
TXN202783,,2025-07-04T10:40:00,ACC00343,ACC00305,1972.67,Wallet,Bengaluru,Karnataka,False,42,0.42
TXN202784,,2025-03-28T12:14:00,ACC00064,ACC00075,784.46,IMPS,Delhi,Delhi,False,11,0.35
TXN202785,,2025-01-13T20:34:00,ACC00112,ACC00182,1632.53,UPI,Mumbai,Maharashtra,False,8,0.49
TXN202786,,2025-03-10T08:40:00,ACC00440,ACC00200,2300.85,Card,Jaipur,Rajasthan,False,13,0.37
TXN202787,,2025-07-07T03:30:00,ACC00385,ACC00234,4328.55,Card,Delhi,Delhi,False,22,0.55
TXN202788,,2025-01-20T09:36:00,ACC00097,ACC00004,1867.4,RTGS,Mumbai,Maharashtra,False,22,0.18
TXN202789,,2025-05-20T21:04:00,ACC00398,ACC00311,1427.43,UPI,Lucknow,Uttar Pradesh,False,27,0.39
TXN202790,,2025-05-22T19:27:00,ACC00218,ACC00203,5466.89,IMPS,Kanpur,Uttar Pradesh,False,17,1.33
TXN202791,,2025-06-03T20:53:00,ACC00168,ACC00482,4556.21,RTGS,Patna,Bihar,False,25,0.51
TXN202792,,2025-05-04T06:04:00,ACC00105,ACC00290,1776.43,UPI,Lucknow,Uttar Pradesh,False,21,0.77
TXN202793,,2025-05-13T04:23:00,ACC00157,ACC00368,2277.12,RTGS,Kanpur,Uttar Pradesh,False,21,0.33
TXN202794,,2025-05-28T23:58:00,ACC00399,ACC00371,2292.82,UPI,Kanpur,Uttar Pradesh,False,15,1.91
TXN202795,,2025-02-09T12:22:00,ACC00050,ACC00015,14565.66,IMPS,Jaipur,Rajasthan,False,26,0.4
TXN202796,,2025-03-30T03:40:00,ACC00071,ACC00224,1573.89,Card,Bengaluru,Karnataka,False,7,1.21
TXN202797,,2025-02-21T23:44:00,ACC00196,ACC00439,2750.09,Card,Hyderabad,Telangana,False,18,0.56
TXN202798,,2025-04-24T07:04:00,ACC00345,ACC00209,6245.89,UPI,Mumbai,Maharashtra,False,16,1.57
TXN202799,,2025-01-25T03:17:00,ACC00298,ACC00383,3144.28,RTGS,Delhi,Delhi,False,9,1.61
TXN202800,,2025-03-30T12:20:00,ACC00174,ACC00441,1502.06,IMPS,Mumbai,Maharashtra,False,9,1.72
TXN202801,,2025-02-11T09:53:00,ACC00040,ACC00489,2898.14,UPI,Hyderabad,Telangana,False,14,0.24
TXN202802,,2025-03-31T12:13:00,ACC00362,ACC00137,7689.46,Wallet,Mumbai,Maharashtra,False,33,1.45
TXN202803,,2025-06-13T18:54:00,ACC00226,ACC00420,2462.22,Card,Jaipur,Rajasthan,False,29,1.42
TXN202804,,2025-03-12T13:01:00,ACC00080,ACC00215,4692.65,NEFT,Patna,Bihar,False,15,1.99
TXN202805,,2025-03-20T11:36:00,ACC00130,ACC00485,4017.61,Card,Lucknow,Uttar Pradesh,False,34,0.87
TXN202806,,2025-01-03T18:19:00,ACC00045,ACC00264,429.93,Card,Lucknow,Uttar Pradesh,False,23,1.51
TXN202807,,2025-05-28T18:43:00,ACC00198,ACC00443,2476.02,RTGS,Jaipur,Rajasthan,False,18,1.04
TXN202808,,2025-01-27T10:32:00,ACC00300,ACC00330,2548.76,Wallet,Bengaluru,Karnataka,False,23,1.27
TXN202809,,2025-07-30T06:10:00,ACC00483,ACC00064,397.27,IMPS,Hyderabad,Telangana,False,23,1.2
TXN202810,,2025-06-23T08:24:00,ACC00414,ACC00086,225.97,Wallet,Patna,Bihar,False,32,1.99
TXN202811,,2025-07-08T20:28:00,ACC00430,ACC00046,2317.02,RTGS,Mumbai,Maharashtra,False,19,0.43
TXN202812,,2025-08-10T04:44:00,ACC00223,ACC00406,390.73,Wallet,Kanpur,Uttar Pradesh,False,18,1.95
TXN202813,,2025-02-13T14:03:00,ACC00354,ACC00495,1536.89,UPI,Patna,Bihar,False,23,1.84
TXN202814,,2025-02-15T15:08:00,ACC00407,ACC00115,356.12,Card,Delhi,Delhi,False,41,0.33
TXN202815,,2025-05-31T03:21:00,ACC00387,ACC00143,1602.21,RTGS,Mumbai,Maharashtra,False,30,0.41
TXN202816,,2025-08-25T19:31:00,ACC00495,ACC00428,3203.14,UPI,Jaipur,Rajasthan,False,2,1.95
TXN202817,,2025-01-08T10:47:00,ACC00242,ACC00301,710.62,NEFT,Hyderabad,Telangana,False,14,1.34
TXN202818,,2025-05-14T15:53:00,ACC00432,ACC00013,4002.44,NEFT,Kanpur,Uttar Pradesh,False,28,1.15
TXN202819,,2025-02-15T21:43:00,ACC00028,ACC00374,936.65,Wallet,Jaipur,Rajasthan,False,6,1.91
TXN202820,,2025-07-13T10:57:00,ACC00070,ACC00257,413.32,Card,Hyderabad,Telangana,False,18,0.15
TXN202821,,2025-02-22T13:20:00,ACC00297,ACC00487,3993.25,RTGS,Mumbai,Maharashtra,False,22,0.52
TXN202822,,2025-04-12T13:45:00,ACC00340,ACC00272,435.32,UPI,Hyderabad,Telangana,False,21,1.99
TXN202823,,2025-06-12T21:04:00,ACC00099,ACC00275,1052.92,Wallet,Delhi,Delhi,False,18,1.3
TXN202824,,2025-07-30T22:08:00,ACC00228,ACC00422,387.47,NEFT,Kanpur,Uttar Pradesh,False,7,0.55
TXN202825,,2025-05-10T02:09:00,ACC00047,ACC00247,2082.7,Wallet,Bengaluru,Karnataka,False,29,1.89
TXN202826,,2025-09-17T04:23:00,ACC00260,ACC00074,2644.32,NEFT,Bengaluru,Karnataka,False,21,1.42
TXN202827,,2025-06-16T09:47:00,ACC00389,ACC00197,4703.64,NEFT,Kanpur,Uttar Pradesh,False,14,1.38
TXN202828,,2025-01-27T00:11:00,ACC00198,ACC00022,160.24,NEFT,Patna,Bihar,False,18,0.2
TXN202829,,2025-01-06T03:44:00,ACC00242,ACC00235,460.91,Wallet,Patna,Bihar,False,27,1.58
TXN202830,,2025-08-28T02:51:00,ACC00442,ACC00437,3520.45,IMPS,Mumbai,Maharashtra,False,26,0.41
TXN202831,,2025-07-21T07:46:00,ACC00010,ACC00494,1410.25,RTGS,Kanpur,Uttar Pradesh,False,5,0.27
TXN202832,,2025-05-19T22:36:00,ACC00197,ACC00451,3563.69,RTGS,Jaipur,Rajasthan,False,18,1.19
TXN202833,,2025-06-14T21:27:00,ACC00464,ACC00377,3680.88,Wallet,Jaipur,Rajasthan,False,34,1.22
TXN202834,,2025-08-18T02:06:00,ACC00204,ACC00008,3994.11,Card,Mumbai,Maharashtra,False,27,0.74
TXN202835,,2025-09-06T02:53:00,ACC00160,ACC00470,1481.55,RTGS,Kanpur,Uttar Pradesh,False,18,0.33
TXN202836,,2025-03-04T00:51:00,ACC00426,ACC00226,2595.98,IMPS,Jaipur,Rajasthan,False,13,0.62
TXN202837,,2025-05-15T22:00:00,ACC00193,ACC00054,10441.59,RTGS,Hyderabad,Telangana,False,12,0.32
TXN202838,,2025-03-26T07:26:00,ACC00291,ACC00225,4273.88,Card,Hyderabad,Telangana,False,19,1.33
TXN202839,,2025-02-04T19:40:00,ACC00467,ACC00238,878.55,Wallet,Hyderabad,Telangana,False,15,0.82
TXN202840,,2025-01-16T16:12:00,ACC00375,ACC00274,1860.01,IMPS,Kanpur,Uttar Pradesh,False,30,1.56
TXN202841,,2025-01-28T16:38:00,ACC00410,ACC00136,4431.03,NEFT,Delhi,Delhi,False,22,0.45
TXN202842,,2025-08-20T17:12:00,ACC00094,ACC00292,1256.47,Wallet,Patna,Bihar,False,20,1.63
TXN202843,,2025-07-31T15:36:00,ACC00101,ACC00134,2788.14,IMPS,Kanpur,Uttar Pradesh,False,9,1.18
TXN202844,,2025-08-29T02:46:00,ACC00075,ACC00353,5833.21,Card,Kanpur,Uttar Pradesh,False,1,0.7
TXN202845,,2025-01-21T06:17:00,ACC00361,ACC00390,781.17,Card,Bengaluru,Karnataka,False,16,1.91
TXN202846,,2025-01-10T03:34:00,ACC00236,ACC00126,929.55,Card,Hyderabad,Telangana,False,12,1.43
TXN202847,,2025-02-10T16:22:00,ACC00404,ACC00155,218.39,Card,Patna,Bihar,False,22,1.53
TXN202848,,2025-02-05T11:51:00,ACC00298,ACC00260,969.09,UPI,Mumbai,Maharashtra,False,13,0.39
TXN202849,,2025-04-13T14:20:00,ACC00192,ACC00162,1385.35,NEFT,Lucknow,Uttar Pradesh,False,30,0.8
TXN202850,,2025-07-01T22:28:00,ACC00121,ACC00033,4335.77,UPI,Kanpur,Uttar Pradesh,False,24,0.55
TXN202851,,2025-06-04T12:14:00,ACC00155,ACC00380,534.62,Wallet,Kanpur,Uttar Pradesh,False,27,0.11
TXN202852,,2025-03-28T23:13:00,ACC00165,ACC00001,1985.18,UPI,Patna,Bihar,False,17,0.78
TXN202853,,2025-05-09T15:06:00,ACC00204,ACC00120,641.47,RTGS,Lucknow,Uttar Pradesh,False,15,1.06
TXN202854,,2025-03-07T07:27:00,ACC00105,ACC00157,1868.94,NEFT,Kanpur,Uttar Pradesh,False,25,1.98
TXN202855,,2025-03-21T02:18:00,ACC00245,ACC00320,1327.05,IMPS,Bengaluru,Karnataka,False,24,0.57
TXN202856,,2025-08-06T13:53:00,ACC00212,ACC00416,2208.56,Wallet,Kanpur,Uttar Pradesh,False,34,1.38
TXN202857,,2025-03-10T09:47:00,ACC00075,ACC00382,5568.6,NEFT,Bengaluru,Karnataka,False,19,1.23
TXN202858,,2025-08-12T11:49:00,ACC00177,ACC00111,1050.2,Wallet,Jaipur,Rajasthan,False,25,1.15
TXN202859,,2025-04-04T22:57:00,ACC00490,ACC00212,993.67,IMPS,Patna,Bihar,False,24,1.99
TXN202860,,2025-07-29T21:52:00,ACC00204,ACC00377,1544.19,Wallet,Lucknow,Uttar Pradesh,False,10,1.19
TXN202861,,2025-08-07T17:53:00,ACC00088,ACC00182,1722.32,UPI,Kanpur,Uttar Pradesh,False,22,0.21
TXN202862,,2025-06-27T03:18:00,ACC00014,ACC00348,437.05,UPI,Delhi,Delhi,False,14,0.57
TXN202863,,2025-08-28T17:10:00,ACC00226,ACC00032,957.21,Card,Bengaluru,Karnataka,False,14,1.5
TXN202864,,2025-07-19T23:28:00,ACC00223,ACC00335,5830.48,Wallet,Mumbai,Maharashtra,False,36,1.43
TXN202865,,2025-08-23T03:05:00,ACC00056,ACC00188,963.28,IMPS,Kanpur,Uttar Pradesh,False,1,0.6
TXN202866,,2025-03-15T11:58:00,ACC00154,ACC00101,1347.3,IMPS,Kanpur,Uttar Pradesh,False,17,1.88
TXN202867,,2025-08-26T08:22:00,ACC00322,ACC00396,589.37,Wallet,Patna,Bihar,False,32,1.56
TXN202868,,2025-09-13T09:18:00,ACC00328,ACC00209,1153.98,IMPS,Delhi,Delhi,False,14,1.71
TXN202869,,2025-03-20T07:32:00,ACC00033,ACC00141,113.92,Card,Hyderabad,Telangana,False,26,1.04
TXN202870,,2025-05-20T21:33:00,ACC00326,ACC00176,726.8,RTGS,Patna,Bihar,False,20,1.64
TXN202871,,2025-07-15T04:38:00,ACC00035,ACC00414,236.62,Card,Lucknow,Uttar Pradesh,False,33,0.16
TXN202872,,2025-04-05T20:35:00,ACC00377,ACC00491,1516.06,NEFT,Bengaluru,Karnataka,False,21,1.67
TXN202873,,2025-06-16T00:01:00,ACC00051,ACC00444,841.21,Card,Patna,Bihar,False,24,1.96
TXN202874,,2025-02-20T14:39:00,ACC00004,ACC00048,143.47,Wallet,Jaipur,Rajasthan,False,33,1.64
TXN202875,,2025-07-10T05:42:00,ACC00264,ACC00110,2718.21,Card,Patna,Bihar,False,12,0.93
TXN202876,,2025-08-05T11:54:00,ACC00029,ACC00326,1300.19,Wallet,Bengaluru,Karnataka,False,38,1.28
TXN202877,,2025-03-24T03:17:00,ACC00290,ACC00173,2549.34,RTGS,Delhi,Delhi,False,28,0.13
TXN202878,,2025-03-21T04:42:00,ACC00407,ACC00028,1609.11,RTGS,Patna,Bihar,False,23,1.86
TXN202879,,2025-04-20T18:03:00,ACC00186,ACC00003,3604.7,Card,Bengaluru,Karnataka,False,20,1.51
TXN202880,,2025-06-16T23:07:00,ACC00211,ACC00260,1438.28,NEFT,Patna,Bihar,False,32,1.94
TXN202881,,2025-02-06T01:35:00,ACC00240,ACC00227,311.09,RTGS,Kanpur,Uttar Pradesh,False,26,0.92
TXN202882,,2025-04-22T19:38:00,ACC00060,ACC00218,10885.45,Card,Hyderabad,Telangana,False,16,1.61
TXN202883,,2025-07-27T22:03:00,ACC00091,ACC00112,2169.17,RTGS,Bengaluru,Karnataka,False,21,0.21
TXN202884,,2025-06-05T12:19:00,ACC00430,ACC00457,1765.18,UPI,Hyderabad,Telangana,False,2,0.44
TXN202885,,2025-02-03T11:08:00,ACC00465,ACC00009,12336.92,UPI,Patna,Bihar,False,42,0.41
TXN202886,,2025-04-23T03:19:00,ACC00392,ACC00276,1084.17,NEFT,Patna,Bihar,False,40,1.94
TXN202887,,2025-04-03T04:37:00,ACC00110,ACC00351,1069.07,Card,Hyderabad,Telangana,False,8,1.66
TXN202888,,2025-04-05T05:08:00,ACC00065,ACC00317,1077.67,UPI,Patna,Bihar,False,30,1.09
TXN202889,,2025-03-01T04:00:00,ACC00230,ACC00278,3294.44,IMPS,Kanpur,Uttar Pradesh,False,10,0.14
TXN202890,,2025-05-31T09:12:00,ACC00287,ACC00066,1205.17,NEFT,Hyderabad,Telangana,False,6,0.28
TXN202891,,2025-06-26T08:44:00,ACC00180,ACC00186,1147.87,IMPS,Bengaluru,Karnataka,False,8,0.38
TXN202892,,2025-07-26T23:36:00,ACC00033,ACC00118,940.63,Card,Jaipur,Rajasthan,False,8,0.15
TXN202893,,2025-01-18T00:20:00,ACC00124,ACC00489,4391.96,IMPS,Delhi,Delhi,False,6,1.77
TXN202894,,2025-07-22T22:14:00,ACC00462,ACC00068,1416.11,IMPS,Delhi,Delhi,False,11,1.65
TXN202895,,2025-01-17T04:49:00,ACC00415,ACC00456,6013.95,Wallet,Lucknow,Uttar Pradesh,False,14,0.95
TXN202896,,2025-06-27T20:41:00,ACC00228,ACC00140,4008.72,Wallet,Kanpur,Uttar Pradesh,False,36,1.01
TXN202897,,2025-05-26T23:50:00,ACC00331,ACC00176,1057.92,NEFT,Mumbai,Maharashtra,False,18,0.91
TXN202898,,2025-03-03T13:28:00,ACC00039,ACC00323,489.54,NEFT,Mumbai,Maharashtra,False,16,0.34
TXN202899,,2025-05-14T18:32:00,ACC00217,ACC00309,1305.3,NEFT,Mumbai,Maharashtra,False,20,0.52
TXN202900,,2025-06-29T05:51:00,ACC00366,ACC00134,895.63,IMPS,Delhi,Delhi,False,13,1.51
TXN202901,,2025-02-23T02:09:00,ACC00417,ACC00126,1839.53,Wallet,Mumbai,Maharashtra,False,23,0.87
TXN202902,,2025-02-27T00:57:00,ACC00247,ACC00380,6333.57,Card,Patna,Bihar,False,16,1.15
TXN202903,,2025-05-13T21:41:00,ACC00058,ACC00185,756.67,IMPS,Lucknow,Uttar Pradesh,False,28,0.26
TXN202904,,2025-07-31T12:45:00,ACC00013,ACC00092,14749.25,IMPS,Delhi,Delhi,False,17,0.77
TXN202905,,2025-05-19T21:19:00,ACC00134,ACC00495,1534.65,UPI,Kanpur,Uttar Pradesh,False,11,1.08
TXN202906,,2025-04-27T07:47:00,ACC00018,ACC00000,5153.95,IMPS,Delhi,Delhi,False,34,0.31
TXN202907,,2025-04-13T15:36:00,ACC00498,ACC00336,1140.76,Wallet,Jaipur,Rajasthan,False,30,1.54
TXN202908,,2025-03-30T06:08:00,ACC00470,ACC00191,972.27,IMPS,Mumbai,Maharashtra,False,26,0.52
TXN202909,,2025-08-19T05:32:00,ACC00225,ACC00002,802.47,UPI,Jaipur,Rajasthan,False,30,0.26
TXN202910,,2025-04-06T13:10:00,ACC00037,ACC00187,496.79,NEFT,Lucknow,Uttar Pradesh,False,17,1.51
TXN202911,,2025-07-15T16:51:00,ACC00356,ACC00358,1514.48,UPI,Patna,Bihar,False,25,1.64
TXN202912,,2025-02-01T00:43:00,ACC00169,ACC00185,1478.29,UPI,Hyderabad,Telangana,False,26,0.67
TXN202913,,2025-04-24T06:09:00,ACC00179,ACC00033,5204.21,IMPS,Bengaluru,Karnataka,False,15,0.21
TXN202914,,2025-06-28T15:30:00,ACC00041,ACC00411,237.02,NEFT,Kanpur,Uttar Pradesh,False,17,1.9
TXN202915,,2025-05-06T16:05:00,ACC00336,ACC00225,890.12,Card,Mumbai,Maharashtra,False,22,1.04
TXN202916,,2025-01-11T02:43:00,ACC00463,ACC00156,3902.44,RTGS,Bengaluru,Karnataka,False,12,1.53
TXN202917,,2025-01-16T13:53:00,ACC00182,ACC00427,2910.77,Wallet,Lucknow,Uttar Pradesh,False,19,1.31
TXN202918,,2025-03-21T22:21:00,ACC00134,ACC00293,592.37,IMPS,Lucknow,Uttar Pradesh,False,21,0.52
TXN202919,,2025-01-03T12:24:00,ACC00247,ACC00335,10277.09,Wallet,Hyderabad,Telangana,False,27,0.29
TXN202920,,2025-01-03T04:54:00,ACC00446,ACC00486,12211.56,Card,Patna,Bihar,False,19,1.57
TXN202921,,2025-03-23T22:06:00,ACC00055,ACC00368,301.56,Card,Jaipur,Rajasthan,False,14,1.12
TXN202922,,2025-01-11T06:13:00,ACC00002,ACC00410,2309.43,Wallet,Patna,Bihar,False,26,0.69
TXN202923,,2025-04-08T15:41:00,ACC00484,ACC00228,10899.05,Wallet,Patna,Bihar,False,39,0.41
TXN202924,,2025-03-21T08:55:00,ACC00185,ACC00357,4172.96,Card,Mumbai,Maharashtra,False,22,0.26
TXN202925,,2025-01-22T19:18:00,ACC00012,ACC00118,5262.26,IMPS,Delhi,Delhi,False,26,0.94
TXN202926,,2025-07-03T14:47:00,ACC00407,ACC00288,870.76,NEFT,Delhi,Delhi,False,23,1.78
TXN202927,,2025-08-25T10:25:00,ACC00409,ACC00062,1436.02,Card,Patna,Bihar,False,11,0.28
TXN202928,,2025-07-26T03:55:00,ACC00292,ACC00253,6243.46,NEFT,Lucknow,Uttar Pradesh,False,10,1.13
TXN202929,,2025-04-05T02:02:00,ACC00261,ACC00349,1842.92,IMPS,Lucknow,Uttar Pradesh,False,15,0.98
TXN202930,,2025-07-18T04:24:00,ACC00210,ACC00322,3742.13,RTGS,Mumbai,Maharashtra,False,17,1.38
TXN202931,,2025-08-23T12:07:00,ACC00330,ACC00042,3260.04,Wallet,Mumbai,Maharashtra,False,20,0.7
TXN202932,,2025-07-27T18:02:00,ACC00432,ACC00006,1248.68,NEFT,Patna,Bihar,False,20,0.25
TXN202933,,2025-09-04T07:53:00,ACC00225,ACC00172,2211.87,UPI,Bengaluru,Karnataka,False,16,1.42
TXN202934,,2025-09-08T06:21:00,ACC00062,ACC00324,4904.06,NEFT,Hyderabad,Telangana,False,12,0.7
TXN202935,,2025-07-17T22:18:00,ACC00304,ACC00338,1190.34,RTGS,Hyderabad,Telangana,False,32,1.24
TXN202936,,2025-02-09T23:21:00,ACC00290,ACC00051,3501.36,IMPS,Hyderabad,Telangana,False,14,0.79
TXN202937,,2025-05-02T16:51:00,ACC00166,ACC00312,17013.46,UPI,Bengaluru,Karnataka,False,31,1.99
TXN202938,,2025-01-08T19:27:00,ACC00085,ACC00174,3306.64,RTGS,Delhi,Delhi,False,7,0.67
TXN202939,,2025-02-22T12:37:00,ACC00251,ACC00291,4213.07,UPI,Jaipur,Rajasthan,False,36,0.22
TXN202940,,2025-09-09T10:12:00,ACC00338,ACC00065,660.43,Card,Patna,Bihar,False,25,0.48
TXN202941,,2025-08-12T05:09:00,ACC00139,ACC00406,3815.81,NEFT,Jaipur,Rajasthan,False,8,0.87
TXN202942,,2025-05-11T19:12:00,ACC00020,ACC00362,3811.79,Wallet,Hyderabad,Telangana,False,16,1.03
TXN202943,,2025-09-17T10:27:00,ACC00120,ACC00078,6802.46,Card,Delhi,Delhi,False,34,0.38
TXN202944,,2025-08-09T11:02:00,ACC00280,ACC00269,988.84,IMPS,Kanpur,Uttar Pradesh,False,23,1.23
TXN202945,,2025-06-21T19:33:00,ACC00072,ACC00359,2675.91,IMPS,Lucknow,Uttar Pradesh,False,26,1.19
TXN202946,,2025-02-20T20:15:00,ACC00151,ACC00174,1559.47,RTGS,Kanpur,Uttar Pradesh,False,26,1.65
TXN202947,,2025-03-02T13:08:00,ACC00130,ACC00112,1353.66,Wallet,Bengaluru,Karnataka,False,21,1.44
TXN202948,,2025-06-23T01:07:00,ACC00422,ACC00366,1636.58,NEFT,Lucknow,Uttar Pradesh,False,14,0.36
TXN202949,,2025-07-09T02:08:00,ACC00329,ACC00306,875.28,NEFT,Hyderabad,Telangana,False,21,0.77
TXN202950,,2025-03-11T22:58:00,ACC00277,ACC00418,4246.12,NEFT,Kanpur,Uttar Pradesh,False,22,0.56
TXN202951,,2025-07-12T18:21:00,ACC00288,ACC00126,2919.52,Wallet,Delhi,Delhi,False,24,1.06
TXN202952,,2025-04-04T09:36:00,ACC00052,ACC00324,2676.93,Card,Patna,Bihar,False,31,1.79
TXN202953,,2025-06-12T14:14:00,ACC00490,ACC00363,1947.94,UPI,Delhi,Delhi,False,20,0.16
TXN202954,,2025-06-02T15:07:00,ACC00095,ACC00178,298.42,Card,Jaipur,Rajasthan,False,29,1.46
TXN202955,,2025-03-18T15:23:00,ACC00438,ACC00465,2763.99,Card,Kanpur,Uttar Pradesh,False,2,0.2
TXN202956,,2025-04-10T08:30:00,ACC00173,ACC00172,1558.09,IMPS,Delhi,Delhi,False,21,0.21
TXN202957,,2025-03-19T17:40:00,ACC00415,ACC00296,1785.71,NEFT,Patna,Bihar,False,13,1.14
TXN202958,,2025-02-26T18:45:00,ACC00212,ACC00121,1387.46,UPI,Kanpur,Uttar Pradesh,False,15,0.63
TXN202959,,2025-06-01T16:52:00,ACC00106,ACC00088,747.27,IMPS,Bengaluru,Karnataka,False,1,0.84
TXN202960,,2025-01-03T09:29:00,ACC00314,ACC00391,1591.81,IMPS,Patna,Bihar,False,35,1.22
TXN202961,,2025-06-24T06:38:00,ACC00009,ACC00022,2798.76,IMPS,Patna,Bihar,False,37,0.59
TXN202962,,2025-01-25T22:45:00,ACC00380,ACC00390,1388.75,NEFT,Bengaluru,Karnataka,False,30,1.13
TXN202963,,2025-01-12T11:37:00,ACC00100,ACC00133,602.71,IMPS,Lucknow,Uttar Pradesh,False,23,1.02
TXN202964,,2025-07-27T03:39:00,ACC00235,ACC00472,1335.24,Card,Delhi,Delhi,False,13,0.79
TXN202965,,2025-03-26T07:26:00,ACC00212,ACC00339,276.76,IMPS,Hyderabad,Telangana,False,21,1.52
TXN202966,,2025-06-20T12:16:00,ACC00158,ACC00140,9599.25,RTGS,Hyderabad,Telangana,False,18,0.15
TXN202967,,2025-07-14T21:55:00,ACC00015,ACC00060,961.29,NEFT,Jaipur,Rajasthan,False,7,0.16
TXN202968,,2025-07-31T20:18:00,ACC00035,ACC00340,988.39,NEFT,Jaipur,Rajasthan,False,30,0.49
TXN202969,,2025-02-16T10:24:00,ACC00423,ACC00440,4537.53,NEFT,Mumbai,Maharashtra,False,19,1.28
TXN202970,,2025-02-10T13:00:00,ACC00441,ACC00449,1261.66,RTGS,Kanpur,Uttar Pradesh,False,14,1.7
TXN202971,,2025-01-08T14:31:00,ACC00012,ACC00404,1860.94,IMPS,Bengaluru,Karnataka,False,8,0.72
TXN202972,,2025-07-21T20:39:00,ACC00017,ACC00111,2340.55,Card,Hyderabad,Telangana,False,30,1.79
TXN202973,,2025-03-14T18:18:00,ACC00239,ACC00268,505.4,Wallet,Kanpur,Uttar Pradesh,False,16,0.33
TXN202974,,2025-08-11T17:44:00,ACC00355,ACC00098,8367.45,RTGS,Patna,Bihar,False,17,0.82
TXN202975,,2025-09-09T18:24:00,ACC00126,ACC00087,3046.6,Wallet,Kanpur,Uttar Pradesh,False,22,1.98
TXN202976,,2025-01-08T00:00:00,ACC00010,ACC00041,2133.0,NEFT,Delhi,Delhi,False,24,0.59
TXN202977,,2025-03-30T00:02:00,ACC00021,ACC00175,3156.39,Wallet,Bengaluru,Karnataka,False,27,1.15
TXN202978,,2025-04-27T16:17:00,ACC00032,ACC00001,781.05,IMPS,Bengaluru,Karnataka,False,1,1.72
TXN202979,,2025-07-20T06:21:00,ACC00337,ACC00063,2821.39,IMPS,Delhi,Delhi,False,24,1.79
TXN202980,,2025-09-13T04:50:00,ACC00457,ACC00377,1594.53,Wallet,Jaipur,Rajasthan,False,6,0.38
TXN202981,,2025-07-17T10:39:00,ACC00311,ACC00480,535.92,Card,Patna,Bihar,False,24,1.58
TXN202982,,2025-08-05T04:41:00,ACC00390,ACC00269,8427.46,NEFT,Delhi,Delhi,False,11,0.41
TXN202983,,2025-01-01T21:53:00,ACC00224,ACC00183,4068.41,Wallet,Hyderabad,Telangana,False,37,1.28
TXN202984,,2025-03-28T22:53:00,ACC00085,ACC00075,1194.04,RTGS,Delhi,Delhi,False,32,0.23
TXN202985,,2025-05-02T18:07:00,ACC00496,ACC00260,3375.69,UPI,Patna,Bihar,False,11,1.86
TXN202986,,2025-05-27T21:52:00,ACC00307,ACC00017,5382.97,Card,Mumbai,Maharashtra,False,16,0.95
TXN202987,,2025-02-01T01:24:00,ACC00312,ACC00342,12830.45,UPI,Jaipur,Rajasthan,False,11,1.91
TXN202988,,2025-08-11T12:32:00,ACC00080,ACC00289,2300.0,UPI,Kanpur,Uttar Pradesh,False,35,1.57
TXN202989,,2025-01-09T07:34:00,ACC00220,ACC00349,3239.41,Card,Patna,Bihar,False,14,0.61
TXN202990,,2025-07-26T18:57:00,ACC00401,ACC00209,611.34,Card,Patna,Bihar,False,18,1.91
TXN202991,,2025-08-14T02:08:00,ACC00034,ACC00220,6369.0,NEFT,Bengaluru,Karnataka,False,15,1.66
TXN202992,,2025-01-08T02:58:00,ACC00412,ACC00011,701.23,IMPS,Jaipur,Rajasthan,False,25,0.95
TXN202993,,2025-03-03T03:38:00,ACC00181,ACC00406,3408.82,NEFT,Patna,Bihar,False,11,0.84
TXN202994,,2025-05-03T03:02:00,ACC00036,ACC00142,1979.35,UPI,Delhi,Delhi,False,13,0.25
TXN202995,,2025-03-13T15:29:00,ACC00142,ACC00007,842.03,RTGS,Lucknow,Uttar Pradesh,False,23,0.2
TXN202996,,2025-07-09T08:53:00,ACC00176,ACC00376,4556.57,Card,Hyderabad,Telangana,False,19,0.51
TXN202997,,2025-05-30T21:31:00,ACC00059,ACC00147,1032.02,RTGS,Mumbai,Maharashtra,False,2,1.78
TXN202998,,2025-02-11T06:10:00,ACC00126,ACC00101,316.85,Card,Mumbai,Maharashtra,False,1,1.86
TXN202999,,2025-02-15T15:52:00,ACC00116,ACC00168,2537.73,NEFT,Jaipur,Rajasthan,False,6,0.97
TXN203000,,2025-01-18T12:27:00,ACC00447,ACC00451,846.56,RTGS,Jaipur,Rajasthan,False,30,0.69
TXN203001,,2025-03-28T16:03:00,ACC00441,ACC00392,4707.0,UPI,Lucknow,Uttar Pradesh,False,15,0.59
TXN203002,,2025-07-20T01:35:00,ACC00184,ACC00057,974.24,NEFT,Jaipur,Rajasthan,False,23,0.46
TXN203003,,2025-08-23T00:44:00,ACC00151,ACC00119,8393.28,Wallet,Delhi,Delhi,False,28,0.62
TXN203004,,2025-03-05T14:17:00,ACC00120,ACC00414,5862.6,UPI,Bengaluru,Karnataka,False,14,1.61
TXN203005,,2025-04-15T23:11:00,ACC00004,ACC00187,1885.35,Card,Hyderabad,Telangana,False,26,1.49
TXN203006,,2025-06-05T00:33:00,ACC00155,ACC00236,321.36,Wallet,Kanpur,Uttar Pradesh,False,1,0.44
TXN203007,,2025-02-19T18:32:00,ACC00415,ACC00028,5744.41,Wallet,Delhi,Delhi,False,11,1.03
TXN203008,,2025-06-08T15:59:00,ACC00025,ACC00413,1104.18,NEFT,Mumbai,Maharashtra,False,24,1.37
TXN203009,,2025-08-24T08:28:00,ACC00133,ACC00336,458.14,Wallet,Kanpur,Uttar Pradesh,False,13,0.5
TXN203010,,2025-03-07T02:24:00,ACC00180,ACC00429,3068.39,RTGS,Delhi,Delhi,False,13,0.61
TXN203011,,2025-08-15T12:19:00,ACC00354,ACC00410,1575.59,IMPS,Kanpur,Uttar Pradesh,False,34,1.22
TXN203012,,2025-04-23T18:16:00,ACC00116,ACC00301,592.53,NEFT,Mumbai,Maharashtra,False,18,1.66
TXN203013,,2025-07-23T11:51:00,ACC00455,ACC00342,14228.81,Card,Jaipur,Rajasthan,False,25,0.31
TXN203014,,2025-03-06T10:20:00,ACC00087,ACC00360,1057.98,NEFT,Kanpur,Uttar Pradesh,False,24,1.34
TXN203015,,2025-06-29T13:02:00,ACC00434,ACC00461,892.14,Card,Patna,Bihar,False,18,1.18
TXN203016,,2025-01-23T07:23:00,ACC00013,ACC00076,709.33,IMPS,Kanpur,Uttar Pradesh,False,35,1.81
TXN203017,,2025-05-30T04:39:00,ACC00441,ACC00267,2931.72,IMPS,Bengaluru,Karnataka,False,14,1.23
TXN203018,,2025-08-01T13:19:00,ACC00336,ACC00176,2704.24,RTGS,Mumbai,Maharashtra,False,1,0.11
TXN203019,,2025-03-19T18:30:00,ACC00118,ACC00140,2874.69,UPI,Delhi,Delhi,False,25,1.81
TXN203020,,2025-08-25T21:54:00,ACC00175,ACC00155,2837.22,Card,Mumbai,Maharashtra,False,28,0.32
TXN203021,,2025-02-21T15:21:00,ACC00176,ACC00470,1830.5,UPI,Kanpur,Uttar Pradesh,False,15,1.32
TXN203022,,2025-05-01T04:31:00,ACC00494,ACC00270,970.76,RTGS,Jaipur,Rajasthan,False,47,1.21
TXN203023,,2025-02-04T12:24:00,ACC00396,ACC00222,205.18,RTGS,Hyderabad,Telangana,False,16,0.19
TXN203024,,2025-08-11T16:50:00,ACC00322,ACC00309,4070.4,UPI,Kanpur,Uttar Pradesh,False,9,1.56
TXN203025,,2025-04-16T00:34:00,ACC00079,ACC00463,873.64,IMPS,Hyderabad,Telangana,False,18,1.85
TXN203026,,2025-06-21T06:30:00,ACC00435,ACC00117,2025.08,NEFT,Mumbai,Maharashtra,False,23,0.56
TXN203027,,2025-05-10T16:04:00,ACC00300,ACC00198,1490.59,NEFT,Delhi,Delhi,False,1,0.63
TXN203028,,2025-03-25T05:55:00,ACC00125,ACC00116,2516.61,NEFT,Patna,Bihar,False,8,0.88
TXN203029,,2025-09-09T02:59:00,ACC00195,ACC00016,3515.5,Card,Hyderabad,Telangana,False,27,1.01
TXN203030,,2025-07-28T15:32:00,ACC00437,ACC00094,2721.51,Card,Jaipur,Rajasthan,False,30,1.71
TXN203031,,2025-07-21T02:02:00,ACC00330,ACC00168,212.0,NEFT,Patna,Bihar,False,8,1.73
TXN203032,,2025-01-20T21:15:00,ACC00437,ACC00261,541.88,Wallet,Mumbai,Maharashtra,False,34,0.43
TXN203033,,2025-03-15T23:39:00,ACC00103,ACC00045,6663.76,IMPS,Kanpur,Uttar Pradesh,False,15,0.22
TXN203034,,2025-03-05T03:55:00,ACC00312,ACC00147,20320.8,Card,Jaipur,Rajasthan,False,20,1.5
TXN203035,,2025-05-15T06:18:00,ACC00175,ACC00121,1276.1,IMPS,Bengaluru,Karnataka,False,19,1.36
TXN203036,,2025-07-14T15:30:00,ACC00362,ACC00409,3500.09,Card,Kanpur,Uttar Pradesh,False,7,1.0
TXN203037,,2025-09-04T18:33:00,ACC00064,ACC00203,972.8,RTGS,Mumbai,Maharashtra,False,26,1.93
TXN203038,,2025-06-08T23:33:00,ACC00313,ACC00119,1088.61,UPI,Jaipur,Rajasthan,False,29,1.9
TXN203039,,2025-09-12T00:56:00,ACC00464,ACC00275,639.14,Wallet,Jaipur,Rajasthan,False,11,1.18
TXN203040,,2025-02-28T01:26:00,ACC00272,ACC00101,4249.67,UPI,Hyderabad,Telangana,False,20,0.28
TXN203041,,2025-01-08T23:16:00,ACC00495,ACC00022,15557.9,Wallet,Bengaluru,Karnataka,False,2,1.35
TXN203042,,2025-06-21T08:44:00,ACC00208,ACC00175,2039.4,NEFT,Kanpur,Uttar Pradesh,False,13,1.43
TXN203043,,2025-08-25T11:41:00,ACC00371,ACC00300,2382.14,Wallet,Bengaluru,Karnataka,False,19,0.85
TXN203044,,2025-07-07T15:43:00,ACC00322,ACC00494,3213.12,RTGS,Lucknow,Uttar Pradesh,False,19,0.41
TXN203045,,2025-04-13T22:04:00,ACC00332,ACC00093,2310.86,RTGS,Kanpur,Uttar Pradesh,False,28,1.11
TXN203046,,2025-03-03T04:04:00,ACC00375,ACC00486,2907.07,Card,Lucknow,Uttar Pradesh,False,19,0.23
TXN203047,,2025-03-22T06:51:00,ACC00245,ACC00270,2024.94,UPI,Patna,Bihar,False,23,0.68
TXN203048,,2025-03-27T09:47:00,ACC00401,ACC00421,2047.41,UPI,Hyderabad,Telangana,False,27,1.57
TXN203049,,2025-05-11T08:20:00,ACC00024,ACC00049,1602.75,Card,Hyderabad,Telangana,False,5,1.95
TXN203050,,2025-02-16T23:53:00,ACC00068,ACC00052,1203.89,Wallet,Bengaluru,Karnataka,False,32,1.53
TXN203051,,2025-05-23T07:37:00,ACC00072,ACC00261,1291.88,Wallet,Bengaluru,Karnataka,False,20,1.51
TXN203052,,2025-01-12T01:50:00,ACC00330,ACC00235,9748.6,NEFT,Lucknow,Uttar Pradesh,False,25,1.6
TXN203053,,2025-08-07T17:16:00,ACC00018,ACC00217,4740.57,RTGS,Kanpur,Uttar Pradesh,False,16,1.8
TXN203054,,2025-05-01T07:08:00,ACC00302,ACC00235,627.6,UPI,Bengaluru,Karnataka,False,18,1.48
TXN203055,,2025-09-02T12:24:00,ACC00120,ACC00213,4055.56,Card,Bengaluru,Karnataka,False,4,1.09
TXN203056,,2025-04-10T13:16:00,ACC00303,ACC00101,3486.0,Card,Lucknow,Uttar Pradesh,False,6,1.89
TXN203057,,2025-01-03T23:33:00,ACC00090,ACC00138,5878.58,NEFT,Patna,Bihar,False,20,1.04
TXN203058,,2025-06-07T17:05:00,ACC00108,ACC00356,3650.35,RTGS,Kanpur,Uttar Pradesh,False,22,0.71
TXN203059,,2025-06-24T20:03:00,ACC00493,ACC00407,12007.76,RTGS,Lucknow,Uttar Pradesh,False,14,0.45
TXN203060,,2025-01-27T16:11:00,ACC00354,ACC00397,2075.74,IMPS,Kanpur,Uttar Pradesh,False,6,0.23
TXN203061,,2025-03-21T03:06:00,ACC00499,ACC00159,2884.74,IMPS,Patna,Bihar,False,24,0.57
TXN203062,,2025-09-04T01:10:00,ACC00387,ACC00471,5411.63,NEFT,Mumbai,Maharashtra,False,9,1.61
TXN203063,,2025-07-09T17:11:00,ACC00379,ACC00435,4365.09,IMPS,Lucknow,Uttar Pradesh,False,14,0.97
TXN203064,,2025-03-29T11:11:00,ACC00450,ACC00319,11543.54,UPI,Jaipur,Rajasthan,False,5,1.8
TXN203065,,2025-06-08T18:04:00,ACC00431,ACC00225,335.82,Card,Lucknow,Uttar Pradesh,False,33,1.5
TXN203066,,2025-05-27T17:33:00,ACC00150,ACC00166,125.06,RTGS,Kanpur,Uttar Pradesh,False,28,1.68
TXN203067,,2025-04-08T03:18:00,ACC00186,ACC00436,12814.98,NEFT,Kanpur,Uttar Pradesh,False,43,1.92
TXN203068,,2025-07-15T01:38:00,ACC00312,ACC00182,460.06,Card,Bengaluru,Karnataka,False,26,1.72
TXN203069,,2025-01-06T12:38:00,ACC00473,ACC00183,3557.16,NEFT,Delhi,Delhi,False,37,0.2
TXN203070,,2025-02-01T16:40:00,ACC00491,ACC00077,2713.93,NEFT,Kanpur,Uttar Pradesh,False,21,0.95
TXN203071,,2025-03-29T07:58:00,ACC00377,ACC00454,7039.22,Wallet,Delhi,Delhi,False,1,1.81
TXN203072,,2025-01-11T08:44:00,ACC00139,ACC00179,592.17,UPI,Lucknow,Uttar Pradesh,False,12,1.71
TXN203073,,2025-04-18T04:43:00,ACC00088,ACC00222,3671.64,UPI,Kanpur,Uttar Pradesh,False,34,1.91
TXN203074,,2025-07-05T20:58:00,ACC00094,ACC00191,3167.12,UPI,Hyderabad,Telangana,False,16,1.9
TXN203075,,2025-08-06T17:40:00,ACC00272,ACC00162,4710.33,Wallet,Hyderabad,Telangana,False,26,1.61
TXN203076,,2025-01-07T20:21:00,ACC00361,ACC00162,547.51,Card,Kanpur,Uttar Pradesh,False,21,1.91
TXN203077,,2025-07-08T07:49:00,ACC00002,ACC00142,14960.75,NEFT,Delhi,Delhi,False,12,1.29
TXN203078,,2025-02-06T17:11:00,ACC00280,ACC00190,2804.83,Card,Bengaluru,Karnataka,False,16,0.92
TXN203079,,2025-01-12T15:35:00,ACC00379,ACC00083,3594.35,NEFT,Lucknow,Uttar Pradesh,False,38,1.4
TXN203080,,2025-05-17T16:37:00,ACC00066,ACC00067,3135.29,Wallet,Delhi,Delhi,False,7,0.18
TXN203081,,2025-01-26T05:37:00,ACC00132,ACC00183,1035.01,IMPS,Jaipur,Rajasthan,False,26,0.46
TXN203082,,2025-04-19T10:06:00,ACC00182,ACC00367,1109.75,RTGS,Bengaluru,Karnataka,False,2,0.94
TXN203083,,2025-03-16T21:10:00,ACC00345,ACC00073,774.8,RTGS,Jaipur,Rajasthan,False,22,0.41
TXN203084,,2025-03-31T10:07:00,ACC00115,ACC00274,506.74,Card,Patna,Bihar,False,20,1.63
TXN203085,,2025-03-03T23:31:00,ACC00153,ACC00013,2035.96,Wallet,Patna,Bihar,False,19,0.79
TXN203086,,2025-07-08T01:59:00,ACC00208,ACC00185,500.29,IMPS,Hyderabad,Telangana,False,15,1.31
TXN203087,,2025-06-30T09:35:00,ACC00496,ACC00400,3450.56,RTGS,Delhi,Delhi,False,28,0.89
TXN203088,,2025-04-04T19:56:00,ACC00099,ACC00481,428.5,IMPS,Hyderabad,Telangana,False,19,1.93
TXN203089,,2025-07-09T23:27:00,ACC00385,ACC00494,1357.79,Card,Patna,Bihar,False,16,1.59
TXN203090,,2025-08-03T04:15:00,ACC00264,ACC00428,1933.27,NEFT,Bengaluru,Karnataka,False,22,0.21
TXN203091,,2025-02-03T09:16:00,ACC00060,ACC00121,5668.33,UPI,Hyderabad,Telangana,False,6,0.26
TXN203092,,2025-08-14T08:35:00,ACC00196,ACC00101,4325.56,Wallet,Jaipur,Rajasthan,False,18,1.04
TXN203093,,2025-06-25T17:40:00,ACC00108,ACC00440,1418.58,NEFT,Jaipur,Rajasthan,False,33,0.56
TXN203094,,2025-04-09T03:12:00,ACC00312,ACC00483,1837.59,UPI,Jaipur,Rajasthan,False,31,0.92
TXN203095,,2025-09-05T09:48:00,ACC00041,ACC00337,356.55,UPI,Mumbai,Maharashtra,False,1,0.41
TXN203096,,2025-02-25T14:10:00,ACC00031,ACC00149,2412.02,Wallet,Delhi,Delhi,False,16,1.84
TXN203097,,2025-07-19T05:31:00,ACC00403,ACC00169,2721.42,Card,Hyderabad,Telangana,False,26,0.65
TXN203098,,2025-08-16T02:51:00,ACC00383,ACC00382,339.05,RTGS,Jaipur,Rajasthan,False,25,0.89
TXN203099,,2025-02-27T03:37:00,ACC00161,ACC00419,3111.17,UPI,Jaipur,Rajasthan,False,3,0.37
TXN203100,,2025-05-13T09:14:00,ACC00225,ACC00259,1436.02,Wallet,Patna,Bihar,False,13,0.5
TXN203101,,2025-07-27T13:28:00,ACC00250,ACC00119,2839.52,UPI,Lucknow,Uttar Pradesh,False,9,1.68
TXN203102,,2025-03-25T20:40:00,ACC00080,ACC00253,5831.17,RTGS,Mumbai,Maharashtra,False,20,1.82
TXN203103,,2025-08-01T13:44:00,ACC00456,ACC00232,1961.98,Card,Mumbai,Maharashtra,False,22,0.15
TXN203104,,2025-04-15T13:36:00,ACC00243,ACC00274,919.99,Card,Delhi,Delhi,False,7,0.54
TXN203105,,2025-04-30T11:29:00,ACC00099,ACC00371,3729.9,NEFT,Delhi,Delhi,False,20,0.44
TXN203106,,2025-08-14T06:18:00,ACC00355,ACC00257,5217.64,RTGS,Kanpur,Uttar Pradesh,False,52,0.43
TXN203107,,2025-02-04T03:17:00,ACC00308,ACC00111,754.02,UPI,Kanpur,Uttar Pradesh,False,23,1.57
TXN203108,,2025-08-05T06:38:00,ACC00267,ACC00194,2910.13,RTGS,Delhi,Delhi,False,21,0.99
TXN203109,,2025-09-04T14:21:00,ACC00045,ACC00170,1785.01,Wallet,Delhi,Delhi,False,12,0.36
TXN203110,,2025-08-16T04:05:00,ACC00285,ACC00158,474.49,UPI,Kanpur,Uttar Pradesh,False,25,0.52
TXN203111,,2025-05-11T15:31:00,ACC00493,ACC00270,1465.91,NEFT,Delhi,Delhi,False,14,0.84
TXN203112,,2025-07-28T21:26:00,ACC00193,ACC00395,956.52,IMPS,Delhi,Delhi,False,31,1.04
TXN203113,,2025-06-25T00:58:00,ACC00218,ACC00125,1070.18,NEFT,Kanpur,Uttar Pradesh,False,27,0.77
TXN203114,,2025-09-12T20:47:00,ACC00030,ACC00489,10848.37,Wallet,Delhi,Delhi,False,11,0.21
TXN203115,,2025-06-27T14:48:00,ACC00015,ACC00464,6231.29,Wallet,Kanpur,Uttar Pradesh,False,24,1.06
TXN203116,,2025-08-20T06:45:00,ACC00064,ACC00382,3892.41,RTGS,Kanpur,Uttar Pradesh,False,23,0.76
TXN203117,,2025-04-07T00:46:00,ACC00151,ACC00058,1991.16,Card,Lucknow,Uttar Pradesh,False,33,0.95
TXN203118,,2025-07-09T23:09:00,ACC00259,ACC00070,2216.38,Card,Delhi,Delhi,False,29,1.59
TXN203119,,2025-06-24T23:57:00,ACC00436,ACC00270,455.61,NEFT,Lucknow,Uttar Pradesh,False,15,0.36
TXN203120,,2025-06-03T03:14:00,ACC00170,ACC00135,1245.87,UPI,Lucknow,Uttar Pradesh,False,17,1.35
TXN203121,,2025-05-26T21:54:00,ACC00154,ACC00056,6939.97,Card,Lucknow,Uttar Pradesh,False,13,1.18
TXN203122,,2025-05-18T03:43:00,ACC00340,ACC00014,583.17,NEFT,Patna,Bihar,False,5,1.26
TXN203123,,2025-08-31T20:54:00,ACC00377,ACC00154,588.76,NEFT,Mumbai,Maharashtra,False,33,1.0
TXN203124,,2025-03-23T02:51:00,ACC00402,ACC00081,710.58,Wallet,Bengaluru,Karnataka,False,4,0.69
TXN203125,,2025-02-26T00:08:00,ACC00141,ACC00271,1178.59,IMPS,Mumbai,Maharashtra,False,7,1.3
TXN203126,,2025-09-03T09:49:00,ACC00432,ACC00070,2808.15,Wallet,Delhi,Delhi,False,27,0.15
TXN203127,,2025-02-22T01:17:00,ACC00422,ACC00015,648.37,UPI,Hyderabad,Telangana,False,36,1.27
TXN203128,,2025-07-20T23:02:00,ACC00211,ACC00473,2023.75,RTGS,Mumbai,Maharashtra,False,33,0.21
TXN203129,,2025-01-26T01:40:00,ACC00186,ACC00477,4463.93,RTGS,Bengaluru,Karnataka,False,10,0.4
TXN203130,,2025-04-27T13:28:00,ACC00308,ACC00102,1515.09,RTGS,Kanpur,Uttar Pradesh,False,17,0.1
TXN203131,,2025-01-14T03:12:00,ACC00395,ACC00006,756.54,RTGS,Bengaluru,Karnataka,False,36,0.54
TXN203132,,2025-02-04T17:42:00,ACC00352,ACC00380,1038.11,IMPS,Lucknow,Uttar Pradesh,False,16,1.72
TXN203133,,2025-04-25T15:50:00,ACC00320,ACC00208,2048.42,Wallet,Patna,Bihar,False,18,1.96
TXN203134,,2025-06-10T21:22:00,ACC00198,ACC00022,3087.38,Wallet,Kanpur,Uttar Pradesh,False,2,1.68
TXN203135,,2025-02-05T11:42:00,ACC00276,ACC00169,1560.43,Card,Patna,Bihar,False,26,1.47
TXN203136,,2025-03-17T16:24:00,ACC00066,ACC00396,744.8,NEFT,Kanpur,Uttar Pradesh,False,10,1.37
TXN203137,,2025-01-28T01:12:00,ACC00227,ACC00415,830.59,UPI,Patna,Bihar,False,24,1.73
TXN203138,,2025-03-28T04:36:00,ACC00230,ACC00431,1352.79,Wallet,Hyderabad,Telangana,False,8,1.46
TXN203139,,2025-07-12T06:02:00,ACC00100,ACC00158,523.7,Card,Bengaluru,Karnataka,False,34,1.8
TXN203140,,2025-03-10T20:02:00,ACC00482,ACC00229,19330.42,RTGS,Mumbai,Maharashtra,False,15,1.19
TXN203141,,2025-05-02T18:42:00,ACC00395,ACC00194,1118.98,RTGS,Delhi,Delhi,False,20,1.88
TXN203142,,2025-03-07T16:08:00,ACC00095,ACC00443,14948.51,IMPS,Mumbai,Maharashtra,False,7,1.97
TXN203143,,2025-01-27T06:27:00,ACC00464,ACC00120,1656.35,IMPS,Bengaluru,Karnataka,False,18,1.18
TXN203144,,2025-03-21T11:32:00,ACC00481,ACC00123,2347.3,RTGS,Delhi,Delhi,False,5,1.85
TXN203145,,2025-02-12T10:58:00,ACC00450,ACC00302,1192.14,IMPS,Bengaluru,Karnataka,False,21,1.62
TXN203146,,2025-06-06T10:48:00,ACC00241,ACC00091,280.22,UPI,Lucknow,Uttar Pradesh,False,21,0.46
TXN203147,,2025-07-09T15:15:00,ACC00433,ACC00207,3969.29,RTGS,Delhi,Delhi,False,1,2.0
TXN203148,,2025-04-04T08:40:00,ACC00024,ACC00456,477.39,UPI,Patna,Bihar,False,8,0.62
TXN203149,,2025-01-27T21:02:00,ACC00154,ACC00274,611.43,IMPS,Hyderabad,Telangana,False,28,0.81
TXN203150,,2025-04-17T19:21:00,ACC00173,ACC00175,2126.0,RTGS,Delhi,Delhi,False,14,0.92
TXN203151,,2025-04-13T23:46:00,ACC00044,ACC00288,10412.3,NEFT,Patna,Bihar,False,6,1.26
TXN203152,,2025-01-11T16:57:00,ACC00293,ACC00437,862.48,Wallet,Kanpur,Uttar Pradesh,False,15,0.81
TXN203153,,2025-04-08T18:42:00,ACC00327,ACC00439,5456.65,IMPS,Mumbai,Maharashtra,False,22,1.03
TXN203154,,2025-03-04T13:38:00,ACC00205,ACC00299,4646.56,NEFT,Bengaluru,Karnataka,False,9,0.11
TXN203155,,2025-06-20T03:15:00,ACC00045,ACC00440,941.04,RTGS,Bengaluru,Karnataka,False,18,0.65
TXN203156,,2025-02-27T02:48:00,ACC00350,ACC00085,1410.04,NEFT,Patna,Bihar,False,24,0.39
TXN203157,,2025-05-06T21:48:00,ACC00125,ACC00229,4487.6,UPI,Patna,Bihar,False,30,0.16
TXN203158,,2025-06-13T23:33:00,ACC00337,ACC00181,1098.3,UPI,Lucknow,Uttar Pradesh,False,18,1.89
TXN203159,,2025-09-13T00:51:00,ACC00483,ACC00334,3079.85,Wallet,Kanpur,Uttar Pradesh,False,13,1.36
TXN203160,,2025-05-31T07:21:00,ACC00204,ACC00311,1226.78,UPI,Kanpur,Uttar Pradesh,False,1,1.37
TXN203161,,2025-02-17T14:25:00,ACC00172,ACC00245,4216.6,NEFT,Mumbai,Maharashtra,False,36,1.68
TXN203162,,2025-05-14T09:19:00,ACC00318,ACC00493,7913.05,UPI,Hyderabad,Telangana,False,5,0.97
TXN203163,,2025-05-10T15:49:00,ACC00002,ACC00490,182.29,Wallet,Delhi,Delhi,False,8,0.99
TXN203164,,2025-04-17T20:44:00,ACC00400,ACC00332,6109.11,NEFT,Kanpur,Uttar Pradesh,False,17,0.72
TXN203165,,2025-07-27T17:33:00,ACC00429,ACC00214,365.95,Card,Bengaluru,Karnataka,False,24,0.43
TXN203166,,2025-03-18T10:08:00,ACC00452,ACC00042,406.66,NEFT,Hyderabad,Telangana,False,5,1.02
TXN203167,,2025-02-12T09:33:00,ACC00093,ACC00299,3172.32,NEFT,Mumbai,Maharashtra,False,32,0.26
TXN203168,,2025-01-31T02:42:00,ACC00345,ACC00212,1992.89,Card,Mumbai,Maharashtra,False,13,0.25
TXN203169,,2025-06-02T14:03:00,ACC00108,ACC00499,1380.87,IMPS,Hyderabad,Telangana,False,9,1.04
TXN203170,,2025-03-25T10:13:00,ACC00296,ACC00212,425.73,Wallet,Mumbai,Maharashtra,False,8,0.75
TXN203171,,2025-04-02T10:27:00,ACC00156,ACC00237,5041.91,RTGS,Jaipur,Rajasthan,False,3,0.11
TXN203172,,2025-01-15T21:51:00,ACC00367,ACC00230,1711.54,RTGS,Delhi,Delhi,False,32,0.71
TXN203173,,2025-02-13T20:24:00,ACC00239,ACC00041,1369.0,RTGS,Kanpur,Uttar Pradesh,False,36,0.56
TXN203174,,2025-08-24T14:34:00,ACC00482,ACC00306,4082.62,UPI,Delhi,Delhi,False,6,0.96
TXN203175,,2025-06-29T04:29:00,ACC00390,ACC00090,2514.36,UPI,Bengaluru,Karnataka,False,27,1.16
TXN203176,,2025-04-28T18:36:00,ACC00060,ACC00244,2392.09,NEFT,Bengaluru,Karnataka,False,20,0.42
TXN203177,,2025-06-05T15:10:00,ACC00487,ACC00090,535.62,RTGS,Mumbai,Maharashtra,False,28,1.52
TXN203178,,2025-02-18T05:15:00,ACC00421,ACC00354,413.59,Wallet,Lucknow,Uttar Pradesh,False,20,0.23
TXN203179,,2025-03-03T13:20:00,ACC00176,ACC00090,9685.59,UPI,Jaipur,Rajasthan,False,21,0.77
TXN203180,,2025-01-08T23:38:00,ACC00493,ACC00453,6281.46,Wallet,Patna,Bihar,False,14,0.24
TXN203181,,2025-03-06T16:14:00,ACC00390,ACC00274,10881.46,UPI,Hyderabad,Telangana,False,15,0.34
TXN203182,,2025-04-04T15:11:00,ACC00199,ACC00195,3310.7,UPI,Kanpur,Uttar Pradesh,False,29,0.1
TXN203183,,2025-06-26T09:18:00,ACC00469,ACC00491,1691.06,Card,Kanpur,Uttar Pradesh,False,4,1.35
TXN203184,,2025-08-11T17:18:00,ACC00456,ACC00011,2183.12,NEFT,Bengaluru,Karnataka,False,19,1.62
TXN203185,,2025-04-14T15:00:00,ACC00421,ACC00305,1584.75,RTGS,Jaipur,Rajasthan,False,16,1.62
TXN203186,,2025-07-24T05:24:00,ACC00149,ACC00294,211.42,Card,Bengaluru,Karnataka,False,5,0.51
TXN203187,,2025-09-04T08:34:00,ACC00055,ACC00225,13383.13,NEFT,Lucknow,Uttar Pradesh,False,13,1.54
TXN203188,,2025-01-22T04:52:00,ACC00039,ACC00272,2028.59,NEFT,Hyderabad,Telangana,False,28,0.37
TXN203189,,2025-06-06T14:06:00,ACC00488,ACC00223,300.39,Wallet,Jaipur,Rajasthan,False,4,0.32
TXN203190,,2025-08-23T21:53:00,ACC00352,ACC00216,9909.33,Card,Lucknow,Uttar Pradesh,False,13,1.56
TXN203191,,2025-01-23T20:10:00,ACC00453,ACC00139,2558.72,UPI,Mumbai,Maharashtra,False,31,0.91
TXN203192,,2025-06-11T04:18:00,ACC00218,ACC00310,1533.57,UPI,Bengaluru,Karnataka,False,26,0.5
TXN203193,,2025-07-05T02:28:00,ACC00339,ACC00311,1770.99,Wallet,Delhi,Delhi,False,28,0.41
TXN203194,,2025-03-06T19:48:00,ACC00152,ACC00448,1813.97,Wallet,Hyderabad,Telangana,False,24,0.69
TXN203195,,2025-01-13T15:51:00,ACC00467,ACC00169,1370.49,IMPS,Bengaluru,Karnataka,False,24,0.18
TXN203196,,2025-08-21T04:27:00,ACC00211,ACC00289,2851.63,UPI,Lucknow,Uttar Pradesh,False,2,0.34
TXN203197,,2025-06-07T12:19:00,ACC00231,ACC00105,1858.27,Wallet,Patna,Bihar,False,27,0.38
TXN203198,,2025-09-08T09:29:00,ACC00161,ACC00243,3385.69,RTGS,Hyderabad,Telangana,False,15,0.74
TXN203199,,2025-03-25T23:33:00,ACC00057,ACC00207,1117.16,UPI,Jaipur,Rajasthan,False,16,0.28
TXN203200,,2025-03-13T02:13:00,ACC00072,ACC00221,1467.3,Wallet,Delhi,Delhi,False,7,1.07
TXN203201,,2025-02-15T15:01:00,ACC00147,ACC00012,1425.02,NEFT,Bengaluru,Karnataka,False,35,0.84
TXN203202,,2025-08-19T09:39:00,ACC00122,ACC00343,340.85,RTGS,Kanpur,Uttar Pradesh,False,28,1.66
TXN203203,,2025-08-23T16:25:00,ACC00377,ACC00185,979.45,RTGS,Lucknow,Uttar Pradesh,False,46,0.3
TXN203204,,2025-03-15T23:47:00,ACC00074,ACC00031,4137.72,Card,Bengaluru,Karnataka,False,17,0.74
TXN203205,,2025-04-09T16:37:00,ACC00007,ACC00310,1476.0,NEFT,Delhi,Delhi,False,14,0.54
TXN203206,,2025-04-25T16:51:00,ACC00145,ACC00357,2622.32,Wallet,Bengaluru,Karnataka,False,32,0.36
TXN203207,,2025-06-04T12:16:00,ACC00073,ACC00394,2761.43,NEFT,Lucknow,Uttar Pradesh,False,14,1.69
TXN203208,,2025-01-12T06:44:00,ACC00318,ACC00456,2291.14,NEFT,Jaipur,Rajasthan,False,3,1.94
TXN203209,,2025-02-04T22:05:00,ACC00485,ACC00331,2641.63,Wallet,Mumbai,Maharashtra,False,27,0.79
TXN203210,,2025-06-07T04:02:00,ACC00113,ACC00478,1174.31,UPI,Lucknow,Uttar Pradesh,False,18,0.9
TXN203211,,2025-02-10T12:48:00,ACC00441,ACC00240,1377.34,IMPS,Mumbai,Maharashtra,False,30,1.52
TXN203212,,2025-06-23T17:28:00,ACC00021,ACC00180,809.9,IMPS,Lucknow,Uttar Pradesh,False,1,1.9
TXN203213,,2025-06-27T19:22:00,ACC00475,ACC00191,745.36,IMPS,Bengaluru,Karnataka,False,20,0.46
TXN203214,,2025-01-13T23:55:00,ACC00201,ACC00167,2727.9,NEFT,Hyderabad,Telangana,False,15,1.52
TXN203215,,2025-01-28T12:21:00,ACC00131,ACC00438,3065.95,Card,Bengaluru,Karnataka,False,33,1.57
TXN203216,,2025-07-16T05:26:00,ACC00416,ACC00168,7516.27,UPI,Delhi,Delhi,False,13,1.36
TXN203217,,2025-02-22T19:03:00,ACC00471,ACC00067,1527.91,RTGS,Bengaluru,Karnataka,False,11,1.8
TXN203218,,2025-01-07T22:44:00,ACC00287,ACC00421,985.56,NEFT,Patna,Bihar,False,12,1.4
TXN203219,,2025-05-10T00:38:00,ACC00178,ACC00452,1312.29,UPI,Mumbai,Maharashtra,False,27,0.38
TXN203220,,2025-05-13T07:15:00,ACC00342,ACC00293,567.21,UPI,Mumbai,Maharashtra,False,23,1.17
TXN203221,,2025-07-05T05:11:00,ACC00291,ACC00117,1080.41,Wallet,Mumbai,Maharashtra,False,12,1.25
TXN203222,,2025-03-14T23:59:00,ACC00450,ACC00031,1817.86,Card,Delhi,Delhi,False,31,0.29
TXN203223,,2025-03-20T06:15:00,ACC00143,ACC00491,1848.21,IMPS,Bengaluru,Karnataka,False,30,1.79
TXN203224,,2025-07-12T18:55:00,ACC00137,ACC00178,479.86,Card,Delhi,Delhi,False,25,1.99
TXN203225,,2025-08-21T21:44:00,ACC00322,ACC00217,5414.72,RTGS,Mumbai,Maharashtra,False,13,1.95
TXN203226,,2025-07-04T01:48:00,ACC00236,ACC00465,3268.19,Wallet,Jaipur,Rajasthan,False,32,0.7
TXN203227,,2025-05-29T02:34:00,ACC00053,ACC00331,696.03,IMPS,Bengaluru,Karnataka,False,27,1.17
TXN203228,,2025-01-19T07:05:00,ACC00088,ACC00329,2534.2,Card,Mumbai,Maharashtra,False,26,1.42
TXN203229,,2025-03-16T14:23:00,ACC00412,ACC00028,595.15,Card,Kanpur,Uttar Pradesh,False,13,1.93
TXN203230,,2025-05-03T04:48:00,ACC00261,ACC00233,5374.22,Wallet,Bengaluru,Karnataka,False,11,0.13
TXN203231,,2025-05-27T22:39:00,ACC00074,ACC00475,435.02,UPI,Bengaluru,Karnataka,False,21,1.9
TXN203232,,2025-01-12T15:33:00,ACC00307,ACC00251,934.34,Card,Hyderabad,Telangana,False,19,0.32
TXN203233,,2025-06-06T16:16:00,ACC00074,ACC00146,17692.47,Wallet,Delhi,Delhi,False,24,1.78
TXN203234,,2025-08-03T23:41:00,ACC00007,ACC00455,7909.34,IMPS,Lucknow,Uttar Pradesh,False,23,0.67
TXN203235,,2025-09-12T02:48:00,ACC00217,ACC00477,1015.89,RTGS,Delhi,Delhi,False,19,0.92
TXN203236,,2025-04-17T21:47:00,ACC00386,ACC00345,3491.09,Card,Mumbai,Maharashtra,False,17,0.35
TXN203237,,2025-05-26T12:40:00,ACC00127,ACC00365,4354.78,IMPS,Bengaluru,Karnataka,False,15,1.27
TXN203238,,2025-03-28T11:42:00,ACC00009,ACC00164,2870.1,IMPS,Lucknow,Uttar Pradesh,False,24,1.82
TXN203239,,2025-09-13T14:21:00,ACC00360,ACC00039,1841.93,Wallet,Delhi,Delhi,False,29,1.77
TXN203240,,2025-01-22T15:14:00,ACC00223,ACC00375,2794.59,Wallet,Delhi,Delhi,False,7,0.51
TXN203241,,2025-04-11T23:21:00,ACC00273,ACC00368,3646.13,Wallet,Delhi,Delhi,False,34,1.74
TXN203242,,2025-07-05T21:52:00,ACC00232,ACC00233,686.34,NEFT,Mumbai,Maharashtra,False,28,1.78
TXN203243,,2025-04-13T12:36:00,ACC00023,ACC00191,470.41,UPI,Patna,Bihar,False,11,1.15
TXN203244,,2025-02-24T14:35:00,ACC00351,ACC00035,176.68,IMPS,Mumbai,Maharashtra,False,23,1.54
TXN203245,,2025-01-15T14:08:00,ACC00011,ACC00004,1712.28,IMPS,Delhi,Delhi,False,20,1.21
TXN203246,,2025-04-24T09:58:00,ACC00365,ACC00175,4431.97,Wallet,Hyderabad,Telangana,False,29,1.79
TXN203247,,2025-03-22T12:45:00,ACC00136,ACC00316,1263.29,RTGS,Delhi,Delhi,False,25,0.37
TXN203248,,2025-05-18T00:37:00,ACC00477,ACC00489,3856.07,NEFT,Hyderabad,Telangana,False,15,1.01
TXN203249,,2025-08-11T18:28:00,ACC00184,ACC00448,438.72,NEFT,Jaipur,Rajasthan,False,42,0.56
TXN203250,,2025-08-23T15:16:00,ACC00115,ACC00116,15887.22,UPI,Lucknow,Uttar Pradesh,False,11,1.12
TXN203251,,2025-08-17T12:45:00,ACC00496,ACC00440,3917.33,RTGS,Lucknow,Uttar Pradesh,False,17,1.25
TXN203252,,2025-04-21T09:56:00,ACC00041,ACC00014,1017.05,RTGS,Lucknow,Uttar Pradesh,False,11,1.58
TXN203253,,2025-06-01T14:45:00,ACC00142,ACC00265,1015.47,IMPS,Delhi,Delhi,False,36,0.33
TXN203254,,2025-02-18T19:46:00,ACC00142,ACC00452,600.67,IMPS,Hyderabad,Telangana,False,6,0.44
TXN203255,,2025-08-06T20:36:00,ACC00087,ACC00012,997.11,UPI,Hyderabad,Telangana,False,30,0.81
TXN203256,,2025-08-17T14:58:00,ACC00001,ACC00057,871.47,Wallet,Jaipur,Rajasthan,False,9,1.86
TXN203257,,2025-02-16T16:04:00,ACC00129,ACC00003,1269.22,RTGS,Lucknow,Uttar Pradesh,False,15,0.87
TXN203258,,2025-05-18T02:54:00,ACC00468,ACC00176,811.43,NEFT,Jaipur,Rajasthan,False,17,0.11
TXN203259,,2025-02-27T16:45:00,ACC00294,ACC00444,3036.8,UPI,Kanpur,Uttar Pradesh,False,6,1.72
TXN203260,,2025-08-13T12:15:00,ACC00485,ACC00249,3732.46,NEFT,Mumbai,Maharashtra,False,35,0.82
TXN203261,,2025-06-04T22:05:00,ACC00143,ACC00379,4121.87,IMPS,Hyderabad,Telangana,False,22,1.29
TXN203262,,2025-03-27T12:46:00,ACC00247,ACC00351,4814.68,Wallet,Delhi,Delhi,False,27,0.26
TXN203263,,2025-06-21T03:59:00,ACC00177,ACC00189,854.76,NEFT,Lucknow,Uttar Pradesh,False,23,0.93
TXN203264,,2025-06-07T11:20:00,ACC00260,ACC00294,832.18,Card,Lucknow,Uttar Pradesh,False,32,0.63
TXN203265,,2025-07-18T17:43:00,ACC00359,ACC00322,1214.25,Card,Lucknow,Uttar Pradesh,False,21,1.52
TXN203266,,2025-06-27T14:32:00,ACC00122,ACC00406,2113.52,UPI,Lucknow,Uttar Pradesh,False,26,0.8
TXN203267,,2025-08-26T10:29:00,ACC00438,ACC00233,583.83,IMPS,Patna,Bihar,False,23,0.68
TXN203268,,2025-07-31T21:32:00,ACC00276,ACC00425,1830.96,NEFT,Delhi,Delhi,False,22,1.28
TXN203269,,2025-04-27T22:00:00,ACC00285,ACC00470,1789.52,Wallet,Kanpur,Uttar Pradesh,False,20,1.55
TXN203270,,2025-04-10T03:16:00,ACC00371,ACC00176,225.35,Card,Patna,Bihar,False,22,0.78
TXN203271,,2025-03-14T08:49:00,ACC00388,ACC00162,2863.25,IMPS,Patna,Bihar,False,20,1.27
TXN203272,,2025-07-01T11:12:00,ACC00176,ACC00008,125.19,NEFT,Bengaluru,Karnataka,False,1,0.46
TXN203273,,2025-03-17T07:52:00,ACC00264,ACC00289,2476.69,RTGS,Lucknow,Uttar Pradesh,False,23,0.93
TXN203274,,2025-06-23T11:18:00,ACC00287,ACC00258,3114.65,IMPS,Patna,Bihar,False,30,0.1
TXN203275,,2025-04-11T13:31:00,ACC00473,ACC00121,1054.92,Wallet,Lucknow,Uttar Pradesh,False,24,0.49
TXN203276,,2025-01-20T14:21:00,ACC00420,ACC00340,888.38,UPI,Patna,Bihar,False,21,0.44
TXN203277,,2025-03-02T06:20:00,ACC00206,ACC00223,869.4,Card,Hyderabad,Telangana,False,22,1.76
TXN203278,,2025-04-15T04:34:00,ACC00416,ACC00281,720.71,UPI,Mumbai,Maharashtra,False,18,0.96
TXN203279,,2025-03-28T03:01:00,ACC00164,ACC00133,2298.21,UPI,Kanpur,Uttar Pradesh,False,8,0.76
TXN203280,,2025-01-02T08:07:00,ACC00010,ACC00124,4464.65,UPI,Patna,Bihar,False,38,0.96
TXN203281,,2025-01-17T11:16:00,ACC00229,ACC00027,3491.74,Wallet,Delhi,Delhi,False,18,0.61
TXN203282,,2025-01-27T00:59:00,ACC00055,ACC00384,2921.82,Wallet,Lucknow,Uttar Pradesh,False,24,0.6
TXN203283,,2025-08-09T07:30:00,ACC00233,ACC00420,624.17,RTGS,Kanpur,Uttar Pradesh,False,13,1.2
TXN203284,,2025-01-18T05:30:00,ACC00092,ACC00038,8235.96,RTGS,Mumbai,Maharashtra,False,27,1.78
TXN203285,,2025-05-07T18:14:00,ACC00380,ACC00085,871.27,Card,Hyderabad,Telangana,False,22,0.5
TXN203286,,2025-01-30T08:40:00,ACC00050,ACC00076,461.18,IMPS,Bengaluru,Karnataka,False,31,1.35
TXN203287,,2025-03-05T17:18:00,ACC00293,ACC00467,497.18,IMPS,Delhi,Delhi,False,15,0.78
TXN203288,,2025-04-05T11:08:00,ACC00304,ACC00237,2529.2,IMPS,Mumbai,Maharashtra,False,3,0.91
TXN203289,,2025-09-15T04:38:00,ACC00444,ACC00133,234.65,IMPS,Patna,Bihar,False,1,1.56
TXN203290,,2025-06-14T20:29:00,ACC00416,ACC00447,6646.99,NEFT,Mumbai,Maharashtra,False,6,0.99
TXN203291,,2025-04-11T13:42:00,ACC00367,ACC00392,6024.59,RTGS,Kanpur,Uttar Pradesh,False,4,1.01
TXN203292,,2025-06-10T12:08:00,ACC00308,ACC00252,707.93,IMPS,Lucknow,Uttar Pradesh,False,26,0.71
TXN203293,,2025-07-27T05:07:00,ACC00224,ACC00050,915.82,Card,Mumbai,Maharashtra,False,24,0.6
TXN203294,,2025-07-21T01:47:00,ACC00288,ACC00469,1334.33,RTGS,Patna,Bihar,False,17,1.68
TXN203295,,2025-03-25T21:09:00,ACC00209,ACC00153,7978.33,NEFT,Kanpur,Uttar Pradesh,False,16,1.35
TXN203296,,2025-08-18T21:40:00,ACC00142,ACC00336,285.85,UPI,Patna,Bihar,False,36,1.35
TXN203297,,2025-01-06T20:15:00,ACC00249,ACC00084,4390.77,RTGS,Patna,Bihar,False,26,1.86
TXN203298,,2025-06-23T13:56:00,ACC00180,ACC00281,1147.16,NEFT,Kanpur,Uttar Pradesh,False,29,1.7
TXN203299,,2025-03-23T18:53:00,ACC00043,ACC00047,919.37,UPI,Mumbai,Maharashtra,False,17,0.96
TXN203300,,2025-03-02T02:24:00,ACC00306,ACC00003,736.78,IMPS,Jaipur,Rajasthan,False,23,0.31
TXN203301,,2025-08-30T20:29:00,ACC00274,ACC00378,2387.31,RTGS,Mumbai,Maharashtra,False,15,1.68
TXN203302,,2025-06-22T10:51:00,ACC00250,ACC00198,2510.92,RTGS,Lucknow,Uttar Pradesh,False,22,1.81
TXN203303,,2025-01-28T00:58:00,ACC00442,ACC00143,2006.42,Card,Patna,Bihar,False,18,1.95
TXN203304,,2025-06-18T21:07:00,ACC00257,ACC00310,879.54,NEFT,Kanpur,Uttar Pradesh,False,20,0.58
TXN203305,,2025-05-03T07:21:00,ACC00362,ACC00394,1113.54,Wallet,Lucknow,Uttar Pradesh,False,26,1.76
TXN203306,,2025-02-12T16:37:00,ACC00495,ACC00215,2756.3,RTGS,Delhi,Delhi,False,8,1.95
TXN203307,,2025-09-16T12:40:00,ACC00288,ACC00223,2668.85,Wallet,Mumbai,Maharashtra,False,24,1.7
TXN203308,,2025-08-26T12:46:00,ACC00025,ACC00241,727.58,NEFT,Mumbai,Maharashtra,False,16,0.65
TXN203309,,2025-04-03T17:02:00,ACC00338,ACC00412,890.52,RTGS,Lucknow,Uttar Pradesh,False,17,0.44
TXN203310,,2025-04-30T15:04:00,ACC00444,ACC00452,767.06,NEFT,Lucknow,Uttar Pradesh,False,16,1.44
TXN203311,,2025-05-18T08:47:00,ACC00248,ACC00451,3336.91,RTGS,Lucknow,Uttar Pradesh,False,32,0.1
TXN203312,,2025-01-10T00:05:00,ACC00036,ACC00249,2488.61,IMPS,Bengaluru,Karnataka,False,11,1.48
TXN203313,,2025-06-22T22:52:00,ACC00069,ACC00210,9640.73,IMPS,Jaipur,Rajasthan,False,12,0.57
TXN203314,,2025-07-08T08:28:00,ACC00199,ACC00024,1010.27,Wallet,Kanpur,Uttar Pradesh,False,11,1.98
TXN203315,,2025-02-08T14:12:00,ACC00400,ACC00261,7384.1,RTGS,Delhi,Delhi,False,18,0.66
TXN203316,,2025-03-18T14:07:00,ACC00302,ACC00472,4373.47,IMPS,Mumbai,Maharashtra,False,13,0.36
TXN203317,,2025-06-07T12:43:00,ACC00012,ACC00152,1980.1,UPI,Delhi,Delhi,False,17,1.09
TXN203318,,2025-04-30T10:39:00,ACC00464,ACC00407,1996.12,Card,Hyderabad,Telangana,False,11,0.97
TXN203319,,2025-05-14T18:17:00,ACC00469,ACC00049,9296.98,UPI,Lucknow,Uttar Pradesh,False,36,0.4
TXN203320,,2025-02-20T18:30:00,ACC00410,ACC00099,1608.45,IMPS,Bengaluru,Karnataka,False,18,0.42
TXN203321,,2025-06-28T22:01:00,ACC00403,ACC00146,7464.19,RTGS,Bengaluru,Karnataka,False,25,0.88
TXN203322,,2025-02-12T15:09:00,ACC00352,ACC00210,1254.59,IMPS,Patna,Bihar,False,9,1.85
TXN203323,,2025-02-09T06:03:00,ACC00429,ACC00265,3268.59,IMPS,Lucknow,Uttar Pradesh,False,24,0.84
TXN203324,,2025-04-03T22:27:00,ACC00051,ACC00308,1124.17,UPI,Delhi,Delhi,False,17,1.7
TXN203325,,2025-05-30T07:42:00,ACC00089,ACC00142,3078.39,Wallet,Hyderabad,Telangana,False,31,0.59
TXN203326,,2025-01-25T06:37:00,ACC00488,ACC00092,2705.7,NEFT,Patna,Bihar,False,17,0.49
TXN203327,,2025-08-26T08:16:00,ACC00148,ACC00336,893.45,Wallet,Patna,Bihar,False,18,1.45
TXN203328,,2025-05-11T18:11:00,ACC00498,ACC00382,721.3,RTGS,Lucknow,Uttar Pradesh,False,11,0.65
TXN203329,,2025-05-25T21:01:00,ACC00105,ACC00066,619.66,IMPS,Bengaluru,Karnataka,False,18,1.68
TXN203330,,2025-07-19T01:57:00,ACC00020,ACC00113,770.91,UPI,Delhi,Delhi,False,32,0.18
TXN203331,,2025-05-16T10:00:00,ACC00271,ACC00498,743.34,Card,Delhi,Delhi,False,27,1.64
TXN203332,,2025-04-30T00:28:00,ACC00381,ACC00165,3554.65,Wallet,Lucknow,Uttar Pradesh,False,28,0.43
TXN203333,,2025-09-10T04:33:00,ACC00225,ACC00452,4125.4,Card,Jaipur,Rajasthan,False,17,0.33
TXN203334,,2025-05-18T23:24:00,ACC00341,ACC00426,1327.38,RTGS,Hyderabad,Telangana,False,40,1.22
TXN203335,,2025-01-20T19:34:00,ACC00235,ACC00473,2359.12,NEFT,Delhi,Delhi,False,24,1.33
TXN203336,,2025-06-05T01:33:00,ACC00091,ACC00471,606.16,Card,Lucknow,Uttar Pradesh,False,5,0.61
TXN203337,,2025-03-05T13:45:00,ACC00051,ACC00417,988.96,RTGS,Bengaluru,Karnataka,False,23,0.99
TXN203338,,2025-06-21T13:58:00,ACC00300,ACC00288,2029.55,Wallet,Jaipur,Rajasthan,False,9,1.71
TXN203339,,2025-03-23T17:36:00,ACC00168,ACC00053,2756.74,UPI,Delhi,Delhi,False,27,1.5
TXN203340,,2025-03-16T03:43:00,ACC00259,ACC00409,2049.98,UPI,Delhi,Delhi,False,9,0.77
TXN203341,,2025-04-24T23:11:00,ACC00045,ACC00369,2394.48,RTGS,Kanpur,Uttar Pradesh,False,19,0.47
TXN203342,,2025-05-31T07:08:00,ACC00155,ACC00376,1121.54,NEFT,Bengaluru,Karnataka,False,18,1.13
TXN203343,,2025-03-22T11:35:00,ACC00218,ACC00303,2321.68,Wallet,Hyderabad,Telangana,False,9,1.08
TXN203344,,2025-05-18T13:03:00,ACC00275,ACC00029,15515.42,UPI,Mumbai,Maharashtra,False,23,0.44
TXN203345,,2025-03-12T22:29:00,ACC00487,ACC00308,8200.54,IMPS,Mumbai,Maharashtra,False,12,0.12
TXN203346,,2025-05-16T06:59:00,ACC00017,ACC00470,7720.41,IMPS,Bengaluru,Karnataka,False,29,0.71
TXN203347,,2025-08-17T21:37:00,ACC00410,ACC00408,6634.29,Wallet,Mumbai,Maharashtra,False,23,1.16
TXN203348,,2025-01-06T13:01:00,ACC00137,ACC00222,2624.99,Card,Kanpur,Uttar Pradesh,False,15,1.82
TXN203349,,2025-03-28T08:32:00,ACC00271,ACC00272,614.24,Card,Delhi,Delhi,False,10,0.18
TXN203350,,2025-08-14T08:27:00,ACC00147,ACC00230,637.53,UPI,Kanpur,Uttar Pradesh,False,10,0.95
TXN203351,,2025-09-15T19:49:00,ACC00166,ACC00366,1356.81,Wallet,Patna,Bihar,False,41,1.13
TXN203352,,2025-03-26T01:12:00,ACC00081,ACC00482,1284.11,UPI,Jaipur,Rajasthan,False,17,0.87
TXN203353,,2025-02-01T14:05:00,ACC00422,ACC00110,1833.64,NEFT,Bengaluru,Karnataka,False,18,0.67
TXN203354,,2025-02-24T13:05:00,ACC00352,ACC00079,4161.0,Card,Patna,Bihar,False,20,1.61
TXN203355,,2025-07-21T02:29:00,ACC00322,ACC00094,1214.75,RTGS,Lucknow,Uttar Pradesh,False,12,1.82
TXN203356,,2025-06-03T04:12:00,ACC00365,ACC00455,1059.76,UPI,Delhi,Delhi,False,10,1.39
TXN203357,,2025-08-26T16:09:00,ACC00482,ACC00165,1762.93,Card,Lucknow,Uttar Pradesh,False,10,1.14
TXN203358,,2025-07-03T19:31:00,ACC00080,ACC00121,1298.8,IMPS,Lucknow,Uttar Pradesh,False,1,0.34
TXN203359,,2025-04-01T18:56:00,ACC00366,ACC00053,517.48,IMPS,Jaipur,Rajasthan,False,5,0.29
TXN203360,,2025-08-14T17:53:00,ACC00299,ACC00303,750.48,Wallet,Delhi,Delhi,False,28,0.26
TXN203361,,2025-03-15T00:22:00,ACC00018,ACC00046,5785.36,UPI,Patna,Bihar,False,27,0.32
TXN203362,,2025-05-01T22:02:00,ACC00178,ACC00450,1018.27,Card,Delhi,Delhi,False,27,1.6
TXN203363,,2025-01-31T00:52:00,ACC00264,ACC00081,1119.05,RTGS,Bengaluru,Karnataka,False,7,1.26
TXN203364,,2025-06-28T20:24:00,ACC00151,ACC00087,550.2,IMPS,Bengaluru,Karnataka,False,23,0.71
TXN203365,,2025-06-19T04:52:00,ACC00230,ACC00059,246.09,NEFT,Jaipur,Rajasthan,False,32,1.83
TXN203366,,2025-08-24T21:46:00,ACC00126,ACC00018,8040.57,Card,Mumbai,Maharashtra,False,24,0.36
TXN203367,,2025-09-06T15:59:00,ACC00323,ACC00392,1022.92,UPI,Hyderabad,Telangana,False,9,0.88
TXN203368,,2025-09-17T10:20:00,ACC00420,ACC00033,3748.84,Card,Patna,Bihar,False,27,1.87
TXN203369,,2025-03-29T18:15:00,ACC00490,ACC00387,1603.0,RTGS,Mumbai,Maharashtra,False,33,1.91
TXN203370,,2025-01-27T11:22:00,ACC00418,ACC00207,5539.46,Wallet,Kanpur,Uttar Pradesh,False,27,1.78
TXN203371,,2025-06-25T05:21:00,ACC00248,ACC00483,921.22,UPI,Delhi,Delhi,False,9,0.64
TXN203372,,2025-08-26T17:44:00,ACC00223,ACC00255,1484.66,Wallet,Lucknow,Uttar Pradesh,False,30,0.79
TXN203373,,2025-04-21T05:30:00,ACC00006,ACC00370,589.68,Card,Bengaluru,Karnataka,False,23,0.92
TXN203374,,2025-01-04T21:22:00,ACC00275,ACC00252,1621.94,IMPS,Hyderabad,Telangana,False,20,0.81
TXN203375,,2025-08-01T21:17:00,ACC00041,ACC00441,1477.54,Wallet,Mumbai,Maharashtra,False,15,1.14
TXN203376,,2025-07-25T21:14:00,ACC00308,ACC00123,875.56,IMPS,Bengaluru,Karnataka,False,35,1.27
TXN203377,,2025-02-17T10:59:00,ACC00430,ACC00291,605.68,Wallet,Delhi,Delhi,False,22,1.06
TXN203378,,2025-03-28T10:29:00,ACC00127,ACC00152,9296.7,RTGS,Jaipur,Rajasthan,False,11,1.92
TXN203379,,2025-05-01T15:33:00,ACC00331,ACC00453,1416.7,RTGS,Lucknow,Uttar Pradesh,False,9,0.12
TXN203380,,2025-05-01T07:14:00,ACC00410,ACC00020,357.04,UPI,Jaipur,Rajasthan,False,20,1.37
TXN203381,,2025-08-03T20:03:00,ACC00389,ACC00397,14863.72,RTGS,Delhi,Delhi,False,21,1.68
TXN203382,,2025-07-20T12:25:00,ACC00011,ACC00248,1843.15,NEFT,Mumbai,Maharashtra,False,24,0.84
TXN203383,,2025-09-16T11:46:00,ACC00078,ACC00108,23094.26,RTGS,Hyderabad,Telangana,False,22,1.69
TXN203384,,2025-03-09T15:46:00,ACC00230,ACC00398,943.96,IMPS,Patna,Bihar,False,11,0.37
TXN203385,,2025-03-15T02:07:00,ACC00487,ACC00406,1447.44,RTGS,Patna,Bihar,False,28,1.94
TXN203386,,2025-09-10T21:49:00,ACC00492,ACC00419,1452.56,Wallet,Patna,Bihar,False,14,0.96
TXN203387,,2025-01-25T21:02:00,ACC00045,ACC00499,2778.63,RTGS,Kanpur,Uttar Pradesh,False,9,0.16
TXN203388,,2025-07-08T13:30:00,ACC00025,ACC00382,1418.41,RTGS,Hyderabad,Telangana,False,13,1.45
TXN203389,,2025-03-23T07:33:00,ACC00145,ACC00055,1585.65,Wallet,Kanpur,Uttar Pradesh,False,27,0.12
TXN203390,,2025-03-04T14:27:00,ACC00174,ACC00374,7505.25,NEFT,Patna,Bihar,False,42,1.33
TXN203391,,2025-04-07T02:57:00,ACC00426,ACC00087,20365.34,Wallet,Bengaluru,Karnataka,False,30,0.83
TXN203392,,2025-08-11T09:00:00,ACC00175,ACC00269,318.05,Wallet,Delhi,Delhi,False,14,1.45
TXN203393,,2025-08-23T01:41:00,ACC00250,ACC00110,3273.38,Wallet,Kanpur,Uttar Pradesh,False,15,1.81
TXN203394,,2025-06-07T21:44:00,ACC00391,ACC00416,684.49,IMPS,Mumbai,Maharashtra,False,27,0.59
TXN203395,,2025-02-11T11:30:00,ACC00055,ACC00197,4820.82,UPI,Mumbai,Maharashtra,False,30,1.01
TXN203396,,2025-08-29T17:11:00,ACC00029,ACC00499,891.42,IMPS,Kanpur,Uttar Pradesh,False,17,1.95
TXN203397,,2025-08-06T03:05:00,ACC00499,ACC00172,815.65,Card,Patna,Bihar,False,26,0.61
TXN203398,,2025-03-31T15:52:00,ACC00388,ACC00386,3517.46,UPI,Patna,Bihar,False,19,0.31
TXN203399,,2025-06-16T21:01:00,ACC00418,ACC00458,2305.84,UPI,Hyderabad,Telangana,False,19,0.1
TXN203400,,2025-03-30T03:28:00,ACC00179,ACC00303,2129.04,RTGS,Delhi,Delhi,False,22,1.73
TXN203401,,2025-06-11T20:52:00,ACC00334,ACC00491,720.93,Card,Lucknow,Uttar Pradesh,False,24,1.19
TXN203402,,2025-03-01T06:18:00,ACC00428,ACC00326,1707.61,IMPS,Bengaluru,Karnataka,False,24,0.26
TXN203403,,2025-03-14T17:02:00,ACC00258,ACC00387,1657.99,RTGS,Bengaluru,Karnataka,False,23,1.29
TXN203404,,2025-07-21T15:08:00,ACC00366,ACC00410,749.57,IMPS,Jaipur,Rajasthan,False,32,0.28
TXN203405,,2025-09-02T14:29:00,ACC00443,ACC00439,3045.92,Wallet,Jaipur,Rajasthan,False,16,0.59
TXN203406,,2025-01-06T21:47:00,ACC00432,ACC00224,2471.03,Wallet,Mumbai,Maharashtra,False,21,1.19
TXN203407,,2025-02-07T00:45:00,ACC00436,ACC00059,882.28,Wallet,Lucknow,Uttar Pradesh,False,27,0.32
TXN203408,,2025-06-07T05:01:00,ACC00028,ACC00019,3958.99,NEFT,Lucknow,Uttar Pradesh,False,23,1.5
TXN203409,,2025-08-22T10:59:00,ACC00059,ACC00276,137.04,Card,Delhi,Delhi,False,19,1.29
TXN203410,,2025-05-26T14:01:00,ACC00172,ACC00061,3106.73,RTGS,Patna,Bihar,False,28,0.56
TXN203411,,2025-02-25T00:19:00,ACC00274,ACC00115,4623.23,Wallet,Mumbai,Maharashtra,False,7,2.0
TXN203412,,2025-03-15T14:49:00,ACC00307,ACC00402,2490.82,NEFT,Mumbai,Maharashtra,False,10,0.36
TXN203413,,2025-01-16T11:40:00,ACC00322,ACC00438,5511.65,NEFT,Delhi,Delhi,False,4,0.62
TXN203414,,2025-02-15T09:17:00,ACC00001,ACC00381,906.91,Card,Patna,Bihar,False,11,1.93
TXN203415,,2025-03-27T11:31:00,ACC00276,ACC00308,531.0,RTGS,Delhi,Delhi,False,32,1.7
TXN203416,,2025-01-30T21:28:00,ACC00072,ACC00024,1206.1,IMPS,Lucknow,Uttar Pradesh,False,20,0.45
TXN203417,,2025-04-27T17:10:00,ACC00387,ACC00346,452.49,Card,Delhi,Delhi,False,1,0.2
TXN203418,,2025-06-13T01:02:00,ACC00444,ACC00025,1757.01,RTGS,Mumbai,Maharashtra,False,33,0.17
TXN203419,,2025-06-24T00:24:00,ACC00492,ACC00197,1333.69,Wallet,Jaipur,Rajasthan,False,15,0.44
TXN203420,,2025-06-02T05:11:00,ACC00392,ACC00272,424.81,UPI,Kanpur,Uttar Pradesh,False,1,0.83
TXN203421,,2025-02-07T11:47:00,ACC00031,ACC00198,6669.41,NEFT,Patna,Bihar,False,23,0.72
TXN203422,,2025-02-19T03:39:00,ACC00377,ACC00176,2921.34,IMPS,Kanpur,Uttar Pradesh,False,26,0.76
TXN203423,,2025-03-20T20:49:00,ACC00035,ACC00360,1569.69,NEFT,Lucknow,Uttar Pradesh,False,23,1.06
TXN203424,,2025-07-04T12:27:00,ACC00037,ACC00115,3496.45,IMPS,Hyderabad,Telangana,False,23,1.7
TXN203425,,2025-06-15T10:31:00,ACC00485,ACC00214,1435.51,UPI,Lucknow,Uttar Pradesh,False,23,1.97
TXN203426,,2025-03-13T23:22:00,ACC00441,ACC00036,2990.97,Wallet,Patna,Bihar,False,27,1.51
TXN203427,,2025-02-12T03:20:00,ACC00407,ACC00300,2166.9,Card,Delhi,Delhi,False,21,1.17
TXN203428,,2025-03-04T02:51:00,ACC00128,ACC00159,1158.73,Card,Bengaluru,Karnataka,False,7,0.88
TXN203429,,2025-01-11T09:56:00,ACC00138,ACC00141,1584.62,RTGS,Bengaluru,Karnataka,False,2,1.54
TXN203430,,2025-04-08T22:24:00,ACC00016,ACC00413,2162.04,NEFT,Lucknow,Uttar Pradesh,False,7,0.77
TXN203431,,2025-09-07T10:57:00,ACC00124,ACC00084,1031.57,UPI,Patna,Bihar,False,3,1.18
TXN203432,,2025-07-30T00:40:00,ACC00370,ACC00128,1327.75,Wallet,Kanpur,Uttar Pradesh,False,9,1.41
TXN203433,,2025-02-13T15:49:00,ACC00141,ACC00250,2401.05,RTGS,Delhi,Delhi,False,19,0.69
TXN203434,,2025-07-19T21:11:00,ACC00039,ACC00477,1742.28,NEFT,Lucknow,Uttar Pradesh,False,41,1.66
TXN203435,,2025-03-04T04:08:00,ACC00332,ACC00308,207.49,IMPS,Bengaluru,Karnataka,False,26,1.66
TXN203436,,2025-05-01T20:44:00,ACC00046,ACC00398,3509.01,Card,Patna,Bihar,False,8,1.86
TXN203437,,2025-05-01T04:18:00,ACC00421,ACC00173,901.51,UPI,Jaipur,Rajasthan,False,28,1.78
TXN203438,,2025-06-04T12:21:00,ACC00212,ACC00426,288.79,NEFT,Kanpur,Uttar Pradesh,False,27,0.4
TXN203439,,2025-02-07T22:23:00,ACC00108,ACC00058,3527.88,Card,Hyderabad,Telangana,False,34,1.03
TXN203440,,2025-05-12T03:24:00,ACC00326,ACC00406,6730.55,NEFT,Patna,Bihar,False,10,1.53
TXN203441,,2025-07-02T16:51:00,ACC00183,ACC00129,2228.48,RTGS,Hyderabad,Telangana,False,17,1.14
TXN203442,,2025-01-14T11:27:00,ACC00053,ACC00171,896.65,RTGS,Patna,Bihar,False,26,1.82
TXN203443,,2025-07-22T08:39:00,ACC00490,ACC00041,3577.53,Card,Mumbai,Maharashtra,False,10,1.78
TXN203444,,2025-03-29T14:03:00,ACC00405,ACC00170,1123.09,NEFT,Lucknow,Uttar Pradesh,False,31,1.09
TXN203445,,2025-07-05T06:44:00,ACC00384,ACC00008,798.72,UPI,Hyderabad,Telangana,False,13,0.71
TXN203446,,2025-07-15T01:06:00,ACC00471,ACC00420,1220.73,Card,Patna,Bihar,False,21,0.39
TXN203447,,2025-01-12T18:52:00,ACC00072,ACC00124,1299.15,IMPS,Delhi,Delhi,False,34,1.83
TXN203448,,2025-07-03T19:05:00,ACC00493,ACC00498,1701.51,NEFT,Lucknow,Uttar Pradesh,False,19,1.56
TXN203449,,2025-09-07T08:14:00,ACC00303,ACC00079,422.22,Wallet,Kanpur,Uttar Pradesh,False,9,1.94
TXN203450,,2025-06-21T19:34:00,ACC00134,ACC00096,19257.88,IMPS,Bengaluru,Karnataka,False,21,0.85
TXN203451,,2025-02-18T05:57:00,ACC00203,ACC00332,2848.79,IMPS,Delhi,Delhi,False,20,1.83
TXN203452,,2025-02-11T06:47:00,ACC00079,ACC00167,1341.41,NEFT,Jaipur,Rajasthan,False,26,0.68
TXN203453,,2025-03-28T08:17:00,ACC00466,ACC00076,958.4,IMPS,Bengaluru,Karnataka,False,22,0.96
TXN203454,,2025-01-17T00:56:00,ACC00276,ACC00068,3373.17,Card,Delhi,Delhi,False,16,1.18
TXN203455,,2025-03-06T17:57:00,ACC00339,ACC00378,3754.57,UPI,Hyderabad,Telangana,False,8,1.24
TXN203456,,2025-02-15T06:45:00,ACC00105,ACC00204,2234.82,IMPS,Delhi,Delhi,False,23,0.49
TXN203457,,2025-03-26T21:18:00,ACC00140,ACC00408,18342.09,IMPS,Lucknow,Uttar Pradesh,False,14,1.37
TXN203458,,2025-08-13T06:48:00,ACC00294,ACC00157,369.51,IMPS,Patna,Bihar,False,41,1.84
TXN203459,,2025-03-10T03:44:00,ACC00221,ACC00022,1059.77,Wallet,Jaipur,Rajasthan,False,22,1.75
TXN203460,,2025-06-01T20:40:00,ACC00167,ACC00339,1267.88,Card,Jaipur,Rajasthan,False,25,1.46
TXN203461,,2025-01-04T11:24:00,ACC00292,ACC00162,342.06,IMPS,Bengaluru,Karnataka,False,10,0.26
TXN203462,,2025-09-06T12:33:00,ACC00329,ACC00138,1522.04,RTGS,Kanpur,Uttar Pradesh,False,20,1.84
TXN203463,,2025-03-21T10:21:00,ACC00257,ACC00235,1560.51,Wallet,Lucknow,Uttar Pradesh,False,21,1.76
TXN203464,,2025-09-05T13:29:00,ACC00471,ACC00092,2456.58,IMPS,Jaipur,Rajasthan,False,9,1.93
TXN203465,,2025-05-29T19:16:00,ACC00124,ACC00172,816.64,Card,Kanpur,Uttar Pradesh,False,12,1.54
TXN203466,,2025-02-06T05:03:00,ACC00361,ACC00122,7495.71,UPI,Patna,Bihar,False,15,1.51
TXN203467,,2025-04-21T01:43:00,ACC00241,ACC00245,1075.6,UPI,Bengaluru,Karnataka,False,23,0.5
TXN203468,,2025-01-30T20:52:00,ACC00331,ACC00204,1351.15,RTGS,Kanpur,Uttar Pradesh,False,27,1.24
TXN203469,,2025-06-02T17:06:00,ACC00025,ACC00152,2156.86,Card,Hyderabad,Telangana,False,22,0.89
TXN203470,,2025-08-22T19:02:00,ACC00373,ACC00155,543.63,IMPS,Hyderabad,Telangana,False,13,1.93
TXN203471,,2025-05-12T05:35:00,ACC00479,ACC00004,500.9,Card,Mumbai,Maharashtra,False,6,0.85
TXN203472,,2025-03-08T02:59:00,ACC00068,ACC00195,2135.42,UPI,Lucknow,Uttar Pradesh,False,7,1.46
TXN203473,,2025-05-12T01:38:00,ACC00026,ACC00182,983.4,RTGS,Delhi,Delhi,False,26,1.85
TXN203474,,2025-05-10T20:24:00,ACC00049,ACC00351,1283.67,Wallet,Mumbai,Maharashtra,False,23,0.57
TXN203475,,2025-02-25T17:54:00,ACC00152,ACC00421,1345.61,IMPS,Kanpur,Uttar Pradesh,False,23,0.75
TXN203476,,2025-09-13T08:38:00,ACC00365,ACC00076,2262.9,Card,Mumbai,Maharashtra,False,20,0.8
TXN203477,,2025-02-17T23:51:00,ACC00393,ACC00379,1028.48,NEFT,Hyderabad,Telangana,False,39,0.36
TXN203478,,2025-09-01T20:20:00,ACC00001,ACC00474,3611.29,RTGS,Hyderabad,Telangana,False,25,0.57
TXN203479,,2025-07-11T16:31:00,ACC00219,ACC00488,1982.42,Card,Bengaluru,Karnataka,False,31,1.53
TXN203480,,2025-03-02T10:16:00,ACC00047,ACC00021,732.27,Wallet,Bengaluru,Karnataka,False,19,1.79
TXN203481,,2025-03-11T04:45:00,ACC00048,ACC00158,1340.73,Wallet,Mumbai,Maharashtra,False,13,1.69
TXN203482,,2025-05-09T11:12:00,ACC00378,ACC00448,2538.77,NEFT,Patna,Bihar,False,14,0.37
TXN203483,,2025-07-18T04:36:00,ACC00114,ACC00273,5920.72,IMPS,Hyderabad,Telangana,False,12,0.7
TXN203484,,2025-09-10T03:31:00,ACC00091,ACC00478,2385.14,UPI,Hyderabad,Telangana,False,21,1.56
TXN203485,,2025-05-23T04:59:00,ACC00002,ACC00459,1242.91,Wallet,Patna,Bihar,False,32,1.32
TXN203486,,2025-08-16T12:14:00,ACC00306,ACC00448,2942.87,UPI,Hyderabad,Telangana,False,34,1.03
TXN203487,,2025-04-03T12:06:00,ACC00344,ACC00458,3862.75,UPI,Patna,Bihar,False,20,1.21
TXN203488,,2025-02-28T14:06:00,ACC00040,ACC00080,2147.62,Card,Bengaluru,Karnataka,False,23,1.66
TXN203489,,2025-08-19T08:02:00,ACC00060,ACC00307,2701.31,Wallet,Mumbai,Maharashtra,False,12,1.06
TXN203490,,2025-04-07T19:56:00,ACC00040,ACC00005,4255.04,UPI,Jaipur,Rajasthan,False,23,1.56
TXN203491,,2025-01-25T17:02:00,ACC00491,ACC00101,1428.5,Card,Mumbai,Maharashtra,False,22,0.52
TXN203492,,2025-03-10T16:09:00,ACC00143,ACC00437,1600.27,IMPS,Mumbai,Maharashtra,False,17,0.44
TXN203493,,2025-06-12T05:57:00,ACC00214,ACC00422,914.71,NEFT,Jaipur,Rajasthan,False,14,0.67
TXN203494,,2025-04-27T22:36:00,ACC00445,ACC00181,2455.49,UPI,Patna,Bihar,False,36,0.85
TXN203495,,2025-07-22T18:28:00,ACC00447,ACC00047,1156.29,RTGS,Jaipur,Rajasthan,False,30,2.0
TXN203496,,2025-02-27T18:59:00,ACC00107,ACC00497,1583.75,NEFT,Hyderabad,Telangana,False,24,0.45
TXN203497,,2025-01-26T21:29:00,ACC00079,ACC00153,5927.52,RTGS,Kanpur,Uttar Pradesh,False,7,1.2
TXN203498,,2025-08-15T13:05:00,ACC00307,ACC00391,4569.3,IMPS,Delhi,Delhi,False,38,0.9
TXN203499,,2025-06-30T08:34:00,ACC00367,ACC00433,2472.49,IMPS,Delhi,Delhi,False,27,0.83
TXN203500,,2025-07-13T09:22:00,ACC00392,ACC00171,2025.58,NEFT,Patna,Bihar,False,30,0.74
TXN203501,,2025-01-03T17:03:00,ACC00096,ACC00333,1938.62,Wallet,Lucknow,Uttar Pradesh,False,20,0.66
TXN203502,,2025-02-09T18:12:00,ACC00385,ACC00402,880.3,Wallet,Kanpur,Uttar Pradesh,False,13,1.36
TXN203503,,2025-08-05T16:10:00,ACC00220,ACC00320,1269.29,Wallet,Kanpur,Uttar Pradesh,False,31,0.11
TXN203504,,2025-06-03T10:11:00,ACC00001,ACC00379,2925.25,UPI,Mumbai,Maharashtra,False,35,1.21
TXN203505,,2025-09-09T04:17:00,ACC00164,ACC00056,6624.76,UPI,Jaipur,Rajasthan,False,14,1.28
TXN203506,,2025-06-24T21:58:00,ACC00008,ACC00117,1006.01,Wallet,Bengaluru,Karnataka,False,19,0.4
TXN203507,,2025-04-12T03:41:00,ACC00439,ACC00030,2114.13,Wallet,Patna,Bihar,False,7,1.27
TXN203508,,2025-05-04T14:57:00,ACC00099,ACC00468,14712.85,Wallet,Kanpur,Uttar Pradesh,False,28,1.21
TXN203509,,2025-06-23T04:55:00,ACC00359,ACC00096,1356.95,NEFT,Mumbai,Maharashtra,False,17,0.71
TXN203510,,2025-07-15T08:36:00,ACC00252,ACC00051,2152.29,Wallet,Jaipur,Rajasthan,False,23,1.15
TXN203511,,2025-05-20T16:59:00,ACC00033,ACC00476,1253.95,Wallet,Delhi,Delhi,False,24,0.51
TXN203512,,2025-03-11T05:36:00,ACC00431,ACC00143,2308.01,NEFT,Jaipur,Rajasthan,False,22,0.3
TXN203513,,2025-08-05T06:41:00,ACC00331,ACC00420,325.95,Wallet,Hyderabad,Telangana,False,1,1.28
TXN203514,,2025-05-13T04:01:00,ACC00092,ACC00014,1513.51,UPI,Hyderabad,Telangana,False,23,1.32
TXN203515,,2025-02-16T23:57:00,ACC00146,ACC00282,1026.87,IMPS,Bengaluru,Karnataka,False,11,1.66
TXN203516,,2025-03-09T18:24:00,ACC00058,ACC00378,280.25,Card,Hyderabad,Telangana,False,16,0.82
TXN203517,,2025-01-29T14:25:00,ACC00299,ACC00344,705.16,IMPS,Mumbai,Maharashtra,False,24,0.2
TXN203518,,2025-02-26T11:36:00,ACC00113,ACC00078,3147.24,Wallet,Hyderabad,Telangana,False,13,0.96
TXN203519,,2025-01-09T06:34:00,ACC00240,ACC00294,8477.13,UPI,Delhi,Delhi,False,25,0.99
TXN203520,,2025-09-01T00:12:00,ACC00468,ACC00421,795.98,RTGS,Hyderabad,Telangana,False,39,1.47
TXN203521,,2025-06-07T23:37:00,ACC00353,ACC00412,1165.37,Wallet,Hyderabad,Telangana,False,13,0.65
TXN203522,,2025-04-24T23:24:00,ACC00296,ACC00377,3751.97,IMPS,Patna,Bihar,False,29,1.56
TXN203523,,2025-01-13T06:23:00,ACC00358,ACC00354,394.3,RTGS,Mumbai,Maharashtra,False,9,1.46
TXN203524,,2025-06-29T09:33:00,ACC00028,ACC00027,22384.08,IMPS,Jaipur,Rajasthan,False,29,0.15
TXN203525,,2025-08-11T09:48:00,ACC00364,ACC00395,1584.31,IMPS,Hyderabad,Telangana,False,33,0.14
TXN203526,,2025-03-18T11:26:00,ACC00483,ACC00119,3851.05,RTGS,Jaipur,Rajasthan,False,1,1.98
TXN203527,,2025-06-13T04:19:00,ACC00448,ACC00368,4696.15,UPI,Patna,Bihar,False,19,0.48
TXN203528,,2025-03-22T13:03:00,ACC00429,ACC00195,1980.38,RTGS,Bengaluru,Karnataka,False,20,1.81
TXN203529,,2025-05-04T16:35:00,ACC00288,ACC00126,12714.64,RTGS,Kanpur,Uttar Pradesh,False,32,0.47
TXN203530,,2025-02-26T15:12:00,ACC00052,ACC00115,338.29,RTGS,Jaipur,Rajasthan,False,32,0.15
TXN203531,,2025-07-30T06:04:00,ACC00486,ACC00299,823.16,Card,Jaipur,Rajasthan,False,1,1.12
TXN203532,,2025-03-01T16:52:00,ACC00451,ACC00333,4502.02,Wallet,Lucknow,Uttar Pradesh,False,20,0.58
TXN203533,,2025-08-15T06:58:00,ACC00115,ACC00444,4349.37,UPI,Mumbai,Maharashtra,False,22,1.63
TXN203534,,2025-04-11T11:16:00,ACC00243,ACC00060,1196.7,Wallet,Mumbai,Maharashtra,False,37,0.42
TXN203535,,2025-03-08T05:44:00,ACC00498,ACC00482,6476.8,NEFT,Jaipur,Rajasthan,False,12,1.68
TXN203536,,2025-06-15T19:52:00,ACC00237,ACC00228,5887.02,IMPS,Patna,Bihar,False,33,1.79
TXN203537,,2025-04-07T14:32:00,ACC00335,ACC00403,734.04,Card,Bengaluru,Karnataka,False,23,1.33
TXN203538,,2025-07-08T11:25:00,ACC00171,ACC00280,141.54,Wallet,Kanpur,Uttar Pradesh,False,24,0.13
TXN203539,,2025-03-22T11:18:00,ACC00195,ACC00426,2995.33,IMPS,Mumbai,Maharashtra,False,37,0.54
TXN203540,,2025-08-16T01:14:00,ACC00449,ACC00372,808.86,RTGS,Kanpur,Uttar Pradesh,False,39,0.67
TXN203541,,2025-01-19T15:56:00,ACC00004,ACC00300,5689.59,IMPS,Bengaluru,Karnataka,False,14,1.1
TXN203542,,2025-02-20T19:02:00,ACC00379,ACC00091,3276.19,Wallet,Delhi,Delhi,False,26,1.44
TXN203543,,2025-01-28T06:41:00,ACC00274,ACC00307,3489.65,IMPS,Kanpur,Uttar Pradesh,False,19,0.59
TXN203544,,2025-01-29T06:56:00,ACC00140,ACC00450,3817.97,RTGS,Jaipur,Rajasthan,False,35,1.76
TXN203545,,2025-03-14T04:20:00,ACC00195,ACC00372,517.07,NEFT,Hyderabad,Telangana,False,25,0.14
TXN203546,,2025-08-24T03:12:00,ACC00191,ACC00067,465.65,NEFT,Patna,Bihar,False,11,1.84
TXN203547,,2025-04-05T09:48:00,ACC00185,ACC00095,278.03,Wallet,Mumbai,Maharashtra,False,30,0.59
TXN203548,,2025-08-03T08:11:00,ACC00306,ACC00084,4016.89,Wallet,Bengaluru,Karnataka,False,24,1.55
TXN203549,,2025-04-21T23:48:00,ACC00044,ACC00455,2042.0,IMPS,Jaipur,Rajasthan,False,53,1.51
TXN203550,,2025-01-11T07:29:00,ACC00371,ACC00411,1326.67,RTGS,Jaipur,Rajasthan,False,7,1.92
TXN203551,,2025-05-14T00:48:00,ACC00152,ACC00214,1333.21,Wallet,Delhi,Delhi,False,2,1.08
TXN203552,,2025-07-18T03:15:00,ACC00386,ACC00463,5681.85,Card,Jaipur,Rajasthan,False,20,1.77
TXN203553,,2025-04-30T05:43:00,ACC00287,ACC00113,6177.54,RTGS,Hyderabad,Telangana,False,14,0.95
TXN203554,,2025-05-24T22:19:00,ACC00365,ACC00234,910.21,Card,Jaipur,Rajasthan,False,16,1.19
TXN203555,,2025-04-12T01:07:00,ACC00108,ACC00412,379.94,NEFT,Hyderabad,Telangana,False,31,1.07
TXN203556,,2025-09-06T22:38:00,ACC00495,ACC00448,2141.63,NEFT,Kanpur,Uttar Pradesh,False,18,0.29
TXN203557,,2025-02-16T23:24:00,ACC00214,ACC00103,2021.76,IMPS,Kanpur,Uttar Pradesh,False,15,0.51
TXN203558,,2025-08-26T11:25:00,ACC00421,ACC00419,623.02,UPI,Delhi,Delhi,False,8,1.85
TXN203559,,2025-05-09T14:46:00,ACC00074,ACC00026,904.24,UPI,Hyderabad,Telangana,False,8,0.84
TXN203560,,2025-03-13T16:09:00,ACC00406,ACC00347,955.67,IMPS,Lucknow,Uttar Pradesh,False,26,0.8
TXN203561,,2025-04-09T01:27:00,ACC00201,ACC00367,1480.56,RTGS,Jaipur,Rajasthan,False,29,0.89
TXN203562,,2025-03-14T16:30:00,ACC00397,ACC00220,9961.26,NEFT,Lucknow,Uttar Pradesh,False,16,1.3
TXN203563,,2025-05-23T15:49:00,ACC00144,ACC00029,1284.49,NEFT,Bengaluru,Karnataka,False,34,1.93
TXN203564,,2025-01-31T21:21:00,ACC00301,ACC00257,1169.7,UPI,Jaipur,Rajasthan,False,10,1.3
TXN203565,,2025-01-11T16:50:00,ACC00250,ACC00332,2579.7,UPI,Jaipur,Rajasthan,False,17,0.32
TXN203566,,2025-01-26T15:00:00,ACC00023,ACC00267,1404.71,IMPS,Delhi,Delhi,False,15,0.9
TXN203567,,2025-08-08T22:14:00,ACC00210,ACC00473,345.54,IMPS,Jaipur,Rajasthan,False,4,1.03
TXN203568,,2025-05-14T17:57:00,ACC00417,ACC00053,2804.86,IMPS,Patna,Bihar,False,27,1.04
TXN203569,,2025-09-04T21:18:00,ACC00343,ACC00472,330.02,Wallet,Delhi,Delhi,False,10,1.56
TXN203570,,2025-08-07T04:21:00,ACC00221,ACC00008,806.53,Card,Hyderabad,Telangana,False,6,1.25
TXN203571,,2025-04-29T21:35:00,ACC00035,ACC00262,149.41,UPI,Lucknow,Uttar Pradesh,False,25,0.27
TXN203572,,2025-09-03T10:51:00,ACC00091,ACC00417,2885.77,NEFT,Mumbai,Maharashtra,False,19,1.05
TXN203573,,2025-05-11T07:58:00,ACC00456,ACC00042,3137.1,RTGS,Delhi,Delhi,False,39,0.16
TXN203574,,2025-06-29T00:09:00,ACC00245,ACC00086,791.81,UPI,Lucknow,Uttar Pradesh,False,53,1.62
TXN203575,,2025-09-08T06:49:00,ACC00497,ACC00281,537.58,IMPS,Hyderabad,Telangana,False,37,1.55
TXN203576,,2025-04-19T06:42:00,ACC00296,ACC00415,3437.49,Wallet,Delhi,Delhi,False,7,1.14
TXN203577,,2025-08-07T11:25:00,ACC00456,ACC00402,1011.96,Wallet,Hyderabad,Telangana,False,46,1.71
TXN203578,,2025-09-16T22:50:00,ACC00387,ACC00130,544.88,Wallet,Mumbai,Maharashtra,False,17,0.62
TXN203579,,2025-01-19T13:49:00,ACC00487,ACC00344,4827.21,UPI,Kanpur,Uttar Pradesh,False,26,1.96
TXN203580,,2025-04-06T15:48:00,ACC00284,ACC00166,3317.53,IMPS,Jaipur,Rajasthan,False,27,1.03
TXN203581,,2025-03-10T08:10:00,ACC00305,ACC00183,840.69,IMPS,Jaipur,Rajasthan,False,16,0.46
TXN203582,,2025-04-26T14:30:00,ACC00385,ACC00014,10567.41,Card,Patna,Bihar,False,19,0.4
TXN203583,,2025-04-06T03:02:00,ACC00129,ACC00089,4641.73,NEFT,Patna,Bihar,False,19,0.42
TXN203584,,2025-07-07T01:55:00,ACC00005,ACC00486,4088.39,Card,Hyderabad,Telangana,False,17,1.32
TXN203585,,2025-05-31T22:33:00,ACC00243,ACC00252,2908.14,IMPS,Mumbai,Maharashtra,False,18,1.47
TXN203586,,2025-01-23T20:40:00,ACC00352,ACC00461,994.6,NEFT,Jaipur,Rajasthan,False,10,1.28
TXN203587,,2025-04-02T03:53:00,ACC00479,ACC00057,1514.44,RTGS,Kanpur,Uttar Pradesh,False,16,0.72
TXN203588,,2025-05-04T22:07:00,ACC00377,ACC00423,2602.73,NEFT,Patna,Bihar,False,14,2.0
TXN203589,,2025-08-17T18:52:00,ACC00093,ACC00286,384.38,NEFT,Kanpur,Uttar Pradesh,False,13,1.73
TXN203590,,2025-05-26T09:14:00,ACC00191,ACC00357,3665.39,IMPS,Kanpur,Uttar Pradesh,False,15,0.97
TXN203591,,2025-08-11T21:32:00,ACC00090,ACC00414,756.93,UPI,Delhi,Delhi,False,38,1.26
TXN203592,,2025-06-08T23:36:00,ACC00015,ACC00454,1781.04,Card,Jaipur,Rajasthan,False,28,0.46
TXN203593,,2025-08-26T11:53:00,ACC00113,ACC00169,1635.86,UPI,Lucknow,Uttar Pradesh,False,23,0.36
TXN203594,,2025-07-21T11:06:00,ACC00121,ACC00179,6383.21,NEFT,Jaipur,Rajasthan,False,20,0.49
TXN203595,,2025-02-11T04:29:00,ACC00427,ACC00217,1206.68,Wallet,Bengaluru,Karnataka,False,3,0.93
TXN203596,,2025-02-04T22:40:00,ACC00137,ACC00090,1170.66,IMPS,Mumbai,Maharashtra,False,6,0.35
TXN203597,,2025-08-14T09:50:00,ACC00429,ACC00049,649.22,UPI,Jaipur,Rajasthan,False,13,0.34
TXN203598,,2025-02-02T08:55:00,ACC00044,ACC00262,9386.0,UPI,Bengaluru,Karnataka,False,15,1.22
TXN203599,,2025-05-25T06:37:00,ACC00102,ACC00265,2257.85,NEFT,Hyderabad,Telangana,False,26,1.27
TXN203600,,2025-04-17T12:54:00,ACC00117,ACC00367,2321.86,IMPS,Patna,Bihar,False,16,0.61
TXN203601,,2025-09-08T14:58:00,ACC00384,ACC00477,1557.08,IMPS,Delhi,Delhi,False,17,0.43
TXN203602,,2025-03-21T06:42:00,ACC00245,ACC00255,756.48,NEFT,Patna,Bihar,False,21,0.99
TXN203603,,2025-05-16T19:21:00,ACC00297,ACC00400,4157.7,Wallet,Hyderabad,Telangana,False,19,0.11
TXN203604,,2025-07-03T11:38:00,ACC00173,ACC00355,438.33,RTGS,Bengaluru,Karnataka,False,17,0.41
TXN203605,,2025-07-24T21:23:00,ACC00316,ACC00329,3029.51,RTGS,Hyderabad,Telangana,False,24,0.76
TXN203606,,2025-08-24T06:01:00,ACC00468,ACC00086,3966.64,NEFT,Patna,Bihar,False,7,1.87
TXN203607,,2025-01-21T09:20:00,ACC00176,ACC00482,1402.61,UPI,Mumbai,Maharashtra,False,12,0.84
TXN203608,,2025-04-14T09:50:00,ACC00287,ACC00033,917.48,Wallet,Mumbai,Maharashtra,False,22,0.94
TXN203609,,2025-01-06T12:27:00,ACC00070,ACC00288,4808.0,NEFT,Bengaluru,Karnataka,False,18,1.55
TXN203610,,2025-04-28T22:53:00,ACC00086,ACC00090,955.67,UPI,Bengaluru,Karnataka,False,11,1.0
TXN203611,,2025-07-22T07:44:00,ACC00012,ACC00016,5194.78,IMPS,Delhi,Delhi,False,27,0.92
TXN203612,,2025-01-14T04:43:00,ACC00477,ACC00168,1740.22,IMPS,Delhi,Delhi,False,4,1.44
TXN203613,,2025-03-17T08:48:00,ACC00164,ACC00202,2926.59,Wallet,Mumbai,Maharashtra,False,18,0.96
TXN203614,,2025-03-01T12:12:00,ACC00049,ACC00030,4377.35,RTGS,Lucknow,Uttar Pradesh,False,13,1.35
TXN203615,,2025-02-13T04:53:00,ACC00420,ACC00256,2985.06,Wallet,Delhi,Delhi,False,28,1.61
TXN203616,,2025-05-21T18:24:00,ACC00130,ACC00293,935.43,RTGS,Lucknow,Uttar Pradesh,False,26,1.15
TXN203617,,2025-07-05T11:37:00,ACC00053,ACC00146,1394.17,Wallet,Bengaluru,Karnataka,False,4,1.31
TXN203618,,2025-04-21T07:38:00,ACC00312,ACC00234,6422.34,Card,Mumbai,Maharashtra,False,11,2.0
TXN203619,,2025-05-15T01:11:00,ACC00204,ACC00467,2133.42,Wallet,Hyderabad,Telangana,False,35,0.65
TXN203620,,2025-09-11T23:34:00,ACC00276,ACC00112,160.5,Wallet,Mumbai,Maharashtra,False,33,0.29
TXN203621,,2025-03-03T18:00:00,ACC00492,ACC00341,2121.45,Card,Delhi,Delhi,False,7,1.77
TXN203622,,2025-08-29T21:12:00,ACC00440,ACC00333,5920.54,IMPS,Mumbai,Maharashtra,False,32,1.46
TXN203623,,2025-03-24T06:04:00,ACC00060,ACC00279,1031.62,Card,Hyderabad,Telangana,False,16,1.08
TXN203624,,2025-03-23T20:32:00,ACC00264,ACC00233,9920.35,RTGS,Jaipur,Rajasthan,False,19,1.18
TXN203625,,2025-07-16T20:49:00,ACC00387,ACC00421,7082.99,NEFT,Hyderabad,Telangana,False,22,0.84
TXN203626,,2025-07-11T07:48:00,ACC00169,ACC00294,3157.45,IMPS,Lucknow,Uttar Pradesh,False,9,1.43
TXN203627,,2025-09-09T08:29:00,ACC00266,ACC00172,2945.12,Wallet,Delhi,Delhi,False,12,0.73
TXN203628,,2025-06-12T05:43:00,ACC00361,ACC00018,1423.19,RTGS,Hyderabad,Telangana,False,11,1.63
TXN203629,,2025-06-18T18:17:00,ACC00295,ACC00060,187.42,RTGS,Bengaluru,Karnataka,False,20,0.54
TXN203630,,2025-01-02T09:58:00,ACC00473,ACC00152,2616.71,Card,Lucknow,Uttar Pradesh,False,14,0.93
TXN203631,,2025-03-28T01:41:00,ACC00381,ACC00044,4662.57,IMPS,Hyderabad,Telangana,False,28,0.64
TXN203632,,2025-01-22T02:45:00,ACC00091,ACC00161,7277.05,RTGS,Hyderabad,Telangana,False,27,0.82
TXN203633,,2025-01-04T07:53:00,ACC00189,ACC00132,3034.61,Card,Bengaluru,Karnataka,False,20,0.91
TXN203634,,2025-03-12T09:21:00,ACC00201,ACC00326,4379.64,RTGS,Bengaluru,Karnataka,False,17,0.93
TXN203635,,2025-04-12T15:31:00,ACC00074,ACC00389,2001.72,RTGS,Mumbai,Maharashtra,False,2,0.64
TXN203636,,2025-07-17T01:27:00,ACC00089,ACC00028,5565.56,UPI,Jaipur,Rajasthan,False,16,1.84
TXN203637,,2025-08-07T20:51:00,ACC00193,ACC00188,1310.26,IMPS,Bengaluru,Karnataka,False,17,0.28
TXN203638,,2025-06-10T01:38:00,ACC00479,ACC00310,2847.72,IMPS,Delhi,Delhi,False,41,0.82
TXN203639,,2025-05-17T11:04:00,ACC00475,ACC00318,610.95,NEFT,Delhi,Delhi,False,16,1.92
TXN203640,,2025-07-05T01:47:00,ACC00427,ACC00255,1254.81,IMPS,Mumbai,Maharashtra,False,1,1.02
TXN203641,,2025-08-30T06:46:00,ACC00221,ACC00059,1534.14,IMPS,Jaipur,Rajasthan,False,14,0.65
TXN203642,,2025-04-05T16:20:00,ACC00434,ACC00286,1189.93,RTGS,Bengaluru,Karnataka,False,14,1.51
TXN203643,,2025-01-10T23:23:00,ACC00004,ACC00395,3085.85,Wallet,Bengaluru,Karnataka,False,17,0.13
TXN203644,,2025-02-21T14:33:00,ACC00263,ACC00384,3885.41,NEFT,Kanpur,Uttar Pradesh,False,22,1.51
TXN203645,,2025-02-24T11:48:00,ACC00313,ACC00162,1263.26,Card,Hyderabad,Telangana,False,13,1.73
TXN203646,,2025-01-17T03:31:00,ACC00477,ACC00480,880.4,Card,Bengaluru,Karnataka,False,13,0.38
TXN203647,,2025-07-31T21:58:00,ACC00182,ACC00013,729.42,Card,Kanpur,Uttar Pradesh,False,16,0.87
TXN203648,,2025-07-11T16:15:00,ACC00226,ACC00082,1159.55,UPI,Jaipur,Rajasthan,False,29,1.94
TXN203649,,2025-05-30T10:43:00,ACC00233,ACC00043,1832.4,NEFT,Hyderabad,Telangana,False,14,1.37
TXN203650,,2025-01-28T10:23:00,ACC00412,ACC00466,4021.53,RTGS,Delhi,Delhi,False,21,0.51
TXN203651,,2025-05-30T16:38:00,ACC00192,ACC00057,1763.03,Card,Hyderabad,Telangana,False,16,1.39
TXN203652,,2025-03-24T08:38:00,ACC00101,ACC00195,14877.32,Wallet,Mumbai,Maharashtra,False,31,0.74
TXN203653,,2025-06-02T04:50:00,ACC00325,ACC00135,616.13,IMPS,Lucknow,Uttar Pradesh,False,37,1.94
TXN203654,,2025-07-02T14:43:00,ACC00269,ACC00226,274.62,RTGS,Hyderabad,Telangana,False,17,0.69
TXN203655,,2025-05-28T06:33:00,ACC00488,ACC00369,2138.68,Card,Delhi,Delhi,False,26,1.27
TXN203656,,2025-03-01T21:22:00,ACC00209,ACC00351,888.85,RTGS,Jaipur,Rajasthan,False,7,1.74
TXN203657,,2025-07-02T02:10:00,ACC00170,ACC00396,379.64,Wallet,Bengaluru,Karnataka,False,21,0.25
TXN203658,,2025-02-08T06:39:00,ACC00166,ACC00176,610.05,UPI,Delhi,Delhi,False,22,1.33
TXN203659,,2025-03-21T01:05:00,ACC00168,ACC00006,3101.94,NEFT,Patna,Bihar,False,19,1.21
TXN203660,,2025-06-24T19:29:00,ACC00473,ACC00004,5980.88,RTGS,Lucknow,Uttar Pradesh,False,19,1.2
TXN203661,,2025-02-03T17:09:00,ACC00380,ACC00196,883.09,IMPS,Lucknow,Uttar Pradesh,False,13,1.39
TXN203662,,2025-03-30T22:00:00,ACC00052,ACC00122,4157.3,NEFT,Hyderabad,Telangana,False,7,1.53
TXN203663,,2025-07-01T21:16:00,ACC00410,ACC00015,3966.92,RTGS,Hyderabad,Telangana,False,11,0.54
TXN203664,,2025-01-31T18:19:00,ACC00365,ACC00357,8586.55,Wallet,Hyderabad,Telangana,False,28,0.42
TXN203665,,2025-07-12T06:06:00,ACC00278,ACC00450,894.72,IMPS,Jaipur,Rajasthan,False,13,1.89
TXN203666,,2025-02-03T07:41:00,ACC00441,ACC00363,7857.84,NEFT,Mumbai,Maharashtra,False,4,0.47
TXN203667,,2025-03-18T18:10:00,ACC00221,ACC00426,6517.04,Wallet,Patna,Bihar,False,7,0.54
TXN203668,,2025-07-05T15:00:00,ACC00073,ACC00131,2614.39,UPI,Bengaluru,Karnataka,False,16,1.62
TXN203669,,2025-01-27T13:29:00,ACC00108,ACC00242,1202.07,NEFT,Bengaluru,Karnataka,False,17,1.23
TXN203670,,2025-05-19T23:47:00,ACC00072,ACC00298,5691.16,RTGS,Delhi,Delhi,False,19,1.11
TXN203671,,2025-06-15T11:32:00,ACC00017,ACC00393,1849.19,Wallet,Jaipur,Rajasthan,False,18,1.47
TXN203672,,2025-08-01T15:42:00,ACC00156,ACC00335,2669.99,UPI,Jaipur,Rajasthan,False,16,0.63
TXN203673,,2025-02-01T23:50:00,ACC00027,ACC00046,7049.58,IMPS,Bengaluru,Karnataka,False,33,0.91
TXN203674,,2025-09-07T20:56:00,ACC00046,ACC00472,2174.24,Wallet,Delhi,Delhi,False,2,1.1
TXN203675,,2025-05-01T22:43:00,ACC00111,ACC00498,2607.27,IMPS,Mumbai,Maharashtra,False,43,1.48
TXN203676,,2025-03-17T19:01:00,ACC00498,ACC00074,1363.15,RTGS,Jaipur,Rajasthan,False,10,1.25
TXN203677,,2025-04-22T04:59:00,ACC00439,ACC00112,7916.57,UPI,Kanpur,Uttar Pradesh,False,21,1.9
TXN203678,,2025-03-03T18:14:00,ACC00201,ACC00344,2972.41,NEFT,Bengaluru,Karnataka,False,3,0.72
TXN203679,,2025-04-21T16:18:00,ACC00129,ACC00413,1158.33,IMPS,Lucknow,Uttar Pradesh,False,23,0.31
TXN203680,,2025-07-22T13:14:00,ACC00395,ACC00312,921.48,Card,Delhi,Delhi,False,35,0.45
TXN203681,,2025-06-28T02:38:00,ACC00207,ACC00451,1199.92,Wallet,Hyderabad,Telangana,False,13,1.94
TXN203682,,2025-04-30T07:51:00,ACC00147,ACC00411,907.74,UPI,Mumbai,Maharashtra,False,17,1.97
TXN203683,,2025-04-10T11:50:00,ACC00303,ACC00124,1112.86,RTGS,Mumbai,Maharashtra,False,18,0.13
TXN203684,,2025-05-25T18:25:00,ACC00474,ACC00177,1307.82,UPI,Bengaluru,Karnataka,False,1,1.4
TXN203685,,2025-08-15T11:02:00,ACC00180,ACC00160,6601.27,RTGS,Hyderabad,Telangana,False,34,0.67
TXN203686,,2025-04-14T00:40:00,ACC00309,ACC00338,4816.71,RTGS,Mumbai,Maharashtra,False,7,0.28
TXN203687,,2025-03-01T06:33:00,ACC00127,ACC00158,2593.92,Wallet,Delhi,Delhi,False,24,0.17
TXN203688,,2025-05-10T19:08:00,ACC00159,ACC00157,629.0,Card,Patna,Bihar,False,27,0.22
TXN203689,,2025-03-18T12:31:00,ACC00153,ACC00166,630.37,IMPS,Lucknow,Uttar Pradesh,False,33,1.07
TXN203690,,2025-06-05T12:11:00,ACC00161,ACC00416,753.57,RTGS,Lucknow,Uttar Pradesh,False,16,1.97
TXN203691,,2025-04-01T05:32:00,ACC00328,ACC00169,3064.99,RTGS,Jaipur,Rajasthan,False,16,1.97
TXN203692,,2025-02-21T05:21:00,ACC00438,ACC00480,655.43,Wallet,Hyderabad,Telangana,False,13,0.57
TXN203693,,2025-05-29T19:39:00,ACC00077,ACC00227,2232.34,IMPS,Bengaluru,Karnataka,False,28,1.56
TXN203694,,2025-05-10T01:06:00,ACC00118,ACC00250,4413.54,Wallet,Bengaluru,Karnataka,False,12,1.2
TXN203695,,2025-06-23T08:29:00,ACC00320,ACC00294,4453.39,NEFT,Bengaluru,Karnataka,False,4,1.19
TXN203696,,2025-08-11T18:05:00,ACC00374,ACC00106,735.53,RTGS,Mumbai,Maharashtra,False,37,0.76
TXN203697,,2025-07-30T16:25:00,ACC00333,ACC00433,978.87,RTGS,Kanpur,Uttar Pradesh,False,21,1.13
TXN203698,,2025-04-17T19:04:00,ACC00497,ACC00366,670.55,UPI,Mumbai,Maharashtra,False,2,0.18
TXN203699,,2025-02-06T09:05:00,ACC00491,ACC00001,781.73,NEFT,Mumbai,Maharashtra,False,30,1.38
TXN203700,,2025-06-04T14:05:00,ACC00151,ACC00146,284.56,NEFT,Lucknow,Uttar Pradesh,False,17,1.11
TXN203701,,2025-07-28T12:03:00,ACC00004,ACC00385,1258.56,RTGS,Patna,Bihar,False,14,1.44
TXN203702,,2025-07-27T01:32:00,ACC00420,ACC00368,1956.32,IMPS,Jaipur,Rajasthan,False,20,1.89
TXN203703,,2025-01-17T21:28:00,ACC00040,ACC00104,404.01,Wallet,Jaipur,Rajasthan,False,15,1.96
TXN203704,,2025-01-05T18:53:00,ACC00168,ACC00176,829.62,Wallet,Kanpur,Uttar Pradesh,False,15,0.69
TXN203705,,2025-07-06T12:42:00,ACC00292,ACC00165,1988.95,UPI,Bengaluru,Karnataka,False,38,1.48
TXN203706,,2025-05-15T04:22:00,ACC00458,ACC00033,4731.55,NEFT,Jaipur,Rajasthan,False,15,1.61
TXN203707,,2025-03-29T01:38:00,ACC00469,ACC00294,7469.88,UPI,Lucknow,Uttar Pradesh,False,15,0.89
TXN203708,,2025-08-20T23:14:00,ACC00012,ACC00076,927.89,IMPS,Jaipur,Rajasthan,False,20,1.9
TXN203709,,2025-06-17T11:05:00,ACC00165,ACC00498,570.82,RTGS,Hyderabad,Telangana,False,23,1.91
TXN203710,,2025-01-20T20:27:00,ACC00021,ACC00108,231.51,UPI,Bengaluru,Karnataka,False,30,0.89
TXN203711,,2025-06-25T12:09:00,ACC00096,ACC00332,5758.51,UPI,Mumbai,Maharashtra,False,24,0.63
TXN203712,,2025-08-05T02:36:00,ACC00241,ACC00197,2017.88,Card,Jaipur,Rajasthan,False,35,0.14
TXN203713,,2025-03-23T16:49:00,ACC00381,ACC00267,1797.67,Wallet,Jaipur,Rajasthan,False,3,1.87
TXN203714,,2025-08-27T11:20:00,ACC00298,ACC00257,1398.72,IMPS,Bengaluru,Karnataka,False,10,0.87
TXN203715,,2025-06-25T10:24:00,ACC00033,ACC00113,281.07,NEFT,Delhi,Delhi,False,12,0.72
TXN203716,,2025-02-22T16:42:00,ACC00054,ACC00480,3467.28,IMPS,Lucknow,Uttar Pradesh,False,12,1.75
TXN203717,,2025-06-24T14:53:00,ACC00172,ACC00346,995.61,UPI,Patna,Bihar,False,17,0.95
TXN203718,,2025-08-12T13:47:00,ACC00163,ACC00285,8050.17,Wallet,Mumbai,Maharashtra,False,13,1.28
TXN203719,,2025-04-04T03:33:00,ACC00345,ACC00218,1933.01,Wallet,Hyderabad,Telangana,False,21,0.46
TXN203720,,2025-08-20T10:38:00,ACC00242,ACC00130,3421.91,IMPS,Lucknow,Uttar Pradesh,False,19,1.24
TXN203721,,2025-05-27T00:24:00,ACC00326,ACC00468,1090.33,RTGS,Delhi,Delhi,False,15,1.6
TXN203722,,2025-05-20T23:48:00,ACC00320,ACC00318,294.6,Wallet,Lucknow,Uttar Pradesh,False,33,0.29
TXN203723,,2025-01-18T15:12:00,ACC00311,ACC00216,22399.45,IMPS,Mumbai,Maharashtra,False,6,0.65
TXN203724,,2025-02-12T04:56:00,ACC00040,ACC00244,1554.71,Wallet,Delhi,Delhi,False,16,1.04
TXN203725,,2025-07-28T12:57:00,ACC00275,ACC00263,1459.02,NEFT,Mumbai,Maharashtra,False,12,0.4
TXN203726,,2025-05-31T08:10:00,ACC00023,ACC00049,1719.4,RTGS,Lucknow,Uttar Pradesh,False,14,0.3
TXN203727,,2025-07-29T04:10:00,ACC00213,ACC00459,623.26,RTGS,Kanpur,Uttar Pradesh,False,48,0.31
TXN203728,,2025-01-24T06:49:00,ACC00116,ACC00227,3868.86,UPI,Delhi,Delhi,False,14,0.6
TXN203729,,2025-01-10T15:38:00,ACC00108,ACC00415,684.13,NEFT,Patna,Bihar,False,5,1.98
TXN203730,,2025-06-23T13:42:00,ACC00089,ACC00354,7007.56,Wallet,Hyderabad,Telangana,False,34,1.71
TXN203731,,2025-02-27T09:58:00,ACC00288,ACC00316,7011.87,NEFT,Delhi,Delhi,False,45,0.75
TXN203732,,2025-08-31T05:44:00,ACC00289,ACC00326,1274.25,Wallet,Jaipur,Rajasthan,False,9,0.39
TXN203733,,2025-05-07T02:37:00,ACC00290,ACC00245,1751.1,Card,Mumbai,Maharashtra,False,10,1.78
TXN203734,,2025-08-19T15:18:00,ACC00084,ACC00226,4029.8,NEFT,Hyderabad,Telangana,False,21,1.91
TXN203735,,2025-09-06T23:51:00,ACC00030,ACC00154,647.77,IMPS,Kanpur,Uttar Pradesh,False,16,1.18
TXN203736,,2025-07-18T14:12:00,ACC00336,ACC00322,1271.48,UPI,Delhi,Delhi,False,37,1.14
TXN203737,,2025-08-12T07:16:00,ACC00122,ACC00384,1384.86,UPI,Delhi,Delhi,False,26,0.52
TXN203738,,2025-04-01T06:32:00,ACC00008,ACC00001,2323.57,Wallet,Delhi,Delhi,False,14,0.53
TXN203739,,2025-06-05T06:44:00,ACC00119,ACC00206,1212.87,UPI,Patna,Bihar,False,29,1.27
TXN203740,,2025-03-12T19:51:00,ACC00383,ACC00217,38549.8,UPI,Hyderabad,Telangana,False,28,0.46
TXN203741,,2025-08-14T10:02:00,ACC00304,ACC00241,235.39,UPI,Hyderabad,Telangana,False,2,0.86
TXN203742,,2025-07-04T05:58:00,ACC00182,ACC00316,3875.52,Wallet,Lucknow,Uttar Pradesh,False,27,1.66
TXN203743,,2025-04-14T05:54:00,ACC00378,ACC00106,1259.21,Wallet,Delhi,Delhi,False,15,0.53
TXN203744,,2025-03-30T04:43:00,ACC00015,ACC00472,4162.03,RTGS,Jaipur,Rajasthan,False,11,1.93
TXN203745,,2025-09-03T21:37:00,ACC00329,ACC00154,797.9,IMPS,Lucknow,Uttar Pradesh,False,16,0.57
TXN203746,,2025-01-22T19:41:00,ACC00044,ACC00468,3221.59,UPI,Jaipur,Rajasthan,False,14,1.57
TXN203747,,2025-02-23T18:30:00,ACC00460,ACC00131,1388.57,Card,Delhi,Delhi,False,27,1.93
TXN203748,,2025-03-01T16:18:00,ACC00200,ACC00360,1019.57,UPI,Patna,Bihar,False,4,0.26
TXN203749,,2025-08-29T06:57:00,ACC00331,ACC00152,3241.38,IMPS,Lucknow,Uttar Pradesh,False,17,0.86
TXN203750,,2025-03-03T13:08:00,ACC00336,ACC00464,5961.27,IMPS,Jaipur,Rajasthan,False,9,1.7
TXN203751,,2025-04-10T22:54:00,ACC00140,ACC00096,1489.58,UPI,Kanpur,Uttar Pradesh,False,37,0.24
TXN203752,,2025-01-21T08:16:00,ACC00284,ACC00096,613.58,Wallet,Kanpur,Uttar Pradesh,False,15,1.89
TXN203753,,2025-02-25T21:57:00,ACC00351,ACC00253,3852.05,IMPS,Patna,Bihar,False,17,1.55
TXN203754,,2025-06-11T10:03:00,ACC00189,ACC00158,1329.61,RTGS,Bengaluru,Karnataka,False,18,1.06
TXN203755,,2025-08-18T15:51:00,ACC00112,ACC00108,3227.62,Wallet,Patna,Bihar,False,21,0.33
TXN203756,,2025-02-28T06:56:00,ACC00193,ACC00278,9718.82,Wallet,Jaipur,Rajasthan,False,24,1.16
TXN203757,,2025-08-11T04:56:00,ACC00328,ACC00318,1973.85,RTGS,Patna,Bihar,False,24,1.57
TXN203758,,2025-02-20T08:45:00,ACC00405,ACC00229,497.42,Card,Lucknow,Uttar Pradesh,False,24,0.56
TXN203759,,2025-09-17T16:27:00,ACC00204,ACC00161,1529.22,Wallet,Lucknow,Uttar Pradesh,False,29,1.19
TXN203760,,2025-07-12T01:57:00,ACC00270,ACC00201,3824.36,RTGS,Bengaluru,Karnataka,False,7,0.69
TXN203761,,2025-03-31T18:53:00,ACC00410,ACC00306,422.59,IMPS,Hyderabad,Telangana,False,10,1.52
TXN203762,,2025-01-19T19:52:00,ACC00072,ACC00230,2425.01,Card,Patna,Bihar,False,22,0.96
TXN203763,,2025-08-21T01:09:00,ACC00323,ACC00021,2422.38,IMPS,Delhi,Delhi,False,12,0.45
TXN203764,,2025-05-07T19:10:00,ACC00280,ACC00399,1192.04,UPI,Bengaluru,Karnataka,False,18,1.91
TXN203765,,2025-06-15T05:32:00,ACC00025,ACC00170,4823.41,RTGS,Hyderabad,Telangana,False,30,0.87
TXN203766,,2025-02-01T23:34:00,ACC00109,ACC00116,1986.71,UPI,Kanpur,Uttar Pradesh,False,16,0.12
TXN203767,,2025-02-04T03:46:00,ACC00306,ACC00312,4097.45,Card,Delhi,Delhi,False,23,1.43
TXN203768,,2025-08-30T20:13:00,ACC00259,ACC00094,4444.72,NEFT,Lucknow,Uttar Pradesh,False,7,0.12
TXN203769,,2025-04-29T02:15:00,ACC00486,ACC00134,5239.58,UPI,Lucknow,Uttar Pradesh,False,7,0.64
TXN203770,,2025-06-18T22:09:00,ACC00328,ACC00401,3251.16,Card,Hyderabad,Telangana,False,25,0.11
TXN203771,,2025-01-13T18:57:00,ACC00163,ACC00067,6018.95,NEFT,Lucknow,Uttar Pradesh,False,15,0.53
TXN203772,,2025-05-19T11:57:00,ACC00110,ACC00483,1405.15,RTGS,Kanpur,Uttar Pradesh,False,23,0.76
TXN203773,,2025-08-16T12:58:00,ACC00399,ACC00220,1301.84,Wallet,Delhi,Delhi,False,37,0.56
TXN203774,,2025-04-29T01:14:00,ACC00020,ACC00466,1437.89,Wallet,Kanpur,Uttar Pradesh,False,33,1.41
TXN203775,,2025-02-24T19:05:00,ACC00393,ACC00101,5352.9,NEFT,Bengaluru,Karnataka,False,42,1.01
TXN203776,,2025-03-16T06:00:00,ACC00441,ACC00462,11165.5,UPI,Jaipur,Rajasthan,False,16,0.11
TXN203777,,2025-07-13T01:35:00,ACC00001,ACC00188,151.85,UPI,Kanpur,Uttar Pradesh,False,12,1.86
TXN203778,,2025-01-13T15:40:00,ACC00412,ACC00411,462.81,Wallet,Lucknow,Uttar Pradesh,False,17,1.45
TXN203779,,2025-03-08T17:25:00,ACC00013,ACC00401,3128.25,NEFT,Hyderabad,Telangana,False,16,1.44
TXN203780,,2025-05-05T02:51:00,ACC00075,ACC00067,2156.09,Card,Hyderabad,Telangana,False,14,1.34
TXN203781,,2025-03-25T09:28:00,ACC00427,ACC00214,2043.95,RTGS,Delhi,Delhi,False,19,0.57
TXN203782,,2025-07-26T08:38:00,ACC00201,ACC00337,1518.71,Wallet,Hyderabad,Telangana,False,19,0.71
TXN203783,,2025-09-03T09:26:00,ACC00450,ACC00161,8752.39,Card,Patna,Bihar,False,23,1.45
TXN203784,,2025-02-06T22:41:00,ACC00408,ACC00384,215.81,RTGS,Kanpur,Uttar Pradesh,False,6,1.38
TXN203785,,2025-03-21T23:56:00,ACC00152,ACC00310,1123.32,Card,Delhi,Delhi,False,18,1.35
TXN203786,,2025-07-04T11:01:00,ACC00176,ACC00210,3964.36,Card,Kanpur,Uttar Pradesh,False,1,0.72
TXN203787,,2025-09-12T11:54:00,ACC00087,ACC00125,3648.79,Card,Hyderabad,Telangana,False,17,1.64
TXN203788,,2025-05-04T08:12:00,ACC00392,ACC00236,14370.63,IMPS,Bengaluru,Karnataka,False,21,0.3
TXN203789,,2025-02-26T22:12:00,ACC00025,ACC00189,2048.39,NEFT,Patna,Bihar,False,1,0.54
TXN203790,,2025-01-30T01:16:00,ACC00193,ACC00207,2708.33,RTGS,Kanpur,Uttar Pradesh,False,22,0.79
TXN203791,,2025-08-02T04:38:00,ACC00398,ACC00391,577.54,UPI,Hyderabad,Telangana,False,13,0.25
TXN203792,,2025-03-01T02:52:00,ACC00013,ACC00107,2680.05,UPI,Kanpur,Uttar Pradesh,False,16,0.57
TXN203793,,2025-09-16T07:51:00,ACC00184,ACC00052,2430.13,Card,Mumbai,Maharashtra,False,14,1.85
TXN203794,,2025-05-27T01:12:00,ACC00113,ACC00209,1091.74,Card,Lucknow,Uttar Pradesh,False,37,1.62
TXN203795,,2025-02-15T15:24:00,ACC00363,ACC00335,1050.31,Wallet,Mumbai,Maharashtra,False,11,1.23
TXN203796,,2025-08-31T23:04:00,ACC00154,ACC00145,5036.09,Card,Lucknow,Uttar Pradesh,False,1,1.75
TXN203797,,2025-01-16T22:44:00,ACC00030,ACC00181,9535.93,RTGS,Lucknow,Uttar Pradesh,False,16,1.91
TXN203798,,2025-06-07T12:02:00,ACC00422,ACC00011,1151.92,RTGS,Kanpur,Uttar Pradesh,False,12,0.67
TXN203799,,2025-02-08T11:37:00,ACC00148,ACC00035,1115.87,Wallet,Delhi,Delhi,False,1,0.35
TXN203800,,2025-08-18T07:06:00,ACC00220,ACC00289,308.46,RTGS,Hyderabad,Telangana,False,25,1.17
TXN203801,,2025-09-06T14:27:00,ACC00061,ACC00175,8080.62,UPI,Delhi,Delhi,False,23,1.81
TXN203802,,2025-05-22T23:44:00,ACC00099,ACC00327,378.56,UPI,Kanpur,Uttar Pradesh,False,23,0.49
TXN203803,,2025-02-28T15:20:00,ACC00075,ACC00438,652.18,Wallet,Lucknow,Uttar Pradesh,False,22,1.95
TXN203804,,2025-06-02T15:53:00,ACC00017,ACC00020,519.98,UPI,Patna,Bihar,False,10,1.51
TXN203805,,2025-07-25T01:54:00,ACC00057,ACC00233,2289.79,NEFT,Mumbai,Maharashtra,False,22,0.14
TXN203806,,2025-07-01T09:11:00,ACC00182,ACC00488,8324.3,UPI,Hyderabad,Telangana,False,30,0.12
TXN203807,,2025-02-28T16:30:00,ACC00084,ACC00050,361.47,NEFT,Bengaluru,Karnataka,False,30,1.61
TXN203808,,2025-08-11T21:04:00,ACC00392,ACC00325,1591.59,Wallet,Jaipur,Rajasthan,False,18,1.36
TXN203809,,2025-07-04T05:03:00,ACC00324,ACC00077,263.48,UPI,Mumbai,Maharashtra,False,10,1.5
TXN203810,,2025-05-25T01:36:00,ACC00131,ACC00015,2012.94,UPI,Kanpur,Uttar Pradesh,False,19,0.13
TXN203811,,2025-05-22T06:43:00,ACC00376,ACC00123,4904.1,Card,Hyderabad,Telangana,False,25,1.13
TXN203812,,2025-08-03T20:32:00,ACC00263,ACC00342,893.0,RTGS,Delhi,Delhi,False,33,0.3
TXN203813,,2025-02-03T02:23:00,ACC00024,ACC00031,2323.27,IMPS,Bengaluru,Karnataka,False,17,1.65
TXN203814,,2025-01-29T12:23:00,ACC00294,ACC00388,7356.26,UPI,Kanpur,Uttar Pradesh,False,1,0.85
TXN203815,,2025-05-28T17:27:00,ACC00404,ACC00306,4226.36,UPI,Delhi,Delhi,False,8,1.57
TXN203816,,2025-04-14T01:42:00,ACC00078,ACC00180,3163.58,Wallet,Hyderabad,Telangana,False,20,0.96
TXN203817,,2025-02-10T06:26:00,ACC00445,ACC00018,2332.6,Wallet,Kanpur,Uttar Pradesh,False,19,0.22
TXN203818,,2025-03-31T04:53:00,ACC00005,ACC00184,470.92,Wallet,Patna,Bihar,False,27,0.38
TXN203819,,2025-08-08T04:23:00,ACC00386,ACC00062,12903.78,Wallet,Mumbai,Maharashtra,False,4,1.71
TXN203820,,2025-03-13T09:22:00,ACC00337,ACC00471,3077.64,Card,Hyderabad,Telangana,False,19,0.97
TXN203821,,2025-04-10T12:17:00,ACC00440,ACC00425,631.03,UPI,Kanpur,Uttar Pradesh,False,31,1.79
TXN203822,,2025-03-26T15:34:00,ACC00122,ACC00401,1208.15,NEFT,Bengaluru,Karnataka,False,11,1.99
TXN203823,,2025-08-08T23:11:00,ACC00465,ACC00160,2449.73,NEFT,Delhi,Delhi,False,25,1.45
TXN203824,,2025-09-09T22:26:00,ACC00004,ACC00397,1622.51,Card,Delhi,Delhi,False,26,0.88
TXN203825,,2025-02-16T12:51:00,ACC00281,ACC00318,5685.24,UPI,Hyderabad,Telangana,False,19,1.52
TXN203826,,2025-05-05T21:34:00,ACC00060,ACC00382,536.49,RTGS,Bengaluru,Karnataka,False,27,0.1
TXN203827,,2025-08-28T10:57:00,ACC00190,ACC00349,7483.04,NEFT,Bengaluru,Karnataka,False,14,1.35
TXN203828,,2025-07-03T16:47:00,ACC00270,ACC00470,4981.17,Card,Jaipur,Rajasthan,False,37,1.99
TXN203829,,2025-01-13T11:06:00,ACC00154,ACC00498,1457.54,Card,Patna,Bihar,False,22,0.45
TXN203830,,2025-03-03T07:38:00,ACC00193,ACC00249,2385.91,RTGS,Lucknow,Uttar Pradesh,False,28,1.43
TXN203831,,2025-09-17T20:50:00,ACC00053,ACC00409,6297.4,Card,Kanpur,Uttar Pradesh,False,29,0.89
TXN203832,,2025-08-01T11:24:00,ACC00027,ACC00412,337.52,Card,Patna,Bihar,False,14,1.5
TXN203833,,2025-04-10T02:28:00,ACC00379,ACC00227,7054.09,RTGS,Kanpur,Uttar Pradesh,False,26,1.65
TXN203834,,2025-01-27T06:17:00,ACC00079,ACC00413,6583.65,Card,Lucknow,Uttar Pradesh,False,15,0.97
TXN203835,,2025-02-28T08:23:00,ACC00236,ACC00331,352.73,Wallet,Kanpur,Uttar Pradesh,False,17,1.34
TXN203836,,2025-06-29T03:14:00,ACC00177,ACC00133,4276.94,Card,Lucknow,Uttar Pradesh,False,13,1.13
TXN203837,,2025-05-19T16:18:00,ACC00178,ACC00387,1212.61,NEFT,Delhi,Delhi,False,1,0.21
TXN203838,,2025-09-03T07:41:00,ACC00297,ACC00172,191.25,IMPS,Jaipur,Rajasthan,False,49,1.8
TXN203839,,2025-08-14T07:17:00,ACC00396,ACC00489,6124.26,IMPS,Patna,Bihar,False,22,1.62
TXN203840,,2025-08-24T03:57:00,ACC00240,ACC00377,3042.36,Wallet,Mumbai,Maharashtra,False,15,1.45
TXN203841,,2025-01-21T14:56:00,ACC00100,ACC00357,9496.62,Wallet,Bengaluru,Karnataka,False,5,0.2
TXN203842,,2025-09-17T07:11:00,ACC00236,ACC00373,368.74,Card,Bengaluru,Karnataka,False,20,1.66
TXN203843,,2025-05-20T15:05:00,ACC00414,ACC00121,932.14,Card,Mumbai,Maharashtra,False,27,1.64
TXN203844,,2025-04-23T17:27:00,ACC00232,ACC00302,3937.04,Card,Mumbai,Maharashtra,False,16,1.03
TXN203845,,2025-08-26T18:11:00,ACC00485,ACC00369,3697.75,Card,Delhi,Delhi,False,11,0.86
TXN203846,,2025-06-16T13:42:00,ACC00317,ACC00111,7853.04,Wallet,Delhi,Delhi,False,25,1.1
TXN203847,,2025-06-20T21:46:00,ACC00145,ACC00253,15165.04,UPI,Bengaluru,Karnataka,False,23,1.99
TXN203848,,2025-08-12T07:04:00,ACC00024,ACC00157,2194.7,Wallet,Bengaluru,Karnataka,False,17,1.87
TXN203849,,2025-06-16T12:38:00,ACC00283,ACC00438,1069.39,Wallet,Mumbai,Maharashtra,False,14,1.13
TXN203850,,2025-09-13T10:29:00,ACC00020,ACC00047,3172.72,IMPS,Patna,Bihar,False,34,1.9
TXN203851,,2025-04-28T16:13:00,ACC00155,ACC00219,353.44,IMPS,Hyderabad,Telangana,False,13,0.45
TXN203852,,2025-06-05T23:06:00,ACC00468,ACC00308,1546.51,UPI,Jaipur,Rajasthan,False,31,0.19
TXN203853,,2025-02-25T06:33:00,ACC00195,ACC00227,3551.52,UPI,Kanpur,Uttar Pradesh,False,13,0.48
TXN203854,,2025-04-07T08:51:00,ACC00264,ACC00384,1298.0,Wallet,Delhi,Delhi,False,25,1.63
TXN203855,,2025-05-28T07:49:00,ACC00305,ACC00270,3241.91,RTGS,Lucknow,Uttar Pradesh,False,27,0.88
TXN203856,,2025-09-01T06:49:00,ACC00065,ACC00184,315.14,NEFT,Kanpur,Uttar Pradesh,False,29,0.97
TXN203857,,2025-03-07T06:43:00,ACC00484,ACC00254,2790.84,Card,Mumbai,Maharashtra,False,21,1.78
TXN203858,,2025-08-12T22:07:00,ACC00234,ACC00163,865.22,Wallet,Delhi,Delhi,False,6,0.12
TXN203859,,2025-05-28T15:11:00,ACC00319,ACC00262,870.97,RTGS,Lucknow,Uttar Pradesh,False,49,2.0
TXN203860,,2025-04-18T03:32:00,ACC00046,ACC00198,3718.46,RTGS,Kanpur,Uttar Pradesh,False,27,0.68
TXN203861,,2025-05-22T07:06:00,ACC00240,ACC00114,962.99,Wallet,Patna,Bihar,False,13,1.03
TXN203862,,2025-08-12T22:40:00,ACC00305,ACC00032,1045.11,UPI,Hyderabad,Telangana,False,17,0.25
TXN203863,,2025-04-12T16:32:00,ACC00486,ACC00479,8526.41,Card,Delhi,Delhi,False,17,0.61
TXN203864,,2025-07-11T07:48:00,ACC00495,ACC00364,245.03,IMPS,Kanpur,Uttar Pradesh,False,23,0.47
TXN203865,,2025-02-23T21:06:00,ACC00404,ACC00375,1398.11,Wallet,Lucknow,Uttar Pradesh,False,18,0.95
TXN203866,,2025-02-16T13:10:00,ACC00379,ACC00377,3548.45,RTGS,Lucknow,Uttar Pradesh,False,8,1.22
TXN203867,,2025-01-13T15:02:00,ACC00043,ACC00305,10704.21,Card,Mumbai,Maharashtra,False,21,1.87
TXN203868,,2025-01-06T02:32:00,ACC00149,ACC00239,2997.7,UPI,Hyderabad,Telangana,False,30,1.68
TXN203869,,2025-08-03T14:08:00,ACC00238,ACC00311,2186.44,Wallet,Delhi,Delhi,False,23,1.59
TXN203870,,2025-09-05T03:53:00,ACC00003,ACC00215,743.38,NEFT,Mumbai,Maharashtra,False,29,1.51
TXN203871,,2025-07-01T22:13:00,ACC00070,ACC00301,1039.14,RTGS,Patna,Bihar,False,18,1.45
TXN203872,,2025-07-26T09:48:00,ACC00084,ACC00235,1760.36,Wallet,Patna,Bihar,False,27,1.37
TXN203873,,2025-07-03T02:54:00,ACC00415,ACC00439,1599.52,Wallet,Bengaluru,Karnataka,False,25,1.2
TXN203874,,2025-03-11T09:00:00,ACC00457,ACC00099,1637.3,Wallet,Patna,Bihar,False,20,1.52
TXN203875,,2025-07-09T15:27:00,ACC00456,ACC00416,372.8,Wallet,Hyderabad,Telangana,False,30,0.4
TXN203876,,2025-05-26T19:49:00,ACC00259,ACC00076,12347.8,Wallet,Patna,Bihar,False,28,0.45
TXN203877,,2025-07-07T12:08:00,ACC00390,ACC00259,3973.4,RTGS,Delhi,Delhi,False,34,0.85
TXN203878,,2025-05-10T08:07:00,ACC00267,ACC00274,924.05,Wallet,Kanpur,Uttar Pradesh,False,48,1.29
TXN203879,,2025-02-05T21:58:00,ACC00260,ACC00011,3147.44,RTGS,Lucknow,Uttar Pradesh,False,24,1.0
TXN203880,,2025-06-22T23:06:00,ACC00156,ACC00163,860.0,Wallet,Mumbai,Maharashtra,False,18,0.94
TXN203881,,2025-07-10T14:48:00,ACC00469,ACC00406,1692.82,RTGS,Mumbai,Maharashtra,False,23,1.95
TXN203882,,2025-09-15T10:16:00,ACC00129,ACC00032,2136.38,RTGS,Hyderabad,Telangana,False,13,0.39
TXN203883,,2025-05-13T02:56:00,ACC00284,ACC00226,659.84,RTGS,Patna,Bihar,False,11,0.67
TXN203884,,2025-04-22T04:43:00,ACC00055,ACC00455,1319.19,UPI,Jaipur,Rajasthan,False,8,1.66
TXN203885,,2025-05-23T09:01:00,ACC00158,ACC00136,18503.6,Card,Delhi,Delhi,False,21,0.34
TXN203886,,2025-04-17T11:28:00,ACC00316,ACC00449,2603.31,RTGS,Lucknow,Uttar Pradesh,False,15,1.35
TXN203887,,2025-08-27T07:46:00,ACC00216,ACC00026,5590.06,Wallet,Patna,Bihar,False,9,1.11
TXN203888,,2025-02-26T01:55:00,ACC00206,ACC00315,5968.54,NEFT,Bengaluru,Karnataka,False,47,1.45
TXN203889,,2025-05-03T11:35:00,ACC00310,ACC00099,2064.37,RTGS,Mumbai,Maharashtra,False,15,1.19
TXN203890,,2025-07-13T22:45:00,ACC00151,ACC00363,6323.33,Wallet,Kanpur,Uttar Pradesh,False,18,0.68
TXN203891,,2025-02-27T17:48:00,ACC00267,ACC00290,1425.47,Wallet,Lucknow,Uttar Pradesh,False,21,0.22
TXN203892,,2025-05-25T10:01:00,ACC00294,ACC00348,1375.24,UPI,Lucknow,Uttar Pradesh,False,15,1.19
TXN203893,,2025-05-24T19:47:00,ACC00112,ACC00404,2417.7,RTGS,Kanpur,Uttar Pradesh,False,25,0.79
TXN203894,,2025-08-02T15:36:00,ACC00013,ACC00169,2850.59,NEFT,Kanpur,Uttar Pradesh,False,26,1.46
TXN203895,,2025-04-28T03:49:00,ACC00191,ACC00124,4227.35,NEFT,Patna,Bihar,False,14,0.69
TXN203896,,2025-05-08T23:01:00,ACC00292,ACC00449,549.37,NEFT,Patna,Bihar,False,18,1.92
TXN203897,,2025-05-19T02:58:00,ACC00320,ACC00354,826.48,Card,Lucknow,Uttar Pradesh,False,16,1.64
TXN203898,,2025-01-18T12:35:00,ACC00267,ACC00004,638.63,Card,Kanpur,Uttar Pradesh,False,11,1.23
TXN203899,,2025-06-03T17:37:00,ACC00182,ACC00107,6244.35,NEFT,Jaipur,Rajasthan,False,15,1.55
TXN203900,,2025-01-10T18:26:00,ACC00316,ACC00042,1500.51,NEFT,Hyderabad,Telangana,False,17,0.83
TXN203901,,2025-07-19T14:22:00,ACC00487,ACC00326,1367.15,NEFT,Lucknow,Uttar Pradesh,False,10,1.05
TXN203902,,2025-03-24T08:58:00,ACC00392,ACC00330,2520.31,NEFT,Jaipur,Rajasthan,False,22,0.7
TXN203903,,2025-07-09T05:40:00,ACC00093,ACC00213,5190.84,IMPS,Lucknow,Uttar Pradesh,False,27,0.6
TXN203904,,2025-04-01T09:43:00,ACC00317,ACC00166,630.87,IMPS,Jaipur,Rajasthan,False,11,1.45
TXN203905,,2025-06-01T14:10:00,ACC00232,ACC00009,3369.67,Card,Patna,Bihar,False,18,0.66
TXN203906,,2025-02-18T04:25:00,ACC00001,ACC00166,917.63,RTGS,Mumbai,Maharashtra,False,14,1.09
TXN203907,,2025-05-31T05:54:00,ACC00494,ACC00314,2257.95,NEFT,Kanpur,Uttar Pradesh,False,25,1.38
TXN203908,,2025-04-07T13:36:00,ACC00127,ACC00155,3053.66,Card,Jaipur,Rajasthan,False,21,1.61
TXN203909,,2025-08-06T08:56:00,ACC00409,ACC00411,972.91,NEFT,Bengaluru,Karnataka,False,15,0.97
TXN203910,,2025-04-11T07:05:00,ACC00073,ACC00127,2179.45,UPI,Patna,Bihar,False,15,0.13
TXN203911,,2025-02-21T14:27:00,ACC00182,ACC00038,513.88,IMPS,Delhi,Delhi,False,28,0.95
TXN203912,,2025-03-21T09:00:00,ACC00189,ACC00177,598.5,NEFT,Mumbai,Maharashtra,False,47,1.48
TXN203913,,2025-08-07T04:57:00,ACC00093,ACC00490,710.5,Card,Patna,Bihar,False,17,1.98
TXN203914,,2025-08-21T18:05:00,ACC00093,ACC00051,3138.32,Card,Hyderabad,Telangana,False,30,1.87
TXN203915,,2025-01-01T11:23:00,ACC00259,ACC00305,5995.19,IMPS,Jaipur,Rajasthan,False,22,0.48
TXN203916,,2025-02-14T00:10:00,ACC00413,ACC00134,1170.22,Card,Lucknow,Uttar Pradesh,False,14,1.05
TXN203917,,2025-01-09T07:54:00,ACC00153,ACC00140,1043.77,IMPS,Kanpur,Uttar Pradesh,False,61,0.15
TXN203918,,2025-01-14T05:45:00,ACC00463,ACC00151,793.85,UPI,Jaipur,Rajasthan,False,1,1.68
TXN203919,,2025-07-01T17:09:00,ACC00066,ACC00097,460.6,Wallet,Kanpur,Uttar Pradesh,False,14,1.55
TXN203920,,2025-01-18T09:07:00,ACC00373,ACC00008,3377.73,Wallet,Patna,Bihar,False,21,1.72
TXN203921,,2025-07-02T11:33:00,ACC00130,ACC00103,835.67,Wallet,Lucknow,Uttar Pradesh,False,14,0.58
TXN203922,,2025-03-18T01:03:00,ACC00155,ACC00342,1464.62,Wallet,Patna,Bihar,False,22,1.48
TXN203923,,2025-06-20T11:19:00,ACC00346,ACC00464,3995.28,Card,Mumbai,Maharashtra,False,1,0.4
TXN203924,,2025-04-26T10:15:00,ACC00200,ACC00047,667.35,UPI,Mumbai,Maharashtra,False,28,1.29
TXN203925,,2025-06-18T10:30:00,ACC00395,ACC00404,3642.51,NEFT,Hyderabad,Telangana,False,14,1.91
TXN203926,,2025-04-27T19:37:00,ACC00076,ACC00002,9854.16,UPI,Kanpur,Uttar Pradesh,False,1,0.94
TXN203927,,2025-08-07T12:32:00,ACC00328,ACC00169,2090.91,RTGS,Patna,Bihar,False,1,1.15
TXN203928,,2025-02-25T21:48:00,ACC00005,ACC00234,887.76,IMPS,Patna,Bihar,False,8,1.79
TXN203929,,2025-01-04T10:31:00,ACC00138,ACC00175,1627.66,RTGS,Delhi,Delhi,False,35,0.18
TXN203930,,2025-08-22T04:33:00,ACC00070,ACC00184,8452.52,UPI,Bengaluru,Karnataka,False,19,0.81
TXN203931,,2025-01-16T02:39:00,ACC00370,ACC00228,5659.83,IMPS,Hyderabad,Telangana,False,25,1.65
TXN203932,,2025-01-31T18:15:00,ACC00275,ACC00216,2593.25,Card,Jaipur,Rajasthan,False,28,1.34
TXN203933,,2025-08-12T07:59:00,ACC00456,ACC00401,2098.69,RTGS,Patna,Bihar,False,37,1.12
TXN203934,,2025-06-02T18:50:00,ACC00043,ACC00485,1027.51,Wallet,Lucknow,Uttar Pradesh,False,8,0.12
TXN203935,,2025-02-28T19:13:00,ACC00336,ACC00383,5779.25,NEFT,Mumbai,Maharashtra,False,13,0.27
TXN203936,,2025-04-20T07:44:00,ACC00288,ACC00235,961.4,Wallet,Mumbai,Maharashtra,False,9,1.47
TXN203937,,2025-04-24T04:59:00,ACC00258,ACC00165,5997.9,UPI,Bengaluru,Karnataka,False,9,1.37
TXN203938,,2025-02-03T07:44:00,ACC00357,ACC00266,1362.62,NEFT,Jaipur,Rajasthan,False,10,1.52
TXN203939,,2025-02-23T20:35:00,ACC00008,ACC00485,3894.18,NEFT,Lucknow,Uttar Pradesh,False,22,0.46
TXN203940,,2025-06-08T23:59:00,ACC00116,ACC00446,1051.35,Card,Kanpur,Uttar Pradesh,False,38,1.62
TXN203941,,2025-08-01T12:19:00,ACC00256,ACC00434,867.45,NEFT,Kanpur,Uttar Pradesh,False,13,0.62
TXN203942,,2025-08-09T09:07:00,ACC00433,ACC00339,694.71,NEFT,Mumbai,Maharashtra,False,29,0.64
TXN203943,,2025-04-17T06:27:00,ACC00045,ACC00200,2319.33,UPI,Delhi,Delhi,False,21,1.03
TXN203944,,2025-01-02T01:52:00,ACC00171,ACC00083,11118.53,IMPS,Mumbai,Maharashtra,False,33,1.47
TXN203945,,2025-06-18T13:57:00,ACC00078,ACC00465,1128.94,Card,Kanpur,Uttar Pradesh,False,13,1.81
TXN203946,,2025-06-17T23:37:00,ACC00494,ACC00375,2155.28,Wallet,Hyderabad,Telangana,False,28,1.77
TXN203947,,2025-01-31T10:54:00,ACC00449,ACC00081,2224.41,Wallet,Delhi,Delhi,False,22,0.91
TXN203948,,2025-06-19T03:05:00,ACC00330,ACC00324,2521.81,Card,Bengaluru,Karnataka,False,21,0.82
TXN203949,,2025-06-06T21:54:00,ACC00224,ACC00440,3599.33,NEFT,Mumbai,Maharashtra,False,3,1.16
TXN203950,,2025-04-07T16:27:00,ACC00350,ACC00186,5288.93,UPI,Bengaluru,Karnataka,False,2,0.71
TXN203951,,2025-02-13T10:54:00,ACC00044,ACC00026,2857.09,Wallet,Patna,Bihar,False,16,0.51
TXN203952,,2025-06-05T06:19:00,ACC00450,ACC00186,3350.21,UPI,Hyderabad,Telangana,False,26,0.59
TXN203953,,2025-04-12T19:42:00,ACC00281,ACC00465,1425.63,UPI,Lucknow,Uttar Pradesh,False,22,0.47
TXN203954,,2025-03-12T01:44:00,ACC00010,ACC00033,41550.52,UPI,Patna,Bihar,False,18,1.02
TXN203955,,2025-05-19T01:35:00,ACC00092,ACC00226,2470.51,UPI,Kanpur,Uttar Pradesh,False,15,0.91
TXN203956,,2025-08-30T11:16:00,ACC00268,ACC00465,2336.8,RTGS,Bengaluru,Karnataka,False,16,1.72
TXN203957,,2025-05-17T20:30:00,ACC00116,ACC00297,3781.81,Wallet,Bengaluru,Karnataka,False,10,1.25
TXN203958,,2025-02-10T05:31:00,ACC00266,ACC00468,3848.77,Wallet,Mumbai,Maharashtra,False,14,1.04
TXN203959,,2025-05-27T19:18:00,ACC00236,ACC00419,5657.94,IMPS,Jaipur,Rajasthan,False,21,0.55
TXN203960,,2025-02-19T17:25:00,ACC00034,ACC00217,1504.38,NEFT,Lucknow,Uttar Pradesh,False,24,0.94
TXN203961,,2025-09-07T06:01:00,ACC00118,ACC00039,2822.2,RTGS,Delhi,Delhi,False,19,0.54
TXN203962,,2025-04-30T23:08:00,ACC00363,ACC00135,1180.3,RTGS,Patna,Bihar,False,24,1.68
TXN203963,,2025-02-16T01:51:00,ACC00325,ACC00342,1100.03,Wallet,Kanpur,Uttar Pradesh,False,23,1.69
TXN203964,,2025-01-31T06:47:00,ACC00363,ACC00063,2404.85,UPI,Patna,Bihar,False,14,1.49
TXN203965,,2025-02-11T15:33:00,ACC00276,ACC00188,5538.38,NEFT,Kanpur,Uttar Pradesh,False,8,1.43
TXN203966,,2025-08-08T15:29:00,ACC00230,ACC00069,1829.67,RTGS,Jaipur,Rajasthan,False,34,1.75
TXN203967,,2025-07-01T14:54:00,ACC00233,ACC00234,3847.19,Card,Lucknow,Uttar Pradesh,False,12,0.14
TXN203968,,2025-03-20T01:38:00,ACC00022,ACC00372,1375.91,IMPS,Jaipur,Rajasthan,False,6,1.85
TXN203969,,2025-06-02T04:42:00,ACC00452,ACC00133,1464.33,Card,Bengaluru,Karnataka,False,9,1.63
TXN203970,,2025-08-15T13:25:00,ACC00330,ACC00460,576.94,Wallet,Delhi,Delhi,False,2,1.79
TXN203971,,2025-05-12T01:28:00,ACC00107,ACC00428,672.75,RTGS,Jaipur,Rajasthan,False,26,0.39
TXN203972,,2025-07-10T04:38:00,ACC00223,ACC00429,1051.34,Wallet,Delhi,Delhi,False,32,0.63
TXN203973,,2025-07-08T06:16:00,ACC00175,ACC00374,27614.03,Card,Kanpur,Uttar Pradesh,False,3,1.88
TXN203974,,2025-03-29T08:22:00,ACC00047,ACC00375,920.98,RTGS,Patna,Bihar,False,17,0.48
TXN203975,,2025-03-12T04:45:00,ACC00011,ACC00418,4652.35,Wallet,Patna,Bihar,False,26,1.06
TXN203976,,2025-06-19T11:36:00,ACC00400,ACC00370,2434.41,Wallet,Mumbai,Maharashtra,False,16,0.16
TXN203977,,2025-07-10T19:00:00,ACC00053,ACC00054,1663.97,RTGS,Lucknow,Uttar Pradesh,False,30,1.13
TXN203978,,2025-02-20T10:32:00,ACC00256,ACC00261,1339.43,Card,Mumbai,Maharashtra,False,33,0.15
TXN203979,,2025-05-07T20:02:00,ACC00028,ACC00345,2530.26,UPI,Kanpur,Uttar Pradesh,False,18,1.12
TXN203980,,2025-05-04T01:08:00,ACC00029,ACC00330,567.06,RTGS,Mumbai,Maharashtra,False,12,0.2
TXN203981,,2025-04-17T13:32:00,ACC00229,ACC00292,5050.45,IMPS,Lucknow,Uttar Pradesh,False,23,0.81
TXN203982,,2025-01-16T15:14:00,ACC00014,ACC00145,2381.91,RTGS,Patna,Bihar,False,14,0.7
TXN203983,,2025-03-28T02:16:00,ACC00463,ACC00229,24724.13,IMPS,Kanpur,Uttar Pradesh,False,4,1.16
TXN203984,,2025-08-14T06:48:00,ACC00167,ACC00063,3263.86,IMPS,Bengaluru,Karnataka,False,29,0.8
TXN203985,,2025-08-01T06:19:00,ACC00403,ACC00330,2408.33,IMPS,Bengaluru,Karnataka,False,20,1.68
TXN203986,,2025-07-14T13:41:00,ACC00221,ACC00390,3765.62,UPI,Mumbai,Maharashtra,False,27,1.23
TXN203987,,2025-09-04T16:47:00,ACC00099,ACC00157,333.21,RTGS,Hyderabad,Telangana,False,25,0.63
TXN203988,,2025-04-09T21:58:00,ACC00115,ACC00300,7900.58,IMPS,Bengaluru,Karnataka,False,5,1.76
TXN203989,,2025-03-12T05:17:00,ACC00188,ACC00364,1204.84,Wallet,Lucknow,Uttar Pradesh,False,23,1.13
TXN203990,,2025-07-26T10:45:00,ACC00464,ACC00395,2891.95,Wallet,Bengaluru,Karnataka,False,27,0.71
TXN203991,,2025-06-30T00:46:00,ACC00185,ACC00174,3487.14,UPI,Lucknow,Uttar Pradesh,False,8,1.22
TXN203992,,2025-06-30T06:26:00,ACC00017,ACC00159,1034.6,UPI,Mumbai,Maharashtra,False,24,1.83
TXN203993,,2025-08-04T09:39:00,ACC00217,ACC00189,298.8,UPI,Lucknow,Uttar Pradesh,False,23,1.67
TXN203994,,2025-03-26T02:31:00,ACC00132,ACC00454,2220.32,Wallet,Patna,Bihar,False,17,0.92
TXN203995,,2025-03-10T00:39:00,ACC00336,ACC00322,7739.1,Card,Delhi,Delhi,False,12,0.69
TXN203996,,2025-03-30T00:29:00,ACC00123,ACC00065,2852.42,UPI,Hyderabad,Telangana,False,21,1.47
TXN203997,,2025-01-07T05:13:00,ACC00466,ACC00297,4901.38,UPI,Lucknow,Uttar Pradesh,False,18,0.93
TXN203998,,2025-08-27T22:31:00,ACC00380,ACC00142,25252.04,NEFT,Bengaluru,Karnataka,False,16,0.3
TXN203999,,2025-04-20T14:03:00,ACC00290,ACC00296,709.6,UPI,Kanpur,Uttar Pradesh,False,22,1.57
TXN204000,,2025-06-08T23:32:00,ACC00131,ACC00069,1263.23,RTGS,Bengaluru,Karnataka,False,11,1.34
TXN204001,,2025-07-19T01:54:00,ACC00059,ACC00383,3375.8,NEFT,Jaipur,Rajasthan,False,32,1.35
TXN204002,,2025-02-04T10:54:00,ACC00432,ACC00224,884.5,RTGS,Delhi,Delhi,False,12,0.45
TXN204003,,2025-08-25T10:44:00,ACC00401,ACC00361,1598.93,UPI,Hyderabad,Telangana,False,14,1.69
TXN204004,,2025-05-03T15:31:00,ACC00241,ACC00315,3903.73,Wallet,Mumbai,Maharashtra,False,32,1.82
TXN204005,,2025-07-02T00:37:00,ACC00199,ACC00261,1038.4,NEFT,Patna,Bihar,False,25,0.95
TXN204006,,2025-04-18T17:38:00,ACC00043,ACC00401,3788.29,NEFT,Delhi,Delhi,False,21,1.15
TXN204007,,2025-04-15T20:42:00,ACC00117,ACC00101,4053.85,IMPS,Lucknow,Uttar Pradesh,False,22,0.19
TXN204008,,2025-09-02T06:00:00,ACC00334,ACC00027,3316.96,Card,Mumbai,Maharashtra,False,26,1.42
TXN204009,,2025-02-24T06:36:00,ACC00101,ACC00289,4539.02,NEFT,Jaipur,Rajasthan,False,36,1.18
TXN204010,,2025-04-09T20:37:00,ACC00087,ACC00480,1239.76,Wallet,Patna,Bihar,False,25,0.92
TXN204011,,2025-05-22T18:57:00,ACC00324,ACC00027,14796.54,UPI,Jaipur,Rajasthan,False,20,0.81
TXN204012,,2025-06-01T20:12:00,ACC00110,ACC00062,13606.66,RTGS,Lucknow,Uttar Pradesh,False,7,1.91
TXN204013,,2025-06-16T01:49:00,ACC00323,ACC00321,2309.33,RTGS,Patna,Bihar,False,14,1.31
TXN204014,,2025-01-19T16:36:00,ACC00316,ACC00237,5511.28,UPI,Delhi,Delhi,False,28,0.74
TXN204015,,2025-09-10T17:53:00,ACC00106,ACC00063,608.9,RTGS,Patna,Bihar,False,9,1.03
TXN204016,,2025-07-31T14:30:00,ACC00069,ACC00289,2427.86,NEFT,Delhi,Delhi,False,6,1.94
TXN204017,,2025-07-15T06:30:00,ACC00462,ACC00146,5845.98,RTGS,Bengaluru,Karnataka,False,20,1.3
TXN204018,,2025-09-05T05:38:00,ACC00244,ACC00100,1426.03,Card,Jaipur,Rajasthan,False,30,1.58
TXN204019,,2025-07-01T04:26:00,ACC00151,ACC00304,645.14,Wallet,Kanpur,Uttar Pradesh,False,16,1.23
TXN204020,,2025-07-04T16:11:00,ACC00495,ACC00416,4943.76,Card,Lucknow,Uttar Pradesh,False,21,0.59
TXN204021,,2025-04-03T03:56:00,ACC00367,ACC00414,4048.72,UPI,Jaipur,Rajasthan,False,27,1.0
TXN204022,,2025-07-09T19:00:00,ACC00495,ACC00387,7476.75,IMPS,Patna,Bihar,False,23,0.94
TXN204023,,2025-09-09T09:57:00,ACC00314,ACC00380,1832.67,IMPS,Kanpur,Uttar Pradesh,False,12,1.4
TXN204024,,2025-07-19T10:28:00,ACC00383,ACC00172,1128.79,Card,Patna,Bihar,False,22,0.44
TXN204025,,2025-08-31T14:18:00,ACC00181,ACC00298,2113.23,Wallet,Hyderabad,Telangana,False,23,1.01
TXN204026,,2025-09-03T21:20:00,ACC00001,ACC00107,1174.0,Wallet,Bengaluru,Karnataka,False,28,1.53
TXN204027,,2025-01-18T12:44:00,ACC00376,ACC00321,1475.13,Wallet,Delhi,Delhi,False,31,0.36
TXN204028,,2025-06-16T19:04:00,ACC00341,ACC00370,3347.85,RTGS,Hyderabad,Telangana,False,15,1.25
TXN204029,,2025-09-06T06:54:00,ACC00000,ACC00414,545.28,UPI,Jaipur,Rajasthan,False,4,0.22
TXN204030,,2025-05-03T13:26:00,ACC00115,ACC00289,477.15,Wallet,Patna,Bihar,False,28,1.99
TXN204031,,2025-08-21T10:10:00,ACC00192,ACC00285,3143.52,Card,Delhi,Delhi,False,24,0.7
TXN204032,,2025-05-20T02:49:00,ACC00391,ACC00332,3169.04,Card,Lucknow,Uttar Pradesh,False,8,1.34
TXN204033,,2025-05-01T08:08:00,ACC00454,ACC00404,415.17,IMPS,Mumbai,Maharashtra,False,5,0.16
TXN204034,,2025-03-18T11:19:00,ACC00111,ACC00082,1291.16,UPI,Mumbai,Maharashtra,False,26,0.55
TXN204035,,2025-05-23T20:33:00,ACC00320,ACC00051,1085.75,RTGS,Jaipur,Rajasthan,False,17,1.08
TXN204036,,2025-06-10T12:04:00,ACC00332,ACC00034,2620.82,RTGS,Mumbai,Maharashtra,False,30,1.85
TXN204037,,2025-05-27T17:00:00,ACC00294,ACC00107,1404.94,NEFT,Delhi,Delhi,False,8,1.79
TXN204038,,2025-03-22T02:20:00,ACC00383,ACC00037,630.46,UPI,Jaipur,Rajasthan,False,32,0.2
TXN204039,,2025-01-10T13:35:00,ACC00078,ACC00171,2528.68,UPI,Hyderabad,Telangana,False,24,0.81
TXN204040,,2025-03-31T17:48:00,ACC00284,ACC00271,1920.33,Wallet,Jaipur,Rajasthan,False,16,1.78
TXN204041,,2025-03-22T14:59:00,ACC00097,ACC00090,2403.6,UPI,Hyderabad,Telangana,False,26,1.78
TXN204042,,2025-03-12T19:19:00,ACC00349,ACC00333,793.43,NEFT,Delhi,Delhi,False,41,1.4
TXN204043,,2025-08-16T09:16:00,ACC00443,ACC00482,2515.28,IMPS,Hyderabad,Telangana,False,24,1.56
TXN204044,,2025-07-15T10:37:00,ACC00251,ACC00297,786.94,Wallet,Mumbai,Maharashtra,False,27,1.61
TXN204045,,2025-01-30T03:08:00,ACC00001,ACC00138,1983.88,UPI,Mumbai,Maharashtra,False,18,1.7
TXN204046,,2025-09-08T16:18:00,ACC00243,ACC00147,6129.1,Wallet,Patna,Bihar,False,5,1.97
TXN204047,,2025-04-26T23:31:00,ACC00081,ACC00170,2109.52,Card,Kanpur,Uttar Pradesh,False,36,0.8
TXN204048,,2025-06-07T15:58:00,ACC00190,ACC00183,188.58,IMPS,Hyderabad,Telangana,False,21,0.25
TXN204049,,2025-08-31T15:09:00,ACC00271,ACC00362,3535.89,Wallet,Delhi,Delhi,False,32,0.92
TXN204050,,2025-03-26T22:57:00,ACC00330,ACC00127,2323.38,RTGS,Kanpur,Uttar Pradesh,False,18,0.99
TXN204051,,2025-06-02T20:06:00,ACC00469,ACC00474,8605.6,NEFT,Kanpur,Uttar Pradesh,False,28,1.13
TXN204052,,2025-05-14T12:52:00,ACC00069,ACC00167,3559.75,UPI,Jaipur,Rajasthan,False,23,0.48
TXN204053,,2025-08-07T00:14:00,ACC00448,ACC00250,1447.19,NEFT,Hyderabad,Telangana,False,19,1.75
TXN204054,,2025-01-18T23:15:00,ACC00026,ACC00027,1168.84,UPI,Jaipur,Rajasthan,False,4,1.95
TXN204055,,2025-05-14T18:17:00,ACC00322,ACC00499,8547.66,Wallet,Mumbai,Maharashtra,False,36,0.52
TXN204056,,2025-04-13T00:46:00,ACC00101,ACC00032,1207.48,Wallet,Mumbai,Maharashtra,False,20,1.06
TXN204057,,2025-04-27T05:49:00,ACC00164,ACC00032,1054.27,NEFT,Hyderabad,Telangana,False,14,1.31
TXN204058,,2025-07-23T11:02:00,ACC00025,ACC00100,816.0,RTGS,Lucknow,Uttar Pradesh,False,12,1.99
TXN204059,,2025-03-20T05:40:00,ACC00080,ACC00475,185.38,UPI,Delhi,Delhi,False,12,1.85
TXN204060,,2025-07-02T23:10:00,ACC00423,ACC00304,5942.77,IMPS,Jaipur,Rajasthan,False,11,0.24
TXN204061,,2025-08-15T04:18:00,ACC00309,ACC00240,948.79,UPI,Hyderabad,Telangana,False,41,0.69
TXN204062,,2025-07-30T09:46:00,ACC00187,ACC00208,3996.79,IMPS,Kanpur,Uttar Pradesh,False,28,1.12
TXN204063,,2025-07-20T09:57:00,ACC00033,ACC00042,668.43,Card,Mumbai,Maharashtra,False,26,0.5
TXN204064,,2025-08-16T20:15:00,ACC00357,ACC00183,5499.43,Wallet,Jaipur,Rajasthan,False,16,0.49
TXN204065,,2025-08-13T18:29:00,ACC00054,ACC00469,2662.23,NEFT,Lucknow,Uttar Pradesh,False,12,1.18
TXN204066,,2025-01-11T07:56:00,ACC00129,ACC00145,2394.65,Card,Mumbai,Maharashtra,False,4,1.66
TXN204067,,2025-08-05T05:29:00,ACC00182,ACC00452,1498.63,NEFT,Hyderabad,Telangana,False,2,1.65
TXN204068,,2025-03-12T21:36:00,ACC00223,ACC00146,180.44,IMPS,Patna,Bihar,False,23,0.27
TXN204069,,2025-08-10T02:17:00,ACC00137,ACC00299,681.6,Wallet,Jaipur,Rajasthan,False,25,1.49
TXN204070,,2025-05-07T07:42:00,ACC00103,ACC00346,8533.65,UPI,Lucknow,Uttar Pradesh,False,15,0.77
TXN204071,,2025-06-02T06:41:00,ACC00002,ACC00279,2187.01,Wallet,Lucknow,Uttar Pradesh,False,29,0.99
TXN204072,,2025-05-31T05:27:00,ACC00146,ACC00159,2101.9,Wallet,Jaipur,Rajasthan,False,27,0.25
TXN204073,,2025-06-24T11:01:00,ACC00099,ACC00100,15652.81,Wallet,Mumbai,Maharashtra,False,3,1.67
TXN204074,,2025-07-01T08:27:00,ACC00032,ACC00337,177.04,UPI,Delhi,Delhi,False,7,1.66
TXN204075,,2025-02-27T16:24:00,ACC00261,ACC00195,507.12,Card,Delhi,Delhi,False,6,0.25
TXN204076,,2025-03-01T01:27:00,ACC00482,ACC00050,816.99,UPI,Jaipur,Rajasthan,False,22,0.46
TXN204077,,2025-03-12T15:36:00,ACC00216,ACC00084,92.03,Card,Lucknow,Uttar Pradesh,False,32,0.74
TXN204078,,2025-05-24T22:52:00,ACC00020,ACC00391,1008.84,IMPS,Bengaluru,Karnataka,False,25,0.78
TXN204079,,2025-08-20T22:57:00,ACC00122,ACC00116,3794.08,Card,Delhi,Delhi,False,22,0.11
TXN204080,,2025-04-12T19:39:00,ACC00014,ACC00320,976.62,Wallet,Jaipur,Rajasthan,False,16,0.12
TXN204081,,2025-03-17T23:15:00,ACC00448,ACC00107,2394.81,UPI,Hyderabad,Telangana,False,13,0.2
TXN204082,,2025-08-10T16:52:00,ACC00231,ACC00063,1422.65,RTGS,Delhi,Delhi,False,1,1.62
TXN204083,,2025-01-01T06:40:00,ACC00049,ACC00358,2749.45,Wallet,Kanpur,Uttar Pradesh,False,8,1.08
TXN204084,,2025-02-06T04:50:00,ACC00387,ACC00464,3641.03,NEFT,Kanpur,Uttar Pradesh,False,18,0.77
TXN204085,,2025-01-12T20:33:00,ACC00216,ACC00015,1496.34,RTGS,Mumbai,Maharashtra,False,17,0.52
TXN204086,,2025-06-14T01:49:00,ACC00008,ACC00390,6480.16,Wallet,Hyderabad,Telangana,False,14,1.21
TXN204087,,2025-08-25T14:29:00,ACC00311,ACC00403,1367.23,Wallet,Bengaluru,Karnataka,False,1,0.56
TXN204088,,2025-07-02T14:34:00,ACC00042,ACC00039,643.21,Card,Jaipur,Rajasthan,False,18,0.14
TXN204089,,2025-04-26T12:24:00,ACC00167,ACC00404,440.57,NEFT,Kanpur,Uttar Pradesh,False,9,1.46
TXN204090,,2025-08-17T01:30:00,ACC00089,ACC00341,7919.07,UPI,Patna,Bihar,False,20,1.21
TXN204091,,2025-04-29T03:12:00,ACC00028,ACC00475,3391.94,UPI,Mumbai,Maharashtra,False,34,1.64
TXN204092,,2025-02-21T01:00:00,ACC00342,ACC00203,722.93,NEFT,Delhi,Delhi,False,26,0.68
TXN204093,,2025-08-13T12:48:00,ACC00209,ACC00061,1231.53,RTGS,Delhi,Delhi,False,26,0.14
TXN204094,,2025-01-27T16:48:00,ACC00118,ACC00232,517.47,NEFT,Lucknow,Uttar Pradesh,False,28,0.12
TXN204095,,2025-05-02T19:53:00,ACC00178,ACC00280,2884.01,Wallet,Patna,Bihar,False,13,1.58
TXN204096,,2025-03-12T20:39:00,ACC00213,ACC00450,12400.23,IMPS,Delhi,Delhi,False,22,1.33
TXN204097,,2025-02-14T23:30:00,ACC00339,ACC00056,7307.4,NEFT,Bengaluru,Karnataka,False,10,0.45
TXN204098,,2025-08-28T21:19:00,ACC00097,ACC00051,235.09,RTGS,Jaipur,Rajasthan,False,11,1.66
TXN204099,,2025-07-16T19:04:00,ACC00324,ACC00231,9980.79,Wallet,Bengaluru,Karnataka,False,26,0.94
TXN204100,,2025-08-30T13:58:00,ACC00272,ACC00046,2949.74,IMPS,Patna,Bihar,False,14,1.58
TXN204101,,2025-02-10T03:04:00,ACC00371,ACC00130,1795.44,Card,Kanpur,Uttar Pradesh,False,1,0.43
TXN204102,,2025-04-17T11:07:00,ACC00379,ACC00322,5208.76,UPI,Patna,Bihar,False,27,0.24
TXN204103,,2025-07-13T13:31:00,ACC00329,ACC00199,1143.86,Wallet,Bengaluru,Karnataka,False,17,1.01
TXN204104,,2025-06-05T17:06:00,ACC00467,ACC00228,334.22,NEFT,Bengaluru,Karnataka,False,14,0.42
TXN204105,,2025-05-11T14:35:00,ACC00380,ACC00255,5301.71,IMPS,Jaipur,Rajasthan,False,10,1.03
TXN204106,,2025-04-23T06:43:00,ACC00009,ACC00216,2157.65,Card,Kanpur,Uttar Pradesh,False,24,0.26
TXN204107,,2025-02-21T04:20:00,ACC00307,ACC00068,520.05,IMPS,Lucknow,Uttar Pradesh,False,20,1.15
TXN204108,,2025-08-24T13:59:00,ACC00269,ACC00271,2046.25,UPI,Hyderabad,Telangana,False,10,0.88
TXN204109,,2025-01-21T08:16:00,ACC00017,ACC00327,4403.15,NEFT,Lucknow,Uttar Pradesh,False,25,0.67
TXN204110,,2025-02-05T21:48:00,ACC00301,ACC00284,12393.85,Card,Jaipur,Rajasthan,False,27,1.23
TXN204111,,2025-01-26T18:57:00,ACC00280,ACC00140,1686.89,NEFT,Patna,Bihar,False,24,0.79
TXN204112,,2025-05-15T00:32:00,ACC00181,ACC00205,2196.84,Wallet,Mumbai,Maharashtra,False,31,0.15
TXN204113,,2025-03-16T08:01:00,ACC00473,ACC00022,927.29,UPI,Lucknow,Uttar Pradesh,False,3,1.59
TXN204114,,2025-05-16T16:22:00,ACC00376,ACC00079,1302.64,NEFT,Jaipur,Rajasthan,False,10,0.71
TXN204115,,2025-01-30T13:11:00,ACC00154,ACC00121,4238.4,Card,Kanpur,Uttar Pradesh,False,11,0.39
TXN204116,,2025-08-08T01:26:00,ACC00474,ACC00114,4670.13,RTGS,Delhi,Delhi,False,21,1.91
TXN204117,,2025-05-15T10:19:00,ACC00055,ACC00219,1465.78,UPI,Delhi,Delhi,False,15,0.63
TXN204118,,2025-07-07T10:41:00,ACC00151,ACC00336,2873.29,Wallet,Patna,Bihar,False,11,2.0
TXN204119,,2025-04-20T01:35:00,ACC00148,ACC00407,2297.58,RTGS,Lucknow,Uttar Pradesh,False,29,0.64
TXN204120,,2025-08-06T00:16:00,ACC00172,ACC00268,1197.74,NEFT,Hyderabad,Telangana,False,12,1.11
TXN204121,,2025-01-06T17:59:00,ACC00449,ACC00299,613.28,UPI,Mumbai,Maharashtra,False,13,1.91
TXN204122,,2025-02-23T22:19:00,ACC00186,ACC00424,569.77,UPI,Patna,Bihar,False,30,0.12
TXN204123,,2025-02-18T14:09:00,ACC00467,ACC00417,2277.88,NEFT,Bengaluru,Karnataka,False,14,0.2
TXN204124,,2025-09-15T22:07:00,ACC00261,ACC00018,4114.4,NEFT,Delhi,Delhi,False,35,1.49
TXN204125,,2025-02-03T07:26:00,ACC00449,ACC00190,1774.4,UPI,Delhi,Delhi,False,31,0.15
TXN204126,,2025-09-04T16:28:00,ACC00441,ACC00169,3090.91,IMPS,Hyderabad,Telangana,False,10,1.49
TXN204127,,2025-05-02T13:20:00,ACC00061,ACC00260,1768.36,Wallet,Jaipur,Rajasthan,False,10,1.3
TXN204128,,2025-02-25T04:10:00,ACC00046,ACC00092,1416.03,UPI,Lucknow,Uttar Pradesh,False,18,0.78
TXN204129,,2025-05-28T04:18:00,ACC00180,ACC00040,5044.35,Card,Lucknow,Uttar Pradesh,False,23,1.04
TXN204130,,2025-01-22T20:41:00,ACC00140,ACC00263,2828.27,UPI,Jaipur,Rajasthan,False,10,0.62
TXN204131,,2025-06-25T00:51:00,ACC00209,ACC00041,2757.0,RTGS,Mumbai,Maharashtra,False,7,1.24
TXN204132,,2025-09-01T01:06:00,ACC00064,ACC00049,3723.02,NEFT,Kanpur,Uttar Pradesh,False,34,1.79
TXN204133,,2025-06-19T04:02:00,ACC00325,ACC00424,797.95,Wallet,Jaipur,Rajasthan,False,32,0.71
TXN204134,,2025-09-06T00:29:00,ACC00116,ACC00324,2003.84,NEFT,Lucknow,Uttar Pradesh,False,23,0.77
TXN204135,,2025-09-03T00:24:00,ACC00089,ACC00027,14007.0,Card,Delhi,Delhi,False,8,0.93
TXN204136,,2025-07-08T01:56:00,ACC00491,ACC00326,3511.49,RTGS,Bengaluru,Karnataka,False,8,0.96
TXN204137,,2025-01-20T22:58:00,ACC00032,ACC00166,4373.38,Card,Lucknow,Uttar Pradesh,False,16,1.84
TXN204138,,2025-01-09T21:24:00,ACC00076,ACC00281,1257.3,RTGS,Jaipur,Rajasthan,False,26,1.53
TXN204139,,2025-05-30T03:06:00,ACC00429,ACC00114,2202.29,IMPS,Delhi,Delhi,False,16,0.44
TXN204140,,2025-04-09T19:07:00,ACC00124,ACC00104,841.61,Card,Kanpur,Uttar Pradesh,False,19,0.46
TXN204141,,2025-09-17T18:38:00,ACC00090,ACC00446,10755.49,Wallet,Bengaluru,Karnataka,False,11,1.94
TXN204142,,2025-05-12T02:58:00,ACC00096,ACC00255,1278.27,RTGS,Lucknow,Uttar Pradesh,False,19,1.04
TXN204143,,2025-09-04T06:56:00,ACC00204,ACC00453,311.08,Wallet,Delhi,Delhi,False,12,1.99
TXN204144,,2025-05-22T20:12:00,ACC00101,ACC00242,944.54,NEFT,Mumbai,Maharashtra,False,10,1.52
TXN204145,,2025-01-06T03:52:00,ACC00080,ACC00116,4843.36,IMPS,Patna,Bihar,False,26,0.76
TXN204146,,2025-05-31T01:11:00,ACC00123,ACC00359,767.23,Wallet,Kanpur,Uttar Pradesh,False,40,0.81
TXN204147,,2025-03-18T22:24:00,ACC00132,ACC00136,1520.95,Wallet,Kanpur,Uttar Pradesh,False,11,0.96
TXN204148,,2025-07-15T15:22:00,ACC00420,ACC00414,594.78,UPI,Bengaluru,Karnataka,False,9,1.51
TXN204149,,2025-04-14T04:31:00,ACC00434,ACC00272,542.17,Wallet,Mumbai,Maharashtra,False,7,1.41
TXN204150,,2025-03-12T10:52:00,ACC00091,ACC00379,550.86,NEFT,Jaipur,Rajasthan,False,24,1.57
TXN204151,,2025-06-11T06:43:00,ACC00489,ACC00484,2877.03,IMPS,Jaipur,Rajasthan,False,26,1.5
TXN204152,,2025-01-26T23:56:00,ACC00451,ACC00390,5492.99,NEFT,Mumbai,Maharashtra,False,18,1.54
TXN204153,,2025-04-14T02:04:00,ACC00123,ACC00285,1984.53,Card,Delhi,Delhi,False,30,0.79
TXN204154,,2025-03-15T14:57:00,ACC00117,ACC00130,2179.1,Card,Hyderabad,Telangana,False,24,0.41
TXN204155,,2025-07-14T13:05:00,ACC00391,ACC00081,1551.3,Wallet,Lucknow,Uttar Pradesh,False,9,0.58
TXN204156,,2025-04-02T03:36:00,ACC00429,ACC00109,1245.13,Card,Patna,Bihar,False,26,1.61
TXN204157,,2025-09-08T20:03:00,ACC00082,ACC00067,2419.18,Wallet,Lucknow,Uttar Pradesh,False,26,0.5
TXN204158,,2025-08-20T15:22:00,ACC00137,ACC00379,1219.3,Card,Hyderabad,Telangana,False,25,0.7
TXN204159,,2025-02-23T15:52:00,ACC00344,ACC00234,1198.94,UPI,Bengaluru,Karnataka,False,9,1.94
TXN204160,,2025-03-15T02:13:00,ACC00345,ACC00356,4319.51,NEFT,Mumbai,Maharashtra,False,5,1.4
TXN204161,,2025-03-01T00:12:00,ACC00466,ACC00055,1980.94,IMPS,Bengaluru,Karnataka,False,16,1.96
TXN204162,,2025-09-03T16:15:00,ACC00391,ACC00034,5773.03,NEFT,Kanpur,Uttar Pradesh,False,31,1.53
TXN204163,,2025-02-14T13:29:00,ACC00397,ACC00457,3959.12,NEFT,Bengaluru,Karnataka,False,11,1.71
TXN204164,,2025-02-17T14:59:00,ACC00110,ACC00101,655.41,Card,Hyderabad,Telangana,False,9,0.66
TXN204165,,2025-04-04T17:46:00,ACC00334,ACC00293,4077.65,IMPS,Jaipur,Rajasthan,False,24,1.6
TXN204166,,2025-02-07T03:26:00,ACC00267,ACC00104,2631.41,IMPS,Mumbai,Maharashtra,False,24,0.68
TXN204167,,2025-01-08T01:59:00,ACC00424,ACC00278,862.1,UPI,Delhi,Delhi,False,20,1.89
TXN204168,,2025-06-17T23:00:00,ACC00352,ACC00208,778.28,Card,Jaipur,Rajasthan,False,26,1.81
TXN204169,,2025-04-23T16:04:00,ACC00230,ACC00166,1652.77,Card,Mumbai,Maharashtra,False,26,0.59
TXN204170,,2025-06-07T16:23:00,ACC00246,ACC00154,15706.31,Card,Kanpur,Uttar Pradesh,False,30,0.43
TXN204171,,2025-02-12T08:15:00,ACC00194,ACC00398,739.49,UPI,Mumbai,Maharashtra,False,11,1.37
TXN204172,,2025-04-09T04:12:00,ACC00438,ACC00084,1869.47,Wallet,Mumbai,Maharashtra,False,12,1.33
TXN204173,,2025-07-05T10:43:00,ACC00212,ACC00004,4085.95,IMPS,Kanpur,Uttar Pradesh,False,1,0.64
TXN204174,,2025-03-01T18:09:00,ACC00269,ACC00038,2842.95,UPI,Delhi,Delhi,False,15,1.62
TXN204175,,2025-02-14T20:10:00,ACC00107,ACC00477,6200.4,UPI,Lucknow,Uttar Pradesh,False,27,0.73
TXN204176,,2025-07-19T09:21:00,ACC00429,ACC00058,3204.45,Card,Lucknow,Uttar Pradesh,False,28,1.88
TXN204177,,2025-07-01T01:04:00,ACC00282,ACC00225,11402.44,UPI,Patna,Bihar,False,2,0.84
TXN204178,,2025-04-03T13:29:00,ACC00361,ACC00229,377.51,IMPS,Lucknow,Uttar Pradesh,False,28,1.99
TXN204179,,2025-07-17T14:01:00,ACC00177,ACC00053,646.96,UPI,Delhi,Delhi,False,25,0.29
TXN204180,,2025-03-30T15:21:00,ACC00296,ACC00301,1982.2,Card,Bengaluru,Karnataka,False,26,1.92
TXN204181,,2025-09-10T04:05:00,ACC00006,ACC00169,4912.79,Wallet,Lucknow,Uttar Pradesh,False,2,1.57
TXN204182,,2025-05-16T00:48:00,ACC00244,ACC00058,566.67,RTGS,Jaipur,Rajasthan,False,18,0.69
TXN204183,,2025-03-29T19:15:00,ACC00090,ACC00099,1519.99,Card,Jaipur,Rajasthan,False,36,0.48
TXN204184,,2025-03-04T22:10:00,ACC00486,ACC00048,2226.83,Wallet,Hyderabad,Telangana,False,7,1.75
TXN204185,,2025-06-27T15:59:00,ACC00265,ACC00038,4750.25,Wallet,Mumbai,Maharashtra,False,9,1.25
TXN204186,,2025-09-12T20:35:00,ACC00144,ACC00187,4540.02,Wallet,Patna,Bihar,False,20,1.52
TXN204187,,2025-07-03T20:29:00,ACC00259,ACC00185,1244.39,Card,Lucknow,Uttar Pradesh,False,18,1.9
TXN204188,,2025-08-22T00:01:00,ACC00218,ACC00088,3939.57,IMPS,Patna,Bihar,False,18,0.77
TXN204189,,2025-04-06T23:36:00,ACC00443,ACC00011,2233.87,IMPS,Lucknow,Uttar Pradesh,False,26,1.18
TXN204190,,2025-07-01T22:54:00,ACC00052,ACC00455,20.52,IMPS,Hyderabad,Telangana,False,15,0.8
TXN204191,,2025-01-06T13:19:00,ACC00289,ACC00281,1157.15,Wallet,Mumbai,Maharashtra,False,19,1.87
TXN204192,,2025-05-07T15:04:00,ACC00139,ACC00230,4415.71,Card,Hyderabad,Telangana,False,12,0.31
TXN204193,,2025-06-17T13:33:00,ACC00055,ACC00112,18216.82,RTGS,Mumbai,Maharashtra,False,3,0.69
TXN204194,,2025-02-20T16:12:00,ACC00100,ACC00064,6601.35,Card,Delhi,Delhi,False,18,0.68
TXN204195,,2025-06-06T13:43:00,ACC00146,ACC00010,2219.61,NEFT,Mumbai,Maharashtra,False,38,0.48
TXN204196,,2025-03-24T02:43:00,ACC00215,ACC00465,948.48,Wallet,Lucknow,Uttar Pradesh,False,27,1.27
TXN204197,,2025-08-07T02:57:00,ACC00192,ACC00196,616.32,Card,Mumbai,Maharashtra,False,40,0.93
TXN204198,,2025-03-28T10:02:00,ACC00150,ACC00431,767.06,Wallet,Mumbai,Maharashtra,False,21,0.12
TXN204199,,2025-02-26T03:28:00,ACC00134,ACC00280,658.2,Wallet,Delhi,Delhi,False,12,0.72
TXN204200,,2025-07-27T01:30:00,ACC00367,ACC00393,1081.65,Card,Lucknow,Uttar Pradesh,False,35,1.52
TXN204201,,2025-01-14T22:05:00,ACC00451,ACC00287,643.72,Wallet,Delhi,Delhi,False,16,1.56
TXN204202,,2025-06-17T22:07:00,ACC00322,ACC00154,1125.22,UPI,Patna,Bihar,False,3,0.95
TXN204203,,2025-04-10T06:51:00,ACC00208,ACC00374,1656.04,NEFT,Jaipur,Rajasthan,False,31,0.77
TXN204204,,2025-03-27T21:15:00,ACC00381,ACC00141,5724.38,RTGS,Jaipur,Rajasthan,False,35,0.61
TXN204205,,2025-07-13T20:40:00,ACC00391,ACC00483,919.27,Card,Hyderabad,Telangana,False,24,0.16
TXN204206,,2025-03-29T01:02:00,ACC00185,ACC00460,596.7,RTGS,Delhi,Delhi,False,3,1.21
TXN204207,,2025-03-10T00:08:00,ACC00295,ACC00384,505.59,Wallet,Lucknow,Uttar Pradesh,False,2,0.45
TXN204208,,2025-08-16T03:25:00,ACC00462,ACC00125,1475.04,NEFT,Bengaluru,Karnataka,False,4,1.76
TXN204209,,2025-03-21T07:55:00,ACC00345,ACC00373,931.74,RTGS,Bengaluru,Karnataka,False,33,1.06
TXN204210,,2025-04-21T16:07:00,ACC00134,ACC00380,482.2,Card,Mumbai,Maharashtra,False,27,1.25
TXN204211,,2025-07-27T23:44:00,ACC00360,ACC00065,1007.64,Wallet,Hyderabad,Telangana,False,21,0.43
TXN204212,,2025-09-06T23:20:00,ACC00060,ACC00188,16978.82,Wallet,Kanpur,Uttar Pradesh,False,31,1.32
TXN204213,,2025-01-24T06:58:00,ACC00269,ACC00092,1108.03,NEFT,Lucknow,Uttar Pradesh,False,3,1.97
TXN204214,,2025-09-12T07:25:00,ACC00436,ACC00149,9432.3,Wallet,Mumbai,Maharashtra,False,5,1.54
TXN204215,,2025-01-05T09:12:00,ACC00186,ACC00469,2493.77,Card,Mumbai,Maharashtra,False,16,1.14
TXN204216,,2025-06-09T17:09:00,ACC00100,ACC00127,516.35,IMPS,Bengaluru,Karnataka,False,15,0.2
TXN204217,,2025-01-08T03:39:00,ACC00414,ACC00250,2131.12,Wallet,Mumbai,Maharashtra,False,22,1.34
TXN204218,,2025-01-26T02:16:00,ACC00420,ACC00074,1598.36,IMPS,Mumbai,Maharashtra,False,19,0.26
TXN204219,,2025-06-05T06:42:00,ACC00439,ACC00084,2925.62,IMPS,Lucknow,Uttar Pradesh,False,25,1.54
TXN204220,,2025-03-01T02:20:00,ACC00229,ACC00145,975.39,NEFT,Kanpur,Uttar Pradesh,False,15,1.01
TXN204221,,2025-01-08T13:16:00,ACC00349,ACC00242,5965.02,RTGS,Bengaluru,Karnataka,False,13,1.39
TXN204222,,2025-01-26T14:01:00,ACC00474,ACC00167,8088.12,RTGS,Delhi,Delhi,False,20,0.73
TXN204223,,2025-05-03T07:25:00,ACC00133,ACC00315,3533.91,NEFT,Bengaluru,Karnataka,False,1,0.74
TXN204224,,2025-08-20T10:32:00,ACC00458,ACC00105,2055.33,RTGS,Mumbai,Maharashtra,False,24,0.65
TXN204225,,2025-01-07T10:47:00,ACC00476,ACC00421,725.52,RTGS,Lucknow,Uttar Pradesh,False,32,1.15
TXN204226,,2025-06-25T23:18:00,ACC00165,ACC00118,828.99,RTGS,Bengaluru,Karnataka,False,3,1.07
TXN204227,,2025-04-11T00:38:00,ACC00125,ACC00241,2298.76,RTGS,Mumbai,Maharashtra,False,24,1.41
TXN204228,,2025-03-08T14:54:00,ACC00212,ACC00036,267.79,IMPS,Mumbai,Maharashtra,False,26,0.95
TXN204229,,2025-07-03T06:17:00,ACC00467,ACC00324,1757.24,Card,Jaipur,Rajasthan,False,34,1.06
TXN204230,,2025-08-05T06:48:00,ACC00035,ACC00076,1537.56,IMPS,Delhi,Delhi,False,25,1.66
TXN204231,,2025-03-06T07:09:00,ACC00224,ACC00290,925.2,RTGS,Bengaluru,Karnataka,False,21,1.72
TXN204232,,2025-02-09T11:07:00,ACC00121,ACC00060,1763.74,IMPS,Delhi,Delhi,False,13,1.49
TXN204233,,2025-02-10T02:10:00,ACC00313,ACC00271,6832.4,UPI,Patna,Bihar,False,20,1.11
TXN204234,,2025-09-17T12:27:00,ACC00229,ACC00302,183.21,IMPS,Lucknow,Uttar Pradesh,False,34,1.93
TXN204235,,2025-05-29T01:03:00,ACC00449,ACC00022,4973.11,UPI,Jaipur,Rajasthan,False,19,0.38
TXN204236,,2025-09-16T16:18:00,ACC00466,ACC00006,1893.72,Wallet,Bengaluru,Karnataka,False,12,0.94
TXN204237,,2025-08-14T18:21:00,ACC00078,ACC00024,1605.15,Card,Hyderabad,Telangana,False,11,1.6
TXN204238,,2025-08-12T00:03:00,ACC00335,ACC00282,4645.79,Card,Delhi,Delhi,False,14,0.55
TXN204239,,2025-02-17T05:35:00,ACC00412,ACC00375,1878.5,IMPS,Mumbai,Maharashtra,False,1,1.35
TXN204240,,2025-07-19T10:57:00,ACC00493,ACC00136,297.35,RTGS,Lucknow,Uttar Pradesh,False,28,0.76
TXN204241,,2025-07-23T19:35:00,ACC00433,ACC00182,377.84,Wallet,Delhi,Delhi,False,30,0.19
TXN204242,,2025-02-25T02:42:00,ACC00312,ACC00449,4780.51,RTGS,Delhi,Delhi,False,12,1.52
TXN204243,,2025-03-12T22:04:00,ACC00340,ACC00252,548.16,Card,Lucknow,Uttar Pradesh,False,25,0.54
TXN204244,,2025-08-17T07:25:00,ACC00040,ACC00083,1734.31,IMPS,Bengaluru,Karnataka,False,27,0.72
TXN204245,,2025-01-03T09:26:00,ACC00161,ACC00083,2146.73,UPI,Kanpur,Uttar Pradesh,False,35,1.71
TXN204246,,2025-06-29T04:55:00,ACC00226,ACC00031,943.71,RTGS,Kanpur,Uttar Pradesh,False,37,0.95
TXN204247,,2025-08-02T18:14:00,ACC00134,ACC00417,3054.0,Card,Patna,Bihar,False,19,0.15
TXN204248,,2025-05-30T08:57:00,ACC00183,ACC00177,14376.22,Wallet,Delhi,Delhi,False,28,1.46
TXN204249,,2025-08-13T02:26:00,ACC00010,ACC00044,10758.4,IMPS,Delhi,Delhi,False,25,0.67
TXN204250,,2025-01-19T08:05:00,ACC00314,ACC00349,1796.79,UPI,Lucknow,Uttar Pradesh,False,28,1.86
TXN204251,,2025-05-12T14:52:00,ACC00287,ACC00307,1134.09,Wallet,Jaipur,Rajasthan,False,9,0.55
TXN204252,,2025-03-31T15:17:00,ACC00096,ACC00030,6058.4,Card,Patna,Bihar,False,13,0.56
TXN204253,,2025-07-22T05:23:00,ACC00335,ACC00088,507.74,UPI,Patna,Bihar,False,30,1.6
TXN204254,,2025-05-04T17:54:00,ACC00219,ACC00458,5852.9,Card,Mumbai,Maharashtra,False,30,0.13
TXN204255,,2025-09-14T00:03:00,ACC00143,ACC00392,558.83,Wallet,Patna,Bihar,False,20,1.07
TXN204256,,2025-01-02T18:56:00,ACC00285,ACC00130,1181.32,NEFT,Kanpur,Uttar Pradesh,False,14,0.69
TXN204257,,2025-06-12T13:03:00,ACC00498,ACC00490,1032.6,NEFT,Kanpur,Uttar Pradesh,False,28,0.12
TXN204258,,2025-08-22T04:53:00,ACC00435,ACC00118,1460.32,Card,Patna,Bihar,False,31,0.83
TXN204259,,2025-05-19T23:14:00,ACC00300,ACC00200,2197.43,RTGS,Kanpur,Uttar Pradesh,False,11,1.62
TXN204260,,2025-08-13T02:01:00,ACC00409,ACC00494,851.62,IMPS,Bengaluru,Karnataka,False,24,0.88
TXN204261,,2025-02-06T11:42:00,ACC00390,ACC00313,2901.05,NEFT,Lucknow,Uttar Pradesh,False,25,1.01
TXN204262,,2025-06-19T23:31:00,ACC00254,ACC00431,1415.35,Wallet,Patna,Bihar,False,31,0.23
TXN204263,,2025-04-20T06:17:00,ACC00185,ACC00332,1265.08,IMPS,Mumbai,Maharashtra,False,21,2.0
TXN204264,,2025-05-27T00:09:00,ACC00033,ACC00186,5216.16,Card,Mumbai,Maharashtra,False,24,1.96
TXN204265,,2025-01-23T22:36:00,ACC00322,ACC00051,1174.26,UPI,Delhi,Delhi,False,23,2.0
TXN204266,,2025-05-07T01:58:00,ACC00251,ACC00095,3061.19,IMPS,Kanpur,Uttar Pradesh,False,33,1.49
TXN204267,,2025-03-18T05:48:00,ACC00210,ACC00002,257.84,Card,Mumbai,Maharashtra,False,16,0.72
TXN204268,,2025-03-23T10:23:00,ACC00070,ACC00024,6570.23,RTGS,Jaipur,Rajasthan,False,21,0.16
TXN204269,,2025-01-28T06:55:00,ACC00081,ACC00435,4758.43,Wallet,Jaipur,Rajasthan,False,3,1.97
TXN204270,,2025-04-21T06:12:00,ACC00236,ACC00444,3719.07,IMPS,Delhi,Delhi,False,15,0.16
TXN204271,,2025-08-06T11:29:00,ACC00447,ACC00363,4053.9,Wallet,Lucknow,Uttar Pradesh,False,15,0.45
TXN204272,,2025-07-04T20:05:00,ACC00373,ACC00476,6074.08,Card,Delhi,Delhi,False,3,1.93
TXN204273,,2025-05-02T01:44:00,ACC00478,ACC00418,2550.58,Card,Mumbai,Maharashtra,False,19,1.05
TXN204274,,2025-08-06T07:47:00,ACC00427,ACC00222,1904.86,RTGS,Kanpur,Uttar Pradesh,False,23,0.77
TXN204275,,2025-04-16T01:10:00,ACC00064,ACC00020,1236.98,RTGS,Delhi,Delhi,False,20,1.94
TXN204276,,2025-03-20T19:57:00,ACC00436,ACC00407,1776.88,Wallet,Patna,Bihar,False,17,1.36
TXN204277,,2025-07-31T17:04:00,ACC00234,ACC00212,4894.03,IMPS,Jaipur,Rajasthan,False,19,0.22
TXN204278,,2025-02-04T10:12:00,ACC00012,ACC00222,3895.87,IMPS,Kanpur,Uttar Pradesh,False,37,1.25
TXN204279,,2025-03-08T15:11:00,ACC00084,ACC00335,10376.34,IMPS,Jaipur,Rajasthan,False,35,1.82
TXN204280,,2025-03-05T01:09:00,ACC00441,ACC00129,472.53,NEFT,Bengaluru,Karnataka,False,8,1.21
TXN204281,,2025-04-17T22:01:00,ACC00215,ACC00225,7777.97,NEFT,Bengaluru,Karnataka,False,27,0.12
TXN204282,,2025-08-26T14:01:00,ACC00086,ACC00017,2031.57,UPI,Bengaluru,Karnataka,False,22,0.82
TXN204283,,2025-01-12T05:45:00,ACC00139,ACC00140,4695.6,RTGS,Jaipur,Rajasthan,False,26,1.23
TXN204284,,2025-06-08T11:00:00,ACC00034,ACC00442,2798.42,Wallet,Hyderabad,Telangana,False,16,1.45
TXN204285,,2025-07-18T22:59:00,ACC00307,ACC00114,1414.16,NEFT,Kanpur,Uttar Pradesh,False,48,1.2
TXN204286,,2025-05-05T10:36:00,ACC00289,ACC00042,424.73,Card,Patna,Bihar,False,11,1.9
TXN204287,,2025-07-19T09:23:00,ACC00069,ACC00453,1736.34,Wallet,Kanpur,Uttar Pradesh,False,36,1.45
TXN204288,,2025-01-17T00:48:00,ACC00355,ACC00269,3362.82,Card,Patna,Bihar,False,9,0.82
TXN204289,,2025-04-23T23:32:00,ACC00400,ACC00464,3712.18,RTGS,Kanpur,Uttar Pradesh,False,23,0.51
TXN204290,,2025-08-20T21:57:00,ACC00469,ACC00495,2492.23,RTGS,Jaipur,Rajasthan,False,29,1.06
TXN204291,,2025-03-22T06:42:00,ACC00084,ACC00202,8334.74,NEFT,Bengaluru,Karnataka,False,27,0.75
TXN204292,,2025-09-08T20:49:00,ACC00323,ACC00289,838.93,Wallet,Hyderabad,Telangana,False,31,0.51
TXN204293,,2025-07-22T15:00:00,ACC00038,ACC00238,1219.43,Card,Patna,Bihar,False,17,0.59
TXN204294,,2025-05-13T23:30:00,ACC00076,ACC00472,1159.67,Wallet,Patna,Bihar,False,25,0.22
TXN204295,,2025-03-21T20:36:00,ACC00092,ACC00013,541.94,UPI,Patna,Bihar,False,30,0.36
TXN204296,,2025-07-30T16:55:00,ACC00206,ACC00063,1004.91,NEFT,Mumbai,Maharashtra,False,20,0.95
TXN204297,,2025-02-06T01:03:00,ACC00140,ACC00190,1782.98,NEFT,Kanpur,Uttar Pradesh,False,1,0.12
TXN204298,,2025-02-08T17:46:00,ACC00289,ACC00111,3408.56,Wallet,Lucknow,Uttar Pradesh,False,26,0.2
TXN204299,,2025-04-15T06:13:00,ACC00393,ACC00270,283.92,Wallet,Kanpur,Uttar Pradesh,False,18,1.86
TXN204300,,2025-04-13T07:22:00,ACC00360,ACC00144,3669.21,NEFT,Mumbai,Maharashtra,False,11,1.73
TXN204301,,2025-08-10T12:50:00,ACC00489,ACC00304,2079.66,Wallet,Mumbai,Maharashtra,False,12,0.89
TXN204302,,2025-09-06T17:47:00,ACC00265,ACC00002,1357.53,NEFT,Patna,Bihar,False,48,0.35
TXN204303,,2025-02-13T10:15:00,ACC00303,ACC00254,3249.91,Card,Mumbai,Maharashtra,False,10,1.33
TXN204304,,2025-02-01T09:55:00,ACC00157,ACC00036,531.8,IMPS,Lucknow,Uttar Pradesh,False,22,1.21
TXN204305,,2025-04-14T16:16:00,ACC00332,ACC00045,732.43,NEFT,Mumbai,Maharashtra,False,39,0.7
TXN204306,,2025-06-29T18:09:00,ACC00222,ACC00288,5991.45,RTGS,Delhi,Delhi,False,29,0.36
TXN204307,,2025-04-10T00:49:00,ACC00236,ACC00192,2106.6,Card,Delhi,Delhi,False,31,1.48
TXN204308,,2025-08-24T06:38:00,ACC00077,ACC00016,3006.44,NEFT,Lucknow,Uttar Pradesh,False,24,0.34
TXN204309,,2025-08-27T13:58:00,ACC00441,ACC00088,392.27,NEFT,Bengaluru,Karnataka,False,25,1.85
TXN204310,,2025-01-06T07:59:00,ACC00226,ACC00005,7319.7,IMPS,Patna,Bihar,False,15,0.21
TXN204311,,2025-02-13T09:51:00,ACC00018,ACC00159,1511.14,NEFT,Jaipur,Rajasthan,False,27,1.08
TXN204312,,2025-06-03T16:36:00,ACC00053,ACC00258,763.48,IMPS,Lucknow,Uttar Pradesh,False,22,1.49
TXN204313,,2025-03-03T06:29:00,ACC00331,ACC00390,2037.0,Card,Bengaluru,Karnataka,False,3,0.28
TXN204314,,2025-05-10T04:04:00,ACC00436,ACC00494,8058.79,Card,Bengaluru,Karnataka,False,5,1.33
TXN204315,,2025-05-02T21:27:00,ACC00153,ACC00092,3723.64,RTGS,Lucknow,Uttar Pradesh,False,24,1.57
TXN204316,,2025-01-18T09:56:00,ACC00115,ACC00373,1332.01,RTGS,Delhi,Delhi,False,33,0.25
TXN204317,,2025-01-05T10:03:00,ACC00353,ACC00081,2631.39,Wallet,Jaipur,Rajasthan,False,31,1.97
TXN204318,,2025-09-08T16:26:00,ACC00070,ACC00185,2336.76,IMPS,Delhi,Delhi,False,15,0.72
TXN204319,,2025-04-22T21:58:00,ACC00140,ACC00288,1473.62,RTGS,Hyderabad,Telangana,False,27,1.01
TXN204320,,2025-07-14T16:52:00,ACC00147,ACC00069,2677.26,Wallet,Kanpur,Uttar Pradesh,False,12,1.46
TXN204321,,2025-04-21T07:03:00,ACC00262,ACC00180,7740.34,IMPS,Jaipur,Rajasthan,False,29,0.38
TXN204322,,2025-06-19T01:20:00,ACC00017,ACC00096,1641.74,RTGS,Kanpur,Uttar Pradesh,False,12,1.64
TXN204323,,2025-04-01T13:34:00,ACC00478,ACC00058,2873.97,IMPS,Patna,Bihar,False,9,0.25
TXN204324,,2025-03-27T09:13:00,ACC00055,ACC00063,4667.14,Wallet,Hyderabad,Telangana,False,12,0.24
TXN204325,,2025-07-29T20:18:00,ACC00232,ACC00236,3151.3,RTGS,Hyderabad,Telangana,False,13,1.31
TXN204326,,2025-05-30T16:14:00,ACC00124,ACC00157,3018.72,Card,Bengaluru,Karnataka,False,16,1.36
TXN204327,,2025-03-26T13:44:00,ACC00429,ACC00094,804.87,IMPS,Lucknow,Uttar Pradesh,False,35,1.55
TXN204328,,2025-01-26T21:04:00,ACC00454,ACC00370,2768.75,Card,Jaipur,Rajasthan,False,21,1.12
TXN204329,,2025-05-15T05:17:00,ACC00048,ACC00479,1283.42,IMPS,Bengaluru,Karnataka,False,18,1.55
TXN204330,,2025-05-09T03:04:00,ACC00063,ACC00327,2900.95,Card,Hyderabad,Telangana,False,9,1.87
TXN204331,,2025-05-05T01:02:00,ACC00167,ACC00395,994.62,Card,Patna,Bihar,False,19,0.58
TXN204332,,2025-06-13T16:42:00,ACC00449,ACC00265,3898.06,Card,Bengaluru,Karnataka,False,34,0.84
TXN204333,,2025-04-08T13:56:00,ACC00199,ACC00339,612.64,UPI,Delhi,Delhi,False,32,1.08
TXN204334,,2025-07-03T23:03:00,ACC00242,ACC00066,1989.01,UPI,Lucknow,Uttar Pradesh,False,24,1.6
TXN204335,,2025-06-23T15:30:00,ACC00073,ACC00490,935.4,RTGS,Jaipur,Rajasthan,False,19,1.01
TXN204336,,2025-02-11T19:47:00,ACC00017,ACC00178,5902.97,Card,Delhi,Delhi,False,36,0.92
TXN204337,,2025-07-17T01:30:00,ACC00112,ACC00074,624.12,NEFT,Jaipur,Rajasthan,False,25,1.56
TXN204338,,2025-03-29T03:57:00,ACC00432,ACC00365,8553.99,RTGS,Lucknow,Uttar Pradesh,False,5,0.3
TXN204339,,2025-03-22T09:22:00,ACC00118,ACC00112,1084.4,IMPS,Hyderabad,Telangana,False,19,0.69
TXN204340,,2025-01-06T05:26:00,ACC00038,ACC00449,10797.83,IMPS,Mumbai,Maharashtra,False,24,1.45
TXN204341,,2025-07-05T06:57:00,ACC00133,ACC00258,1435.14,IMPS,Jaipur,Rajasthan,False,9,1.08
TXN204342,,2025-03-06T12:10:00,ACC00337,ACC00439,3208.57,IMPS,Delhi,Delhi,False,9,1.86
TXN204343,,2025-02-19T14:14:00,ACC00317,ACC00113,332.56,Wallet,Kanpur,Uttar Pradesh,False,35,1.51
TXN204344,,2025-03-20T16:58:00,ACC00216,ACC00095,1240.98,Wallet,Delhi,Delhi,False,25,0.59
TXN204345,,2025-07-27T05:10:00,ACC00493,ACC00070,2945.93,IMPS,Patna,Bihar,False,23,1.42
TXN204346,,2025-04-05T18:30:00,ACC00370,ACC00012,1853.98,RTGS,Delhi,Delhi,False,10,0.8
TXN204347,,2025-03-04T03:56:00,ACC00353,ACC00184,1423.97,UPI,Bengaluru,Karnataka,False,33,0.4
TXN204348,,2025-06-09T19:57:00,ACC00162,ACC00201,1560.85,Card,Jaipur,Rajasthan,False,22,1.06
TXN204349,,2025-06-26T15:02:00,ACC00279,ACC00463,821.18,IMPS,Patna,Bihar,False,15,1.62
TXN204350,,2025-08-01T16:36:00,ACC00190,ACC00064,9321.24,RTGS,Lucknow,Uttar Pradesh,False,37,0.33
TXN204351,,2025-05-24T22:46:00,ACC00407,ACC00430,2443.51,IMPS,Hyderabad,Telangana,False,28,0.29
TXN204352,,2025-07-02T09:15:00,ACC00001,ACC00226,3145.84,NEFT,Mumbai,Maharashtra,False,2,0.83
TXN204353,,2025-08-18T02:38:00,ACC00468,ACC00291,7906.63,Wallet,Jaipur,Rajasthan,False,21,1.31
TXN204354,,2025-07-06T03:58:00,ACC00023,ACC00057,601.68,RTGS,Bengaluru,Karnataka,False,23,1.44
TXN204355,,2025-05-12T07:09:00,ACC00065,ACC00220,668.41,IMPS,Mumbai,Maharashtra,False,12,0.31
TXN204356,,2025-01-23T18:32:00,ACC00177,ACC00427,7553.2,RTGS,Hyderabad,Telangana,False,24,0.54
TXN204357,,2025-02-20T01:50:00,ACC00216,ACC00458,9209.96,Wallet,Bengaluru,Karnataka,False,23,1.23
TXN204358,,2025-03-26T12:56:00,ACC00057,ACC00367,11497.24,Wallet,Mumbai,Maharashtra,False,39,1.22
TXN204359,,2025-09-02T09:19:00,ACC00100,ACC00247,4432.84,NEFT,Hyderabad,Telangana,False,16,0.67
TXN204360,,2025-06-08T01:06:00,ACC00453,ACC00455,867.45,IMPS,Jaipur,Rajasthan,False,24,1.48
TXN204361,,2025-05-28T18:30:00,ACC00215,ACC00166,1638.55,IMPS,Patna,Bihar,False,20,1.74
TXN204362,,2025-04-14T13:27:00,ACC00318,ACC00144,4912.17,Wallet,Jaipur,Rajasthan,False,12,0.86
TXN204363,,2025-03-02T06:27:00,ACC00097,ACC00117,583.62,Card,Patna,Bihar,False,5,0.28
TXN204364,,2025-04-27T19:00:00,ACC00146,ACC00064,1194.83,UPI,Hyderabad,Telangana,False,15,0.95
TXN204365,,2025-08-31T05:27:00,ACC00123,ACC00361,3374.99,IMPS,Patna,Bihar,False,21,1.52
TXN204366,,2025-02-26T16:05:00,ACC00410,ACC00354,1015.39,UPI,Mumbai,Maharashtra,False,22,1.31
TXN204367,,2025-04-17T04:38:00,ACC00024,ACC00037,3538.45,IMPS,Patna,Bihar,False,21,1.35
TXN204368,,2025-06-04T08:41:00,ACC00119,ACC00150,350.96,UPI,Hyderabad,Telangana,False,19,1.36
TXN204369,,2025-07-05T12:10:00,ACC00163,ACC00179,2245.89,Card,Delhi,Delhi,False,20,1.37
TXN204370,,2025-04-12T10:50:00,ACC00281,ACC00430,666.33,Wallet,Bengaluru,Karnataka,False,23,1.94
TXN204371,,2025-03-27T06:58:00,ACC00057,ACC00092,1028.14,Wallet,Mumbai,Maharashtra,False,7,0.61
TXN204372,,2025-03-12T16:01:00,ACC00461,ACC00145,463.47,Card,Patna,Bihar,False,7,0.19
TXN204373,,2025-07-15T03:30:00,ACC00072,ACC00462,710.62,NEFT,Kanpur,Uttar Pradesh,False,15,1.89
TXN204374,,2025-02-21T06:52:00,ACC00499,ACC00306,606.42,Card,Bengaluru,Karnataka,False,7,1.55
TXN204375,,2025-01-13T05:31:00,ACC00266,ACC00326,1657.03,NEFT,Mumbai,Maharashtra,False,17,1.9
TXN204376,,2025-05-06T21:35:00,ACC00174,ACC00207,5853.18,IMPS,Mumbai,Maharashtra,False,19,1.22
TXN204377,,2025-02-22T17:25:00,ACC00172,ACC00087,5131.73,IMPS,Lucknow,Uttar Pradesh,False,10,1.1
TXN204378,,2025-06-18T09:10:00,ACC00424,ACC00154,2857.85,Wallet,Kanpur,Uttar Pradesh,False,29,0.73
TXN204379,,2025-06-18T23:10:00,ACC00229,ACC00178,10001.58,NEFT,Mumbai,Maharashtra,False,32,1.43
TXN204380,,2025-04-14T20:08:00,ACC00467,ACC00017,8689.7,RTGS,Mumbai,Maharashtra,False,9,0.82
TXN204381,,2025-02-08T03:06:00,ACC00191,ACC00475,5082.21,NEFT,Patna,Bihar,False,8,1.31
TXN204382,,2025-06-03T00:36:00,ACC00129,ACC00293,723.38,IMPS,Jaipur,Rajasthan,False,32,0.57
TXN204383,,2025-05-22T20:32:00,ACC00208,ACC00290,681.31,RTGS,Lucknow,Uttar Pradesh,False,20,0.74
TXN204384,,2025-05-11T22:09:00,ACC00060,ACC00299,3419.75,IMPS,Hyderabad,Telangana,False,32,0.65
TXN204385,,2025-07-24T16:47:00,ACC00042,ACC00008,496.77,IMPS,Delhi,Delhi,False,30,1.6
TXN204386,,2025-05-24T05:30:00,ACC00037,ACC00431,2257.36,UPI,Lucknow,Uttar Pradesh,False,29,1.13
TXN204387,,2025-03-05T00:59:00,ACC00239,ACC00303,6647.17,RTGS,Hyderabad,Telangana,False,41,0.58
TXN204388,,2025-08-17T18:14:00,ACC00241,ACC00153,1034.56,IMPS,Lucknow,Uttar Pradesh,False,30,1.83
TXN204389,,2025-03-10T10:20:00,ACC00348,ACC00442,2411.34,NEFT,Bengaluru,Karnataka,False,28,1.7
TXN204390,,2025-04-05T08:43:00,ACC00038,ACC00386,1238.27,NEFT,Delhi,Delhi,False,9,0.69
TXN204391,,2025-01-10T21:32:00,ACC00434,ACC00387,2070.15,NEFT,Mumbai,Maharashtra,False,20,1.86
TXN204392,,2025-05-21T08:56:00,ACC00106,ACC00054,820.0,RTGS,Delhi,Delhi,False,12,1.18
TXN204393,,2025-07-16T12:37:00,ACC00212,ACC00496,86.59,Card,Mumbai,Maharashtra,False,38,0.71
TXN204394,,2025-06-22T14:50:00,ACC00305,ACC00438,5227.39,UPI,Kanpur,Uttar Pradesh,False,14,1.36
TXN204395,,2025-06-23T18:06:00,ACC00439,ACC00304,282.9,IMPS,Hyderabad,Telangana,False,33,0.92
TXN204396,,2025-02-27T00:13:00,ACC00436,ACC00287,757.47,Card,Delhi,Delhi,False,15,1.0
TXN204397,,2025-03-17T18:39:00,ACC00260,ACC00474,586.59,NEFT,Hyderabad,Telangana,False,33,0.73
TXN204398,,2025-04-29T01:56:00,ACC00123,ACC00285,5586.32,NEFT,Kanpur,Uttar Pradesh,False,13,1.43
TXN204399,,2025-08-09T16:11:00,ACC00391,ACC00137,757.94,IMPS,Delhi,Delhi,False,30,0.84
TXN204400,,2025-07-28T02:10:00,ACC00288,ACC00144,2539.09,Card,Kanpur,Uttar Pradesh,False,12,1.42
TXN204401,,2025-05-08T18:58:00,ACC00136,ACC00139,492.34,Wallet,Jaipur,Rajasthan,False,17,0.42
TXN204402,,2025-02-16T15:18:00,ACC00268,ACC00319,3009.09,NEFT,Lucknow,Uttar Pradesh,False,28,1.6
TXN204403,,2025-01-14T18:46:00,ACC00391,ACC00077,4718.69,RTGS,Delhi,Delhi,False,23,1.05
TXN204404,,2025-07-30T19:48:00,ACC00395,ACC00469,2048.71,Card,Bengaluru,Karnataka,False,26,0.44
TXN204405,,2025-06-01T02:27:00,ACC00402,ACC00264,1747.52,Card,Hyderabad,Telangana,False,18,1.49
TXN204406,,2025-04-18T07:18:00,ACC00283,ACC00012,4880.18,IMPS,Lucknow,Uttar Pradesh,False,42,1.77
TXN204407,,2025-06-22T07:12:00,ACC00344,ACC00011,6913.01,UPI,Mumbai,Maharashtra,False,38,0.92
TXN204408,,2025-04-11T23:59:00,ACC00109,ACC00229,779.3,IMPS,Patna,Bihar,False,1,0.47
TXN204409,,2025-06-23T01:18:00,ACC00099,ACC00181,920.96,RTGS,Lucknow,Uttar Pradesh,False,26,1.35
TXN204410,,2025-08-09T09:35:00,ACC00136,ACC00418,1466.71,RTGS,Hyderabad,Telangana,False,1,1.99
TXN204411,,2025-02-14T12:21:00,ACC00149,ACC00169,292.58,RTGS,Delhi,Delhi,False,6,0.26
TXN204412,,2025-07-08T14:34:00,ACC00176,ACC00257,3359.46,UPI,Bengaluru,Karnataka,False,12,1.52
TXN204413,,2025-01-01T08:46:00,ACC00392,ACC00224,3375.32,RTGS,Patna,Bihar,False,36,1.85
TXN204414,,2025-08-17T21:44:00,ACC00063,ACC00084,3147.38,Wallet,Patna,Bihar,False,31,1.11
TXN204415,,2025-07-29T16:46:00,ACC00336,ACC00372,2072.62,Wallet,Hyderabad,Telangana,False,4,1.25
TXN204416,,2025-08-07T14:49:00,ACC00307,ACC00118,6717.1,Wallet,Hyderabad,Telangana,False,25,0.52
TXN204417,,2025-06-12T09:34:00,ACC00210,ACC00137,1215.68,IMPS,Patna,Bihar,False,8,0.46
TXN204418,,2025-05-03T16:15:00,ACC00351,ACC00057,2746.7,Card,Bengaluru,Karnataka,False,18,1.17
TXN204419,,2025-02-20T02:58:00,ACC00140,ACC00008,1648.32,Wallet,Mumbai,Maharashtra,False,26,1.49
TXN204420,,2025-01-07T15:40:00,ACC00167,ACC00324,1478.51,RTGS,Patna,Bihar,False,17,1.94
TXN204421,,2025-07-02T15:11:00,ACC00445,ACC00491,506.29,UPI,Hyderabad,Telangana,False,31,1.18
TXN204422,,2025-06-19T03:54:00,ACC00091,ACC00273,733.32,RTGS,Hyderabad,Telangana,False,32,1.93
TXN204423,,2025-08-09T15:22:00,ACC00432,ACC00378,25230.34,Card,Jaipur,Rajasthan,False,35,0.24
TXN204424,,2025-07-01T23:17:00,ACC00221,ACC00030,1873.72,RTGS,Bengaluru,Karnataka,False,23,0.15
TXN204425,,2025-06-11T06:35:00,ACC00081,ACC00423,343.7,RTGS,Kanpur,Uttar Pradesh,False,18,1.67
TXN204426,,2025-09-06T06:40:00,ACC00203,ACC00159,3048.25,Wallet,Delhi,Delhi,False,25,0.22
TXN204427,,2025-05-08T01:46:00,ACC00422,ACC00494,2921.93,Card,Jaipur,Rajasthan,False,23,1.34
TXN204428,,2025-03-13T20:20:00,ACC00258,ACC00196,1311.46,UPI,Jaipur,Rajasthan,False,33,0.91
TXN204429,,2025-01-11T19:42:00,ACC00193,ACC00219,2819.18,UPI,Mumbai,Maharashtra,False,15,0.36
TXN204430,,2025-08-21T00:32:00,ACC00123,ACC00181,202.31,UPI,Delhi,Delhi,False,6,1.16
TXN204431,,2025-03-17T11:46:00,ACC00280,ACC00031,5294.81,UPI,Jaipur,Rajasthan,False,35,0.46
TXN204432,,2025-08-08T09:14:00,ACC00348,ACC00013,1496.32,Card,Kanpur,Uttar Pradesh,False,34,1.27
TXN204433,,2025-06-08T10:02:00,ACC00244,ACC00388,3039.15,RTGS,Hyderabad,Telangana,False,1,0.39
TXN204434,,2025-06-30T10:36:00,ACC00009,ACC00071,1305.21,NEFT,Hyderabad,Telangana,False,16,1.71
TXN204435,,2025-05-25T03:01:00,ACC00103,ACC00464,491.94,UPI,Lucknow,Uttar Pradesh,False,10,1.22
TXN204436,,2025-02-06T08:23:00,ACC00171,ACC00315,850.43,Wallet,Hyderabad,Telangana,False,32,1.87
TXN204437,,2025-05-14T22:13:00,ACC00302,ACC00256,232.68,NEFT,Patna,Bihar,False,22,1.56
TXN204438,,2025-08-28T21:58:00,ACC00354,ACC00305,3641.03,NEFT,Hyderabad,Telangana,False,17,1.79
TXN204439,,2025-06-27T08:30:00,ACC00403,ACC00330,892.95,NEFT,Delhi,Delhi,False,25,1.47
TXN204440,,2025-05-01T07:05:00,ACC00314,ACC00017,4983.16,IMPS,Patna,Bihar,False,38,0.34
TXN204441,,2025-05-23T17:18:00,ACC00055,ACC00277,1715.73,Card,Lucknow,Uttar Pradesh,False,25,0.74
TXN204442,,2025-07-29T03:20:00,ACC00231,ACC00039,490.05,NEFT,Lucknow,Uttar Pradesh,False,30,1.24
TXN204443,,2025-02-08T19:48:00,ACC00111,ACC00308,4187.66,IMPS,Jaipur,Rajasthan,False,1,0.28
TXN204444,,2025-02-27T07:14:00,ACC00261,ACC00457,4688.53,IMPS,Hyderabad,Telangana,False,15,0.41
TXN204445,,2025-08-20T03:55:00,ACC00201,ACC00119,1672.33,Wallet,Patna,Bihar,False,18,1.78
TXN204446,,2025-05-10T07:14:00,ACC00099,ACC00239,5451.24,Wallet,Patna,Bihar,False,23,1.99
TXN204447,,2025-04-18T21:11:00,ACC00415,ACC00195,2062.13,Card,Hyderabad,Telangana,False,34,0.95
TXN204448,,2025-06-20T10:43:00,ACC00140,ACC00156,5358.07,RTGS,Jaipur,Rajasthan,False,25,1.4
TXN204449,,2025-05-25T07:38:00,ACC00170,ACC00391,428.46,RTGS,Patna,Bihar,False,29,1.58
TXN204450,,2025-05-30T20:12:00,ACC00214,ACC00264,1682.17,IMPS,Lucknow,Uttar Pradesh,False,13,1.08
TXN204451,,2025-07-31T09:38:00,ACC00455,ACC00289,5338.73,Wallet,Hyderabad,Telangana,False,27,1.16
TXN204452,,2025-02-24T01:37:00,ACC00468,ACC00104,2785.04,IMPS,Jaipur,Rajasthan,False,34,0.74
TXN204453,,2025-04-14T06:28:00,ACC00279,ACC00156,1954.78,IMPS,Mumbai,Maharashtra,False,9,0.81
TXN204454,,2025-09-12T04:11:00,ACC00336,ACC00311,6344.64,RTGS,Bengaluru,Karnataka,False,5,1.53
TXN204455,,2025-07-15T10:44:00,ACC00318,ACC00253,2923.26,IMPS,Delhi,Delhi,False,12,1.4
TXN204456,,2025-08-07T16:21:00,ACC00036,ACC00260,2483.06,Wallet,Kanpur,Uttar Pradesh,False,6,1.58
TXN204457,,2025-03-26T21:38:00,ACC00069,ACC00368,1430.88,Wallet,Jaipur,Rajasthan,False,1,1.88
TXN204458,,2025-07-09T18:23:00,ACC00413,ACC00301,1524.01,NEFT,Kanpur,Uttar Pradesh,False,10,1.65
TXN204459,,2025-07-29T12:47:00,ACC00311,ACC00436,1204.13,Card,Bengaluru,Karnataka,False,24,1.67
TXN204460,,2025-05-31T08:10:00,ACC00252,ACC00097,587.76,NEFT,Kanpur,Uttar Pradesh,False,29,1.08
TXN204461,,2025-01-15T19:45:00,ACC00047,ACC00061,2232.93,NEFT,Bengaluru,Karnataka,False,29,1.96
TXN204462,,2025-02-26T12:33:00,ACC00257,ACC00463,4424.85,NEFT,Delhi,Delhi,False,3,1.44
TXN204463,,2025-09-02T12:20:00,ACC00005,ACC00059,7662.49,NEFT,Delhi,Delhi,False,33,1.94
TXN204464,,2025-07-12T15:51:00,ACC00302,ACC00391,2449.99,Wallet,Bengaluru,Karnataka,False,21,0.13
TXN204465,,2025-08-26T14:25:00,ACC00485,ACC00411,845.07,IMPS,Kanpur,Uttar Pradesh,False,30,0.55
TXN204466,,2025-06-05T22:56:00,ACC00241,ACC00396,401.97,Card,Kanpur,Uttar Pradesh,False,23,1.11
TXN204467,,2025-07-24T12:58:00,ACC00215,ACC00394,204.4,NEFT,Patna,Bihar,False,31,0.72
TXN204468,,2025-01-18T06:35:00,ACC00235,ACC00108,852.06,Wallet,Mumbai,Maharashtra,False,26,0.39
TXN204469,,2025-06-14T18:19:00,ACC00174,ACC00214,6772.6,UPI,Jaipur,Rajasthan,False,4,0.86
TXN204470,,2025-06-05T22:18:00,ACC00356,ACC00315,860.8,IMPS,Hyderabad,Telangana,False,25,1.86
TXN204471,,2025-09-08T19:04:00,ACC00470,ACC00078,2386.29,IMPS,Kanpur,Uttar Pradesh,False,27,0.87
TXN204472,,2025-06-24T19:41:00,ACC00151,ACC00227,1754.92,IMPS,Delhi,Delhi,False,14,0.32
TXN204473,,2025-02-18T21:45:00,ACC00095,ACC00104,606.72,Wallet,Hyderabad,Telangana,False,11,0.51
TXN204474,,2025-02-10T05:56:00,ACC00166,ACC00131,2029.01,RTGS,Mumbai,Maharashtra,False,26,1.97
TXN204475,,2025-08-27T22:56:00,ACC00158,ACC00040,5197.03,Card,Lucknow,Uttar Pradesh,False,7,0.96
TXN204476,,2025-01-10T06:42:00,ACC00345,ACC00267,585.55,NEFT,Jaipur,Rajasthan,False,15,0.77
TXN204477,,2025-07-28T19:06:00,ACC00198,ACC00246,3443.07,RTGS,Patna,Bihar,False,9,0.74
TXN204478,,2025-01-19T12:06:00,ACC00289,ACC00272,4993.26,Card,Mumbai,Maharashtra,False,19,0.93
TXN204479,,2025-09-04T17:33:00,ACC00039,ACC00498,580.36,IMPS,Lucknow,Uttar Pradesh,False,28,1.5
TXN204480,,2025-01-06T22:11:00,ACC00225,ACC00105,4221.27,UPI,Kanpur,Uttar Pradesh,False,23,1.68
TXN204481,,2025-06-09T03:10:00,ACC00242,ACC00390,327.4,Card,Kanpur,Uttar Pradesh,False,21,0.58
TXN204482,,2025-02-06T13:23:00,ACC00295,ACC00075,3907.83,UPI,Mumbai,Maharashtra,False,29,1.56
TXN204483,,2025-03-14T01:46:00,ACC00470,ACC00412,4348.62,IMPS,Lucknow,Uttar Pradesh,False,21,0.38
TXN204484,,2025-07-09T21:34:00,ACC00021,ACC00114,2943.58,IMPS,Jaipur,Rajasthan,False,29,1.72
TXN204485,,2025-03-02T02:39:00,ACC00154,ACC00169,2135.81,UPI,Bengaluru,Karnataka,False,25,1.05
TXN204486,,2025-06-15T00:25:00,ACC00475,ACC00042,5325.95,Card,Jaipur,Rajasthan,False,29,0.7
TXN204487,,2025-07-10T23:44:00,ACC00039,ACC00301,4038.57,NEFT,Patna,Bihar,False,9,0.88
TXN204488,,2025-04-14T11:47:00,ACC00197,ACC00269,3277.29,Wallet,Jaipur,Rajasthan,False,22,0.51
TXN204489,,2025-03-15T03:14:00,ACC00421,ACC00446,2996.98,Card,Lucknow,Uttar Pradesh,False,31,0.65
TXN204490,,2025-05-11T02:27:00,ACC00384,ACC00081,2760.46,Card,Delhi,Delhi,False,32,0.57
TXN204491,,2025-03-06T05:36:00,ACC00072,ACC00393,439.78,Wallet,Bengaluru,Karnataka,False,17,0.64
TXN204492,,2025-08-07T16:45:00,ACC00083,ACC00135,24031.69,NEFT,Jaipur,Rajasthan,False,12,1.37
TXN204493,,2025-04-05T00:37:00,ACC00382,ACC00252,1841.5,IMPS,Kanpur,Uttar Pradesh,False,21,0.44
TXN204494,,2025-03-31T01:53:00,ACC00456,ACC00267,1485.38,Card,Patna,Bihar,False,31,0.6
TXN204495,,2025-02-01T18:41:00,ACC00213,ACC00143,4172.09,UPI,Bengaluru,Karnataka,False,31,0.8
TXN204496,,2025-07-26T16:43:00,ACC00078,ACC00377,6062.39,Wallet,Jaipur,Rajasthan,False,7,0.17
TXN204497,,2025-09-10T06:08:00,ACC00124,ACC00053,1946.73,IMPS,Kanpur,Uttar Pradesh,False,16,0.9
TXN204498,,2025-06-06T11:50:00,ACC00055,ACC00193,1352.91,IMPS,Patna,Bihar,False,22,0.81
TXN204499,,2025-01-02T10:59:00,ACC00180,ACC00077,1240.2,RTGS,Mumbai,Maharashtra,False,9,1.3
TXN204500,,2025-07-22T07:46:00,ACC00117,ACC00039,1493.95,IMPS,Bengaluru,Karnataka,False,16,0.36
TXN204501,,2025-03-26T18:00:00,ACC00258,ACC00334,1878.36,NEFT,Mumbai,Maharashtra,False,6,1.83
TXN204502,,2025-02-27T14:29:00,ACC00235,ACC00308,2824.42,IMPS,Delhi,Delhi,False,25,0.87
TXN204503,,2025-02-22T07:43:00,ACC00109,ACC00254,1022.1,IMPS,Hyderabad,Telangana,False,9,0.22
TXN204504,,2025-03-02T07:16:00,ACC00465,ACC00396,4668.12,Card,Patna,Bihar,False,7,1.76
TXN204505,,2025-07-21T05:00:00,ACC00000,ACC00020,1928.85,Wallet,Lucknow,Uttar Pradesh,False,39,0.88
TXN204506,,2025-01-18T20:04:00,ACC00116,ACC00382,8533.22,RTGS,Jaipur,Rajasthan,False,19,1.01
TXN204507,,2025-02-06T17:27:00,ACC00463,ACC00462,2217.97,IMPS,Kanpur,Uttar Pradesh,False,15,1.58
TXN204508,,2025-05-13T20:34:00,ACC00295,ACC00485,4026.85,Wallet,Lucknow,Uttar Pradesh,False,12,1.74
TXN204509,,2025-08-30T10:41:00,ACC00178,ACC00053,2177.05,RTGS,Delhi,Delhi,False,24,1.38
TXN204510,,2025-08-07T11:52:00,ACC00431,ACC00439,3653.29,Card,Hyderabad,Telangana,False,9,0.16
TXN204511,,2025-04-15T10:35:00,ACC00055,ACC00246,8049.73,UPI,Hyderabad,Telangana,False,32,1.04
TXN204512,,2025-07-21T16:07:00,ACC00234,ACC00196,4396.93,UPI,Kanpur,Uttar Pradesh,False,25,1.63
TXN204513,,2025-04-23T11:25:00,ACC00206,ACC00030,174.16,NEFT,Lucknow,Uttar Pradesh,False,9,0.64
TXN204514,,2025-03-05T03:12:00,ACC00179,ACC00216,1577.94,Wallet,Jaipur,Rajasthan,False,23,0.31
TXN204515,,2025-08-29T15:27:00,ACC00084,ACC00124,3862.71,IMPS,Mumbai,Maharashtra,False,4,1.7
TXN204516,,2025-05-18T07:41:00,ACC00017,ACC00386,18987.64,Wallet,Kanpur,Uttar Pradesh,False,21,1.35
TXN204517,,2025-05-01T22:53:00,ACC00316,ACC00300,2348.08,NEFT,Mumbai,Maharashtra,False,31,1.97
TXN204518,,2025-01-02T01:35:00,ACC00329,ACC00484,1770.02,NEFT,Mumbai,Maharashtra,False,16,0.14
TXN204519,,2025-01-18T11:58:00,ACC00201,ACC00202,270.57,IMPS,Mumbai,Maharashtra,False,28,0.57
TXN204520,,2025-09-14T11:07:00,ACC00419,ACC00006,1029.67,IMPS,Lucknow,Uttar Pradesh,False,20,0.71
TXN204521,,2025-07-09T09:55:00,ACC00169,ACC00108,3897.19,IMPS,Jaipur,Rajasthan,False,32,0.48
TXN204522,,2025-04-30T06:28:00,ACC00305,ACC00393,6122.51,UPI,Bengaluru,Karnataka,False,28,1.68
TXN204523,,2025-04-10T11:20:00,ACC00204,ACC00049,512.24,UPI,Bengaluru,Karnataka,False,7,0.5
TXN204524,,2025-05-07T07:52:00,ACC00111,ACC00212,3487.14,IMPS,Kanpur,Uttar Pradesh,False,5,1.93
TXN204525,,2025-09-05T15:15:00,ACC00309,ACC00339,1121.77,Card,Delhi,Delhi,False,15,1.23
TXN204526,,2025-08-12T23:16:00,ACC00475,ACC00454,2057.71,UPI,Patna,Bihar,False,13,1.92
TXN204527,,2025-04-06T07:26:00,ACC00001,ACC00333,891.36,NEFT,Lucknow,Uttar Pradesh,False,32,0.68
TXN204528,,2025-09-01T01:37:00,ACC00324,ACC00038,2779.56,Card,Mumbai,Maharashtra,False,12,0.63
TXN204529,,2025-04-21T09:20:00,ACC00497,ACC00344,491.61,Wallet,Jaipur,Rajasthan,False,37,1.91
TXN204530,,2025-07-14T17:24:00,ACC00484,ACC00016,225.08,NEFT,Bengaluru,Karnataka,False,23,1.21
TXN204531,,2025-08-16T07:15:00,ACC00060,ACC00483,4832.3,UPI,Mumbai,Maharashtra,False,15,0.35
TXN204532,,2025-06-19T17:41:00,ACC00242,ACC00428,5789.51,NEFT,Bengaluru,Karnataka,False,29,0.72
TXN204533,,2025-08-17T17:59:00,ACC00128,ACC00140,1831.15,IMPS,Bengaluru,Karnataka,False,22,1.55
TXN204534,,2025-03-30T02:53:00,ACC00476,ACC00397,2920.01,Wallet,Kanpur,Uttar Pradesh,False,21,0.9
TXN204535,,2025-08-10T15:25:00,ACC00017,ACC00349,2548.38,IMPS,Bengaluru,Karnataka,False,21,0.9
TXN204536,,2025-01-27T06:49:00,ACC00114,ACC00210,921.45,NEFT,Mumbai,Maharashtra,False,29,0.45
TXN204537,,2025-06-15T15:56:00,ACC00123,ACC00165,2072.44,Wallet,Kanpur,Uttar Pradesh,False,25,1.83
TXN204538,,2025-04-19T20:46:00,ACC00334,ACC00134,2676.71,Wallet,Lucknow,Uttar Pradesh,False,13,1.33
TXN204539,,2025-08-06T17:47:00,ACC00146,ACC00332,463.56,RTGS,Mumbai,Maharashtra,False,35,1.92
TXN204540,,2025-03-13T16:18:00,ACC00090,ACC00183,2648.1,RTGS,Mumbai,Maharashtra,False,21,1.44
TXN204541,,2025-06-18T04:52:00,ACC00249,ACC00126,5922.38,NEFT,Lucknow,Uttar Pradesh,False,23,1.5
TXN204542,,2025-01-31T07:30:00,ACC00324,ACC00016,5686.09,RTGS,Patna,Bihar,False,8,1.0
TXN204543,,2025-08-07T08:55:00,ACC00069,ACC00025,5774.8,NEFT,Hyderabad,Telangana,False,25,0.18
TXN204544,,2025-07-28T08:22:00,ACC00473,ACC00497,5814.63,UPI,Hyderabad,Telangana,False,13,0.13
TXN204545,,2025-09-17T18:12:00,ACC00428,ACC00425,4648.2,RTGS,Hyderabad,Telangana,False,25,1.24
TXN204546,,2025-03-14T23:03:00,ACC00264,ACC00022,874.32,NEFT,Patna,Bihar,False,35,1.98
TXN204547,,2025-01-25T18:18:00,ACC00154,ACC00418,4553.65,Wallet,Mumbai,Maharashtra,False,34,0.48
TXN204548,,2025-07-20T16:43:00,ACC00073,ACC00235,1667.49,UPI,Patna,Bihar,False,24,1.66
TXN204549,,2025-06-07T03:40:00,ACC00284,ACC00427,636.62,Wallet,Bengaluru,Karnataka,False,25,0.89
TXN204550,,2025-02-04T23:24:00,ACC00374,ACC00046,2272.93,Card,Mumbai,Maharashtra,False,1,0.16
TXN204551,,2025-07-31T05:13:00,ACC00003,ACC00446,2299.45,Card,Mumbai,Maharashtra,False,13,0.12
TXN204552,,2025-03-17T15:26:00,ACC00273,ACC00358,1584.0,UPI,Mumbai,Maharashtra,False,13,0.66
TXN204553,,2025-02-05T12:37:00,ACC00179,ACC00262,1132.57,Wallet,Lucknow,Uttar Pradesh,False,9,1.39
TXN204554,,2025-06-18T13:22:00,ACC00010,ACC00089,1586.13,Wallet,Jaipur,Rajasthan,False,9,0.82
TXN204555,,2025-02-08T08:07:00,ACC00297,ACC00301,1050.61,Wallet,Kanpur,Uttar Pradesh,False,40,0.18
TXN204556,,2025-09-02T15:01:00,ACC00464,ACC00230,509.93,Wallet,Mumbai,Maharashtra,False,10,1.29
TXN204557,,2025-04-27T14:22:00,ACC00084,ACC00226,1303.73,Card,Bengaluru,Karnataka,False,14,1.48
TXN204558,,2025-03-04T13:34:00,ACC00421,ACC00196,3733.14,Card,Delhi,Delhi,False,24,1.18
TXN204559,,2025-03-31T15:20:00,ACC00006,ACC00195,452.05,UPI,Mumbai,Maharashtra,False,34,0.65
TXN204560,,2025-09-12T21:51:00,ACC00143,ACC00144,2950.29,UPI,Delhi,Delhi,False,1,1.06
TXN204561,,2025-01-08T03:58:00,ACC00371,ACC00334,1065.95,Wallet,Lucknow,Uttar Pradesh,False,12,0.21
TXN204562,,2025-01-17T16:34:00,ACC00220,ACC00456,9721.73,NEFT,Patna,Bihar,False,27,1.32
TXN204563,,2025-02-12T01:28:00,ACC00013,ACC00070,8547.22,RTGS,Lucknow,Uttar Pradesh,False,22,1.65
TXN204564,,2025-05-07T22:06:00,ACC00442,ACC00069,414.85,UPI,Hyderabad,Telangana,False,2,1.15
TXN204565,,2025-09-07T14:41:00,ACC00037,ACC00125,3949.46,Card,Kanpur,Uttar Pradesh,False,1,0.11
TXN204566,,2025-01-09T10:21:00,ACC00455,ACC00118,4197.9,RTGS,Bengaluru,Karnataka,False,42,1.57
TXN204567,,2025-06-16T16:06:00,ACC00406,ACC00177,1922.49,NEFT,Delhi,Delhi,False,15,0.84
TXN204568,,2025-04-15T22:33:00,ACC00400,ACC00097,3813.24,Wallet,Kanpur,Uttar Pradesh,False,15,0.58
TXN204569,,2025-06-11T22:19:00,ACC00455,ACC00281,1859.6,IMPS,Jaipur,Rajasthan,False,41,1.78
TXN204570,,2025-05-29T01:36:00,ACC00476,ACC00053,1861.06,UPI,Hyderabad,Telangana,False,21,0.4
TXN204571,,2025-09-12T16:33:00,ACC00152,ACC00188,162.23,IMPS,Mumbai,Maharashtra,False,38,1.3
TXN204572,,2025-06-22T21:40:00,ACC00063,ACC00352,2274.97,Card,Kanpur,Uttar Pradesh,False,33,1.13
TXN204573,,2025-07-27T04:04:00,ACC00227,ACC00212,1294.33,Wallet,Hyderabad,Telangana,False,19,0.55
TXN204574,,2025-05-16T07:26:00,ACC00193,ACC00183,3158.73,UPI,Jaipur,Rajasthan,False,18,1.01
TXN204575,,2025-03-23T02:18:00,ACC00038,ACC00248,9794.87,IMPS,Mumbai,Maharashtra,False,22,1.86
TXN204576,,2025-06-30T12:22:00,ACC00157,ACC00292,2633.55,IMPS,Patna,Bihar,False,25,1.81
TXN204577,,2025-03-22T10:09:00,ACC00447,ACC00264,3061.26,RTGS,Kanpur,Uttar Pradesh,False,18,1.44
TXN204578,,2025-06-18T10:30:00,ACC00402,ACC00050,176.82,RTGS,Patna,Bihar,False,23,1.61
TXN204579,,2025-02-07T22:30:00,ACC00035,ACC00090,978.28,IMPS,Bengaluru,Karnataka,False,21,0.7
TXN204580,,2025-01-24T13:58:00,ACC00478,ACC00476,7656.76,UPI,Bengaluru,Karnataka,False,15,1.83
TXN204581,,2025-04-25T06:36:00,ACC00203,ACC00099,735.33,NEFT,Kanpur,Uttar Pradesh,False,35,1.89
TXN204582,,2025-02-28T05:16:00,ACC00254,ACC00326,559.57,UPI,Kanpur,Uttar Pradesh,False,32,0.43
TXN204583,,2025-01-03T19:59:00,ACC00357,ACC00030,151.81,Wallet,Hyderabad,Telangana,False,19,1.07
TXN204584,,2025-05-10T20:38:00,ACC00360,ACC00406,1713.76,Wallet,Jaipur,Rajasthan,False,15,1.82
TXN204585,,2025-03-21T23:41:00,ACC00106,ACC00238,4712.69,Card,Lucknow,Uttar Pradesh,False,9,1.39
TXN204586,,2025-04-24T14:55:00,ACC00011,ACC00185,534.47,UPI,Jaipur,Rajasthan,False,5,1.81
TXN204587,,2025-05-30T16:46:00,ACC00414,ACC00449,1050.71,Card,Jaipur,Rajasthan,False,9,0.69
TXN204588,,2025-06-15T15:11:00,ACC00136,ACC00413,6617.97,NEFT,Bengaluru,Karnataka,False,6,0.63
TXN204589,,2025-03-29T06:56:00,ACC00003,ACC00449,8246.64,Card,Hyderabad,Telangana,False,13,0.76
TXN204590,,2025-06-27T21:36:00,ACC00231,ACC00419,3903.24,RTGS,Mumbai,Maharashtra,False,11,0.77
TXN204591,,2025-06-19T01:01:00,ACC00303,ACC00318,5027.74,RTGS,Bengaluru,Karnataka,False,12,0.66
TXN204592,,2025-02-19T14:49:00,ACC00181,ACC00085,716.49,Wallet,Jaipur,Rajasthan,False,24,1.36
TXN204593,,2025-03-07T06:47:00,ACC00312,ACC00219,935.78,NEFT,Mumbai,Maharashtra,False,21,1.67
TXN204594,,2025-09-06T19:37:00,ACC00331,ACC00071,14176.51,Card,Hyderabad,Telangana,False,16,1.41
TXN204595,,2025-06-27T04:34:00,ACC00263,ACC00006,5422.87,IMPS,Mumbai,Maharashtra,False,32,1.98
TXN204596,,2025-04-16T18:12:00,ACC00066,ACC00283,2580.17,Wallet,Mumbai,Maharashtra,False,33,0.84
TXN204597,,2025-01-31T08:33:00,ACC00108,ACC00314,2838.73,UPI,Patna,Bihar,False,7,1.14
TXN204598,,2025-03-15T05:28:00,ACC00278,ACC00377,611.79,UPI,Mumbai,Maharashtra,False,22,1.71
TXN204599,,2025-01-08T18:52:00,ACC00014,ACC00409,2865.74,IMPS,Lucknow,Uttar Pradesh,False,16,1.11
TXN204600,,2025-01-11T16:21:00,ACC00434,ACC00288,8482.9,Wallet,Mumbai,Maharashtra,False,23,0.94
TXN204601,,2025-04-04T17:22:00,ACC00177,ACC00403,3244.34,NEFT,Delhi,Delhi,False,16,1.04
TXN204602,,2025-02-27T00:07:00,ACC00136,ACC00265,477.51,Card,Bengaluru,Karnataka,False,1,0.57
TXN204603,,2025-02-17T23:12:00,ACC00121,ACC00177,467.93,Wallet,Jaipur,Rajasthan,False,19,1.25
TXN204604,,2025-07-07T23:16:00,ACC00261,ACC00487,7088.24,RTGS,Patna,Bihar,False,55,0.76
TXN204605,,2025-09-15T05:35:00,ACC00219,ACC00323,5180.23,IMPS,Hyderabad,Telangana,False,30,1.38
TXN204606,,2025-08-21T13:22:00,ACC00442,ACC00468,2361.2,IMPS,Patna,Bihar,False,16,1.4
TXN204607,,2025-04-24T04:28:00,ACC00188,ACC00023,11665.01,Wallet,Kanpur,Uttar Pradesh,False,13,0.83
TXN204608,,2025-05-04T00:39:00,ACC00440,ACC00491,1717.76,IMPS,Lucknow,Uttar Pradesh,False,33,1.27
TXN204609,,2025-06-01T22:13:00,ACC00320,ACC00293,2658.45,UPI,Jaipur,Rajasthan,False,16,1.59
TXN204610,,2025-01-07T09:16:00,ACC00439,ACC00232,967.99,Wallet,Lucknow,Uttar Pradesh,False,20,1.07
TXN204611,,2025-07-23T06:25:00,ACC00430,ACC00442,3540.28,Wallet,Jaipur,Rajasthan,False,14,0.39
TXN204612,,2025-08-15T04:04:00,ACC00149,ACC00199,3755.95,IMPS,Delhi,Delhi,False,25,1.72
TXN204613,,2025-08-10T07:56:00,ACC00214,ACC00435,6952.28,Wallet,Lucknow,Uttar Pradesh,False,15,0.42
TXN204614,,2025-04-27T21:01:00,ACC00122,ACC00239,873.25,Wallet,Bengaluru,Karnataka,False,25,0.27
TXN204615,,2025-07-20T12:40:00,ACC00460,ACC00038,2401.97,IMPS,Delhi,Delhi,False,10,1.24
TXN204616,,2025-02-20T12:33:00,ACC00019,ACC00428,2480.95,UPI,Mumbai,Maharashtra,False,20,0.32
TXN204617,,2025-04-09T03:46:00,ACC00035,ACC00177,3097.79,UPI,Mumbai,Maharashtra,False,14,0.89
TXN204618,,2025-09-09T06:21:00,ACC00000,ACC00139,1395.03,NEFT,Kanpur,Uttar Pradesh,False,37,1.41
TXN204619,,2025-07-23T14:32:00,ACC00361,ACC00439,4958.72,UPI,Jaipur,Rajasthan,False,3,0.23
TXN204620,,2025-05-07T09:42:00,ACC00375,ACC00178,1124.43,Card,Patna,Bihar,False,12,1.67
TXN204621,,2025-09-07T22:47:00,ACC00374,ACC00355,953.8,Card,Kanpur,Uttar Pradesh,False,10,1.99
TXN204622,,2025-08-17T03:28:00,ACC00057,ACC00104,2145.14,UPI,Delhi,Delhi,False,25,0.4
TXN204623,,2025-01-28T18:40:00,ACC00371,ACC00267,602.64,NEFT,Lucknow,Uttar Pradesh,False,18,0.21
TXN204624,,2025-04-09T23:45:00,ACC00299,ACC00258,694.05,NEFT,Mumbai,Maharashtra,False,12,1.94
TXN204625,,2025-07-12T21:36:00,ACC00028,ACC00444,9608.4,UPI,Lucknow,Uttar Pradesh,False,16,0.44
TXN204626,,2025-02-13T08:38:00,ACC00006,ACC00298,497.1,IMPS,Hyderabad,Telangana,False,14,1.33
TXN204627,,2025-03-15T18:42:00,ACC00326,ACC00426,4565.06,Wallet,Hyderabad,Telangana,False,13,0.82
TXN204628,,2025-07-11T23:28:00,ACC00225,ACC00025,1517.41,NEFT,Jaipur,Rajasthan,False,21,0.23
TXN204629,,2025-07-16T09:35:00,ACC00497,ACC00477,685.45,Card,Patna,Bihar,False,20,0.9
TXN204630,,2025-01-05T02:43:00,ACC00244,ACC00084,18057.64,Card,Kanpur,Uttar Pradesh,False,26,1.21
TXN204631,,2025-07-12T18:30:00,ACC00496,ACC00481,3736.82,UPI,Patna,Bihar,False,3,0.18
TXN204632,,2025-06-03T13:23:00,ACC00470,ACC00166,2225.39,IMPS,Kanpur,Uttar Pradesh,False,32,0.52
TXN204633,,2025-07-29T01:25:00,ACC00437,ACC00192,2824.38,UPI,Mumbai,Maharashtra,False,28,0.47
TXN204634,,2025-05-16T16:58:00,ACC00466,ACC00076,2714.43,Card,Mumbai,Maharashtra,False,24,0.14
TXN204635,,2025-06-21T22:08:00,ACC00191,ACC00138,2007.49,IMPS,Mumbai,Maharashtra,False,1,1.18
TXN204636,,2025-07-06T21:39:00,ACC00108,ACC00256,1577.93,RTGS,Delhi,Delhi,False,37,1.28
TXN204637,,2025-08-20T23:45:00,ACC00123,ACC00245,2267.95,IMPS,Kanpur,Uttar Pradesh,False,22,1.06
TXN204638,,2025-05-07T12:54:00,ACC00372,ACC00211,6818.88,UPI,Kanpur,Uttar Pradesh,False,36,1.02
TXN204639,,2025-03-06T14:47:00,ACC00475,ACC00348,1017.6,Wallet,Delhi,Delhi,False,16,1.45
TXN204640,,2025-08-12T22:41:00,ACC00146,ACC00341,3760.57,Wallet,Hyderabad,Telangana,False,15,1.33
TXN204641,,2025-09-05T16:06:00,ACC00178,ACC00022,7376.8,Card,Kanpur,Uttar Pradesh,False,36,0.69
TXN204642,,2025-03-02T18:05:00,ACC00394,ACC00453,455.94,Wallet,Delhi,Delhi,False,36,0.53
TXN204643,,2025-08-12T17:36:00,ACC00433,ACC00182,3908.76,Wallet,Bengaluru,Karnataka,False,21,1.62
TXN204644,,2025-08-09T05:33:00,ACC00156,ACC00476,3976.96,Wallet,Lucknow,Uttar Pradesh,False,10,1.65
TXN204645,,2025-02-08T04:29:00,ACC00129,ACC00212,1090.3,Card,Patna,Bihar,False,28,0.95
TXN204646,,2025-04-10T05:13:00,ACC00309,ACC00110,1893.78,RTGS,Mumbai,Maharashtra,False,37,1.51
TXN204647,,2025-02-18T03:29:00,ACC00461,ACC00101,453.16,UPI,Lucknow,Uttar Pradesh,False,22,1.62
TXN204648,,2025-05-17T20:17:00,ACC00278,ACC00079,1742.75,IMPS,Mumbai,Maharashtra,False,28,1.96
TXN204649,,2025-01-06T16:18:00,ACC00376,ACC00272,953.77,IMPS,Patna,Bihar,False,7,1.52
TXN204650,,2025-06-10T21:32:00,ACC00196,ACC00046,1663.29,UPI,Lucknow,Uttar Pradesh,False,11,1.87
TXN204651,,2025-08-15T21:19:00,ACC00264,ACC00423,4411.34,UPI,Jaipur,Rajasthan,False,22,0.8
TXN204652,,2025-08-19T02:25:00,ACC00014,ACC00191,1515.96,NEFT,Bengaluru,Karnataka,False,22,1.94
TXN204653,,2025-04-26T12:47:00,ACC00053,ACC00371,1832.84,IMPS,Lucknow,Uttar Pradesh,False,18,0.61
TXN204654,,2025-07-31T01:54:00,ACC00078,ACC00281,4537.97,Wallet,Mumbai,Maharashtra,False,17,1.6
TXN204655,,2025-02-28T04:38:00,ACC00073,ACC00313,1800.69,Wallet,Mumbai,Maharashtra,False,7,1.53
TXN204656,,2025-03-08T12:05:00,ACC00437,ACC00498,1664.54,Wallet,Lucknow,Uttar Pradesh,False,37,0.14
TXN204657,,2025-05-15T14:21:00,ACC00130,ACC00330,842.37,Card,Patna,Bihar,False,24,0.72
TXN204658,,2025-08-24T12:15:00,ACC00183,ACC00021,1100.01,Card,Patna,Bihar,False,30,0.68
TXN204659,,2025-06-29T20:36:00,ACC00077,ACC00224,1865.14,IMPS,Mumbai,Maharashtra,False,29,0.72
TXN204660,,2025-05-29T12:40:00,ACC00032,ACC00384,6671.84,IMPS,Patna,Bihar,False,21,1.15
TXN204661,,2025-08-27T03:14:00,ACC00444,ACC00004,688.65,IMPS,Bengaluru,Karnataka,False,18,0.88
TXN204662,,2025-06-29T03:20:00,ACC00017,ACC00347,4427.99,Card,Delhi,Delhi,False,21,0.14
TXN204663,,2025-01-06T23:48:00,ACC00358,ACC00272,4632.09,RTGS,Delhi,Delhi,False,43,1.04
TXN204664,,2025-01-03T13:39:00,ACC00052,ACC00423,1137.97,Wallet,Patna,Bihar,False,30,1.3
TXN204665,,2025-04-09T17:13:00,ACC00190,ACC00303,706.63,Card,Delhi,Delhi,False,37,0.37
TXN204666,,2025-08-07T02:00:00,ACC00226,ACC00322,3021.3,Wallet,Kanpur,Uttar Pradesh,False,17,0.42
TXN204667,,2025-03-31T12:08:00,ACC00094,ACC00497,284.98,UPI,Lucknow,Uttar Pradesh,False,16,0.45
TXN204668,,2025-04-04T04:17:00,ACC00098,ACC00138,2106.28,IMPS,Mumbai,Maharashtra,False,22,1.49
TXN204669,,2025-09-11T13:54:00,ACC00439,ACC00358,2174.49,IMPS,Bengaluru,Karnataka,False,9,0.72
TXN204670,,2025-06-09T11:45:00,ACC00060,ACC00215,396.1,RTGS,Mumbai,Maharashtra,False,11,1.34
TXN204671,,2025-09-05T05:07:00,ACC00150,ACC00444,4277.6,Wallet,Bengaluru,Karnataka,False,23,1.49
TXN204672,,2025-07-17T20:37:00,ACC00278,ACC00059,798.07,IMPS,Hyderabad,Telangana,False,20,1.5
TXN204673,,2025-06-26T08:52:00,ACC00477,ACC00407,4068.76,RTGS,Delhi,Delhi,False,25,0.12
TXN204674,,2025-02-15T00:41:00,ACC00370,ACC00344,2615.8,NEFT,Lucknow,Uttar Pradesh,False,16,0.41
TXN204675,,2025-03-02T00:21:00,ACC00307,ACC00087,3314.66,Card,Hyderabad,Telangana,False,9,0.66
TXN204676,,2025-08-19T20:27:00,ACC00297,ACC00148,826.67,RTGS,Lucknow,Uttar Pradesh,False,25,0.72
TXN204677,,2025-03-30T15:32:00,ACC00316,ACC00486,2242.76,RTGS,Jaipur,Rajasthan,False,22,1.38
TXN204678,,2025-03-29T19:28:00,ACC00022,ACC00397,787.9,IMPS,Lucknow,Uttar Pradesh,False,16,1.53
TXN204679,,2025-02-17T00:31:00,ACC00425,ACC00060,3876.12,Wallet,Delhi,Delhi,False,25,0.59
TXN204680,,2025-05-08T13:21:00,ACC00038,ACC00434,1551.85,NEFT,Bengaluru,Karnataka,False,20,1.77
TXN204681,,2025-01-30T06:29:00,ACC00494,ACC00138,4985.66,Wallet,Mumbai,Maharashtra,False,28,0.97
TXN204682,,2025-06-17T21:07:00,ACC00339,ACC00410,4872.11,Card,Patna,Bihar,False,37,1.63
TXN204683,,2025-06-17T06:25:00,ACC00159,ACC00335,488.84,Wallet,Delhi,Delhi,False,25,1.73
TXN204684,,2025-05-03T00:14:00,ACC00280,ACC00096,1424.75,Wallet,Patna,Bihar,False,11,0.41
TXN204685,,2025-08-07T06:20:00,ACC00396,ACC00036,3337.98,Wallet,Bengaluru,Karnataka,False,18,0.16
TXN204686,,2025-06-05T08:04:00,ACC00377,ACC00454,6749.83,NEFT,Jaipur,Rajasthan,False,23,0.19
TXN204687,,2025-01-04T13:46:00,ACC00438,ACC00354,182.85,IMPS,Lucknow,Uttar Pradesh,False,15,1.8
TXN204688,,2025-09-07T09:59:00,ACC00466,ACC00020,3607.75,RTGS,Mumbai,Maharashtra,False,17,0.37
TXN204689,,2025-05-31T02:46:00,ACC00459,ACC00300,3063.44,Card,Jaipur,Rajasthan,False,1,0.98
TXN204690,,2025-05-06T22:04:00,ACC00456,ACC00088,2313.15,Card,Patna,Bihar,False,14,1.05
TXN204691,,2025-09-10T02:14:00,ACC00491,ACC00187,4564.48,Wallet,Jaipur,Rajasthan,False,25,1.21
TXN204692,,2025-02-21T09:38:00,ACC00394,ACC00024,3094.53,UPI,Mumbai,Maharashtra,False,31,1.29
TXN204693,,2025-04-09T08:25:00,ACC00265,ACC00329,498.24,IMPS,Kanpur,Uttar Pradesh,False,48,0.31
TXN204694,,2025-04-07T03:16:00,ACC00415,ACC00359,1129.04,Wallet,Mumbai,Maharashtra,False,25,0.95
TXN204695,,2025-09-14T21:20:00,ACC00275,ACC00266,1124.58,IMPS,Kanpur,Uttar Pradesh,False,25,1.1
TXN204696,,2025-05-21T15:19:00,ACC00443,ACC00322,2091.69,RTGS,Lucknow,Uttar Pradesh,False,29,1.3
TXN204697,,2025-06-24T17:25:00,ACC00491,ACC00327,7163.83,RTGS,Kanpur,Uttar Pradesh,False,34,1.64
TXN204698,,2025-01-27T21:01:00,ACC00053,ACC00169,1006.36,Wallet,Lucknow,Uttar Pradesh,False,32,0.65
TXN204699,,2025-06-15T07:24:00,ACC00327,ACC00237,1203.67,RTGS,Hyderabad,Telangana,False,34,0.53
TXN204700,,2025-07-10T20:43:00,ACC00173,ACC00491,3619.97,Wallet,Patna,Bihar,False,12,1.85
TXN204701,,2025-05-01T15:24:00,ACC00316,ACC00402,3778.3,NEFT,Delhi,Delhi,False,22,1.12
TXN204702,,2025-08-19T10:02:00,ACC00491,ACC00324,576.22,Wallet,Patna,Bihar,False,4,1.37
TXN204703,,2025-05-27T05:02:00,ACC00348,ACC00111,7547.72,Wallet,Lucknow,Uttar Pradesh,False,26,1.14
TXN204704,,2025-04-04T02:41:00,ACC00383,ACC00000,3760.11,Wallet,Hyderabad,Telangana,False,36,1.62
TXN204705,,2025-07-30T23:34:00,ACC00257,ACC00451,1241.23,RTGS,Hyderabad,Telangana,False,28,0.46
TXN204706,,2025-07-30T05:37:00,ACC00230,ACC00386,387.03,NEFT,Kanpur,Uttar Pradesh,False,34,0.88
TXN204707,,2025-03-04T23:15:00,ACC00307,ACC00241,1126.9,UPI,Bengaluru,Karnataka,False,10,1.07
TXN204708,,2025-01-05T16:37:00,ACC00010,ACC00411,669.2,Wallet,Kanpur,Uttar Pradesh,False,20,1.57
TXN204709,,2025-07-23T09:01:00,ACC00157,ACC00310,1162.36,Card,Bengaluru,Karnataka,False,5,0.92
TXN204710,,2025-05-08T03:59:00,ACC00247,ACC00029,628.6,Card,Jaipur,Rajasthan,False,24,0.94
TXN204711,,2025-02-04T06:30:00,ACC00205,ACC00304,1019.23,RTGS,Delhi,Delhi,False,22,0.96
TXN204712,,2025-06-24T17:21:00,ACC00294,ACC00249,2677.24,Wallet,Lucknow,Uttar Pradesh,False,17,0.16
TXN204713,,2025-01-20T23:42:00,ACC00235,ACC00248,900.45,NEFT,Lucknow,Uttar Pradesh,False,34,1.2
TXN204714,,2025-09-12T22:55:00,ACC00005,ACC00409,1692.16,IMPS,Patna,Bihar,False,13,1.61
TXN204715,,2025-01-26T00:01:00,ACC00048,ACC00105,1518.18,NEFT,Mumbai,Maharashtra,False,32,0.1
TXN204716,,2025-05-14T05:42:00,ACC00160,ACC00027,4447.08,UPI,Mumbai,Maharashtra,False,29,1.84
TXN204717,,2025-03-05T20:53:00,ACC00304,ACC00171,744.99,Card,Lucknow,Uttar Pradesh,False,12,1.34
TXN204718,,2025-04-20T12:35:00,ACC00303,ACC00304,2356.84,NEFT,Lucknow,Uttar Pradesh,False,1,0.66
TXN204719,,2025-07-28T04:43:00,ACC00109,ACC00030,1660.64,Wallet,Mumbai,Maharashtra,False,3,0.24
TXN204720,,2025-06-29T15:41:00,ACC00238,ACC00373,1674.65,NEFT,Jaipur,Rajasthan,False,29,1.13
TXN204721,,2025-07-04T06:30:00,ACC00366,ACC00153,1205.39,IMPS,Lucknow,Uttar Pradesh,False,15,1.05
TXN204722,,2025-09-17T05:22:00,ACC00384,ACC00049,720.76,Wallet,Bengaluru,Karnataka,False,9,1.43
TXN204723,,2025-06-04T14:06:00,ACC00047,ACC00440,484.02,UPI,Jaipur,Rajasthan,False,2,1.2
TXN204724,,2025-04-23T14:14:00,ACC00347,ACC00256,3614.3,RTGS,Bengaluru,Karnataka,False,28,1.38
TXN204725,,2025-08-29T18:11:00,ACC00416,ACC00404,639.05,RTGS,Hyderabad,Telangana,False,1,0.26
TXN204726,,2025-03-29T11:47:00,ACC00234,ACC00026,544.73,RTGS,Delhi,Delhi,False,13,0.94
TXN204727,,2025-02-15T01:37:00,ACC00383,ACC00277,562.43,Card,Bengaluru,Karnataka,False,23,0.47
TXN204728,,2025-04-25T21:04:00,ACC00107,ACC00176,2777.55,Card,Jaipur,Rajasthan,False,9,0.54
TXN204729,,2025-08-05T03:08:00,ACC00068,ACC00106,2334.22,UPI,Lucknow,Uttar Pradesh,False,24,0.16
TXN204730,,2025-02-03T07:56:00,ACC00208,ACC00123,1363.5,RTGS,Jaipur,Rajasthan,False,16,0.7
TXN204731,,2025-06-09T09:42:00,ACC00468,ACC00299,6840.66,RTGS,Patna,Bihar,False,18,1.15
TXN204732,,2025-08-11T16:35:00,ACC00152,ACC00403,1004.31,Wallet,Jaipur,Rajasthan,False,17,1.97
TXN204733,,2025-06-25T18:37:00,ACC00430,ACC00204,7681.12,UPI,Jaipur,Rajasthan,False,18,0.61
TXN204734,,2025-02-07T06:39:00,ACC00298,ACC00249,957.96,UPI,Kanpur,Uttar Pradesh,False,22,1.9
TXN204735,,2025-04-15T06:20:00,ACC00492,ACC00389,5494.34,IMPS,Hyderabad,Telangana,False,34,1.19
TXN204736,,2025-08-30T07:53:00,ACC00377,ACC00440,2158.38,NEFT,Patna,Bihar,False,6,0.49
TXN204737,,2025-01-11T20:40:00,ACC00329,ACC00391,235.91,UPI,Hyderabad,Telangana,False,11,1.99
TXN204738,,2025-02-10T01:10:00,ACC00067,ACC00469,3006.81,UPI,Delhi,Delhi,False,19,0.88
TXN204739,,2025-04-06T02:37:00,ACC00371,ACC00341,7236.5,IMPS,Patna,Bihar,False,11,0.2
TXN204740,,2025-01-27T09:29:00,ACC00049,ACC00429,1459.36,UPI,Lucknow,Uttar Pradesh,False,25,1.06
TXN204741,,2025-04-19T02:12:00,ACC00157,ACC00423,683.89,IMPS,Patna,Bihar,False,15,1.31
TXN204742,,2025-09-04T13:42:00,ACC00290,ACC00054,1553.89,RTGS,Delhi,Delhi,False,26,1.01
TXN204743,,2025-08-05T01:18:00,ACC00124,ACC00218,1024.24,NEFT,Kanpur,Uttar Pradesh,False,21,1.45
TXN204744,,2025-06-24T08:48:00,ACC00255,ACC00086,940.87,NEFT,Mumbai,Maharashtra,False,14,1.77
TXN204745,,2025-05-02T19:36:00,ACC00407,ACC00404,3420.03,UPI,Patna,Bihar,False,14,0.51
TXN204746,,2025-03-12T11:04:00,ACC00347,ACC00240,289.25,RTGS,Jaipur,Rajasthan,False,25,0.12
TXN204747,,2025-04-18T15:16:00,ACC00088,ACC00316,1131.42,Wallet,Patna,Bihar,False,37,0.54
TXN204748,,2025-01-29T09:40:00,ACC00019,ACC00069,6457.6,NEFT,Mumbai,Maharashtra,False,20,1.74
TXN204749,,2025-08-23T03:25:00,ACC00254,ACC00081,6391.55,UPI,Patna,Bihar,False,27,1.35
TXN204750,,2025-01-23T22:38:00,ACC00172,ACC00003,504.7,IMPS,Delhi,Delhi,False,25,1.59
TXN204751,,2025-07-17T05:01:00,ACC00265,ACC00066,557.94,NEFT,Patna,Bihar,False,10,0.28
TXN204752,,2025-05-28T10:10:00,ACC00046,ACC00344,1249.59,IMPS,Jaipur,Rajasthan,False,23,0.98
TXN204753,,2025-07-26T15:06:00,ACC00077,ACC00317,1866.82,IMPS,Mumbai,Maharashtra,False,12,0.79
TXN204754,,2025-03-28T21:20:00,ACC00080,ACC00037,7223.62,IMPS,Delhi,Delhi,False,35,1.02
TXN204755,,2025-07-03T12:26:00,ACC00411,ACC00104,1360.08,NEFT,Bengaluru,Karnataka,False,32,1.28
TXN204756,,2025-03-06T19:53:00,ACC00210,ACC00077,6406.46,RTGS,Kanpur,Uttar Pradesh,False,24,1.3
TXN204757,,2025-03-19T04:32:00,ACC00325,ACC00006,5020.32,UPI,Kanpur,Uttar Pradesh,False,3,0.25
TXN204758,,2025-06-13T01:24:00,ACC00355,ACC00257,3455.02,Card,Patna,Bihar,False,12,0.81
TXN204759,,2025-01-15T17:22:00,ACC00255,ACC00377,458.98,NEFT,Jaipur,Rajasthan,False,24,0.32
TXN204760,,2025-09-08T12:49:00,ACC00290,ACC00405,1156.87,IMPS,Patna,Bihar,False,9,1.1
TXN204761,,2025-05-06T03:39:00,ACC00267,ACC00187,269.61,UPI,Bengaluru,Karnataka,False,15,0.79
TXN204762,,2025-07-09T15:38:00,ACC00373,ACC00215,2884.35,NEFT,Lucknow,Uttar Pradesh,False,19,0.21
TXN204763,,2025-06-29T07:55:00,ACC00350,ACC00025,1744.01,UPI,Mumbai,Maharashtra,False,30,1.37
TXN204764,,2025-01-26T13:51:00,ACC00247,ACC00270,3200.48,RTGS,Jaipur,Rajasthan,False,14,0.22
TXN204765,,2025-07-03T23:22:00,ACC00211,ACC00152,682.17,IMPS,Lucknow,Uttar Pradesh,False,3,0.75
TXN204766,,2025-06-25T08:47:00,ACC00101,ACC00479,2098.54,IMPS,Patna,Bihar,False,38,1.02
TXN204767,,2025-01-16T13:19:00,ACC00165,ACC00437,3491.98,IMPS,Delhi,Delhi,False,16,0.92
TXN204768,,2025-08-18T20:55:00,ACC00076,ACC00044,1212.23,UPI,Hyderabad,Telangana,False,25,0.16
TXN204769,,2025-09-02T21:47:00,ACC00221,ACC00072,11564.89,RTGS,Mumbai,Maharashtra,False,18,1.2
TXN204770,,2025-07-08T22:50:00,ACC00424,ACC00096,587.89,Card,Hyderabad,Telangana,False,26,0.79
TXN204771,,2025-01-21T13:23:00,ACC00180,ACC00317,5165.57,NEFT,Bengaluru,Karnataka,False,29,0.45
TXN204772,,2025-09-10T22:26:00,ACC00416,ACC00277,8777.12,Wallet,Jaipur,Rajasthan,False,20,0.12
TXN204773,,2025-06-28T19:13:00,ACC00464,ACC00445,1665.2,NEFT,Jaipur,Rajasthan,False,18,0.61
TXN204774,,2025-03-10T00:15:00,ACC00187,ACC00192,5764.32,Wallet,Kanpur,Uttar Pradesh,False,24,1.76
TXN204775,,2025-07-05T01:55:00,ACC00187,ACC00448,1867.58,NEFT,Mumbai,Maharashtra,False,20,1.22
TXN204776,,2025-04-02T15:26:00,ACC00464,ACC00039,1298.87,NEFT,Delhi,Delhi,False,12,1.13
TXN204777,,2025-04-16T23:41:00,ACC00307,ACC00159,1093.14,Wallet,Jaipur,Rajasthan,False,32,0.93
TXN204778,,2025-07-15T12:40:00,ACC00350,ACC00288,283.51,Wallet,Delhi,Delhi,False,12,1.08
TXN204779,,2025-01-24T08:19:00,ACC00329,ACC00134,5314.5,UPI,Jaipur,Rajasthan,False,20,0.4
TXN204780,,2025-04-27T21:53:00,ACC00069,ACC00126,2894.54,Wallet,Lucknow,Uttar Pradesh,False,30,1.81
TXN204781,,2025-01-17T21:15:00,ACC00285,ACC00257,1443.13,Wallet,Delhi,Delhi,False,3,0.69
TXN204782,,2025-09-14T01:43:00,ACC00232,ACC00329,2884.43,Card,Kanpur,Uttar Pradesh,False,34,0.95
TXN204783,,2025-07-12T17:23:00,ACC00237,ACC00341,8207.38,IMPS,Jaipur,Rajasthan,False,13,1.61
TXN204784,,2025-04-10T22:56:00,ACC00426,ACC00209,491.04,NEFT,Mumbai,Maharashtra,False,25,0.88
TXN204785,,2025-04-22T06:00:00,ACC00252,ACC00324,514.39,Wallet,Kanpur,Uttar Pradesh,False,25,1.46
TXN204786,,2025-04-22T07:39:00,ACC00157,ACC00026,567.65,Card,Delhi,Delhi,False,8,1.9
TXN204787,,2025-08-15T03:05:00,ACC00282,ACC00397,482.45,NEFT,Hyderabad,Telangana,False,26,0.31
TXN204788,,2025-04-10T14:36:00,ACC00202,ACC00233,365.93,NEFT,Bengaluru,Karnataka,False,24,0.4
TXN204789,,2025-02-26T10:08:00,ACC00118,ACC00270,358.22,IMPS,Hyderabad,Telangana,False,1,1.19
TXN204790,,2025-08-03T21:36:00,ACC00361,ACC00373,753.88,UPI,Bengaluru,Karnataka,False,5,1.82
TXN204791,,2025-04-27T08:15:00,ACC00199,ACC00163,703.25,Wallet,Bengaluru,Karnataka,False,26,1.47
TXN204792,,2025-08-30T06:43:00,ACC00315,ACC00142,579.29,UPI,Bengaluru,Karnataka,False,23,1.39
TXN204793,,2025-07-19T03:02:00,ACC00222,ACC00022,429.23,RTGS,Mumbai,Maharashtra,False,24,1.75
TXN204794,,2025-04-21T00:02:00,ACC00318,ACC00079,3776.33,UPI,Hyderabad,Telangana,False,16,1.5
TXN204795,,2025-07-06T01:29:00,ACC00359,ACC00373,4027.05,IMPS,Delhi,Delhi,False,21,1.45
TXN204796,,2025-06-05T07:15:00,ACC00280,ACC00006,899.3,IMPS,Hyderabad,Telangana,False,20,0.25
TXN204797,,2025-05-31T14:45:00,ACC00378,ACC00343,3436.08,IMPS,Lucknow,Uttar Pradesh,False,18,1.79
TXN204798,,2025-06-20T23:26:00,ACC00246,ACC00023,1643.3,Wallet,Patna,Bihar,False,30,0.21
TXN204799,,2025-03-07T23:35:00,ACC00194,ACC00261,146.35,RTGS,Delhi,Delhi,False,17,1.32
TXN204800,,2025-04-03T13:16:00,ACC00260,ACC00192,5649.23,UPI,Hyderabad,Telangana,False,10,0.93
TXN204801,,2025-04-27T21:28:00,ACC00454,ACC00256,4492.64,Card,Jaipur,Rajasthan,False,37,1.54
TXN204802,,2025-03-18T10:35:00,ACC00025,ACC00438,4234.32,IMPS,Jaipur,Rajasthan,False,10,1.63
TXN204803,,2025-04-09T01:39:00,ACC00473,ACC00215,1115.12,Card,Lucknow,Uttar Pradesh,False,15,1.46
TXN204804,,2025-08-18T12:58:00,ACC00151,ACC00362,855.5,Wallet,Delhi,Delhi,False,5,0.71
TXN204805,,2025-01-07T14:29:00,ACC00282,ACC00317,2320.62,RTGS,Hyderabad,Telangana,False,23,1.46
TXN204806,,2025-08-29T23:39:00,ACC00196,ACC00249,2764.09,NEFT,Patna,Bihar,False,23,1.52
TXN204807,,2025-02-14T04:21:00,ACC00354,ACC00144,4109.35,RTGS,Hyderabad,Telangana,False,21,0.31
TXN204808,,2025-07-25T07:56:00,ACC00326,ACC00480,2746.1,Card,Mumbai,Maharashtra,False,23,0.97
TXN204809,,2025-01-16T04:10:00,ACC00403,ACC00014,2939.24,Card,Delhi,Delhi,False,27,0.73
TXN204810,,2025-02-20T12:46:00,ACC00258,ACC00214,1095.54,IMPS,Patna,Bihar,False,4,1.19
TXN204811,,2025-09-07T09:55:00,ACC00169,ACC00400,1168.86,Wallet,Kanpur,Uttar Pradesh,False,24,1.48
TXN204812,,2025-02-26T16:12:00,ACC00054,ACC00292,1157.61,RTGS,Patna,Bihar,False,29,1.06
TXN204813,,2025-03-30T04:26:00,ACC00234,ACC00097,6727.02,NEFT,Lucknow,Uttar Pradesh,False,32,0.44
TXN204814,,2025-08-16T15:21:00,ACC00412,ACC00400,17010.32,Wallet,Lucknow,Uttar Pradesh,False,20,1.66
TXN204815,,2025-03-02T06:04:00,ACC00453,ACC00118,1599.3,UPI,Lucknow,Uttar Pradesh,False,14,1.47
TXN204816,,2025-07-25T10:38:00,ACC00372,ACC00404,6143.86,Wallet,Jaipur,Rajasthan,False,25,1.73
TXN204817,,2025-05-26T14:44:00,ACC00345,ACC00216,6578.31,Wallet,Lucknow,Uttar Pradesh,False,32,1.87
TXN204818,,2025-07-17T20:47:00,ACC00372,ACC00063,6875.57,IMPS,Jaipur,Rajasthan,False,33,0.6
TXN204819,,2025-02-05T12:29:00,ACC00183,ACC00148,11074.83,RTGS,Delhi,Delhi,False,22,0.23
TXN204820,,2025-03-26T13:19:00,ACC00376,ACC00404,677.25,Card,Kanpur,Uttar Pradesh,False,30,0.55
TXN204821,,2025-04-08T08:28:00,ACC00063,ACC00247,1535.82,IMPS,Kanpur,Uttar Pradesh,False,17,0.95
TXN204822,,2025-01-02T12:04:00,ACC00299,ACC00241,788.04,RTGS,Kanpur,Uttar Pradesh,False,41,1.71
TXN204823,,2025-01-08T20:37:00,ACC00417,ACC00484,5119.84,RTGS,Hyderabad,Telangana,False,21,0.83
TXN204824,,2025-01-14T23:19:00,ACC00398,ACC00289,3039.73,Card,Mumbai,Maharashtra,False,25,0.13
TXN204825,,2025-02-15T08:14:00,ACC00387,ACC00066,2492.93,NEFT,Hyderabad,Telangana,False,27,1.17
TXN204826,,2025-07-17T08:43:00,ACC00268,ACC00425,2645.17,RTGS,Jaipur,Rajasthan,False,18,1.66
TXN204827,,2025-08-18T03:36:00,ACC00486,ACC00366,851.93,IMPS,Delhi,Delhi,False,1,1.78
TXN204828,,2025-04-13T10:50:00,ACC00031,ACC00403,1707.22,UPI,Mumbai,Maharashtra,False,24,1.51
TXN204829,,2025-03-28T12:59:00,ACC00173,ACC00136,1990.93,Card,Hyderabad,Telangana,False,13,1.65
TXN204830,,2025-06-28T20:39:00,ACC00474,ACC00375,194.65,Wallet,Delhi,Delhi,False,24,0.89
TXN204831,,2025-01-12T10:45:00,ACC00019,ACC00170,1862.43,NEFT,Bengaluru,Karnataka,False,30,1.31
TXN204832,,2025-03-12T04:09:00,ACC00427,ACC00411,270.49,Card,Delhi,Delhi,False,16,0.66
TXN204833,,2025-07-14T13:17:00,ACC00336,ACC00107,368.11,NEFT,Kanpur,Uttar Pradesh,False,1,1.26
TXN204834,,2025-02-07T08:30:00,ACC00068,ACC00094,1284.04,NEFT,Jaipur,Rajasthan,False,17,1.36
TXN204835,,2025-06-17T05:03:00,ACC00015,ACC00150,10087.5,NEFT,Bengaluru,Karnataka,False,16,1.73
TXN204836,,2025-05-23T14:33:00,ACC00317,ACC00354,4069.11,IMPS,Patna,Bihar,False,22,1.0
TXN204837,,2025-06-24T12:28:00,ACC00367,ACC00153,2654.03,UPI,Mumbai,Maharashtra,False,16,0.26
TXN204838,,2025-02-24T22:51:00,ACC00471,ACC00211,960.55,RTGS,Lucknow,Uttar Pradesh,False,21,0.88
TXN204839,,2025-07-31T05:10:00,ACC00207,ACC00370,2168.93,Wallet,Jaipur,Rajasthan,False,16,0.95
TXN204840,,2025-03-23T12:41:00,ACC00485,ACC00322,3066.45,Wallet,Delhi,Delhi,False,24,0.63
TXN204841,,2025-07-08T16:32:00,ACC00496,ACC00141,2798.18,Wallet,Bengaluru,Karnataka,False,29,1.14
TXN204842,,2025-08-12T01:11:00,ACC00412,ACC00351,1148.86,Wallet,Delhi,Delhi,False,25,0.86
TXN204843,,2025-04-03T19:35:00,ACC00240,ACC00083,678.32,NEFT,Lucknow,Uttar Pradesh,False,8,1.07
TXN204844,,2025-03-27T18:55:00,ACC00054,ACC00020,555.57,UPI,Mumbai,Maharashtra,False,18,1.45
TXN204845,,2025-01-20T19:51:00,ACC00026,ACC00153,241.58,Card,Hyderabad,Telangana,False,22,0.61
TXN204846,,2025-05-28T03:54:00,ACC00395,ACC00124,4497.49,NEFT,Jaipur,Rajasthan,False,4,0.23
TXN204847,,2025-02-01T20:03:00,ACC00175,ACC00386,21430.79,Card,Patna,Bihar,False,28,0.89
TXN204848,,2025-08-26T07:20:00,ACC00399,ACC00206,910.33,IMPS,Jaipur,Rajasthan,False,11,1.57
TXN204849,,2025-04-04T06:26:00,ACC00145,ACC00421,328.18,RTGS,Jaipur,Rajasthan,False,3,1.42
TXN204850,,2025-02-04T07:37:00,ACC00481,ACC00358,3900.03,Wallet,Lucknow,Uttar Pradesh,False,4,0.82
TXN204851,,2025-01-13T11:08:00,ACC00486,ACC00469,504.97,Card,Lucknow,Uttar Pradesh,False,16,1.69
TXN204852,,2025-05-03T08:53:00,ACC00493,ACC00028,1353.74,RTGS,Jaipur,Rajasthan,False,12,1.17
TXN204853,,2025-03-16T12:57:00,ACC00199,ACC00164,10119.02,RTGS,Patna,Bihar,False,18,1.78
TXN204854,,2025-03-06T05:24:00,ACC00110,ACC00482,5082.98,RTGS,Delhi,Delhi,False,15,0.16
TXN204855,,2025-04-04T19:25:00,ACC00162,ACC00394,3674.13,IMPS,Delhi,Delhi,False,9,0.33
TXN204856,,2025-04-25T01:07:00,ACC00105,ACC00227,1624.3,Wallet,Mumbai,Maharashtra,False,26,1.08
TXN204857,,2025-05-13T19:53:00,ACC00036,ACC00393,5163.69,Card,Kanpur,Uttar Pradesh,False,14,0.53
TXN204858,,2025-04-05T03:04:00,ACC00168,ACC00430,3966.95,NEFT,Jaipur,Rajasthan,False,23,0.29
TXN204859,,2025-04-01T20:52:00,ACC00162,ACC00224,232.63,RTGS,Patna,Bihar,False,13,1.81
TXN204860,,2025-02-24T11:23:00,ACC00121,ACC00393,1377.98,UPI,Jaipur,Rajasthan,False,35,0.65
TXN204861,,2025-04-20T04:43:00,ACC00023,ACC00373,1361.2,UPI,Delhi,Delhi,False,15,0.78
TXN204862,,2025-03-06T10:15:00,ACC00121,ACC00245,8676.66,NEFT,Lucknow,Uttar Pradesh,False,27,0.96
TXN204863,,2025-08-11T15:59:00,ACC00050,ACC00169,5156.68,NEFT,Bengaluru,Karnataka,False,20,1.6
TXN204864,,2025-01-13T06:44:00,ACC00465,ACC00336,128.94,IMPS,Patna,Bihar,False,13,0.8
TXN204865,,2025-06-08T17:07:00,ACC00135,ACC00063,16801.39,NEFT,Hyderabad,Telangana,False,12,0.18
TXN204866,,2025-02-18T12:04:00,ACC00205,ACC00294,1061.23,Card,Mumbai,Maharashtra,False,27,1.51
TXN204867,,2025-08-21T08:24:00,ACC00068,ACC00325,1039.28,UPI,Bengaluru,Karnataka,False,23,1.39
TXN204868,,2025-02-12T16:29:00,ACC00453,ACC00278,1071.25,Wallet,Patna,Bihar,False,19,0.9
TXN204869,,2025-01-09T11:32:00,ACC00390,ACC00225,3922.53,IMPS,Jaipur,Rajasthan,False,22,1.61
TXN204870,,2025-08-08T12:38:00,ACC00223,ACC00008,1978.09,Wallet,Lucknow,Uttar Pradesh,False,18,0.49
TXN204871,,2025-06-15T17:30:00,ACC00460,ACC00103,2230.03,RTGS,Jaipur,Rajasthan,False,17,1.2
TXN204872,,2025-05-05T10:40:00,ACC00378,ACC00264,4250.11,Card,Delhi,Delhi,False,35,1.11
TXN204873,,2025-05-17T16:26:00,ACC00287,ACC00424,3793.06,NEFT,Hyderabad,Telangana,False,11,0.74
TXN204874,,2025-04-26T06:10:00,ACC00440,ACC00226,1987.52,UPI,Jaipur,Rajasthan,False,19,1.88
TXN204875,,2025-07-23T04:31:00,ACC00040,ACC00297,1651.94,Card,Bengaluru,Karnataka,False,24,1.65
TXN204876,,2025-02-24T06:31:00,ACC00399,ACC00349,3807.75,Wallet,Mumbai,Maharashtra,False,20,0.42
TXN204877,,2025-03-27T06:56:00,ACC00282,ACC00277,5711.03,UPI,Delhi,Delhi,False,28,1.13
TXN204878,,2025-02-24T21:10:00,ACC00294,ACC00248,1212.24,IMPS,Patna,Bihar,False,20,1.36
TXN204879,,2025-08-26T17:32:00,ACC00089,ACC00447,889.53,Wallet,Lucknow,Uttar Pradesh,False,19,1.28
TXN204880,,2025-03-31T13:00:00,ACC00437,ACC00168,1389.35,Wallet,Bengaluru,Karnataka,False,27,0.59
TXN204881,,2025-09-03T15:50:00,ACC00341,ACC00348,434.6,IMPS,Hyderabad,Telangana,False,1,1.37
TXN204882,,2025-02-28T12:09:00,ACC00114,ACC00037,334.77,IMPS,Patna,Bihar,False,12,0.94
TXN204883,,2025-04-10T22:33:00,ACC00492,ACC00432,250.71,Card,Patna,Bihar,False,27,1.96
TXN204884,,2025-04-16T17:54:00,ACC00102,ACC00275,1112.08,IMPS,Kanpur,Uttar Pradesh,False,27,0.48
TXN204885,,2025-07-14T12:01:00,ACC00190,ACC00366,1030.19,UPI,Patna,Bihar,False,25,1.38
TXN204886,,2025-01-03T19:59:00,ACC00013,ACC00230,647.56,NEFT,Delhi,Delhi,False,19,1.08
TXN204887,,2025-04-23T10:48:00,ACC00018,ACC00460,3589.45,RTGS,Patna,Bihar,False,23,0.78
TXN204888,,2025-04-12T12:41:00,ACC00139,ACC00117,1341.1,UPI,Hyderabad,Telangana,False,21,0.14
TXN204889,,2025-08-17T11:50:00,ACC00090,ACC00085,961.5,NEFT,Bengaluru,Karnataka,False,41,0.41
TXN204890,,2025-05-02T17:49:00,ACC00271,ACC00374,7826.18,RTGS,Kanpur,Uttar Pradesh,False,29,2.0
TXN204891,,2025-06-20T16:41:00,ACC00309,ACC00024,5873.11,NEFT,Lucknow,Uttar Pradesh,False,30,0.75
TXN204892,,2025-01-14T18:13:00,ACC00099,ACC00291,922.56,UPI,Lucknow,Uttar Pradesh,False,28,1.65
TXN204893,,2025-05-04T04:16:00,ACC00196,ACC00442,1894.38,Wallet,Lucknow,Uttar Pradesh,False,8,0.79
TXN204894,,2025-03-16T13:16:00,ACC00169,ACC00351,1364.77,IMPS,Lucknow,Uttar Pradesh,False,30,1.19
TXN204895,,2025-07-04T06:15:00,ACC00235,ACC00173,2738.13,Card,Patna,Bihar,False,24,0.85
TXN204896,,2025-02-13T07:48:00,ACC00206,ACC00316,5136.62,IMPS,Delhi,Delhi,False,25,1.6
TXN204897,,2025-05-27T03:32:00,ACC00234,ACC00424,729.65,NEFT,Kanpur,Uttar Pradesh,False,17,1.41
TXN204898,,2025-03-22T16:33:00,ACC00332,ACC00159,634.47,Wallet,Bengaluru,Karnataka,False,24,1.59
TXN204899,,2025-01-02T12:43:00,ACC00403,ACC00262,1158.08,IMPS,Lucknow,Uttar Pradesh,False,6,1.08
TXN204900,,2025-01-03T10:54:00,ACC00394,ACC00310,3420.7,Wallet,Lucknow,Uttar Pradesh,False,3,0.24
TXN204901,,2025-05-24T18:46:00,ACC00314,ACC00353,269.41,Card,Kanpur,Uttar Pradesh,False,22,1.0
TXN204902,,2025-07-28T06:47:00,ACC00455,ACC00487,924.92,RTGS,Lucknow,Uttar Pradesh,False,9,0.95
TXN204903,,2025-04-12T16:41:00,ACC00391,ACC00188,3860.13,IMPS,Kanpur,Uttar Pradesh,False,20,0.78
TXN204904,,2025-07-08T07:41:00,ACC00080,ACC00414,518.43,Wallet,Hyderabad,Telangana,False,14,0.33
TXN204905,,2025-05-14T16:35:00,ACC00491,ACC00238,3656.03,NEFT,Jaipur,Rajasthan,False,14,0.7
TXN204906,,2025-05-29T14:10:00,ACC00157,ACC00038,14688.17,RTGS,Bengaluru,Karnataka,False,7,1.67
TXN204907,,2025-01-16T00:02:00,ACC00025,ACC00492,4164.92,NEFT,Hyderabad,Telangana,False,7,1.82
TXN204908,,2025-09-04T05:55:00,ACC00169,ACC00033,1729.19,Card,Delhi,Delhi,False,15,1.05
TXN204909,,2025-03-11T11:24:00,ACC00332,ACC00236,689.22,IMPS,Lucknow,Uttar Pradesh,False,12,0.9
TXN204910,,2025-05-06T20:24:00,ACC00428,ACC00095,1327.45,Card,Delhi,Delhi,False,11,1.49
TXN204911,,2025-07-04T11:10:00,ACC00003,ACC00154,7262.43,Card,Kanpur,Uttar Pradesh,False,9,0.39
TXN204912,,2025-01-30T00:33:00,ACC00497,ACC00469,1436.91,UPI,Bengaluru,Karnataka,False,32,0.64
TXN204913,,2025-05-20T20:36:00,ACC00256,ACC00084,638.17,IMPS,Delhi,Delhi,False,20,0.44
TXN204914,,2025-04-26T18:56:00,ACC00359,ACC00352,1746.76,IMPS,Hyderabad,Telangana,False,8,1.04
TXN204915,,2025-08-10T01:52:00,ACC00326,ACC00433,1641.53,RTGS,Jaipur,Rajasthan,False,20,0.69
TXN204916,,2025-08-18T00:56:00,ACC00092,ACC00362,14116.96,IMPS,Bengaluru,Karnataka,False,7,1.33
TXN204917,,2025-07-13T09:52:00,ACC00209,ACC00307,1671.02,NEFT,Hyderabad,Telangana,False,19,1.11
TXN204918,,2025-08-03T18:28:00,ACC00330,ACC00107,3036.69,NEFT,Delhi,Delhi,False,17,1.36
TXN204919,,2025-08-02T09:04:00,ACC00219,ACC00467,2793.19,UPI,Lucknow,Uttar Pradesh,False,31,1.64
TXN204920,,2025-08-21T14:20:00,ACC00418,ACC00067,1772.08,UPI,Jaipur,Rajasthan,False,12,1.06
TXN204921,,2025-01-04T09:46:00,ACC00198,ACC00362,4271.42,RTGS,Patna,Bihar,False,11,1.06
TXN204922,,2025-02-04T06:39:00,ACC00096,ACC00111,399.0,IMPS,Mumbai,Maharashtra,False,9,0.56
TXN204923,,2025-05-26T06:00:00,ACC00302,ACC00168,624.93,NEFT,Kanpur,Uttar Pradesh,False,9,1.89
TXN204924,,2025-03-14T17:30:00,ACC00003,ACC00185,1868.99,UPI,Kanpur,Uttar Pradesh,False,19,0.13
TXN204925,,2025-05-16T23:43:00,ACC00134,ACC00435,3647.14,IMPS,Bengaluru,Karnataka,False,10,1.06
TXN204926,,2025-04-05T23:30:00,ACC00057,ACC00143,487.9,Wallet,Lucknow,Uttar Pradesh,False,22,0.79
TXN204927,,2025-04-06T14:54:00,ACC00470,ACC00434,1302.95,NEFT,Hyderabad,Telangana,False,38,1.86
TXN204928,,2025-06-17T14:41:00,ACC00336,ACC00168,5088.88,UPI,Kanpur,Uttar Pradesh,False,17,0.4
TXN204929,,2025-06-12T13:48:00,ACC00488,ACC00243,1774.11,UPI,Lucknow,Uttar Pradesh,False,10,0.7
TXN204930,,2025-03-07T07:02:00,ACC00128,ACC00462,50351.34,RTGS,Hyderabad,Telangana,False,18,1.55
TXN204931,,2025-07-06T10:49:00,ACC00453,ACC00402,9117.11,RTGS,Kanpur,Uttar Pradesh,False,25,1.72
TXN204932,,2025-05-21T12:51:00,ACC00151,ACC00389,1460.3,IMPS,Mumbai,Maharashtra,False,32,1.37
TXN204933,,2025-03-25T09:32:00,ACC00238,ACC00290,739.05,IMPS,Delhi,Delhi,False,7,1.38
TXN204934,,2025-08-15T22:07:00,ACC00130,ACC00418,1101.95,Card,Kanpur,Uttar Pradesh,False,27,1.29
TXN204935,,2025-04-04T16:48:00,ACC00150,ACC00088,2249.76,RTGS,Mumbai,Maharashtra,False,25,0.21
TXN204936,,2025-04-15T15:20:00,ACC00173,ACC00484,2914.73,NEFT,Hyderabad,Telangana,False,14,1.73
TXN204937,,2025-07-09T07:48:00,ACC00114,ACC00400,3974.16,RTGS,Hyderabad,Telangana,False,15,0.21
TXN204938,,2025-07-12T02:25:00,ACC00177,ACC00481,471.09,Card,Kanpur,Uttar Pradesh,False,45,1.64
TXN204939,,2025-01-02T05:01:00,ACC00043,ACC00077,666.92,Wallet,Patna,Bihar,False,24,1.81
TXN204940,,2025-05-05T03:29:00,ACC00204,ACC00193,1077.01,IMPS,Jaipur,Rajasthan,False,21,1.4
TXN204941,,2025-01-26T01:18:00,ACC00140,ACC00353,3509.44,NEFT,Mumbai,Maharashtra,False,26,1.61
TXN204942,,2025-05-23T01:29:00,ACC00194,ACC00248,2213.82,UPI,Kanpur,Uttar Pradesh,False,8,0.87
TXN204943,,2025-09-17T09:43:00,ACC00026,ACC00055,8660.14,RTGS,Bengaluru,Karnataka,False,14,1.14
TXN204944,,2025-06-17T14:07:00,ACC00188,ACC00314,1175.71,UPI,Delhi,Delhi,False,29,0.11
TXN204945,,2025-07-31T07:29:00,ACC00373,ACC00024,468.49,Wallet,Lucknow,Uttar Pradesh,False,28,1.33
TXN204946,,2025-07-01T03:07:00,ACC00118,ACC00198,600.58,NEFT,Patna,Bihar,False,10,1.36
TXN204947,,2025-05-11T10:51:00,ACC00369,ACC00320,1092.94,UPI,Patna,Bihar,False,18,1.57
TXN204948,,2025-05-15T11:06:00,ACC00210,ACC00125,1450.35,Card,Lucknow,Uttar Pradesh,False,2,1.98
TXN204949,,2025-08-23T07:29:00,ACC00176,ACC00379,4424.12,Card,Hyderabad,Telangana,False,28,0.62
TXN204950,,2025-07-04T16:15:00,ACC00455,ACC00434,1786.66,IMPS,Lucknow,Uttar Pradesh,False,31,1.48
TXN204951,,2025-02-20T04:15:00,ACC00078,ACC00076,3775.72,IMPS,Lucknow,Uttar Pradesh,False,24,0.79
TXN204952,,2025-05-28T00:28:00,ACC00116,ACC00404,3843.71,NEFT,Bengaluru,Karnataka,False,13,0.55
TXN204953,,2025-07-09T04:25:00,ACC00300,ACC00057,3745.47,Card,Mumbai,Maharashtra,False,33,1.25
TXN204954,,2025-04-24T15:11:00,ACC00135,ACC00392,3586.36,NEFT,Bengaluru,Karnataka,False,20,1.03
TXN204955,,2025-02-24T16:01:00,ACC00309,ACC00090,3508.1,Wallet,Lucknow,Uttar Pradesh,False,14,1.14
TXN204956,,2025-03-09T22:07:00,ACC00105,ACC00273,2905.66,Card,Hyderabad,Telangana,False,13,1.87
TXN204957,,2025-03-21T05:55:00,ACC00409,ACC00260,1674.13,UPI,Lucknow,Uttar Pradesh,False,29,0.89
TXN204958,,2025-01-01T15:28:00,ACC00149,ACC00353,1078.02,IMPS,Mumbai,Maharashtra,False,22,1.36
TXN204959,,2025-06-08T19:27:00,ACC00270,ACC00089,14858.31,Wallet,Lucknow,Uttar Pradesh,False,22,1.59
TXN204960,,2025-09-06T10:21:00,ACC00113,ACC00008,5884.21,Card,Bengaluru,Karnataka,False,1,0.44
TXN204961,,2025-05-15T19:23:00,ACC00415,ACC00336,605.24,UPI,Bengaluru,Karnataka,False,25,1.35
TXN204962,,2025-06-03T13:52:00,ACC00485,ACC00498,821.21,UPI,Hyderabad,Telangana,False,4,1.39
TXN204963,,2025-06-16T17:22:00,ACC00187,ACC00182,17683.03,UPI,Delhi,Delhi,False,1,0.53
TXN204964,,2025-01-11T20:01:00,ACC00204,ACC00376,1448.77,Card,Lucknow,Uttar Pradesh,False,19,0.82
TXN204965,,2025-02-11T16:54:00,ACC00480,ACC00360,831.59,Card,Delhi,Delhi,False,24,1.19
TXN204966,,2025-07-28T12:20:00,ACC00435,ACC00299,306.58,Card,Mumbai,Maharashtra,False,28,1.93
TXN204967,,2025-08-07T21:41:00,ACC00195,ACC00161,214.37,UPI,Kanpur,Uttar Pradesh,False,23,1.89
TXN204968,,2025-01-07T07:33:00,ACC00261,ACC00045,3260.55,RTGS,Kanpur,Uttar Pradesh,False,15,0.34
TXN204969,,2025-01-20T05:49:00,ACC00480,ACC00308,819.25,UPI,Hyderabad,Telangana,False,11,1.92
TXN204970,,2025-07-06T19:53:00,ACC00156,ACC00391,1112.99,IMPS,Delhi,Delhi,False,10,0.7
TXN204971,,2025-04-13T02:05:00,ACC00342,ACC00027,805.98,UPI,Hyderabad,Telangana,False,25,1.37
TXN204972,,2025-04-20T06:56:00,ACC00231,ACC00256,4993.44,IMPS,Patna,Bihar,False,38,0.88
TXN204973,,2025-08-30T01:41:00,ACC00127,ACC00174,783.01,IMPS,Kanpur,Uttar Pradesh,False,14,1.91
TXN204974,,2025-05-26T03:13:00,ACC00250,ACC00038,699.02,IMPS,Mumbai,Maharashtra,False,34,0.48
TXN204975,,2025-08-20T08:03:00,ACC00284,ACC00173,1049.89,UPI,Patna,Bihar,False,28,0.41
TXN204976,,2025-09-12T03:20:00,ACC00107,ACC00173,3821.45,NEFT,Mumbai,Maharashtra,False,28,1.45
TXN204977,,2025-04-17T10:42:00,ACC00209,ACC00066,1540.37,Wallet,Kanpur,Uttar Pradesh,False,10,0.34
TXN204978,,2025-01-05T10:30:00,ACC00486,ACC00142,346.02,IMPS,Lucknow,Uttar Pradesh,False,18,0.74
TXN204979,,2025-07-17T17:08:00,ACC00398,ACC00239,1998.29,NEFT,Hyderabad,Telangana,False,13,0.56
TXN204980,,2025-04-04T09:37:00,ACC00008,ACC00031,1171.27,Card,Mumbai,Maharashtra,False,17,0.72
TXN204981,,2025-09-08T16:24:00,ACC00292,ACC00415,4815.32,UPI,Bengaluru,Karnataka,False,7,1.68
TXN204982,,2025-08-19T11:40:00,ACC00445,ACC00193,1813.86,Card,Jaipur,Rajasthan,False,14,1.94
TXN204983,,2025-06-04T16:38:00,ACC00261,ACC00148,512.61,IMPS,Mumbai,Maharashtra,False,11,1.47
TXN204984,,2025-05-09T08:01:00,ACC00340,ACC00309,1727.53,UPI,Hyderabad,Telangana,False,15,1.35
TXN204985,,2025-09-09T02:07:00,ACC00408,ACC00018,544.21,NEFT,Lucknow,Uttar Pradesh,False,8,1.24
TXN204986,,2025-05-23T21:07:00,ACC00096,ACC00446,14978.02,IMPS,Kanpur,Uttar Pradesh,False,22,1.65
TXN204987,,2025-05-08T11:01:00,ACC00085,ACC00276,4356.09,RTGS,Jaipur,Rajasthan,False,10,1.51
TXN204988,,2025-02-06T08:34:00,ACC00399,ACC00376,1905.39,NEFT,Delhi,Delhi,False,27,0.23
TXN204989,,2025-01-04T14:29:00,ACC00295,ACC00118,539.39,IMPS,Delhi,Delhi,False,15,1.57
TXN204990,,2025-01-08T12:17:00,ACC00154,ACC00394,1186.68,RTGS,Delhi,Delhi,False,1,1.34
TXN204991,,2025-04-29T18:45:00,ACC00263,ACC00089,756.64,Wallet,Delhi,Delhi,False,26,0.16
TXN204992,,2025-03-04T12:35:00,ACC00187,ACC00012,5521.61,Card,Patna,Bihar,False,8,0.19
TXN204993,,2025-01-06T08:34:00,ACC00487,ACC00459,1190.28,NEFT,Patna,Bihar,False,22,1.48
TXN204994,,2025-04-15T23:59:00,ACC00230,ACC00345,3287.88,Wallet,Patna,Bihar,False,18,0.64
TXN204995,,2025-05-12T08:30:00,ACC00005,ACC00049,468.47,Wallet,Patna,Bihar,False,20,1.42
TXN204996,,2025-05-11T19:46:00,ACC00164,ACC00209,467.48,Card,Patna,Bihar,False,7,1.86
TXN204997,,2025-06-29T06:01:00,ACC00130,ACC00064,5206.62,UPI,Kanpur,Uttar Pradesh,False,17,1.94
TXN204998,,2025-07-23T09:48:00,ACC00259,ACC00333,6390.28,NEFT,Lucknow,Uttar Pradesh,False,12,0.24
TXN204999,,2025-08-30T07:21:00,ACC00361,ACC00483,9050.86,IMPS,Hyderabad,Telangana,False,28,1.7
TXN205000,,2025-03-17T11:04:00,ACC00020,ACC00436,2800.39,Wallet,Delhi,Delhi,False,6,1.66
TXN205001,,2025-05-14T23:54:00,ACC00389,ACC00156,7105.29,Wallet,Lucknow,Uttar Pradesh,False,31,1.51
TXN205002,,2025-04-25T22:48:00,ACC00351,ACC00249,2691.97,Wallet,Mumbai,Maharashtra,False,13,1.15
TXN205003,,2025-04-08T13:38:00,ACC00143,ACC00323,1402.73,NEFT,Lucknow,Uttar Pradesh,False,22,1.44
TXN205004,,2025-06-23T04:07:00,ACC00125,ACC00306,762.98,Wallet,Bengaluru,Karnataka,False,14,1.14
TXN205005,,2025-01-18T18:13:00,ACC00301,ACC00411,1440.98,RTGS,Mumbai,Maharashtra,False,29,1.27
TXN205006,,2025-02-04T03:38:00,ACC00026,ACC00201,5653.56,NEFT,Bengaluru,Karnataka,False,26,0.58
TXN205007,,2025-06-25T06:07:00,ACC00242,ACC00376,1564.92,NEFT,Patna,Bihar,False,30,0.21
TXN205008,,2025-06-25T06:16:00,ACC00238,ACC00329,7996.28,UPI,Mumbai,Maharashtra,False,31,1.08
TXN205009,,2025-01-19T06:36:00,ACC00160,ACC00214,1114.97,Wallet,Patna,Bihar,False,26,1.25
TXN205010,,2025-02-05T00:32:00,ACC00263,ACC00240,623.34,Card,Mumbai,Maharashtra,False,10,1.74
TXN205011,,2025-02-14T21:15:00,ACC00175,ACC00465,1147.86,UPI,Mumbai,Maharashtra,False,19,1.34
TXN205012,,2025-08-02T09:54:00,ACC00133,ACC00185,8791.62,IMPS,Hyderabad,Telangana,False,27,1.67
TXN205013,,2025-03-27T15:08:00,ACC00451,ACC00080,5561.17,RTGS,Mumbai,Maharashtra,False,22,1.06
TXN205014,,2025-05-12T00:46:00,ACC00043,ACC00107,1771.94,NEFT,Jaipur,Rajasthan,False,25,1.29
TXN205015,,2025-06-14T00:28:00,ACC00100,ACC00049,2537.52,IMPS,Bengaluru,Karnataka,False,15,0.33
TXN205016,,2025-07-27T07:26:00,ACC00101,ACC00131,1075.97,UPI,Lucknow,Uttar Pradesh,False,14,0.69
TXN205017,,2025-01-17T14:02:00,ACC00380,ACC00365,7978.01,Card,Bengaluru,Karnataka,False,34,0.35
TXN205018,,2025-08-30T01:36:00,ACC00006,ACC00249,2612.3,RTGS,Patna,Bihar,False,6,0.68
TXN205019,,2025-04-28T00:28:00,ACC00332,ACC00222,5395.01,Wallet,Delhi,Delhi,False,19,1.42
TXN205020,,2025-09-01T21:39:00,ACC00413,ACC00102,16026.91,UPI,Delhi,Delhi,False,21,1.98
TXN205021,,2025-07-05T23:09:00,ACC00162,ACC00229,5502.07,UPI,Patna,Bihar,False,8,1.2
TXN205022,,2025-02-10T02:46:00,ACC00008,ACC00101,2307.53,UPI,Delhi,Delhi,False,43,1.01
TXN205023,,2025-05-06T23:21:00,ACC00296,ACC00390,1212.33,RTGS,Mumbai,Maharashtra,False,36,0.65
TXN205024,,2025-07-20T12:04:00,ACC00020,ACC00220,5681.32,IMPS,Hyderabad,Telangana,False,6,0.47
TXN205025,,2025-04-19T12:43:00,ACC00203,ACC00078,812.82,Card,Hyderabad,Telangana,False,11,1.29
TXN205026,,2025-07-27T11:27:00,ACC00478,ACC00466,1670.36,Wallet,Lucknow,Uttar Pradesh,False,36,1.14
TXN205027,,2025-08-20T22:51:00,ACC00298,ACC00104,4752.41,Wallet,Jaipur,Rajasthan,False,21,1.89
TXN205028,,2025-01-13T20:22:00,ACC00253,ACC00378,1982.47,UPI,Patna,Bihar,False,12,0.24
TXN205029,,2025-04-04T04:25:00,ACC00345,ACC00232,3055.77,Card,Bengaluru,Karnataka,False,14,0.94
TXN205030,,2025-08-04T20:30:00,ACC00120,ACC00125,1619.71,UPI,Kanpur,Uttar Pradesh,False,24,1.6
TXN205031,,2025-09-01T13:50:00,ACC00450,ACC00212,3415.84,IMPS,Patna,Bihar,False,16,1.21
TXN205032,,2025-01-14T17:59:00,ACC00160,ACC00055,4532.33,UPI,Bengaluru,Karnataka,False,3,0.58
TXN205033,,2025-08-04T22:59:00,ACC00087,ACC00328,1541.7,UPI,Delhi,Delhi,False,13,0.2
TXN205034,,2025-06-25T10:17:00,ACC00367,ACC00051,1009.01,UPI,Jaipur,Rajasthan,False,17,0.97
TXN205035,,2025-03-20T14:40:00,ACC00147,ACC00439,576.22,Wallet,Jaipur,Rajasthan,False,4,0.51
TXN205036,,2025-04-01T07:20:00,ACC00455,ACC00232,7562.51,NEFT,Mumbai,Maharashtra,False,31,1.38
TXN205037,,2025-03-04T00:57:00,ACC00488,ACC00393,2214.21,NEFT,Mumbai,Maharashtra,False,9,0.45
TXN205038,,2025-01-22T10:41:00,ACC00098,ACC00109,1084.87,IMPS,Kanpur,Uttar Pradesh,False,14,1.39
TXN205039,,2025-05-05T18:07:00,ACC00012,ACC00034,7716.89,RTGS,Lucknow,Uttar Pradesh,False,18,0.77
TXN205040,,2025-05-31T17:11:00,ACC00135,ACC00285,5031.7,IMPS,Jaipur,Rajasthan,False,17,0.76
TXN205041,,2025-08-09T06:06:00,ACC00490,ACC00222,7130.69,NEFT,Patna,Bihar,False,12,0.12
TXN205042,,2025-01-16T11:42:00,ACC00310,ACC00115,14981.89,Card,Jaipur,Rajasthan,False,11,0.42
TXN205043,,2025-02-14T09:53:00,ACC00292,ACC00083,14365.01,Wallet,Kanpur,Uttar Pradesh,False,6,0.54
TXN205044,,2025-08-02T00:20:00,ACC00245,ACC00397,4819.0,RTGS,Kanpur,Uttar Pradesh,False,17,0.87
TXN205045,,2025-02-26T07:51:00,ACC00041,ACC00307,1924.14,Card,Hyderabad,Telangana,False,41,0.14
TXN205046,,2025-03-01T13:02:00,ACC00175,ACC00466,3868.03,UPI,Delhi,Delhi,False,19,2.0
TXN205047,,2025-03-05T01:56:00,ACC00129,ACC00381,609.92,IMPS,Kanpur,Uttar Pradesh,False,20,0.58
TXN205048,,2025-05-08T00:09:00,ACC00051,ACC00429,884.98,RTGS,Lucknow,Uttar Pradesh,False,44,1.02
TXN205049,,2025-09-10T23:35:00,ACC00014,ACC00171,2854.31,RTGS,Delhi,Delhi,False,39,1.1
TXN205050,,2025-05-27T05:32:00,ACC00452,ACC00359,2553.76,IMPS,Mumbai,Maharashtra,False,35,0.22
TXN205051,,2025-09-15T05:40:00,ACC00434,ACC00213,538.84,Wallet,Hyderabad,Telangana,False,17,1.84
TXN205052,,2025-09-16T10:16:00,ACC00405,ACC00072,1632.6,NEFT,Lucknow,Uttar Pradesh,False,10,1.36
TXN205053,,2025-03-23T11:05:00,ACC00176,ACC00092,745.56,Card,Mumbai,Maharashtra,False,15,0.14
TXN205054,,2025-05-21T10:59:00,ACC00117,ACC00371,1970.13,NEFT,Delhi,Delhi,False,32,0.56
TXN205055,,2025-01-03T07:35:00,ACC00354,ACC00234,658.41,RTGS,Jaipur,Rajasthan,False,22,1.39
TXN205056,,2025-02-13T03:42:00,ACC00063,ACC00169,565.1,Card,Bengaluru,Karnataka,False,12,1.57
TXN205057,,2025-07-09T04:18:00,ACC00004,ACC00067,441.84,NEFT,Bengaluru,Karnataka,False,21,1.11
TXN205058,,2025-01-13T14:09:00,ACC00310,ACC00259,4109.47,IMPS,Bengaluru,Karnataka,False,27,0.27
TXN205059,,2025-01-03T01:50:00,ACC00276,ACC00332,1135.29,UPI,Lucknow,Uttar Pradesh,False,21,0.79
TXN205060,,2025-05-16T10:47:00,ACC00250,ACC00144,544.66,IMPS,Delhi,Delhi,False,10,1.9
TXN205061,,2025-02-06T16:44:00,ACC00495,ACC00386,641.9,IMPS,Jaipur,Rajasthan,False,14,0.71
TXN205062,,2025-07-22T15:58:00,ACC00154,ACC00381,385.78,UPI,Patna,Bihar,False,28,1.58
TXN205063,,2025-07-25T07:25:00,ACC00080,ACC00135,1688.28,RTGS,Mumbai,Maharashtra,False,19,1.9
TXN205064,,2025-06-19T19:33:00,ACC00002,ACC00423,2978.42,NEFT,Jaipur,Rajasthan,False,21,1.65
TXN205065,,2025-02-27T01:13:00,ACC00389,ACC00109,7563.79,NEFT,Patna,Bihar,False,9,1.54
TXN205066,,2025-05-07T12:10:00,ACC00158,ACC00052,406.33,UPI,Lucknow,Uttar Pradesh,False,32,0.49
TXN205067,,2025-02-06T12:47:00,ACC00337,ACC00408,5331.14,IMPS,Bengaluru,Karnataka,False,9,1.26
TXN205068,,2025-03-28T11:26:00,ACC00128,ACC00235,1727.64,Card,Patna,Bihar,False,1,0.12
TXN205069,,2025-08-21T13:25:00,ACC00112,ACC00127,2901.35,UPI,Mumbai,Maharashtra,False,22,1.54
TXN205070,,2025-07-13T13:04:00,ACC00387,ACC00224,12903.3,Wallet,Mumbai,Maharashtra,False,31,0.83
TXN205071,,2025-05-27T09:03:00,ACC00334,ACC00144,1440.27,UPI,Delhi,Delhi,False,3,0.44
TXN205072,,2025-09-06T11:47:00,ACC00470,ACC00050,1752.11,RTGS,Mumbai,Maharashtra,False,17,0.12
TXN205073,,2025-01-24T21:27:00,ACC00202,ACC00062,1090.61,IMPS,Patna,Bihar,False,26,1.72
TXN205074,,2025-09-04T21:03:00,ACC00135,ACC00279,2243.47,UPI,Mumbai,Maharashtra,False,39,1.74
TXN205075,,2025-05-23T19:42:00,ACC00115,ACC00435,662.67,NEFT,Jaipur,Rajasthan,False,16,1.66
TXN205076,,2025-04-07T05:29:00,ACC00105,ACC00354,1925.22,RTGS,Patna,Bihar,False,13,0.74
TXN205077,,2025-01-06T10:29:00,ACC00322,ACC00484,2145.44,NEFT,Bengaluru,Karnataka,False,10,1.61
TXN205078,,2025-05-28T22:51:00,ACC00089,ACC00017,1371.4,RTGS,Kanpur,Uttar Pradesh,False,29,1.13
TXN205079,,2025-07-27T01:45:00,ACC00259,ACC00295,3178.42,RTGS,Lucknow,Uttar Pradesh,False,21,1.51
TXN205080,,2025-08-06T11:39:00,ACC00096,ACC00048,2273.14,NEFT,Mumbai,Maharashtra,False,19,0.71
TXN205081,,2025-08-21T23:23:00,ACC00057,ACC00173,13896.1,Card,Patna,Bihar,False,16,1.66
TXN205082,,2025-01-31T14:54:00,ACC00212,ACC00036,3675.66,RTGS,Kanpur,Uttar Pradesh,False,19,0.96
TXN205083,,2025-08-30T01:53:00,ACC00296,ACC00022,4125.04,UPI,Delhi,Delhi,False,28,1.68
TXN205084,,2025-04-03T18:48:00,ACC00418,ACC00145,4662.04,NEFT,Bengaluru,Karnataka,False,24,1.02
TXN205085,,2025-02-10T01:32:00,ACC00103,ACC00287,10446.06,Card,Bengaluru,Karnataka,False,20,0.8
TXN205086,,2025-07-28T13:49:00,ACC00093,ACC00474,3834.88,NEFT,Hyderabad,Telangana,False,14,1.92
TXN205087,,2025-07-22T16:55:00,ACC00032,ACC00176,1541.6,NEFT,Bengaluru,Karnataka,False,9,1.1
TXN205088,,2025-05-06T15:59:00,ACC00279,ACC00385,1027.39,Card,Delhi,Delhi,False,34,1.2
TXN205089,,2025-01-29T16:42:00,ACC00351,ACC00309,175.34,Wallet,Mumbai,Maharashtra,False,11,1.5
TXN205090,,2025-05-01T23:09:00,ACC00183,ACC00081,19655.18,NEFT,Delhi,Delhi,False,18,1.35
TXN205091,,2025-07-21T10:09:00,ACC00483,ACC00447,518.68,IMPS,Hyderabad,Telangana,False,16,0.69
TXN205092,,2025-08-05T17:41:00,ACC00442,ACC00087,393.56,IMPS,Patna,Bihar,False,11,1.71
TXN205093,,2025-04-02T07:16:00,ACC00331,ACC00101,671.35,Wallet,Patna,Bihar,False,27,0.57
TXN205094,,2025-01-18T01:29:00,ACC00033,ACC00314,3155.17,RTGS,Patna,Bihar,False,23,0.64
TXN205095,,2025-06-25T15:13:00,ACC00078,ACC00279,461.86,RTGS,Patna,Bihar,False,42,0.78
TXN205096,,2025-02-01T05:30:00,ACC00087,ACC00178,1761.95,IMPS,Kanpur,Uttar Pradesh,False,31,1.79
TXN205097,,2025-03-07T00:59:00,ACC00139,ACC00089,1016.13,Wallet,Hyderabad,Telangana,False,23,1.05
TXN205098,,2025-05-05T01:10:00,ACC00052,ACC00309,1457.15,Wallet,Hyderabad,Telangana,False,49,0.15
TXN205099,,2025-01-21T22:08:00,ACC00361,ACC00038,710.53,NEFT,Kanpur,Uttar Pradesh,False,23,1.46
TXN205100,,2025-06-22T09:18:00,ACC00342,ACC00339,6764.75,UPI,Mumbai,Maharashtra,False,7,1.39
TXN205101,,2025-09-08T04:26:00,ACC00396,ACC00130,705.83,RTGS,Bengaluru,Karnataka,False,1,1.63
TXN205102,,2025-07-14T03:33:00,ACC00285,ACC00107,405.44,UPI,Patna,Bihar,False,20,0.99
TXN205103,,2025-01-16T02:05:00,ACC00099,ACC00077,1482.95,UPI,Kanpur,Uttar Pradesh,False,6,1.71
TXN205104,,2025-06-04T12:27:00,ACC00356,ACC00389,1388.52,Card,Kanpur,Uttar Pradesh,False,22,0.88
TXN205105,,2025-02-09T13:41:00,ACC00098,ACC00174,2637.67,IMPS,Bengaluru,Karnataka,False,23,0.27
TXN205106,,2025-05-01T21:24:00,ACC00260,ACC00042,1484.28,NEFT,Bengaluru,Karnataka,False,14,0.42
TXN205107,,2025-04-06T17:53:00,ACC00257,ACC00127,569.07,NEFT,Patna,Bihar,False,41,1.24
TXN205108,,2025-07-10T21:25:00,ACC00049,ACC00478,5527.67,Card,Mumbai,Maharashtra,False,19,0.89
TXN205109,,2025-07-07T20:59:00,ACC00085,ACC00156,7445.95,IMPS,Delhi,Delhi,False,22,0.16
TXN205110,,2025-05-10T20:44:00,ACC00272,ACC00004,1853.25,RTGS,Patna,Bihar,False,29,0.45
TXN205111,,2025-04-23T11:40:00,ACC00031,ACC00229,2386.47,Wallet,Jaipur,Rajasthan,False,19,0.26
TXN205112,,2025-08-08T22:21:00,ACC00183,ACC00282,1007.86,NEFT,Mumbai,Maharashtra,False,25,1.35
TXN205113,,2025-07-02T18:27:00,ACC00108,ACC00096,3857.53,Card,Kanpur,Uttar Pradesh,False,7,1.06
TXN205114,,2025-08-08T01:04:00,ACC00010,ACC00244,1556.02,RTGS,Delhi,Delhi,False,24,0.61
TXN205115,,2025-07-24T08:50:00,ACC00492,ACC00163,1845.03,UPI,Hyderabad,Telangana,False,20,1.46
TXN205116,,2025-05-01T13:16:00,ACC00496,ACC00200,3846.13,Wallet,Delhi,Delhi,False,27,0.69
TXN205117,,2025-09-10T07:08:00,ACC00371,ACC00175,9362.04,Card,Bengaluru,Karnataka,False,28,0.64
TXN205118,,2025-07-27T14:19:00,ACC00101,ACC00038,765.73,RTGS,Patna,Bihar,False,16,1.34
TXN205119,,2025-03-07T14:01:00,ACC00219,ACC00257,1618.0,IMPS,Jaipur,Rajasthan,False,13,1.64
TXN205120,,2025-01-14T20:24:00,ACC00446,ACC00400,3078.42,NEFT,Mumbai,Maharashtra,False,11,0.24
TXN205121,,2025-05-27T08:43:00,ACC00470,ACC00133,1461.2,Wallet,Kanpur,Uttar Pradesh,False,2,0.48
TXN205122,,2025-02-13T16:48:00,ACC00400,ACC00010,5996.03,Card,Lucknow,Uttar Pradesh,False,11,1.69
TXN205123,,2025-01-20T12:40:00,ACC00307,ACC00232,998.97,UPI,Jaipur,Rajasthan,False,17,1.68
TXN205124,,2025-02-11T09:42:00,ACC00033,ACC00150,352.9,UPI,Lucknow,Uttar Pradesh,False,22,0.13
TXN205125,,2025-03-28T21:08:00,ACC00193,ACC00146,3342.88,IMPS,Jaipur,Rajasthan,False,24,0.45
TXN205126,,2025-06-15T23:31:00,ACC00259,ACC00200,1513.08,RTGS,Kanpur,Uttar Pradesh,False,24,1.53
TXN205127,,2025-05-11T16:59:00,ACC00142,ACC00010,793.24,RTGS,Mumbai,Maharashtra,False,24,1.55
TXN205128,,2025-08-09T09:54:00,ACC00226,ACC00041,2768.65,UPI,Delhi,Delhi,False,27,1.79
TXN205129,,2025-09-15T02:47:00,ACC00462,ACC00305,2988.19,UPI,Kanpur,Uttar Pradesh,False,31,0.8
TXN205130,,2025-01-05T22:32:00,ACC00412,ACC00480,2057.42,Wallet,Patna,Bihar,False,31,1.96
TXN205131,,2025-02-03T18:32:00,ACC00102,ACC00021,863.28,IMPS,Hyderabad,Telangana,False,16,1.01
TXN205132,,2025-06-24T18:52:00,ACC00172,ACC00151,2825.34,RTGS,Patna,Bihar,False,32,0.48
TXN205133,,2025-05-19T14:21:00,ACC00127,ACC00129,3059.7,IMPS,Mumbai,Maharashtra,False,45,0.13
TXN205134,,2025-06-24T04:03:00,ACC00131,ACC00457,4147.48,IMPS,Delhi,Delhi,False,13,0.56
TXN205135,,2025-04-19T06:00:00,ACC00404,ACC00328,3014.69,Wallet,Lucknow,Uttar Pradesh,False,12,1.14
TXN205136,,2025-08-27T21:33:00,ACC00141,ACC00145,453.45,NEFT,Lucknow,Uttar Pradesh,False,14,0.41
TXN205137,,2025-05-22T00:07:00,ACC00080,ACC00106,4292.3,IMPS,Kanpur,Uttar Pradesh,False,12,2.0
TXN205138,,2025-06-27T07:02:00,ACC00070,ACC00079,3983.2,Card,Delhi,Delhi,False,39,0.27
TXN205139,,2025-01-24T12:26:00,ACC00223,ACC00154,516.66,RTGS,Hyderabad,Telangana,False,6,1.08
TXN205140,,2025-01-06T07:47:00,ACC00482,ACC00150,3542.88,Wallet,Hyderabad,Telangana,False,26,0.86
TXN205141,,2025-02-22T16:29:00,ACC00490,ACC00433,2193.21,Wallet,Patna,Bihar,False,20,0.29
TXN205142,,2025-07-04T20:36:00,ACC00123,ACC00499,452.84,RTGS,Delhi,Delhi,False,21,1.51
TXN205143,,2025-09-09T00:06:00,ACC00052,ACC00422,6671.19,Card,Mumbai,Maharashtra,False,32,1.66
TXN205144,,2025-06-30T07:20:00,ACC00489,ACC00081,479.59,NEFT,Lucknow,Uttar Pradesh,False,34,1.99
TXN205145,,2025-07-25T22:54:00,ACC00469,ACC00359,871.0,NEFT,Delhi,Delhi,False,1,1.6
TXN205146,,2025-07-18T03:55:00,ACC00397,ACC00431,3576.39,NEFT,Hyderabad,Telangana,False,7,0.23
TXN205147,,2025-05-10T09:26:00,ACC00020,ACC00368,1472.9,NEFT,Jaipur,Rajasthan,False,8,0.81
TXN205148,,2025-04-09T20:50:00,ACC00071,ACC00104,2802.82,RTGS,Delhi,Delhi,False,20,1.49
TXN205149,,2025-01-24T22:58:00,ACC00139,ACC00205,911.56,Card,Jaipur,Rajasthan,False,1,0.56
TXN205150,,2025-08-12T03:40:00,ACC00214,ACC00272,3358.59,Wallet,Mumbai,Maharashtra,False,24,0.44
TXN205151,,2025-03-23T23:44:00,ACC00461,ACC00161,454.02,UPI,Hyderabad,Telangana,False,7,0.47
TXN205152,,2025-09-11T00:37:00,ACC00072,ACC00185,879.34,Wallet,Hyderabad,Telangana,False,27,1.47
TXN205153,,2025-03-22T04:29:00,ACC00367,ACC00481,999.52,UPI,Hyderabad,Telangana,False,18,1.42
TXN205154,,2025-02-04T17:23:00,ACC00170,ACC00499,331.43,Card,Lucknow,Uttar Pradesh,False,24,0.87
TXN205155,,2025-01-27T13:47:00,ACC00466,ACC00216,963.69,Card,Delhi,Delhi,False,8,1.25
TXN205156,,2025-04-15T12:02:00,ACC00084,ACC00312,8393.85,UPI,Patna,Bihar,False,39,0.54
TXN205157,,2025-04-29T01:01:00,ACC00114,ACC00382,1212.87,RTGS,Delhi,Delhi,False,6,0.59
TXN205158,,2025-01-22T10:47:00,ACC00498,ACC00415,473.48,Card,Mumbai,Maharashtra,False,21,1.41
TXN205159,,2025-02-26T18:21:00,ACC00166,ACC00057,458.55,IMPS,Patna,Bihar,False,11,0.69
TXN205160,,2025-03-31T03:32:00,ACC00228,ACC00346,887.8,Card,Delhi,Delhi,False,26,1.23
TXN205161,,2025-03-15T05:03:00,ACC00374,ACC00201,1087.22,Card,Jaipur,Rajasthan,False,20,0.21
TXN205162,,2025-01-30T05:18:00,ACC00028,ACC00216,10018.71,UPI,Hyderabad,Telangana,False,14,2.0
TXN205163,,2025-05-22T09:59:00,ACC00049,ACC00314,5493.81,Wallet,Delhi,Delhi,False,27,0.17
TXN205164,,2025-04-17T20:18:00,ACC00060,ACC00062,4584.25,UPI,Mumbai,Maharashtra,False,19,1.12
TXN205165,,2025-05-01T02:28:00,ACC00008,ACC00246,1575.66,Wallet,Lucknow,Uttar Pradesh,False,17,1.19
TXN205166,,2025-08-21T23:59:00,ACC00444,ACC00470,1354.83,RTGS,Jaipur,Rajasthan,False,32,1.15
TXN205167,,2025-06-30T04:22:00,ACC00001,ACC00280,2973.82,Card,Lucknow,Uttar Pradesh,False,1,0.88
TXN205168,,2025-02-15T17:40:00,ACC00107,ACC00186,3105.44,RTGS,Kanpur,Uttar Pradesh,False,11,0.48
TXN205169,,2025-02-12T20:23:00,ACC00442,ACC00044,668.83,NEFT,Bengaluru,Karnataka,False,19,1.26
TXN205170,,2025-05-16T14:47:00,ACC00008,ACC00493,6414.75,IMPS,Bengaluru,Karnataka,False,50,0.8
TXN205171,,2025-09-05T21:11:00,ACC00048,ACC00302,1446.23,IMPS,Mumbai,Maharashtra,False,20,0.35
TXN205172,,2025-01-13T01:26:00,ACC00096,ACC00022,1447.03,UPI,Patna,Bihar,False,11,0.4
TXN205173,,2025-05-16T23:48:00,ACC00399,ACC00119,258.51,Card,Patna,Bihar,False,24,0.83
TXN205174,,2025-02-25T22:34:00,ACC00382,ACC00280,397.13,Card,Kanpur,Uttar Pradesh,False,19,0.59
TXN205175,,2025-07-31T15:33:00,ACC00303,ACC00441,2126.08,Card,Lucknow,Uttar Pradesh,False,31,1.87
TXN205176,,2025-06-19T18:52:00,ACC00299,ACC00010,11441.23,Card,Jaipur,Rajasthan,False,11,1.81
TXN205177,,2025-01-09T08:52:00,ACC00133,ACC00323,947.25,Wallet,Delhi,Delhi,False,20,1.71
TXN205178,,2025-06-30T20:05:00,ACC00225,ACC00395,843.49,NEFT,Mumbai,Maharashtra,False,21,1.21
TXN205179,,2025-01-23T03:26:00,ACC00145,ACC00264,1372.17,UPI,Delhi,Delhi,False,12,1.81
TXN205180,,2025-06-16T10:58:00,ACC00029,ACC00308,6751.7,NEFT,Mumbai,Maharashtra,False,29,0.23
TXN205181,,2025-08-18T12:58:00,ACC00298,ACC00137,3972.87,UPI,Hyderabad,Telangana,False,1,1.38
TXN205182,,2025-04-18T21:52:00,ACC00075,ACC00104,958.76,IMPS,Bengaluru,Karnataka,False,26,0.41
TXN205183,,2025-01-31T21:24:00,ACC00286,ACC00123,431.26,RTGS,Kanpur,Uttar Pradesh,False,13,0.19
TXN205184,,2025-01-14T20:13:00,ACC00057,ACC00000,6938.18,IMPS,Kanpur,Uttar Pradesh,False,6,1.32
TXN205185,,2025-05-10T12:38:00,ACC00034,ACC00208,586.68,RTGS,Delhi,Delhi,False,20,0.85
TXN205186,,2025-01-09T15:29:00,ACC00417,ACC00375,224.46,IMPS,Mumbai,Maharashtra,False,11,1.25
TXN205187,,2025-01-19T14:05:00,ACC00247,ACC00377,1024.57,NEFT,Delhi,Delhi,False,23,1.18
TXN205188,,2025-05-19T17:19:00,ACC00212,ACC00112,1849.05,UPI,Kanpur,Uttar Pradesh,False,9,0.31
TXN205189,,2025-05-30T07:56:00,ACC00067,ACC00154,699.86,RTGS,Patna,Bihar,False,11,1.32
TXN205190,,2025-05-01T17:26:00,ACC00407,ACC00014,2463.12,UPI,Lucknow,Uttar Pradesh,False,9,1.44
TXN205191,,2025-04-25T04:31:00,ACC00261,ACC00039,710.3,IMPS,Lucknow,Uttar Pradesh,False,26,1.95
TXN205192,,2025-08-25T08:45:00,ACC00175,ACC00151,1447.77,NEFT,Delhi,Delhi,False,12,0.58
TXN205193,,2025-05-16T02:39:00,ACC00293,ACC00343,3755.31,RTGS,Jaipur,Rajasthan,False,17,0.83
TXN205194,,2025-06-22T23:47:00,ACC00490,ACC00013,1200.33,RTGS,Patna,Bihar,False,1,0.58
TXN205195,,2025-02-17T14:38:00,ACC00457,ACC00248,474.03,Card,Bengaluru,Karnataka,False,24,1.48
TXN205196,,2025-07-02T04:44:00,ACC00218,ACC00441,996.8,Wallet,Jaipur,Rajasthan,False,36,1.33
TXN205197,,2025-05-09T01:09:00,ACC00219,ACC00258,704.23,Wallet,Delhi,Delhi,False,37,1.6
TXN205198,,2025-02-02T17:18:00,ACC00147,ACC00101,2755.36,NEFT,Lucknow,Uttar Pradesh,False,24,0.89
TXN205199,,2025-04-03T04:50:00,ACC00019,ACC00160,6563.43,NEFT,Hyderabad,Telangana,False,22,1.65
TXN205200,,2025-04-08T16:27:00,ACC00315,ACC00232,1868.17,IMPS,Hyderabad,Telangana,False,33,1.28
TXN205201,,2025-02-06T13:11:00,ACC00358,ACC00019,3939.18,Wallet,Patna,Bihar,False,12,1.07
TXN205202,,2025-05-15T07:42:00,ACC00038,ACC00091,263.62,UPI,Jaipur,Rajasthan,False,18,0.66
TXN205203,,2025-03-23T15:41:00,ACC00341,ACC00226,2004.64,Wallet,Jaipur,Rajasthan,False,2,0.5
TXN205204,,2025-08-08T08:23:00,ACC00264,ACC00481,3422.4,UPI,Mumbai,Maharashtra,False,8,0.54
TXN205205,,2025-07-27T16:19:00,ACC00379,ACC00494,1982.58,UPI,Hyderabad,Telangana,False,31,1.56
TXN205206,,2025-05-09T02:16:00,ACC00064,ACC00352,1280.16,NEFT,Delhi,Delhi,False,25,0.53
TXN205207,,2025-01-25T20:44:00,ACC00168,ACC00219,2460.09,Wallet,Jaipur,Rajasthan,False,33,1.62
TXN205208,,2025-02-18T19:31:00,ACC00491,ACC00388,637.6,Card,Delhi,Delhi,False,30,1.35
TXN205209,,2025-02-06T20:17:00,ACC00274,ACC00285,1507.27,NEFT,Mumbai,Maharashtra,False,24,0.15
TXN205210,,2025-07-01T09:53:00,ACC00292,ACC00037,8407.96,RTGS,Lucknow,Uttar Pradesh,False,8,1.74
TXN205211,,2025-03-20T18:35:00,ACC00490,ACC00443,709.48,Wallet,Hyderabad,Telangana,False,32,1.04
TXN205212,,2025-08-05T03:52:00,ACC00182,ACC00216,2082.49,RTGS,Patna,Bihar,False,22,1.14
TXN205213,,2025-07-03T11:12:00,ACC00109,ACC00178,2296.17,NEFT,Kanpur,Uttar Pradesh,False,13,0.87
TXN205214,,2025-09-04T10:48:00,ACC00322,ACC00488,1543.27,RTGS,Jaipur,Rajasthan,False,11,1.87
TXN205215,,2025-03-26T14:29:00,ACC00495,ACC00243,2197.37,Card,Hyderabad,Telangana,False,20,0.13
TXN205216,,2025-08-19T20:31:00,ACC00339,ACC00172,1399.75,UPI,Jaipur,Rajasthan,False,22,0.42
TXN205217,,2025-07-06T07:17:00,ACC00133,ACC00326,3133.35,UPI,Lucknow,Uttar Pradesh,False,27,1.46
TXN205218,,2025-04-03T19:27:00,ACC00335,ACC00204,9007.14,UPI,Hyderabad,Telangana,False,16,1.88
TXN205219,,2025-04-26T08:13:00,ACC00162,ACC00285,3074.07,Card,Kanpur,Uttar Pradesh,False,15,1.44
TXN205220,,2025-09-04T16:15:00,ACC00486,ACC00433,3161.79,Card,Bengaluru,Karnataka,False,11,0.52
TXN205221,,2025-06-05T04:03:00,ACC00346,ACC00440,1385.65,RTGS,Lucknow,Uttar Pradesh,False,18,1.42
TXN205222,,2025-01-25T14:39:00,ACC00210,ACC00150,10056.51,Card,Jaipur,Rajasthan,False,20,0.81
TXN205223,,2025-01-19T15:15:00,ACC00257,ACC00216,3463.35,Wallet,Lucknow,Uttar Pradesh,False,18,1.58
TXN205224,,2025-07-13T00:29:00,ACC00497,ACC00195,537.64,Card,Kanpur,Uttar Pradesh,False,31,0.16
TXN205225,,2025-08-08T09:35:00,ACC00020,ACC00137,4549.11,NEFT,Jaipur,Rajasthan,False,35,0.84
TXN205226,,2025-06-16T07:51:00,ACC00461,ACC00335,2490.05,RTGS,Mumbai,Maharashtra,False,22,0.76
TXN205227,,2025-01-26T03:40:00,ACC00296,ACC00125,8765.98,IMPS,Mumbai,Maharashtra,False,9,1.72
TXN205228,,2025-03-03T10:11:00,ACC00270,ACC00232,1271.94,Card,Patna,Bihar,False,23,0.64
TXN205229,,2025-08-02T17:23:00,ACC00175,ACC00057,11571.03,Card,Mumbai,Maharashtra,False,18,0.34
TXN205230,,2025-02-03T21:33:00,ACC00384,ACC00364,6796.78,NEFT,Lucknow,Uttar Pradesh,False,25,0.54
TXN205231,,2025-01-09T12:40:00,ACC00329,ACC00313,4688.49,Card,Kanpur,Uttar Pradesh,False,18,1.34
TXN205232,,2025-09-05T05:52:00,ACC00169,ACC00105,8980.7,Card,Patna,Bihar,False,32,0.23
TXN205233,,2025-07-11T17:43:00,ACC00449,ACC00205,514.37,IMPS,Hyderabad,Telangana,False,16,0.31
TXN205234,,2025-02-24T14:44:00,ACC00084,ACC00134,3308.43,RTGS,Bengaluru,Karnataka,False,1,0.5
TXN205235,,2025-03-02T07:00:00,ACC00082,ACC00273,2260.21,IMPS,Patna,Bihar,False,8,0.91
TXN205236,,2025-07-11T04:02:00,ACC00343,ACC00313,387.05,RTGS,Mumbai,Maharashtra,False,30,1.29
TXN205237,,2025-08-09T03:48:00,ACC00283,ACC00409,3311.14,IMPS,Bengaluru,Karnataka,False,33,0.36
TXN205238,,2025-03-12T12:37:00,ACC00057,ACC00370,3356.02,Card,Hyderabad,Telangana,False,26,1.57
TXN205239,,2025-01-21T01:12:00,ACC00410,ACC00126,6030.06,Card,Lucknow,Uttar Pradesh,False,24,0.84
TXN205240,,2025-05-21T15:49:00,ACC00008,ACC00234,613.43,Wallet,Patna,Bihar,False,14,1.8
TXN205241,,2025-07-18T19:29:00,ACC00402,ACC00447,1706.19,IMPS,Mumbai,Maharashtra,False,27,0.19
TXN205242,,2025-04-08T11:20:00,ACC00129,ACC00455,858.52,NEFT,Jaipur,Rajasthan,False,22,1.66
TXN205243,,2025-02-25T01:30:00,ACC00498,ACC00220,952.63,NEFT,Lucknow,Uttar Pradesh,False,23,1.36
TXN205244,,2025-02-22T01:09:00,ACC00277,ACC00003,1062.21,UPI,Mumbai,Maharashtra,False,16,0.29
TXN205245,,2025-03-20T11:47:00,ACC00342,ACC00202,5167.6,Wallet,Patna,Bihar,False,19,1.3
TXN205246,,2025-04-18T21:05:00,ACC00480,ACC00142,3051.16,NEFT,Hyderabad,Telangana,False,26,0.92
TXN205247,,2025-03-07T06:23:00,ACC00319,ACC00087,1782.12,NEFT,Lucknow,Uttar Pradesh,False,22,1.3
TXN205248,,2025-09-16T17:40:00,ACC00260,ACC00198,3268.98,RTGS,Jaipur,Rajasthan,False,15,1.37
TXN205249,,2025-09-03T03:58:00,ACC00310,ACC00330,2807.69,UPI,Hyderabad,Telangana,False,10,0.15
TXN205250,,2025-07-17T19:04:00,ACC00356,ACC00404,3219.86,Card,Hyderabad,Telangana,False,20,0.55
TXN205251,,2025-08-20T20:20:00,ACC00463,ACC00273,755.3,NEFT,Kanpur,Uttar Pradesh,False,10,0.32
TXN205252,,2025-04-09T15:15:00,ACC00181,ACC00323,1200.61,UPI,Lucknow,Uttar Pradesh,False,24,1.06
TXN205253,,2025-03-10T13:22:00,ACC00223,ACC00025,5255.91,Wallet,Kanpur,Uttar Pradesh,False,1,0.22
TXN205254,,2025-01-26T07:22:00,ACC00175,ACC00032,6941.96,IMPS,Hyderabad,Telangana,False,28,1.81
TXN205255,,2025-04-17T23:29:00,ACC00207,ACC00040,2171.6,Card,Mumbai,Maharashtra,False,11,0.78
TXN205256,,2025-01-28T19:59:00,ACC00333,ACC00473,5201.32,IMPS,Mumbai,Maharashtra,False,14,1.55
TXN205257,,2025-07-02T05:16:00,ACC00130,ACC00461,4433.11,IMPS,Mumbai,Maharashtra,False,20,0.12
TXN205258,,2025-09-13T09:14:00,ACC00083,ACC00429,5479.26,IMPS,Hyderabad,Telangana,False,22,1.92
TXN205259,,2025-03-20T19:48:00,ACC00152,ACC00154,20051.79,UPI,Hyderabad,Telangana,False,36,1.67
TXN205260,,2025-04-27T17:45:00,ACC00025,ACC00289,1007.43,RTGS,Hyderabad,Telangana,False,27,1.99
TXN205261,,2025-04-09T13:09:00,ACC00318,ACC00410,465.9,UPI,Hyderabad,Telangana,False,14,1.76
TXN205262,,2025-07-27T13:19:00,ACC00154,ACC00316,1467.48,IMPS,Lucknow,Uttar Pradesh,False,29,0.95
TXN205263,,2025-04-18T13:41:00,ACC00499,ACC00250,679.35,IMPS,Jaipur,Rajasthan,False,8,0.26
TXN205264,,2025-09-09T07:24:00,ACC00158,ACC00247,4307.15,NEFT,Patna,Bihar,False,1,0.79
TXN205265,,2025-08-01T21:01:00,ACC00395,ACC00383,1295.74,IMPS,Lucknow,Uttar Pradesh,False,33,0.12
TXN205266,,2025-09-07T08:53:00,ACC00291,ACC00189,5372.68,UPI,Patna,Bihar,False,1,0.47
TXN205267,,2025-07-25T21:41:00,ACC00089,ACC00396,5321.75,UPI,Bengaluru,Karnataka,False,20,0.26
TXN205268,,2025-07-12T00:21:00,ACC00399,ACC00038,1877.87,IMPS,Mumbai,Maharashtra,False,16,1.85
TXN205269,,2025-04-18T17:35:00,ACC00115,ACC00060,1608.6,IMPS,Patna,Bihar,False,20,0.94
TXN205270,,2025-03-19T04:52:00,ACC00092,ACC00391,9180.94,Wallet,Lucknow,Uttar Pradesh,False,19,0.9
TXN205271,,2025-01-18T21:02:00,ACC00148,ACC00055,1112.65,NEFT,Mumbai,Maharashtra,False,6,1.19
TXN205272,,2025-02-28T16:59:00,ACC00447,ACC00303,4577.57,NEFT,Hyderabad,Telangana,False,16,1.38
TXN205273,,2025-09-04T07:18:00,ACC00024,ACC00139,1117.77,UPI,Patna,Bihar,False,13,0.15
TXN205274,,2025-02-09T11:57:00,ACC00379,ACC00112,7122.29,UPI,Hyderabad,Telangana,False,6,0.73
TXN205275,,2025-01-17T18:59:00,ACC00337,ACC00052,869.74,UPI,Bengaluru,Karnataka,False,20,1.27
TXN205276,,2025-09-14T23:06:00,ACC00012,ACC00141,6420.53,Card,Bengaluru,Karnataka,False,34,0.62
TXN205277,,2025-07-21T21:51:00,ACC00328,ACC00054,965.04,UPI,Jaipur,Rajasthan,False,1,1.34
TXN205278,,2025-04-19T20:24:00,ACC00450,ACC00105,1130.66,UPI,Kanpur,Uttar Pradesh,False,21,1.96
TXN205279,,2025-05-16T09:01:00,ACC00398,ACC00201,989.27,IMPS,Mumbai,Maharashtra,False,2,1.72
TXN205280,,2025-04-26T08:33:00,ACC00311,ACC00027,3699.2,Card,Mumbai,Maharashtra,False,34,0.92
TXN205281,,2025-06-15T18:18:00,ACC00229,ACC00069,4943.37,NEFT,Patna,Bihar,False,17,1.89
TXN205282,,2025-02-26T07:29:00,ACC00395,ACC00214,5280.93,UPI,Hyderabad,Telangana,False,24,1.22
TXN205283,,2025-05-22T14:26:00,ACC00181,ACC00388,3937.53,NEFT,Hyderabad,Telangana,False,20,1.1
TXN205284,,2025-03-28T00:28:00,ACC00321,ACC00223,8197.32,Wallet,Lucknow,Uttar Pradesh,False,1,0.18
TXN205285,,2025-08-28T01:45:00,ACC00376,ACC00213,189.84,Wallet,Lucknow,Uttar Pradesh,False,40,1.92
TXN205286,,2025-03-24T14:41:00,ACC00479,ACC00303,3177.49,NEFT,Kanpur,Uttar Pradesh,False,19,1.45
TXN205287,,2025-09-01T17:31:00,ACC00131,ACC00180,2455.92,NEFT,Jaipur,Rajasthan,False,7,0.81
TXN205288,,2025-06-27T02:12:00,ACC00155,ACC00457,2578.74,Wallet,Bengaluru,Karnataka,False,18,1.75
TXN205289,,2025-01-24T02:29:00,ACC00477,ACC00409,1382.39,IMPS,Mumbai,Maharashtra,False,30,1.1
TXN205290,,2025-06-30T08:43:00,ACC00336,ACC00458,3518.54,IMPS,Hyderabad,Telangana,False,18,1.16
TXN205291,,2025-03-07T12:27:00,ACC00192,ACC00376,3561.69,UPI,Mumbai,Maharashtra,False,28,0.66
TXN205292,,2025-08-20T12:03:00,ACC00058,ACC00393,877.08,UPI,Patna,Bihar,False,22,1.58
TXN205293,,2025-06-15T11:46:00,ACC00213,ACC00278,474.86,RTGS,Lucknow,Uttar Pradesh,False,27,0.32
TXN205294,,2025-06-15T04:03:00,ACC00252,ACC00099,2980.44,Wallet,Patna,Bihar,False,24,0.24
TXN205295,,2025-05-27T21:21:00,ACC00130,ACC00164,4152.98,Card,Patna,Bihar,False,12,0.31
TXN205296,,2025-01-16T03:11:00,ACC00331,ACC00302,2843.14,RTGS,Jaipur,Rajasthan,False,13,1.91
TXN205297,,2025-06-01T04:47:00,ACC00021,ACC00187,1668.2,Card,Mumbai,Maharashtra,False,13,0.11
TXN205298,,2025-09-03T14:13:00,ACC00383,ACC00429,2868.04,NEFT,Jaipur,Rajasthan,False,25,0.27
TXN205299,,2025-03-29T12:46:00,ACC00205,ACC00401,484.57,Card,Kanpur,Uttar Pradesh,False,26,1.62
TXN205300,,2025-08-19T04:47:00,ACC00419,ACC00483,4799.16,RTGS,Jaipur,Rajasthan,False,13,0.44
TXN205301,,2025-05-14T17:51:00,ACC00111,ACC00331,5063.09,RTGS,Lucknow,Uttar Pradesh,False,23,0.85
TXN205302,,2025-08-01T00:18:00,ACC00358,ACC00039,815.45,Wallet,Patna,Bihar,False,3,1.17
TXN205303,,2025-02-11T04:30:00,ACC00254,ACC00017,1458.44,UPI,Patna,Bihar,False,23,1.48
TXN205304,,2025-03-05T22:57:00,ACC00483,ACC00353,1859.95,NEFT,Patna,Bihar,False,19,1.08
TXN205305,,2025-06-08T19:57:00,ACC00033,ACC00045,1700.95,UPI,Mumbai,Maharashtra,False,9,1.52
TXN205306,,2025-01-29T00:00:00,ACC00122,ACC00379,2937.67,UPI,Delhi,Delhi,False,23,0.29
TXN205307,,2025-03-04T19:04:00,ACC00389,ACC00091,2308.98,IMPS,Lucknow,Uttar Pradesh,False,11,0.48
TXN205308,,2025-01-14T04:39:00,ACC00184,ACC00195,872.19,UPI,Jaipur,Rajasthan,False,3,0.81
TXN205309,,2025-05-14T09:04:00,ACC00497,ACC00022,794.89,NEFT,Bengaluru,Karnataka,False,38,1.94
TXN205310,,2025-02-13T18:04:00,ACC00417,ACC00116,3318.77,NEFT,Kanpur,Uttar Pradesh,False,1,0.55
TXN205311,,2025-09-14T05:59:00,ACC00377,ACC00393,1426.11,UPI,Bengaluru,Karnataka,False,31,1.75
TXN205312,,2025-06-21T13:28:00,ACC00188,ACC00060,794.9,IMPS,Jaipur,Rajasthan,False,10,0.89
TXN205313,,2025-05-23T14:09:00,ACC00090,ACC00198,9977.63,IMPS,Bengaluru,Karnataka,False,24,0.61
TXN205314,,2025-02-17T08:41:00,ACC00188,ACC00103,3300.7,IMPS,Bengaluru,Karnataka,False,30,0.9
TXN205315,,2025-07-08T18:24:00,ACC00283,ACC00134,991.92,UPI,Mumbai,Maharashtra,False,36,1.82
TXN205316,,2025-07-07T16:20:00,ACC00014,ACC00291,7380.57,RTGS,Jaipur,Rajasthan,False,15,1.75
TXN205317,,2025-08-30T16:23:00,ACC00276,ACC00036,2460.94,UPI,Delhi,Delhi,False,13,0.34
TXN205318,,2025-07-29T22:55:00,ACC00416,ACC00052,6251.19,RTGS,Bengaluru,Karnataka,False,23,0.58
TXN205319,,2025-06-24T09:14:00,ACC00272,ACC00245,3026.13,NEFT,Lucknow,Uttar Pradesh,False,10,0.31
TXN205320,,2025-05-11T19:41:00,ACC00215,ACC00037,1737.68,Card,Kanpur,Uttar Pradesh,False,14,2.0
TXN205321,,2025-07-30T11:15:00,ACC00455,ACC00001,992.76,IMPS,Bengaluru,Karnataka,False,27,1.84
TXN205322,,2025-01-27T00:51:00,ACC00486,ACC00497,4306.17,IMPS,Bengaluru,Karnataka,False,27,0.7
TXN205323,,2025-04-28T12:33:00,ACC00048,ACC00183,705.21,NEFT,Bengaluru,Karnataka,False,47,1.65
TXN205324,,2025-08-08T10:21:00,ACC00301,ACC00070,487.38,IMPS,Patna,Bihar,False,45,0.26
TXN205325,,2025-05-14T06:11:00,ACC00167,ACC00103,3672.99,Wallet,Lucknow,Uttar Pradesh,False,9,0.53
TXN205326,,2025-06-23T14:45:00,ACC00277,ACC00388,1188.29,RTGS,Bengaluru,Karnataka,False,12,1.3
TXN205327,,2025-07-24T16:33:00,ACC00162,ACC00164,818.79,NEFT,Kanpur,Uttar Pradesh,False,30,1.76
TXN205328,,2025-07-12T23:22:00,ACC00146,ACC00182,195.11,Wallet,Lucknow,Uttar Pradesh,False,9,1.98
TXN205329,,2025-01-15T16:43:00,ACC00327,ACC00499,3966.02,NEFT,Patna,Bihar,False,7,1.54
TXN205330,,2025-05-13T22:26:00,ACC00260,ACC00064,7532.97,Wallet,Mumbai,Maharashtra,False,45,1.49
TXN205331,,2025-08-30T09:27:00,ACC00087,ACC00128,2058.27,UPI,Mumbai,Maharashtra,False,11,0.29
TXN205332,,2025-03-12T12:41:00,ACC00224,ACC00095,313.88,Card,Patna,Bihar,False,22,0.68
TXN205333,,2025-03-23T08:48:00,ACC00201,ACC00138,3627.94,Card,Hyderabad,Telangana,False,28,1.04
TXN205334,,2025-08-31T15:01:00,ACC00258,ACC00401,10607.62,NEFT,Kanpur,Uttar Pradesh,False,11,1.83
TXN205335,,2025-03-10T13:01:00,ACC00181,ACC00133,3108.27,UPI,Patna,Bihar,False,26,0.34
TXN205336,,2025-03-20T01:40:00,ACC00193,ACC00404,3403.0,NEFT,Delhi,Delhi,False,19,1.98
TXN205337,,2025-03-27T23:15:00,ACC00389,ACC00204,1734.68,Card,Jaipur,Rajasthan,False,1,1.61
TXN205338,,2025-04-21T00:25:00,ACC00418,ACC00007,1488.13,UPI,Mumbai,Maharashtra,False,20,1.46
TXN205339,,2025-05-28T00:02:00,ACC00192,ACC00302,706.68,Card,Delhi,Delhi,False,15,1.96
TXN205340,,2025-08-11T03:38:00,ACC00459,ACC00217,1447.7,UPI,Hyderabad,Telangana,False,9,0.15
TXN205341,,2025-09-13T00:14:00,ACC00290,ACC00218,1779.82,RTGS,Patna,Bihar,False,14,0.2
TXN205342,,2025-08-26T07:28:00,ACC00165,ACC00083,3447.12,Card,Kanpur,Uttar Pradesh,False,19,0.23
TXN205343,,2025-06-01T08:00:00,ACC00342,ACC00263,1803.2,IMPS,Patna,Bihar,False,22,0.84
TXN205344,,2025-03-01T03:14:00,ACC00228,ACC00296,330.57,UPI,Mumbai,Maharashtra,False,12,1.79
TXN205345,,2025-03-01T07:26:00,ACC00459,ACC00113,1504.44,Wallet,Patna,Bihar,False,19,1.56
TXN205346,,2025-04-17T23:14:00,ACC00161,ACC00329,1186.25,IMPS,Lucknow,Uttar Pradesh,False,7,0.44
TXN205347,,2025-05-23T13:19:00,ACC00102,ACC00392,3039.92,Wallet,Mumbai,Maharashtra,False,1,0.24
TXN205348,,2025-03-24T06:39:00,ACC00437,ACC00479,202.86,Wallet,Kanpur,Uttar Pradesh,False,3,0.53
TXN205349,,2025-02-13T16:26:00,ACC00261,ACC00047,3650.97,IMPS,Kanpur,Uttar Pradesh,False,13,1.1
TXN205350,,2025-06-23T16:39:00,ACC00131,ACC00197,2647.51,IMPS,Delhi,Delhi,False,27,1.55
TXN205351,,2025-06-10T09:14:00,ACC00132,ACC00281,478.52,RTGS,Bengaluru,Karnataka,False,22,1.36
TXN205352,,2025-06-07T05:03:00,ACC00040,ACC00269,906.55,NEFT,Lucknow,Uttar Pradesh,False,17,1.65
TXN205353,,2025-01-20T14:29:00,ACC00262,ACC00148,2619.39,NEFT,Bengaluru,Karnataka,False,35,1.01
TXN205354,,2025-09-10T11:27:00,ACC00468,ACC00495,1189.66,IMPS,Delhi,Delhi,False,37,0.11
TXN205355,,2025-08-04T04:47:00,ACC00397,ACC00427,5255.94,UPI,Kanpur,Uttar Pradesh,False,39,1.1
TXN205356,,2025-01-17T21:12:00,ACC00221,ACC00441,961.89,UPI,Hyderabad,Telangana,False,16,1.07
TXN205357,,2025-06-19T22:57:00,ACC00348,ACC00069,4117.03,Wallet,Hyderabad,Telangana,False,13,1.89
TXN205358,,2025-03-22T04:11:00,ACC00426,ACC00171,1571.41,NEFT,Hyderabad,Telangana,False,20,1.28
TXN205359,,2025-07-26T00:18:00,ACC00409,ACC00098,8235.57,IMPS,Jaipur,Rajasthan,False,18,1.66
TXN205360,,2025-04-26T20:57:00,ACC00454,ACC00479,488.95,NEFT,Mumbai,Maharashtra,False,18,1.94
TXN205361,,2025-06-19T12:04:00,ACC00178,ACC00097,1676.91,UPI,Bengaluru,Karnataka,False,12,1.17
TXN205362,,2025-03-01T22:42:00,ACC00462,ACC00019,567.2,NEFT,Jaipur,Rajasthan,False,10,0.42
TXN205363,,2025-04-21T23:54:00,ACC00458,ACC00077,4120.38,Wallet,Delhi,Delhi,False,20,0.29
TXN205364,,2025-09-13T20:08:00,ACC00402,ACC00192,1912.72,RTGS,Lucknow,Uttar Pradesh,False,18,0.95
TXN205365,,2025-04-02T15:02:00,ACC00254,ACC00495,12904.32,Wallet,Hyderabad,Telangana,False,30,1.56
TXN205366,,2025-02-15T08:58:00,ACC00352,ACC00121,2841.36,Card,Hyderabad,Telangana,False,17,0.69
TXN205367,,2025-09-04T12:54:00,ACC00424,ACC00295,466.63,Wallet,Bengaluru,Karnataka,False,32,0.64
TXN205368,,2025-04-02T12:55:00,ACC00092,ACC00206,373.14,IMPS,Mumbai,Maharashtra,False,33,0.62
TXN205369,,2025-06-02T02:14:00,ACC00401,ACC00385,679.96,Card,Jaipur,Rajasthan,False,30,1.95
TXN205370,,2025-01-05T15:25:00,ACC00148,ACC00283,5055.6,Wallet,Lucknow,Uttar Pradesh,False,15,0.16
TXN205371,,2025-05-29T15:12:00,ACC00184,ACC00274,1248.36,Card,Kanpur,Uttar Pradesh,False,17,1.68
TXN205372,,2025-08-08T13:01:00,ACC00091,ACC00321,4110.25,NEFT,Lucknow,Uttar Pradesh,False,13,0.99
TXN205373,,2025-03-11T19:36:00,ACC00052,ACC00366,2463.34,NEFT,Jaipur,Rajasthan,False,9,1.06
TXN205374,,2025-04-20T23:41:00,ACC00476,ACC00369,459.24,Wallet,Bengaluru,Karnataka,False,48,0.69
TXN205375,,2025-07-20T12:25:00,ACC00024,ACC00478,7764.68,Wallet,Mumbai,Maharashtra,False,15,1.25
TXN205376,,2025-09-08T20:18:00,ACC00098,ACC00496,2333.11,NEFT,Patna,Bihar,False,29,0.84
TXN205377,,2025-08-10T04:31:00,ACC00463,ACC00006,3988.49,Card,Mumbai,Maharashtra,False,26,1.44
TXN205378,,2025-06-04T13:57:00,ACC00307,ACC00003,3172.67,IMPS,Lucknow,Uttar Pradesh,False,18,1.52
TXN205379,,2025-01-30T20:08:00,ACC00478,ACC00360,4250.16,NEFT,Patna,Bihar,False,23,0.75
TXN205380,,2025-05-31T11:22:00,ACC00346,ACC00164,677.26,RTGS,Mumbai,Maharashtra,False,1,1.73
TXN205381,,2025-07-31T19:08:00,ACC00285,ACC00256,3959.91,IMPS,Jaipur,Rajasthan,False,16,0.93
TXN205382,,2025-06-16T04:33:00,ACC00477,ACC00291,443.16,UPI,Patna,Bihar,False,25,1.57
TXN205383,,2025-05-14T20:19:00,ACC00186,ACC00384,1481.84,IMPS,Mumbai,Maharashtra,False,38,1.27
TXN205384,,2025-07-30T15:28:00,ACC00193,ACC00045,3180.32,NEFT,Lucknow,Uttar Pradesh,False,13,1.61
TXN205385,,2025-03-01T19:09:00,ACC00486,ACC00154,775.97,Wallet,Mumbai,Maharashtra,False,15,0.26
TXN205386,,2025-01-21T10:11:00,ACC00280,ACC00473,6429.06,RTGS,Patna,Bihar,False,12,0.67
TXN205387,,2025-03-19T20:41:00,ACC00186,ACC00487,21204.38,NEFT,Hyderabad,Telangana,False,32,0.87
TXN205388,,2025-01-24T09:21:00,ACC00188,ACC00382,1633.53,Card,Bengaluru,Karnataka,False,10,0.87
TXN205389,,2025-01-27T09:59:00,ACC00401,ACC00489,1789.42,NEFT,Mumbai,Maharashtra,False,12,0.16
TXN205390,,2025-05-08T00:16:00,ACC00430,ACC00106,949.86,UPI,Mumbai,Maharashtra,False,24,1.38
TXN205391,,2025-08-01T15:26:00,ACC00005,ACC00183,3881.47,IMPS,Kanpur,Uttar Pradesh,False,12,1.06
TXN205392,,2025-03-24T00:54:00,ACC00144,ACC00247,725.56,Wallet,Mumbai,Maharashtra,False,5,1.83
TXN205393,,2025-06-27T14:28:00,ACC00404,ACC00105,21556.73,UPI,Patna,Bihar,False,30,0.34
TXN205394,,2025-05-19T09:39:00,ACC00301,ACC00187,9053.55,RTGS,Hyderabad,Telangana,False,22,1.91
TXN205395,,2025-01-02T10:22:00,ACC00120,ACC00168,5516.05,Card,Patna,Bihar,False,17,1.43
TXN205396,,2025-02-19T08:06:00,ACC00100,ACC00234,700.21,NEFT,Lucknow,Uttar Pradesh,False,18,0.15
TXN205397,,2025-08-22T11:46:00,ACC00092,ACC00397,626.41,NEFT,Patna,Bihar,False,13,0.96
TXN205398,,2025-01-25T05:01:00,ACC00199,ACC00194,4253.34,UPI,Hyderabad,Telangana,False,13,1.6
TXN205399,,2025-06-23T22:21:00,ACC00028,ACC00245,2370.92,RTGS,Lucknow,Uttar Pradesh,False,4,0.19
TXN205400,,2025-05-11T12:40:00,ACC00109,ACC00467,7707.81,IMPS,Delhi,Delhi,False,41,1.56
TXN205401,,2025-03-28T03:01:00,ACC00125,ACC00477,6559.23,UPI,Bengaluru,Karnataka,False,14,1.4
TXN205402,,2025-03-22T16:54:00,ACC00225,ACC00289,485.17,IMPS,Mumbai,Maharashtra,False,3,0.59
TXN205403,,2025-07-28T10:16:00,ACC00168,ACC00182,16745.32,NEFT,Hyderabad,Telangana,False,13,1.74
TXN205404,,2025-04-09T20:18:00,ACC00147,ACC00144,473.18,Wallet,Bengaluru,Karnataka,False,30,0.29
TXN205405,,2025-02-01T10:12:00,ACC00295,ACC00036,1600.51,UPI,Lucknow,Uttar Pradesh,False,35,0.69
TXN205406,,2025-01-23T23:57:00,ACC00314,ACC00094,798.4,UPI,Mumbai,Maharashtra,False,20,1.31
TXN205407,,2025-07-19T00:56:00,ACC00336,ACC00348,1977.84,RTGS,Lucknow,Uttar Pradesh,False,12,1.08
TXN205408,,2025-03-31T15:28:00,ACC00264,ACC00304,1298.9,NEFT,Patna,Bihar,False,1,0.54
TXN205409,,2025-01-14T15:04:00,ACC00156,ACC00072,526.69,RTGS,Patna,Bihar,False,2,1.28
TXN205410,,2025-08-28T09:48:00,ACC00025,ACC00030,398.71,UPI,Hyderabad,Telangana,False,23,0.94
TXN205411,,2025-06-27T07:44:00,ACC00099,ACC00323,957.82,IMPS,Patna,Bihar,False,30,1.0
TXN205412,,2025-08-08T21:34:00,ACC00244,ACC00211,720.09,RTGS,Jaipur,Rajasthan,False,6,0.43
TXN205413,,2025-06-15T16:31:00,ACC00105,ACC00107,6750.23,Wallet,Jaipur,Rajasthan,False,22,0.85
TXN205414,,2025-07-28T23:56:00,ACC00216,ACC00337,765.36,IMPS,Bengaluru,Karnataka,False,13,0.52
TXN205415,,2025-06-11T08:08:00,ACC00238,ACC00316,1461.56,UPI,Hyderabad,Telangana,False,1,1.49
TXN205416,,2025-04-01T02:04:00,ACC00022,ACC00317,1154.54,RTGS,Mumbai,Maharashtra,False,19,0.49
TXN205417,,2025-01-19T13:03:00,ACC00038,ACC00214,17350.06,RTGS,Delhi,Delhi,False,25,0.2
TXN205418,,2025-03-21T17:21:00,ACC00205,ACC00044,1832.73,IMPS,Patna,Bihar,False,36,1.52
TXN205419,,2025-05-03T06:48:00,ACC00158,ACC00106,349.97,RTGS,Kanpur,Uttar Pradesh,False,25,1.53
TXN205420,,2025-06-10T09:19:00,ACC00244,ACC00464,2431.91,UPI,Patna,Bihar,False,34,1.46
TXN205421,,2025-08-09T21:51:00,ACC00253,ACC00170,8083.45,IMPS,Delhi,Delhi,False,30,0.44
TXN205422,,2025-05-25T15:39:00,ACC00299,ACC00278,475.35,NEFT,Kanpur,Uttar Pradesh,False,10,0.92
TXN205423,,2025-06-12T04:13:00,ACC00159,ACC00068,1451.05,RTGS,Bengaluru,Karnataka,False,7,1.37
TXN205424,,2025-05-08T12:35:00,ACC00335,ACC00191,1053.28,Card,Hyderabad,Telangana,False,23,0.76
TXN205425,,2025-02-24T20:04:00,ACC00437,ACC00058,2285.5,Card,Jaipur,Rajasthan,False,23,0.35
TXN205426,,2025-03-21T01:00:00,ACC00344,ACC00086,405.96,Card,Lucknow,Uttar Pradesh,False,27,0.66
TXN205427,,2025-01-28T07:54:00,ACC00316,ACC00039,4591.01,RTGS,Bengaluru,Karnataka,False,15,0.46
TXN205428,,2025-01-24T12:37:00,ACC00004,ACC00228,1162.16,Wallet,Kanpur,Uttar Pradesh,False,28,0.71
TXN205429,,2025-01-13T12:23:00,ACC00192,ACC00419,2245.35,UPI,Kanpur,Uttar Pradesh,False,22,0.96
TXN205430,,2025-04-01T17:04:00,ACC00050,ACC00319,3123.11,UPI,Hyderabad,Telangana,False,31,1.21
TXN205431,,2025-06-23T00:07:00,ACC00267,ACC00039,969.7,NEFT,Delhi,Delhi,False,36,1.74
TXN205432,,2025-04-14T21:09:00,ACC00361,ACC00381,559.24,Card,Lucknow,Uttar Pradesh,False,23,1.34
TXN205433,,2025-03-14T01:33:00,ACC00144,ACC00027,1907.19,Card,Bengaluru,Karnataka,False,6,1.08
TXN205434,,2025-06-11T14:45:00,ACC00188,ACC00253,189.82,RTGS,Mumbai,Maharashtra,False,23,0.85
TXN205435,,2025-08-20T21:54:00,ACC00121,ACC00051,4467.85,IMPS,Kanpur,Uttar Pradesh,False,8,0.42
TXN205436,,2025-08-06T17:35:00,ACC00386,ACC00212,5701.72,Card,Kanpur,Uttar Pradesh,False,21,0.48
TXN205437,,2025-09-04T04:50:00,ACC00236,ACC00495,2732.94,NEFT,Delhi,Delhi,False,26,1.75
TXN205438,,2025-08-02T15:11:00,ACC00493,ACC00354,12724.75,IMPS,Bengaluru,Karnataka,False,27,1.37
TXN205439,,2025-06-19T20:15:00,ACC00237,ACC00276,1017.64,Card,Jaipur,Rajasthan,False,12,0.77
TXN205440,,2025-03-27T16:31:00,ACC00007,ACC00200,5645.5,Wallet,Patna,Bihar,False,20,0.58
TXN205441,,2025-09-10T01:50:00,ACC00393,ACC00230,4371.32,Card,Lucknow,Uttar Pradesh,False,34,0.74
TXN205442,,2025-02-25T09:00:00,ACC00184,ACC00283,861.15,NEFT,Jaipur,Rajasthan,False,23,1.83
TXN205443,,2025-07-02T03:07:00,ACC00481,ACC00215,1089.42,Card,Mumbai,Maharashtra,False,2,1.41
TXN205444,,2025-03-22T19:59:00,ACC00314,ACC00386,3164.54,Wallet,Lucknow,Uttar Pradesh,False,40,0.54
TXN205445,,2025-02-03T22:22:00,ACC00243,ACC00452,2083.18,Card,Mumbai,Maharashtra,False,31,0.6
TXN205446,,2025-01-21T15:03:00,ACC00201,ACC00364,522.07,Card,Kanpur,Uttar Pradesh,False,12,1.84
TXN205447,,2025-03-02T19:39:00,ACC00132,ACC00434,488.85,UPI,Lucknow,Uttar Pradesh,False,31,0.42
TXN205448,,2025-04-16T01:34:00,ACC00404,ACC00273,339.83,IMPS,Jaipur,Rajasthan,False,13,1.9
TXN205449,,2025-02-13T20:46:00,ACC00420,ACC00053,253.57,NEFT,Hyderabad,Telangana,False,20,0.65
TXN205450,,2025-04-07T19:04:00,ACC00479,ACC00083,1159.45,NEFT,Mumbai,Maharashtra,False,22,1.49
TXN205451,,2025-01-09T10:32:00,ACC00146,ACC00300,491.04,RTGS,Kanpur,Uttar Pradesh,False,10,1.46
TXN205452,,2025-01-16T20:29:00,ACC00220,ACC00264,1458.2,Wallet,Lucknow,Uttar Pradesh,False,10,1.79
TXN205453,,2025-09-12T13:06:00,ACC00027,ACC00008,1137.8,UPI,Bengaluru,Karnataka,False,12,1.01
TXN205454,,2025-05-31T21:21:00,ACC00344,ACC00373,3057.82,UPI,Kanpur,Uttar Pradesh,False,25,0.14
TXN205455,,2025-09-05T06:12:00,ACC00444,ACC00318,12524.69,UPI,Kanpur,Uttar Pradesh,False,13,1.73
TXN205456,,2025-02-25T20:43:00,ACC00350,ACC00033,304.87,RTGS,Patna,Bihar,False,18,0.47
TXN205457,,2025-08-06T06:20:00,ACC00477,ACC00148,5592.78,NEFT,Bengaluru,Karnataka,False,25,0.35
TXN205458,,2025-04-03T15:54:00,ACC00333,ACC00358,33501.29,Wallet,Kanpur,Uttar Pradesh,False,7,0.28
TXN205459,,2025-02-03T21:49:00,ACC00241,ACC00208,3082.61,Card,Lucknow,Uttar Pradesh,False,17,0.97
TXN205460,,2025-01-15T11:52:00,ACC00302,ACC00472,2138.23,Card,Delhi,Delhi,False,12,0.7
TXN205461,,2025-08-17T10:05:00,ACC00377,ACC00485,701.04,Card,Jaipur,Rajasthan,False,12,1.39
TXN205462,,2025-01-12T09:49:00,ACC00049,ACC00312,621.66,NEFT,Patna,Bihar,False,27,1.72
TXN205463,,2025-08-14T01:29:00,ACC00034,ACC00339,1440.34,IMPS,Patna,Bihar,False,22,0.68
TXN205464,,2025-07-20T17:51:00,ACC00486,ACC00219,2179.67,Card,Delhi,Delhi,False,11,1.7
TXN205465,,2025-01-17T18:54:00,ACC00288,ACC00437,11160.64,NEFT,Delhi,Delhi,False,50,1.82
TXN205466,,2025-04-15T20:33:00,ACC00365,ACC00290,5419.59,Wallet,Lucknow,Uttar Pradesh,False,27,0.13
TXN205467,,2025-01-27T23:01:00,ACC00080,ACC00130,2284.63,IMPS,Hyderabad,Telangana,False,19,1.94
TXN205468,,2025-04-10T16:56:00,ACC00343,ACC00073,3886.62,RTGS,Mumbai,Maharashtra,False,7,0.71
TXN205469,,2025-01-05T17:21:00,ACC00395,ACC00031,3146.85,UPI,Lucknow,Uttar Pradesh,False,12,1.72
TXN205470,,2025-06-18T07:07:00,ACC00497,ACC00364,1523.66,NEFT,Jaipur,Rajasthan,False,1,0.37
TXN205471,,2025-05-15T19:46:00,ACC00120,ACC00457,10620.3,Card,Patna,Bihar,False,15,1.02
TXN205472,,2025-08-13T21:44:00,ACC00110,ACC00248,2133.37,IMPS,Jaipur,Rajasthan,False,2,0.81
TXN205473,,2025-01-04T11:30:00,ACC00310,ACC00485,2240.77,Card,Lucknow,Uttar Pradesh,False,19,0.35
TXN205474,,2025-08-14T20:16:00,ACC00272,ACC00060,470.41,UPI,Bengaluru,Karnataka,False,48,1.93
TXN205475,,2025-08-02T16:47:00,ACC00461,ACC00226,706.61,Card,Kanpur,Uttar Pradesh,False,26,0.45
TXN205476,,2025-02-07T05:01:00,ACC00068,ACC00317,1535.33,Wallet,Bengaluru,Karnataka,False,11,0.86
TXN205477,,2025-05-17T12:52:00,ACC00208,ACC00113,2662.84,Card,Hyderabad,Telangana,False,12,0.18
TXN205478,,2025-03-31T21:27:00,ACC00430,ACC00325,1215.95,RTGS,Bengaluru,Karnataka,False,19,0.35
TXN205479,,2025-01-09T06:25:00,ACC00111,ACC00018,202.72,Card,Hyderabad,Telangana,False,28,1.23
TXN205480,,2025-09-01T10:35:00,ACC00458,ACC00005,1234.2,UPI,Mumbai,Maharashtra,False,34,1.11
TXN205481,,2025-01-17T01:17:00,ACC00193,ACC00476,5759.57,IMPS,Patna,Bihar,False,24,1.74
TXN205482,,2025-06-12T03:56:00,ACC00310,ACC00054,444.67,Card,Kanpur,Uttar Pradesh,False,15,1.55
TXN205483,,2025-08-17T01:56:00,ACC00497,ACC00141,3638.43,Wallet,Lucknow,Uttar Pradesh,False,30,1.62
TXN205484,,2025-03-01T08:41:00,ACC00494,ACC00362,11176.74,Card,Patna,Bihar,False,43,1.83
TXN205485,,2025-09-01T11:11:00,ACC00268,ACC00211,761.55,Wallet,Jaipur,Rajasthan,False,31,0.84
TXN205486,,2025-09-08T01:19:00,ACC00446,ACC00406,315.54,UPI,Patna,Bihar,False,1,0.18
TXN205487,,2025-06-01T17:22:00,ACC00341,ACC00484,2095.87,IMPS,Patna,Bihar,False,16,0.23
TXN205488,,2025-04-10T08:05:00,ACC00204,ACC00255,3303.23,RTGS,Mumbai,Maharashtra,False,33,1.7
TXN205489,,2025-09-02T07:09:00,ACC00456,ACC00363,6716.6,RTGS,Hyderabad,Telangana,False,31,0.46
TXN205490,,2025-07-06T21:14:00,ACC00304,ACC00112,13644.11,RTGS,Jaipur,Rajasthan,False,23,1.16
TXN205491,,2025-04-08T10:51:00,ACC00008,ACC00426,609.29,NEFT,Lucknow,Uttar Pradesh,False,8,1.92
TXN205492,,2025-04-26T05:28:00,ACC00032,ACC00443,2168.13,RTGS,Kanpur,Uttar Pradesh,False,28,0.36
TXN205493,,2025-05-10T10:09:00,ACC00392,ACC00170,7569.04,IMPS,Delhi,Delhi,False,17,0.71
TXN205494,,2025-08-06T18:48:00,ACC00455,ACC00333,1063.54,UPI,Kanpur,Uttar Pradesh,False,26,1.95
TXN205495,,2025-03-18T01:50:00,ACC00431,ACC00038,13244.87,Wallet,Patna,Bihar,False,36,1.27
TXN205496,,2025-04-18T23:39:00,ACC00491,ACC00458,1679.14,UPI,Patna,Bihar,False,28,0.86
TXN205497,,2025-04-13T20:54:00,ACC00449,ACC00470,1245.5,Card,Lucknow,Uttar Pradesh,False,15,0.15
TXN205498,,2025-02-08T16:48:00,ACC00308,ACC00300,2221.51,IMPS,Mumbai,Maharashtra,False,26,0.65
TXN205499,,2025-09-04T05:34:00,ACC00029,ACC00131,1006.15,UPI,Patna,Bihar,False,28,0.7
TXN205500,,2025-09-17T06:33:00,ACC00490,ACC00183,3246.82,Wallet,Lucknow,Uttar Pradesh,False,16,1.16
TXN205501,,2025-01-12T05:03:00,ACC00342,ACC00198,778.83,Wallet,Mumbai,Maharashtra,False,1,1.06
TXN205502,,2025-03-10T02:05:00,ACC00492,ACC00028,1844.57,Wallet,Delhi,Delhi,False,20,1.03
TXN205503,,2025-03-07T11:26:00,ACC00444,ACC00390,943.87,Wallet,Mumbai,Maharashtra,False,15,0.89
TXN205504,,2025-05-04T20:00:00,ACC00351,ACC00161,286.15,Wallet,Mumbai,Maharashtra,False,28,1.36
TXN205505,,2025-07-16T01:49:00,ACC00314,ACC00459,1565.0,NEFT,Bengaluru,Karnataka,False,17,0.39
TXN205506,,2025-04-24T12:06:00,ACC00495,ACC00011,1034.91,IMPS,Hyderabad,Telangana,False,19,1.72
TXN205507,,2025-04-17T22:44:00,ACC00146,ACC00334,1317.26,RTGS,Lucknow,Uttar Pradesh,False,1,0.56
TXN205508,,2025-07-16T07:45:00,ACC00373,ACC00316,2823.04,NEFT,Kanpur,Uttar Pradesh,False,29,0.34
TXN205509,,2025-04-16T20:00:00,ACC00187,ACC00307,1382.28,Wallet,Kanpur,Uttar Pradesh,False,29,0.81
TXN205510,,2025-02-24T05:33:00,ACC00180,ACC00115,862.7,IMPS,Bengaluru,Karnataka,False,15,0.19
TXN205511,,2025-04-14T10:05:00,ACC00097,ACC00052,555.28,UPI,Bengaluru,Karnataka,False,6,1.01
TXN205512,,2025-06-09T08:04:00,ACC00090,ACC00267,2447.13,NEFT,Lucknow,Uttar Pradesh,False,38,1.49
TXN205513,,2025-06-28T07:59:00,ACC00157,ACC00244,12990.07,NEFT,Patna,Bihar,False,3,0.92
TXN205514,,2025-04-26T06:32:00,ACC00330,ACC00113,10568.71,Card,Mumbai,Maharashtra,False,16,0.65
TXN205515,,2025-08-09T00:00:00,ACC00132,ACC00415,504.38,NEFT,Hyderabad,Telangana,False,20,1.86
TXN205516,,2025-09-03T20:08:00,ACC00197,ACC00101,1112.27,NEFT,Kanpur,Uttar Pradesh,False,22,1.32
TXN205517,,2025-07-16T06:24:00,ACC00410,ACC00371,1445.38,IMPS,Kanpur,Uttar Pradesh,False,23,1.63
TXN205518,,2025-01-27T23:37:00,ACC00218,ACC00387,3670.75,Wallet,Kanpur,Uttar Pradesh,False,12,0.24
TXN205519,,2025-08-24T08:23:00,ACC00437,ACC00002,2465.15,IMPS,Lucknow,Uttar Pradesh,False,21,1.07
TXN205520,,2025-09-02T21:38:00,ACC00457,ACC00175,492.27,RTGS,Delhi,Delhi,False,5,0.22
TXN205521,,2025-05-06T20:00:00,ACC00338,ACC00471,858.74,Wallet,Delhi,Delhi,False,8,1.5
TXN205522,,2025-06-20T04:39:00,ACC00312,ACC00341,383.7,Wallet,Lucknow,Uttar Pradesh,False,14,0.3
TXN205523,,2025-04-02T22:30:00,ACC00297,ACC00424,1281.3,Card,Kanpur,Uttar Pradesh,False,21,0.33
TXN205524,,2025-06-14T04:04:00,ACC00439,ACC00213,6817.91,RTGS,Delhi,Delhi,False,24,0.39
TXN205525,,2025-07-14T22:05:00,ACC00275,ACC00052,695.65,RTGS,Lucknow,Uttar Pradesh,False,1,0.86
TXN205526,,2025-03-12T07:52:00,ACC00152,ACC00294,166.66,RTGS,Kanpur,Uttar Pradesh,False,28,1.71
TXN205527,,2025-03-21T08:09:00,ACC00051,ACC00495,1253.04,Wallet,Mumbai,Maharashtra,False,25,1.16
TXN205528,,2025-09-14T00:23:00,ACC00061,ACC00035,4911.43,RTGS,Delhi,Delhi,False,17,0.88
TXN205529,,2025-01-02T03:47:00,ACC00268,ACC00100,5459.11,IMPS,Hyderabad,Telangana,False,10,0.92
TXN205530,,2025-04-27T00:18:00,ACC00496,ACC00123,2904.45,UPI,Hyderabad,Telangana,False,22,1.01
TXN205531,,2025-04-25T03:53:00,ACC00127,ACC00079,4351.62,Wallet,Mumbai,Maharashtra,False,21,0.48
TXN205532,,2025-01-21T09:12:00,ACC00311,ACC00422,1378.89,NEFT,Lucknow,Uttar Pradesh,False,26,1.52
TXN205533,,2025-05-29T02:10:00,ACC00328,ACC00050,9625.76,UPI,Bengaluru,Karnataka,False,1,0.43
TXN205534,,2025-01-05T19:09:00,ACC00115,ACC00362,2926.12,RTGS,Lucknow,Uttar Pradesh,False,13,1.34
TXN205535,,2025-06-03T08:21:00,ACC00365,ACC00427,1353.38,UPI,Hyderabad,Telangana,False,10,0.59
TXN205536,,2025-02-05T11:33:00,ACC00181,ACC00305,6014.83,IMPS,Mumbai,Maharashtra,False,21,1.67
TXN205537,,2025-04-20T18:58:00,ACC00407,ACC00084,2104.66,Card,Mumbai,Maharashtra,False,1,1.72
TXN205538,,2025-07-02T21:42:00,ACC00433,ACC00045,1171.9,NEFT,Kanpur,Uttar Pradesh,False,1,1.95
TXN205539,,2025-09-14T21:04:00,ACC00031,ACC00369,1795.07,NEFT,Lucknow,Uttar Pradesh,False,23,1.42
TXN205540,,2025-04-25T22:45:00,ACC00438,ACC00035,3569.42,UPI,Hyderabad,Telangana,False,9,1.93
TXN205541,,2025-04-10T19:43:00,ACC00175,ACC00364,462.3,Wallet,Jaipur,Rajasthan,False,19,1.6
TXN205542,,2025-07-11T20:33:00,ACC00087,ACC00389,2580.01,IMPS,Hyderabad,Telangana,False,28,0.52
TXN205543,,2025-07-13T16:41:00,ACC00423,ACC00241,15686.46,UPI,Delhi,Delhi,False,9,1.64
TXN205544,,2025-07-29T08:39:00,ACC00314,ACC00376,910.19,UPI,Patna,Bihar,False,14,0.65
TXN205545,,2025-07-21T17:09:00,ACC00079,ACC00403,1488.62,RTGS,Delhi,Delhi,False,11,1.15
TXN205546,,2025-03-18T20:41:00,ACC00468,ACC00407,7582.02,Card,Delhi,Delhi,False,26,0.9
TXN205547,,2025-03-29T05:05:00,ACC00187,ACC00009,846.36,Card,Patna,Bihar,False,19,0.15
TXN205548,,2025-02-12T18:11:00,ACC00300,ACC00167,2925.66,UPI,Lucknow,Uttar Pradesh,False,15,1.79
TXN205549,,2025-04-05T05:50:00,ACC00371,ACC00168,1859.71,UPI,Bengaluru,Karnataka,False,1,1.31
TXN205550,,2025-06-18T14:01:00,ACC00419,ACC00161,2411.55,Card,Lucknow,Uttar Pradesh,False,22,1.82
TXN205551,,2025-08-03T04:51:00,ACC00425,ACC00487,23206.8,IMPS,Patna,Bihar,False,17,0.56
TXN205552,,2025-04-17T21:17:00,ACC00199,ACC00444,7703.19,NEFT,Kanpur,Uttar Pradesh,False,25,1.26
TXN205553,,2025-02-01T15:41:00,ACC00237,ACC00211,3068.7,NEFT,Patna,Bihar,False,37,1.91
TXN205554,,2025-05-28T04:54:00,ACC00422,ACC00433,1556.56,IMPS,Kanpur,Uttar Pradesh,False,12,0.47
TXN205555,,2025-05-11T22:55:00,ACC00271,ACC00367,117.59,RTGS,Hyderabad,Telangana,False,22,0.29
TXN205556,,2025-09-08T12:06:00,ACC00060,ACC00103,169.14,UPI,Mumbai,Maharashtra,False,24,1.57
TXN205557,,2025-02-03T05:15:00,ACC00105,ACC00476,8708.36,RTGS,Kanpur,Uttar Pradesh,False,18,0.56
TXN205558,,2025-06-08T03:27:00,ACC00014,ACC00438,1186.9,RTGS,Mumbai,Maharashtra,False,11,0.43
TXN205559,,2025-02-05T23:28:00,ACC00252,ACC00183,3066.78,RTGS,Jaipur,Rajasthan,False,18,0.13
TXN205560,,2025-08-06T14:00:00,ACC00210,ACC00308,1708.35,Wallet,Lucknow,Uttar Pradesh,False,10,0.19
TXN205561,,2025-05-09T16:03:00,ACC00399,ACC00146,2405.4,IMPS,Bengaluru,Karnataka,False,1,0.38
TXN205562,,2025-08-27T23:53:00,ACC00334,ACC00286,1455.7,IMPS,Lucknow,Uttar Pradesh,False,23,1.34
TXN205563,,2025-08-16T10:23:00,ACC00193,ACC00382,4671.19,NEFT,Hyderabad,Telangana,False,21,1.26
TXN205564,,2025-09-15T19:01:00,ACC00307,ACC00021,3742.27,RTGS,Lucknow,Uttar Pradesh,False,5,1.65
TXN205565,,2025-06-05T21:05:00,ACC00227,ACC00412,923.62,Card,Hyderabad,Telangana,False,36,1.48
TXN205566,,2025-06-29T21:54:00,ACC00100,ACC00167,1511.09,NEFT,Bengaluru,Karnataka,False,19,0.6
TXN205567,,2025-04-04T23:23:00,ACC00292,ACC00262,642.17,IMPS,Kanpur,Uttar Pradesh,False,35,0.11
TXN205568,,2025-01-21T22:55:00,ACC00121,ACC00280,1521.58,NEFT,Bengaluru,Karnataka,False,22,1.25
TXN205569,,2025-05-20T04:08:00,ACC00457,ACC00491,3593.87,Card,Kanpur,Uttar Pradesh,False,30,0.44
TXN205570,,2025-01-30T23:57:00,ACC00356,ACC00485,1668.18,UPI,Hyderabad,Telangana,False,5,1.76
TXN205571,,2025-08-28T02:57:00,ACC00004,ACC00288,964.98,NEFT,Lucknow,Uttar Pradesh,False,4,0.76
TXN205572,,2025-03-13T10:39:00,ACC00097,ACC00224,5494.43,Card,Kanpur,Uttar Pradesh,False,20,0.27
TXN205573,,2025-07-08T05:36:00,ACC00030,ACC00049,4910.25,Wallet,Mumbai,Maharashtra,False,25,1.06
TXN205574,,2025-07-21T03:33:00,ACC00160,ACC00280,1063.04,RTGS,Hyderabad,Telangana,False,36,0.24
TXN205575,,2025-02-22T14:11:00,ACC00355,ACC00227,19492.78,Wallet,Jaipur,Rajasthan,False,1,1.06
TXN205576,,2025-08-06T02:01:00,ACC00241,ACC00080,2094.84,RTGS,Patna,Bihar,False,26,0.93
TXN205577,,2025-02-28T18:24:00,ACC00310,ACC00177,1137.34,IMPS,Mumbai,Maharashtra,False,22,1.26
TXN205578,,2025-05-25T19:13:00,ACC00218,ACC00319,4842.72,UPI,Patna,Bihar,False,33,1.17
TXN205579,,2025-08-09T20:01:00,ACC00306,ACC00013,1770.03,Card,Patna,Bihar,False,29,1.25
TXN205580,,2025-05-17T04:59:00,ACC00245,ACC00399,413.84,UPI,Mumbai,Maharashtra,False,21,0.98
TXN205581,,2025-01-26T15:15:00,ACC00290,ACC00397,683.46,NEFT,Hyderabad,Telangana,False,9,0.4
TXN205582,,2025-04-15T08:26:00,ACC00095,ACC00066,2071.07,RTGS,Mumbai,Maharashtra,False,25,1.54
TXN205583,,2025-08-28T17:23:00,ACC00169,ACC00483,2162.58,UPI,Kanpur,Uttar Pradesh,False,34,1.56
TXN205584,,2025-06-10T07:28:00,ACC00195,ACC00409,4748.55,Wallet,Patna,Bihar,False,36,0.77
TXN205585,,2025-04-16T03:25:00,ACC00194,ACC00184,3173.18,Card,Mumbai,Maharashtra,False,28,0.97
TXN205586,,2025-08-13T08:08:00,ACC00105,ACC00296,1372.59,Card,Patna,Bihar,False,15,0.29
TXN205587,,2025-09-07T06:35:00,ACC00137,ACC00094,596.22,Card,Patna,Bihar,False,29,1.86
TXN205588,,2025-01-19T07:11:00,ACC00190,ACC00196,438.23,NEFT,Patna,Bihar,False,2,0.5
TXN205589,,2025-07-07T16:06:00,ACC00412,ACC00402,7633.46,Wallet,Mumbai,Maharashtra,False,22,1.62
TXN205590,,2025-04-27T07:24:00,ACC00401,ACC00068,2313.29,RTGS,Bengaluru,Karnataka,False,1,1.05
TXN205591,,2025-05-21T02:32:00,ACC00210,ACC00264,2600.46,Wallet,Hyderabad,Telangana,False,12,0.54
TXN205592,,2025-02-06T06:53:00,ACC00042,ACC00097,3211.48,Card,Hyderabad,Telangana,False,9,0.8
TXN205593,,2025-02-06T03:58:00,ACC00463,ACC00353,406.0,Card,Mumbai,Maharashtra,False,3,0.55
TXN205594,,2025-07-25T12:36:00,ACC00290,ACC00069,661.41,Card,Lucknow,Uttar Pradesh,False,1,1.19
TXN205595,,2025-09-12T00:53:00,ACC00254,ACC00162,6213.22,IMPS,Kanpur,Uttar Pradesh,False,26,0.51
TXN205596,,2025-08-27T20:18:00,ACC00368,ACC00188,1263.77,UPI,Kanpur,Uttar Pradesh,False,25,0.89
TXN205597,,2025-07-16T06:40:00,ACC00058,ACC00411,2169.98,IMPS,Delhi,Delhi,False,13,1.46
TXN205598,,2025-07-06T04:18:00,ACC00267,ACC00202,1291.91,Wallet,Bengaluru,Karnataka,False,41,0.31
TXN205599,,2025-01-14T00:06:00,ACC00099,ACC00491,4501.0,Wallet,Delhi,Delhi,False,22,1.78
TXN205600,,2025-09-05T12:17:00,ACC00179,ACC00164,695.83,Card,Lucknow,Uttar Pradesh,False,36,0.37
TXN205601,,2025-07-18T14:33:00,ACC00115,ACC00102,455.98,UPI,Kanpur,Uttar Pradesh,False,16,0.17
TXN205602,,2025-07-03T14:01:00,ACC00252,ACC00125,672.02,RTGS,Hyderabad,Telangana,False,24,0.18
TXN205603,,2025-08-19T10:01:00,ACC00076,ACC00304,6514.11,IMPS,Delhi,Delhi,False,35,1.03
TXN205604,,2025-07-15T17:21:00,ACC00089,ACC00005,928.48,NEFT,Bengaluru,Karnataka,False,5,0.65
TXN205605,,2025-08-05T01:19:00,ACC00036,ACC00117,5981.61,NEFT,Delhi,Delhi,False,19,0.17
TXN205606,,2025-01-10T01:43:00,ACC00211,ACC00253,1604.05,UPI,Lucknow,Uttar Pradesh,False,17,0.68
TXN205607,,2025-01-19T02:31:00,ACC00204,ACC00364,2641.34,Wallet,Hyderabad,Telangana,False,3,1.16
TXN205608,,2025-03-19T12:45:00,ACC00264,ACC00177,4419.01,RTGS,Hyderabad,Telangana,False,18,0.68
TXN205609,,2025-02-27T03:30:00,ACC00167,ACC00116,3385.9,Wallet,Patna,Bihar,False,9,1.3
TXN205610,,2025-03-13T07:23:00,ACC00429,ACC00267,1025.9,RTGS,Patna,Bihar,False,25,1.29
TXN205611,,2025-03-21T11:43:00,ACC00252,ACC00181,838.71,RTGS,Mumbai,Maharashtra,False,40,1.34
TXN205612,,2025-03-25T23:07:00,ACC00251,ACC00065,3109.86,UPI,Jaipur,Rajasthan,False,8,0.97
TXN205613,,2025-01-12T16:26:00,ACC00417,ACC00096,644.18,RTGS,Mumbai,Maharashtra,False,37,0.6
TXN205614,,2025-08-15T03:45:00,ACC00128,ACC00365,2240.74,IMPS,Bengaluru,Karnataka,False,31,1.97
TXN205615,,2025-05-19T12:55:00,ACC00272,ACC00025,2481.24,IMPS,Lucknow,Uttar Pradesh,False,13,1.17
TXN205616,,2025-04-04T01:55:00,ACC00391,ACC00077,4185.85,Card,Patna,Bihar,False,12,0.77
TXN205617,,2025-08-28T19:51:00,ACC00319,ACC00411,2569.3,UPI,Kanpur,Uttar Pradesh,False,11,0.83
TXN205618,,2025-04-15T06:11:00,ACC00386,ACC00063,265.77,Wallet,Patna,Bihar,False,13,1.98
TXN205619,,2025-09-13T00:22:00,ACC00164,ACC00068,4056.51,Wallet,Lucknow,Uttar Pradesh,False,14,0.93
TXN205620,,2025-02-11T06:11:00,ACC00432,ACC00038,1952.6,NEFT,Patna,Bihar,False,21,1.47
TXN205621,,2025-05-27T12:52:00,ACC00373,ACC00167,3218.89,UPI,Delhi,Delhi,False,21,0.77
TXN205622,,2025-03-01T03:17:00,ACC00342,ACC00437,6491.36,NEFT,Bengaluru,Karnataka,False,26,1.97
TXN205623,,2025-03-20T20:38:00,ACC00421,ACC00078,569.74,UPI,Hyderabad,Telangana,False,15,1.13
TXN205624,,2025-03-25T21:15:00,ACC00415,ACC00309,923.5,Card,Delhi,Delhi,False,16,1.56
TXN205625,,2025-06-26T17:53:00,ACC00079,ACC00369,2379.64,Card,Jaipur,Rajasthan,False,32,1.08
TXN205626,,2025-06-29T23:14:00,ACC00345,ACC00178,1087.57,RTGS,Kanpur,Uttar Pradesh,False,15,0.28
TXN205627,,2025-01-01T02:53:00,ACC00034,ACC00033,2286.6,UPI,Kanpur,Uttar Pradesh,False,13,1.27
TXN205628,,2025-01-12T15:13:00,ACC00226,ACC00007,11775.54,NEFT,Hyderabad,Telangana,False,20,0.26
TXN205629,,2025-03-30T11:09:00,ACC00231,ACC00161,570.84,RTGS,Mumbai,Maharashtra,False,16,1.31
TXN205630,,2025-06-13T11:06:00,ACC00262,ACC00215,1896.64,UPI,Bengaluru,Karnataka,False,16,1.43
TXN205631,,2025-08-13T00:41:00,ACC00346,ACC00438,1900.0,Wallet,Jaipur,Rajasthan,False,17,1.3
TXN205632,,2025-02-06T03:17:00,ACC00035,ACC00307,1051.49,UPI,Lucknow,Uttar Pradesh,False,12,0.24
TXN205633,,2025-05-01T10:33:00,ACC00126,ACC00354,305.58,Card,Hyderabad,Telangana,False,23,1.1
TXN205634,,2025-01-05T04:09:00,ACC00200,ACC00428,4763.86,IMPS,Delhi,Delhi,False,32,0.76
TXN205635,,2025-03-31T10:19:00,ACC00354,ACC00096,951.77,NEFT,Lucknow,Uttar Pradesh,False,20,1.82
TXN205636,,2025-04-06T23:07:00,ACC00215,ACC00314,856.96,UPI,Mumbai,Maharashtra,False,36,1.61
TXN205637,,2025-07-06T12:49:00,ACC00094,ACC00123,2431.86,IMPS,Jaipur,Rajasthan,False,10,1.04
TXN205638,,2025-08-02T17:59:00,ACC00026,ACC00418,3346.91,RTGS,Delhi,Delhi,False,24,1.98
TXN205639,,2025-09-12T11:06:00,ACC00402,ACC00201,904.2,Wallet,Hyderabad,Telangana,False,20,1.49
TXN205640,,2025-07-01T00:28:00,ACC00199,ACC00207,2764.82,Card,Lucknow,Uttar Pradesh,False,14,1.09
TXN205641,,2025-07-04T00:56:00,ACC00197,ACC00252,1228.14,RTGS,Mumbai,Maharashtra,False,41,1.82
TXN205642,,2025-03-07T04:22:00,ACC00014,ACC00250,2349.07,NEFT,Kanpur,Uttar Pradesh,False,25,0.56
TXN205643,,2025-07-24T20:27:00,ACC00033,ACC00329,1242.54,NEFT,Lucknow,Uttar Pradesh,False,24,1.5
TXN205644,,2025-03-11T16:55:00,ACC00499,ACC00238,15945.29,Card,Patna,Bihar,False,5,0.36
TXN205645,,2025-05-12T07:03:00,ACC00113,ACC00327,1902.68,RTGS,Patna,Bihar,False,6,0.2
TXN205646,,2025-02-11T09:13:00,ACC00043,ACC00165,1836.6,IMPS,Jaipur,Rajasthan,False,21,0.79
TXN205647,,2025-08-11T03:31:00,ACC00133,ACC00072,5261.37,UPI,Hyderabad,Telangana,False,8,0.78
TXN205648,,2025-02-03T15:52:00,ACC00311,ACC00264,2180.26,UPI,Delhi,Delhi,False,12,1.34
TXN205649,,2025-07-13T02:48:00,ACC00002,ACC00341,873.28,RTGS,Lucknow,Uttar Pradesh,False,18,1.85
TXN205650,,2025-03-22T06:16:00,ACC00070,ACC00452,3031.62,Wallet,Jaipur,Rajasthan,False,24,0.56
TXN205651,,2025-07-24T16:10:00,ACC00145,ACC00347,2311.74,RTGS,Bengaluru,Karnataka,False,4,0.65
TXN205652,,2025-01-29T02:53:00,ACC00092,ACC00436,2388.15,IMPS,Jaipur,Rajasthan,False,34,1.25
TXN205653,,2025-09-06T21:23:00,ACC00140,ACC00237,1210.34,NEFT,Patna,Bihar,False,17,0.58
TXN205654,,2025-04-24T08:38:00,ACC00198,ACC00097,1122.74,NEFT,Lucknow,Uttar Pradesh,False,26,1.57
TXN205655,,2025-02-28T08:40:00,ACC00409,ACC00016,1181.6,UPI,Jaipur,Rajasthan,False,29,0.95
TXN205656,,2025-04-17T21:17:00,ACC00360,ACC00100,836.53,NEFT,Jaipur,Rajasthan,False,20,1.93
TXN205657,,2025-05-13T05:10:00,ACC00378,ACC00479,5662.04,UPI,Delhi,Delhi,False,25,1.23
TXN205658,,2025-09-14T08:02:00,ACC00264,ACC00058,2632.27,Card,Kanpur,Uttar Pradesh,False,27,0.78
TXN205659,,2025-02-06T06:25:00,ACC00238,ACC00467,933.91,Wallet,Patna,Bihar,False,8,0.66
TXN205660,,2025-05-26T22:45:00,ACC00442,ACC00287,278.0,IMPS,Delhi,Delhi,False,26,0.57
TXN205661,,2025-01-31T19:26:00,ACC00071,ACC00303,5371.55,UPI,Hyderabad,Telangana,False,28,0.27
TXN205662,,2025-06-29T06:38:00,ACC00020,ACC00342,4840.61,UPI,Lucknow,Uttar Pradesh,False,26,1.19
TXN205663,,2025-07-29T16:30:00,ACC00245,ACC00105,6525.28,Wallet,Bengaluru,Karnataka,False,23,0.62
TXN205664,,2025-07-17T03:24:00,ACC00056,ACC00024,651.82,UPI,Kanpur,Uttar Pradesh,False,20,0.43
TXN205665,,2025-05-21T12:00:00,ACC00263,ACC00057,1341.87,NEFT,Delhi,Delhi,False,34,0.7
TXN205666,,2025-02-17T04:50:00,ACC00376,ACC00241,1207.56,UPI,Bengaluru,Karnataka,False,16,1.37
TXN205667,,2025-08-31T01:23:00,ACC00409,ACC00072,4297.51,RTGS,Mumbai,Maharashtra,False,37,0.33
TXN205668,,2025-04-07T13:18:00,ACC00191,ACC00141,1321.62,Wallet,Lucknow,Uttar Pradesh,False,4,0.15
TXN205669,,2025-05-15T12:37:00,ACC00448,ACC00207,1426.5,Wallet,Patna,Bihar,False,42,1.53
TXN205670,,2025-05-18T23:46:00,ACC00301,ACC00493,3961.09,IMPS,Lucknow,Uttar Pradesh,False,26,1.6
TXN205671,,2025-05-18T08:16:00,ACC00222,ACC00363,6904.89,NEFT,Patna,Bihar,False,12,1.59
TXN205672,,2025-08-23T18:29:00,ACC00450,ACC00085,2815.51,NEFT,Lucknow,Uttar Pradesh,False,30,1.24
TXN205673,,2025-05-04T06:59:00,ACC00437,ACC00327,441.71,Wallet,Lucknow,Uttar Pradesh,False,24,1.9
TXN205674,,2025-07-28T22:50:00,ACC00177,ACC00300,937.56,NEFT,Mumbai,Maharashtra,False,28,1.14
TXN205675,,2025-07-28T18:19:00,ACC00411,ACC00457,1935.73,NEFT,Delhi,Delhi,False,14,1.6
TXN205676,,2025-02-21T15:25:00,ACC00097,ACC00061,1792.31,Card,Kanpur,Uttar Pradesh,False,30,0.85
TXN205677,,2025-04-25T05:38:00,ACC00454,ACC00323,15666.53,RTGS,Bengaluru,Karnataka,False,21,1.47
TXN205678,,2025-02-01T12:54:00,ACC00043,ACC00204,2289.42,RTGS,Bengaluru,Karnataka,False,6,1.69
TXN205679,,2025-03-15T07:55:00,ACC00275,ACC00469,14112.17,Card,Mumbai,Maharashtra,False,23,0.56
TXN205680,,2025-05-13T17:38:00,ACC00202,ACC00128,494.7,IMPS,Hyderabad,Telangana,False,39,0.69
TXN205681,,2025-09-08T08:22:00,ACC00253,ACC00234,1183.51,UPI,Lucknow,Uttar Pradesh,False,37,0.67
TXN205682,,2025-09-08T12:52:00,ACC00490,ACC00493,1224.33,Card,Hyderabad,Telangana,False,14,1.64
TXN205683,,2025-08-21T06:57:00,ACC00121,ACC00358,1730.8,RTGS,Hyderabad,Telangana,False,15,0.36
TXN205684,,2025-05-14T02:06:00,ACC00096,ACC00121,817.46,Wallet,Mumbai,Maharashtra,False,26,0.77
TXN205685,,2025-04-14T13:32:00,ACC00121,ACC00447,2314.65,RTGS,Delhi,Delhi,False,17,1.31
TXN205686,,2025-06-27T17:39:00,ACC00406,ACC00458,1032.05,Wallet,Delhi,Delhi,False,43,0.78
TXN205687,,2025-05-25T17:19:00,ACC00376,ACC00029,9956.07,RTGS,Kanpur,Uttar Pradesh,False,8,1.85
TXN205688,,2025-04-10T13:44:00,ACC00043,ACC00213,1890.89,UPI,Delhi,Delhi,False,22,2.0
TXN205689,,2025-09-17T19:19:00,ACC00202,ACC00448,1260.57,IMPS,Patna,Bihar,False,26,1.56
TXN205690,,2025-01-28T07:06:00,ACC00293,ACC00151,940.75,UPI,Jaipur,Rajasthan,False,32,1.17
TXN205691,,2025-09-13T00:17:00,ACC00375,ACC00241,18050.64,Wallet,Jaipur,Rajasthan,False,1,1.03
TXN205692,,2025-05-17T16:09:00,ACC00387,ACC00124,1882.19,NEFT,Mumbai,Maharashtra,False,23,1.38
TXN205693,,2025-02-05T12:04:00,ACC00009,ACC00304,128.59,IMPS,Mumbai,Maharashtra,False,19,0.49
TXN205694,,2025-09-16T01:06:00,ACC00436,ACC00161,3715.12,UPI,Patna,Bihar,False,30,0.34
TXN205695,,2025-05-25T17:34:00,ACC00116,ACC00251,1543.55,Card,Mumbai,Maharashtra,False,21,0.9
TXN205696,,2025-06-14T01:42:00,ACC00175,ACC00109,1264.58,NEFT,Bengaluru,Karnataka,False,1,0.42
TXN205697,,2025-07-15T09:17:00,ACC00407,ACC00063,547.09,Card,Lucknow,Uttar Pradesh,False,29,1.36
TXN205698,,2025-06-04T19:20:00,ACC00343,ACC00344,7014.01,NEFT,Jaipur,Rajasthan,False,24,1.35
TXN205699,,2025-02-11T07:25:00,ACC00464,ACC00242,5199.12,NEFT,Hyderabad,Telangana,False,22,0.73
TXN205700,,2025-06-04T14:09:00,ACC00471,ACC00457,1001.32,UPI,Mumbai,Maharashtra,False,17,1.01
TXN205701,,2025-01-26T16:24:00,ACC00070,ACC00427,1843.67,IMPS,Delhi,Delhi,False,16,0.6
TXN205702,,2025-03-08T00:42:00,ACC00327,ACC00484,877.24,UPI,Kanpur,Uttar Pradesh,False,13,0.88
TXN205703,,2025-05-28T07:08:00,ACC00299,ACC00481,5040.17,UPI,Jaipur,Rajasthan,False,12,1.87
TXN205704,,2025-02-24T03:18:00,ACC00473,ACC00224,7248.19,Wallet,Kanpur,Uttar Pradesh,False,4,1.55
TXN205705,,2025-08-28T09:21:00,ACC00315,ACC00048,1381.3,Card,Patna,Bihar,False,22,1.13
TXN205706,,2025-06-15T21:19:00,ACC00308,ACC00167,2248.13,Card,Mumbai,Maharashtra,False,18,1.91
TXN205707,,2025-04-14T05:46:00,ACC00227,ACC00267,3107.41,RTGS,Patna,Bihar,False,16,1.69
TXN205708,,2025-01-03T14:16:00,ACC00072,ACC00101,767.13,NEFT,Bengaluru,Karnataka,False,28,1.35
TXN205709,,2025-04-10T07:28:00,ACC00099,ACC00106,745.31,IMPS,Patna,Bihar,False,4,1.92
TXN205710,,2025-09-13T09:18:00,ACC00137,ACC00478,3103.57,Wallet,Kanpur,Uttar Pradesh,False,14,1.33
TXN205711,,2025-05-20T05:45:00,ACC00108,ACC00166,9253.01,NEFT,Hyderabad,Telangana,False,24,0.99
TXN205712,,2025-06-24T14:44:00,ACC00016,ACC00384,275.31,Card,Lucknow,Uttar Pradesh,False,25,1.58
TXN205713,,2025-05-25T13:40:00,ACC00210,ACC00064,353.56,Card,Patna,Bihar,False,36,1.46
TXN205714,,2025-07-24T06:56:00,ACC00124,ACC00269,688.44,UPI,Patna,Bihar,False,37,1.9
TXN205715,,2025-07-09T13:33:00,ACC00221,ACC00121,2069.22,Card,Patna,Bihar,False,13,0.71
TXN205716,,2025-09-13T04:24:00,ACC00222,ACC00322,2334.42,UPI,Jaipur,Rajasthan,False,24,0.62
TXN205717,,2025-03-07T02:16:00,ACC00122,ACC00166,1116.39,RTGS,Delhi,Delhi,False,16,0.53
TXN205718,,2025-06-30T09:29:00,ACC00431,ACC00424,3253.08,Card,Kanpur,Uttar Pradesh,False,9,0.6
TXN205719,,2025-02-21T09:46:00,ACC00028,ACC00104,1911.66,Wallet,Delhi,Delhi,False,14,1.13
TXN205720,,2025-07-23T10:01:00,ACC00105,ACC00040,792.29,IMPS,Lucknow,Uttar Pradesh,False,19,0.1
TXN205721,,2025-01-16T04:10:00,ACC00403,ACC00160,951.34,IMPS,Lucknow,Uttar Pradesh,False,1,1.48
TXN205722,,2025-06-05T18:55:00,ACC00012,ACC00479,139.98,IMPS,Lucknow,Uttar Pradesh,False,21,0.4
TXN205723,,2025-01-25T05:17:00,ACC00173,ACC00286,3573.27,IMPS,Lucknow,Uttar Pradesh,False,22,1.48
TXN205724,,2025-01-12T10:13:00,ACC00411,ACC00234,762.42,NEFT,Mumbai,Maharashtra,False,19,1.06
TXN205725,,2025-02-07T06:56:00,ACC00452,ACC00202,4460.87,Card,Jaipur,Rajasthan,False,17,1.38
TXN205726,,2025-09-16T00:07:00,ACC00391,ACC00339,1214.75,RTGS,Jaipur,Rajasthan,False,10,0.39
TXN205727,,2025-02-17T12:54:00,ACC00218,ACC00039,2294.0,UPI,Mumbai,Maharashtra,False,28,1.46
TXN205728,,2025-09-14T04:45:00,ACC00096,ACC00300,11399.14,UPI,Lucknow,Uttar Pradesh,False,15,0.43
TXN205729,,2025-03-28T13:10:00,ACC00419,ACC00466,3802.13,Wallet,Patna,Bihar,False,24,0.82
TXN205730,,2025-02-03T09:42:00,ACC00122,ACC00168,1432.39,Card,Jaipur,Rajasthan,False,15,0.11
TXN205731,,2025-07-20T03:33:00,ACC00069,ACC00017,2782.54,Card,Kanpur,Uttar Pradesh,False,10,0.89
TXN205732,,2025-03-23T16:00:00,ACC00438,ACC00264,4588.94,NEFT,Kanpur,Uttar Pradesh,False,27,0.46
TXN205733,,2025-04-08T03:44:00,ACC00422,ACC00402,3383.62,IMPS,Lucknow,Uttar Pradesh,False,3,0.42
TXN205734,,2025-01-05T16:05:00,ACC00263,ACC00246,1289.57,RTGS,Kanpur,Uttar Pradesh,False,22,1.92
TXN205735,,2025-02-09T19:00:00,ACC00455,ACC00246,1176.8,NEFT,Bengaluru,Karnataka,False,23,0.8
TXN205736,,2025-06-11T22:05:00,ACC00363,ACC00146,2201.9,UPI,Lucknow,Uttar Pradesh,False,17,0.55
TXN205737,,2025-08-30T01:52:00,ACC00422,ACC00387,725.52,UPI,Patna,Bihar,False,12,0.96
TXN205738,,2025-03-06T13:49:00,ACC00278,ACC00422,6636.98,NEFT,Bengaluru,Karnataka,False,23,1.13
TXN205739,,2025-04-20T15:36:00,ACC00245,ACC00053,3982.78,NEFT,Jaipur,Rajasthan,False,21,1.53
TXN205740,,2025-05-22T08:57:00,ACC00303,ACC00307,2540.84,IMPS,Mumbai,Maharashtra,False,23,1.79
TXN205741,,2025-01-27T13:33:00,ACC00405,ACC00006,11645.24,RTGS,Jaipur,Rajasthan,False,9,0.47
TXN205742,,2025-02-09T01:58:00,ACC00176,ACC00163,4750.84,Card,Hyderabad,Telangana,False,24,1.03
TXN205743,,2025-01-01T20:14:00,ACC00126,ACC00261,1277.52,RTGS,Patna,Bihar,False,22,1.09
TXN205744,,2025-07-03T08:56:00,ACC00294,ACC00106,801.51,IMPS,Patna,Bihar,False,5,0.13
TXN205745,,2025-04-01T12:09:00,ACC00152,ACC00015,1097.36,Card,Mumbai,Maharashtra,False,8,1.43
TXN205746,,2025-02-27T15:12:00,ACC00258,ACC00377,3798.42,Card,Lucknow,Uttar Pradesh,False,15,1.57
TXN205747,,2025-07-17T12:38:00,ACC00329,ACC00105,1030.38,NEFT,Hyderabad,Telangana,False,28,0.66
TXN205748,,2025-07-16T10:49:00,ACC00042,ACC00427,1705.72,IMPS,Patna,Bihar,False,21,1.96
TXN205749,,2025-04-01T19:30:00,ACC00061,ACC00071,678.31,Card,Lucknow,Uttar Pradesh,False,27,1.8
TXN205750,,2025-05-20T09:24:00,ACC00167,ACC00200,835.77,NEFT,Delhi,Delhi,False,39,1.59
TXN205751,,2025-01-17T14:03:00,ACC00287,ACC00358,4671.98,NEFT,Lucknow,Uttar Pradesh,False,4,0.67
TXN205752,,2025-06-09T03:32:00,ACC00136,ACC00291,1742.46,IMPS,Lucknow,Uttar Pradesh,False,24,0.33
TXN205753,,2025-01-09T17:30:00,ACC00134,ACC00325,1119.86,IMPS,Delhi,Delhi,False,34,0.21
TXN205754,,2025-03-02T04:42:00,ACC00316,ACC00354,2898.66,UPI,Jaipur,Rajasthan,False,9,0.65
TXN205755,,2025-05-11T03:13:00,ACC00316,ACC00127,4251.03,NEFT,Hyderabad,Telangana,False,13,0.98
TXN205756,,2025-08-01T22:29:00,ACC00392,ACC00131,2184.49,NEFT,Mumbai,Maharashtra,False,12,0.47
TXN205757,,2025-06-25T07:21:00,ACC00191,ACC00230,5359.25,NEFT,Delhi,Delhi,False,29,1.74
TXN205758,,2025-07-19T04:42:00,ACC00207,ACC00225,1189.34,Wallet,Jaipur,Rajasthan,False,14,0.4
TXN205759,,2025-09-04T22:37:00,ACC00257,ACC00326,6829.35,Wallet,Kanpur,Uttar Pradesh,False,5,1.42
TXN205760,,2025-08-18T01:58:00,ACC00128,ACC00463,1812.89,Card,Kanpur,Uttar Pradesh,False,22,0.8
TXN205761,,2025-01-31T21:21:00,ACC00474,ACC00481,1654.99,NEFT,Bengaluru,Karnataka,False,17,0.97
TXN205762,,2025-07-27T03:42:00,ACC00149,ACC00448,1268.48,NEFT,Hyderabad,Telangana,False,31,0.72
TXN205763,,2025-07-25T05:32:00,ACC00398,ACC00127,306.47,NEFT,Hyderabad,Telangana,False,14,0.49
TXN205764,,2025-05-20T00:19:00,ACC00163,ACC00393,490.01,RTGS,Delhi,Delhi,False,20,1.58
TXN205765,,2025-07-31T08:15:00,ACC00488,ACC00429,1042.99,Wallet,Patna,Bihar,False,15,1.8
TXN205766,,2025-03-15T19:29:00,ACC00322,ACC00093,1796.94,RTGS,Kanpur,Uttar Pradesh,False,5,1.95
TXN205767,,2025-01-06T00:33:00,ACC00033,ACC00467,1701.81,Card,Bengaluru,Karnataka,False,19,1.32
TXN205768,,2025-02-04T23:24:00,ACC00319,ACC00269,217.44,Card,Delhi,Delhi,False,1,0.35
TXN205769,,2025-01-03T16:01:00,ACC00383,ACC00220,271.69,IMPS,Jaipur,Rajasthan,False,33,1.12
TXN205770,,2025-03-04T20:39:00,ACC00465,ACC00410,1789.0,Card,Kanpur,Uttar Pradesh,False,15,1.74
TXN205771,,2025-02-12T11:24:00,ACC00421,ACC00443,4998.25,Wallet,Hyderabad,Telangana,False,19,0.59
TXN205772,,2025-05-02T02:42:00,ACC00302,ACC00380,1680.84,UPI,Jaipur,Rajasthan,False,11,1.89
TXN205773,,2025-07-31T22:16:00,ACC00451,ACC00339,2647.79,UPI,Mumbai,Maharashtra,False,15,0.6
TXN205774,,2025-08-05T04:12:00,ACC00096,ACC00224,770.45,RTGS,Hyderabad,Telangana,False,29,1.58
TXN205775,,2025-04-23T08:48:00,ACC00033,ACC00342,6697.92,RTGS,Delhi,Delhi,False,31,0.26
TXN205776,,2025-08-22T19:59:00,ACC00377,ACC00235,341.53,IMPS,Lucknow,Uttar Pradesh,False,10,0.16
TXN205777,,2025-04-05T15:25:00,ACC00012,ACC00428,7461.77,UPI,Mumbai,Maharashtra,False,29,1.64
TXN205778,,2025-06-15T12:24:00,ACC00183,ACC00113,639.18,Wallet,Jaipur,Rajasthan,False,32,1.24
TXN205779,,2025-01-19T11:48:00,ACC00321,ACC00350,26133.16,IMPS,Bengaluru,Karnataka,False,32,1.54
TXN205780,,2025-07-06T04:07:00,ACC00197,ACC00035,31451.04,IMPS,Hyderabad,Telangana,False,20,0.97
TXN205781,,2025-06-03T02:55:00,ACC00208,ACC00002,556.39,RTGS,Mumbai,Maharashtra,False,23,0.24
TXN205782,,2025-02-19T06:36:00,ACC00207,ACC00389,554.06,Card,Kanpur,Uttar Pradesh,False,14,1.43
TXN205783,,2025-08-30T19:47:00,ACC00232,ACC00120,425.59,IMPS,Mumbai,Maharashtra,False,36,0.59
TXN205784,,2025-08-23T13:08:00,ACC00264,ACC00222,4872.43,IMPS,Patna,Bihar,False,8,1.17
TXN205785,,2025-08-25T23:03:00,ACC00078,ACC00011,11215.82,Card,Patna,Bihar,False,10,0.42
TXN205786,,2025-01-27T11:35:00,ACC00416,ACC00040,703.04,Wallet,Mumbai,Maharashtra,False,38,1.07
TXN205787,,2025-01-17T14:56:00,ACC00232,ACC00184,4144.34,Card,Hyderabad,Telangana,False,10,1.84
TXN205788,,2025-01-23T06:45:00,ACC00070,ACC00221,1619.87,Wallet,Mumbai,Maharashtra,False,27,1.53
TXN205789,,2025-08-02T10:58:00,ACC00214,ACC00469,1004.13,Wallet,Jaipur,Rajasthan,False,32,0.67
TXN205790,,2025-01-17T22:52:00,ACC00433,ACC00172,2678.73,UPI,Mumbai,Maharashtra,False,21,1.33
TXN205791,,2025-04-11T09:54:00,ACC00222,ACC00451,145.91,IMPS,Lucknow,Uttar Pradesh,False,15,1.23
TXN205792,,2025-04-07T17:19:00,ACC00394,ACC00148,443.19,NEFT,Lucknow,Uttar Pradesh,False,24,0.59
TXN205793,,2025-09-16T00:29:00,ACC00133,ACC00316,3959.81,Wallet,Bengaluru,Karnataka,False,29,1.71
TXN205794,,2025-04-03T09:02:00,ACC00216,ACC00489,7250.89,IMPS,Kanpur,Uttar Pradesh,False,29,1.71
TXN205795,,2025-01-08T04:25:00,ACC00250,ACC00170,6098.67,IMPS,Kanpur,Uttar Pradesh,False,34,1.93
TXN205796,,2025-04-12T18:20:00,ACC00353,ACC00437,1422.31,UPI,Mumbai,Maharashtra,False,19,0.33
TXN205797,,2025-06-03T07:46:00,ACC00055,ACC00411,1009.76,UPI,Hyderabad,Telangana,False,27,1.46
TXN205798,,2025-01-23T01:35:00,ACC00269,ACC00019,1794.22,NEFT,Delhi,Delhi,False,32,1.82
TXN205799,,2025-01-08T22:30:00,ACC00268,ACC00031,6017.46,NEFT,Jaipur,Rajasthan,False,22,1.57
TXN205800,,2025-05-31T09:28:00,ACC00164,ACC00059,2117.15,Card,Lucknow,Uttar Pradesh,False,27,1.01
TXN205801,,2025-06-08T05:14:00,ACC00068,ACC00074,3752.36,Card,Jaipur,Rajasthan,False,7,1.66
TXN205802,,2025-05-05T23:55:00,ACC00323,ACC00391,3409.98,RTGS,Delhi,Delhi,False,15,0.72
TXN205803,,2025-08-12T03:44:00,ACC00203,ACC00382,1110.33,IMPS,Delhi,Delhi,False,26,1.74
TXN205804,,2025-02-11T09:21:00,ACC00115,ACC00101,429.93,RTGS,Patna,Bihar,False,1,0.26
TXN205805,,2025-08-10T04:21:00,ACC00003,ACC00245,4645.73,IMPS,Bengaluru,Karnataka,False,22,0.63
TXN205806,,2025-01-30T04:32:00,ACC00444,ACC00179,508.09,IMPS,Patna,Bihar,False,21,1.39
TXN205807,,2025-01-28T14:03:00,ACC00420,ACC00471,1415.32,IMPS,Mumbai,Maharashtra,False,14,2.0
TXN205808,,2025-08-22T15:01:00,ACC00352,ACC00330,859.36,Card,Hyderabad,Telangana,False,2,1.04
TXN205809,,2025-08-11T17:53:00,ACC00211,ACC00204,3103.39,UPI,Patna,Bihar,False,21,1.32
TXN205810,,2025-05-14T23:24:00,ACC00053,ACC00471,3682.8,Wallet,Lucknow,Uttar Pradesh,False,18,0.49
TXN205811,,2025-09-15T15:39:00,ACC00088,ACC00303,1506.16,Card,Kanpur,Uttar Pradesh,False,38,0.68
TXN205812,,2025-05-06T21:09:00,ACC00473,ACC00344,441.5,UPI,Hyderabad,Telangana,False,21,1.98
TXN205813,,2025-01-17T14:49:00,ACC00101,ACC00206,3547.1,Wallet,Jaipur,Rajasthan,False,17,0.28
TXN205814,,2025-04-05T14:12:00,ACC00126,ACC00221,1282.21,Card,Lucknow,Uttar Pradesh,False,13,0.73
TXN205815,,2025-06-11T15:46:00,ACC00271,ACC00414,1695.55,NEFT,Mumbai,Maharashtra,False,26,0.29
TXN205816,,2025-05-08T13:16:00,ACC00419,ACC00357,5899.62,NEFT,Mumbai,Maharashtra,False,6,1.06
TXN205817,,2025-06-26T16:40:00,ACC00422,ACC00247,1894.96,UPI,Lucknow,Uttar Pradesh,False,17,0.51
TXN205818,,2025-02-16T15:46:00,ACC00427,ACC00342,7448.99,RTGS,Kanpur,Uttar Pradesh,False,21,1.23
TXN205819,,2025-08-11T20:04:00,ACC00472,ACC00127,1639.07,IMPS,Hyderabad,Telangana,False,23,0.86
TXN205820,,2025-09-17T22:58:00,ACC00238,ACC00109,2488.72,RTGS,Patna,Bihar,False,13,0.83
TXN205821,,2025-05-09T19:19:00,ACC00342,ACC00000,720.99,NEFT,Mumbai,Maharashtra,False,14,1.47
TXN205822,,2025-03-06T00:34:00,ACC00319,ACC00332,6428.75,Card,Mumbai,Maharashtra,False,22,1.29
TXN205823,,2025-05-04T22:15:00,ACC00290,ACC00391,2176.77,UPI,Patna,Bihar,False,5,0.48
TXN205824,,2025-02-18T22:52:00,ACC00025,ACC00181,1948.58,UPI,Lucknow,Uttar Pradesh,False,15,1.65
TXN205825,,2025-07-01T13:36:00,ACC00225,ACC00461,1247.56,Card,Bengaluru,Karnataka,False,13,0.96
TXN205826,,2025-04-03T18:51:00,ACC00012,ACC00360,777.49,RTGS,Jaipur,Rajasthan,False,14,1.98
TXN205827,,2025-03-14T01:03:00,ACC00424,ACC00033,631.08,Card,Kanpur,Uttar Pradesh,False,15,0.52
TXN205828,,2025-03-22T03:32:00,ACC00084,ACC00310,619.66,RTGS,Delhi,Delhi,False,1,1.28
TXN205829,,2025-08-11T14:52:00,ACC00244,ACC00393,8976.58,Card,Kanpur,Uttar Pradesh,False,9,0.59
TXN205830,,2025-06-03T14:04:00,ACC00261,ACC00404,1249.63,Card,Bengaluru,Karnataka,False,21,1.75
TXN205831,,2025-05-23T15:38:00,ACC00153,ACC00367,2221.71,IMPS,Hyderabad,Telangana,False,17,1.57
TXN205832,,2025-02-13T12:16:00,ACC00483,ACC00394,1037.19,Wallet,Kanpur,Uttar Pradesh,False,27,1.69
TXN205833,,2025-04-16T21:40:00,ACC00031,ACC00406,742.83,UPI,Kanpur,Uttar Pradesh,False,17,1.29
TXN205834,,2025-06-11T04:11:00,ACC00406,ACC00067,3400.92,RTGS,Patna,Bihar,False,10,1.54
TXN205835,,2025-03-31T10:03:00,ACC00117,ACC00401,15340.18,RTGS,Jaipur,Rajasthan,False,18,0.72
TXN205836,,2025-05-23T13:50:00,ACC00016,ACC00260,3261.82,UPI,Kanpur,Uttar Pradesh,False,17,1.34
TXN205837,,2025-08-07T23:55:00,ACC00405,ACC00459,319.69,RTGS,Bengaluru,Karnataka,False,19,1.61
TXN205838,,2025-03-06T23:08:00,ACC00173,ACC00021,1437.16,Card,Patna,Bihar,False,27,0.6
TXN205839,,2025-05-15T07:53:00,ACC00251,ACC00210,763.59,IMPS,Mumbai,Maharashtra,False,2,1.25
TXN205840,,2025-03-11T11:40:00,ACC00481,ACC00213,2744.54,Wallet,Kanpur,Uttar Pradesh,False,9,1.0
TXN205841,,2025-09-06T20:41:00,ACC00057,ACC00295,740.0,UPI,Mumbai,Maharashtra,False,13,1.65
TXN205842,,2025-07-30T04:25:00,ACC00151,ACC00180,1035.77,RTGS,Delhi,Delhi,False,14,1.06
TXN205843,,2025-08-10T21:23:00,ACC00438,ACC00043,496.7,UPI,Jaipur,Rajasthan,False,21,1.99
TXN205844,,2025-04-23T01:23:00,ACC00415,ACC00247,2739.92,Wallet,Jaipur,Rajasthan,False,24,1.26
TXN205845,,2025-05-23T17:36:00,ACC00216,ACC00228,1218.22,UPI,Lucknow,Uttar Pradesh,False,32,1.38
TXN205846,,2025-08-08T17:51:00,ACC00458,ACC00137,876.57,IMPS,Hyderabad,Telangana,False,25,1.58
TXN205847,,2025-04-21T21:31:00,ACC00323,ACC00479,1538.38,RTGS,Mumbai,Maharashtra,False,31,1.73
TXN205848,,2025-05-21T12:43:00,ACC00170,ACC00065,2773.54,IMPS,Kanpur,Uttar Pradesh,False,1,1.81
TXN205849,,2025-06-08T12:26:00,ACC00080,ACC00354,4286.02,NEFT,Mumbai,Maharashtra,False,16,0.95
TXN205850,,2025-03-15T09:36:00,ACC00023,ACC00055,543.16,RTGS,Mumbai,Maharashtra,False,6,1.23
TXN205851,,2025-01-22T17:51:00,ACC00274,ACC00303,3229.13,RTGS,Hyderabad,Telangana,False,9,1.1
TXN205852,,2025-04-18T19:38:00,ACC00482,ACC00358,1531.89,RTGS,Hyderabad,Telangana,False,17,1.2
TXN205853,,2025-09-12T13:04:00,ACC00132,ACC00033,944.54,Wallet,Mumbai,Maharashtra,False,17,0.64
TXN205854,,2025-07-09T03:31:00,ACC00065,ACC00094,3415.09,IMPS,Bengaluru,Karnataka,False,4,0.4
TXN205855,,2025-01-13T22:14:00,ACC00330,ACC00369,2599.4,RTGS,Hyderabad,Telangana,False,10,0.21
TXN205856,,2025-08-31T23:39:00,ACC00129,ACC00268,6182.34,RTGS,Kanpur,Uttar Pradesh,False,34,0.74
TXN205857,,2025-02-02T17:01:00,ACC00134,ACC00298,2894.53,Wallet,Lucknow,Uttar Pradesh,False,23,1.82
TXN205858,,2025-01-31T13:38:00,ACC00296,ACC00457,1261.68,UPI,Bengaluru,Karnataka,False,1,0.74
TXN205859,,2025-03-09T17:50:00,ACC00457,ACC00470,1383.11,NEFT,Jaipur,Rajasthan,False,4,0.52
TXN205860,,2025-03-04T15:03:00,ACC00305,ACC00256,954.5,Card,Kanpur,Uttar Pradesh,False,22,0.19
TXN205861,,2025-08-04T05:06:00,ACC00300,ACC00112,7674.75,RTGS,Jaipur,Rajasthan,False,12,1.45
TXN205862,,2025-07-15T18:17:00,ACC00363,ACC00319,1567.74,RTGS,Hyderabad,Telangana,False,21,0.61
TXN205863,,2025-03-21T05:44:00,ACC00419,ACC00237,2218.32,Wallet,Patna,Bihar,False,10,0.94
TXN205864,,2025-04-14T00:37:00,ACC00198,ACC00052,894.61,RTGS,Bengaluru,Karnataka,False,12,0.86
TXN205865,,2025-01-22T14:08:00,ACC00097,ACC00101,767.11,Wallet,Hyderabad,Telangana,False,16,1.0
TXN205866,,2025-06-27T05:41:00,ACC00178,ACC00203,996.97,Card,Delhi,Delhi,False,18,0.16
TXN205867,,2025-04-23T23:20:00,ACC00125,ACC00029,697.03,Wallet,Lucknow,Uttar Pradesh,False,19,0.99
TXN205868,,2025-03-12T02:31:00,ACC00393,ACC00050,13756.91,IMPS,Patna,Bihar,False,21,1.73
TXN205869,,2025-03-05T08:07:00,ACC00142,ACC00296,966.49,Card,Mumbai,Maharashtra,False,19,1.69
TXN205870,,2025-06-09T02:03:00,ACC00103,ACC00150,8562.41,Card,Jaipur,Rajasthan,False,47,1.55
TXN205871,,2025-06-23T12:00:00,ACC00282,ACC00061,3353.48,NEFT,Hyderabad,Telangana,False,1,1.09
TXN205872,,2025-07-15T10:15:00,ACC00450,ACC00359,1084.3,Card,Kanpur,Uttar Pradesh,False,25,0.11
TXN205873,,2025-03-08T19:35:00,ACC00269,ACC00355,2052.69,RTGS,Patna,Bihar,False,28,0.97
TXN205874,,2025-07-20T21:13:00,ACC00265,ACC00267,2426.65,NEFT,Hyderabad,Telangana,False,16,0.12
TXN205875,,2025-08-09T20:07:00,ACC00280,ACC00151,498.13,IMPS,Kanpur,Uttar Pradesh,False,21,0.45
TXN205876,,2025-05-21T15:02:00,ACC00340,ACC00320,1467.8,NEFT,Lucknow,Uttar Pradesh,False,15,1.64
TXN205877,,2025-08-12T02:40:00,ACC00103,ACC00126,1286.89,Card,Hyderabad,Telangana,False,10,0.27
TXN205878,,2025-03-04T17:47:00,ACC00272,ACC00366,574.84,Card,Mumbai,Maharashtra,False,26,1.95
TXN205879,,2025-01-12T02:51:00,ACC00249,ACC00449,951.45,UPI,Jaipur,Rajasthan,False,17,1.08
TXN205880,,2025-09-03T03:37:00,ACC00136,ACC00312,1173.7,Card,Jaipur,Rajasthan,False,1,1.51
TXN205881,,2025-08-04T01:56:00,ACC00230,ACC00266,976.03,UPI,Mumbai,Maharashtra,False,9,0.82
TXN205882,,2025-01-23T04:18:00,ACC00189,ACC00056,1557.96,NEFT,Kanpur,Uttar Pradesh,False,19,0.56
TXN205883,,2025-05-13T16:58:00,ACC00233,ACC00135,3054.45,Wallet,Hyderabad,Telangana,False,1,1.4
TXN205884,,2025-03-28T01:23:00,ACC00077,ACC00251,1876.19,UPI,Mumbai,Maharashtra,False,26,1.81
TXN205885,,2025-04-13T13:58:00,ACC00010,ACC00034,6737.42,IMPS,Bengaluru,Karnataka,False,10,1.02
TXN205886,,2025-08-16T15:14:00,ACC00370,ACC00308,627.94,Wallet,Patna,Bihar,False,8,0.1
TXN205887,,2025-07-03T16:48:00,ACC00108,ACC00362,506.09,IMPS,Jaipur,Rajasthan,False,16,0.98
TXN205888,,2025-04-23T10:03:00,ACC00020,ACC00340,4404.18,UPI,Delhi,Delhi,False,16,0.94
TXN205889,,2025-07-28T12:20:00,ACC00331,ACC00110,2880.47,IMPS,Patna,Bihar,False,6,0.57
TXN205890,,2025-01-29T20:06:00,ACC00199,ACC00123,2049.16,Wallet,Kanpur,Uttar Pradesh,False,24,1.43
TXN205891,,2025-09-16T20:48:00,ACC00014,ACC00079,1111.32,NEFT,Mumbai,Maharashtra,False,21,1.31
TXN205892,,2025-04-20T16:36:00,ACC00069,ACC00208,10747.27,Wallet,Patna,Bihar,False,11,1.95
TXN205893,,2025-06-12T12:19:00,ACC00131,ACC00188,312.71,UPI,Jaipur,Rajasthan,False,37,0.14
TXN205894,,2025-05-12T20:55:00,ACC00474,ACC00124,487.62,Wallet,Bengaluru,Karnataka,False,16,0.86
TXN205895,,2025-04-05T16:14:00,ACC00115,ACC00411,1011.61,NEFT,Delhi,Delhi,False,16,0.72
TXN205896,,2025-02-05T04:03:00,ACC00208,ACC00237,3537.42,RTGS,Lucknow,Uttar Pradesh,False,1,1.88
TXN205897,,2025-01-18T17:35:00,ACC00398,ACC00494,632.64,Card,Delhi,Delhi,False,34,1.42
TXN205898,,2025-04-06T01:45:00,ACC00021,ACC00410,690.61,Card,Hyderabad,Telangana,False,20,1.5
TXN205899,,2025-03-13T06:28:00,ACC00044,ACC00032,2425.19,Wallet,Hyderabad,Telangana,False,30,1.87
TXN205900,,2025-06-17T14:13:00,ACC00169,ACC00030,849.59,NEFT,Jaipur,Rajasthan,False,19,0.44
TXN205901,,2025-09-14T04:41:00,ACC00178,ACC00384,1061.25,NEFT,Delhi,Delhi,False,18,1.12
TXN205902,,2025-05-12T15:52:00,ACC00207,ACC00285,14158.04,Card,Kanpur,Uttar Pradesh,False,27,1.65
TXN205903,,2025-05-07T15:53:00,ACC00369,ACC00106,1348.79,NEFT,Jaipur,Rajasthan,False,16,0.3
TXN205904,,2025-04-12T01:18:00,ACC00068,ACC00121,1797.92,Card,Bengaluru,Karnataka,False,30,1.8
TXN205905,,2025-05-02T20:26:00,ACC00281,ACC00485,3410.8,Card,Hyderabad,Telangana,False,7,1.76
TXN205906,,2025-05-13T01:00:00,ACC00253,ACC00360,404.96,UPI,Jaipur,Rajasthan,False,15,1.99
TXN205907,,2025-07-16T07:08:00,ACC00355,ACC00427,203.11,RTGS,Bengaluru,Karnataka,False,20,0.48
TXN205908,,2025-01-02T17:01:00,ACC00393,ACC00228,616.08,RTGS,Lucknow,Uttar Pradesh,False,2,0.98
TXN205909,,2025-02-16T16:47:00,ACC00054,ACC00272,2273.13,Wallet,Lucknow,Uttar Pradesh,False,13,0.5
TXN205910,,2025-06-09T15:27:00,ACC00171,ACC00436,3362.51,Card,Lucknow,Uttar Pradesh,False,10,1.06
TXN205911,,2025-06-06T15:19:00,ACC00186,ACC00467,1193.39,Wallet,Kanpur,Uttar Pradesh,False,26,0.96
TXN205912,,2025-07-21T05:47:00,ACC00238,ACC00175,2706.86,RTGS,Lucknow,Uttar Pradesh,False,7,0.71
TXN205913,,2025-04-04T05:42:00,ACC00010,ACC00219,1094.99,UPI,Jaipur,Rajasthan,False,24,1.99
TXN205914,,2025-08-28T15:57:00,ACC00066,ACC00371,2606.9,Wallet,Mumbai,Maharashtra,False,23,0.43
TXN205915,,2025-08-19T06:41:00,ACC00270,ACC00366,1021.04,NEFT,Lucknow,Uttar Pradesh,False,28,0.33
TXN205916,,2025-04-02T23:04:00,ACC00339,ACC00197,485.21,NEFT,Mumbai,Maharashtra,False,3,0.35
TXN205917,,2025-05-28T02:19:00,ACC00120,ACC00216,1318.81,UPI,Hyderabad,Telangana,False,22,1.76
TXN205918,,2025-01-09T07:27:00,ACC00440,ACC00335,633.56,Card,Kanpur,Uttar Pradesh,False,6,0.38
TXN205919,,2025-06-20T01:21:00,ACC00372,ACC00323,659.67,Card,Jaipur,Rajasthan,False,1,1.64
TXN205920,,2025-02-28T11:45:00,ACC00412,ACC00287,330.87,UPI,Kanpur,Uttar Pradesh,False,13,0.79
TXN205921,,2025-07-09T03:24:00,ACC00134,ACC00362,1079.19,Card,Kanpur,Uttar Pradesh,False,5,0.42
TXN205922,,2025-04-30T13:16:00,ACC00065,ACC00451,2715.39,Wallet,Mumbai,Maharashtra,False,8,0.62
TXN205923,,2025-04-30T23:49:00,ACC00203,ACC00101,978.54,Wallet,Mumbai,Maharashtra,False,32,0.79
TXN205924,,2025-07-24T17:05:00,ACC00029,ACC00410,7433.47,NEFT,Patna,Bihar,False,27,0.12
TXN205925,,2025-05-21T02:30:00,ACC00456,ACC00363,1222.18,NEFT,Delhi,Delhi,False,26,0.62
TXN205926,,2025-05-24T14:35:00,ACC00392,ACC00315,1229.76,IMPS,Bengaluru,Karnataka,False,7,0.8
TXN205927,,2025-01-28T06:17:00,ACC00431,ACC00492,1330.72,IMPS,Mumbai,Maharashtra,False,19,1.51
TXN205928,,2025-08-03T06:25:00,ACC00097,ACC00056,836.79,Card,Lucknow,Uttar Pradesh,False,23,0.67
TXN205929,,2025-07-27T06:56:00,ACC00477,ACC00429,4094.43,NEFT,Patna,Bihar,False,21,1.99
TXN205930,,2025-06-02T18:36:00,ACC00466,ACC00418,4483.76,NEFT,Mumbai,Maharashtra,False,29,0.68
TXN205931,,2025-01-18T21:43:00,ACC00335,ACC00315,1925.9,Card,Kanpur,Uttar Pradesh,False,23,1.48
TXN205932,,2025-07-23T05:33:00,ACC00075,ACC00364,734.29,IMPS,Delhi,Delhi,False,19,1.43
TXN205933,,2025-03-28T15:29:00,ACC00034,ACC00327,854.15,IMPS,Lucknow,Uttar Pradesh,False,18,1.79
TXN205934,,2025-04-21T07:46:00,ACC00296,ACC00306,632.95,IMPS,Bengaluru,Karnataka,False,1,1.01
TXN205935,,2025-06-16T07:20:00,ACC00436,ACC00094,3515.46,RTGS,Delhi,Delhi,False,1,0.88
TXN205936,,2025-03-30T00:10:00,ACC00290,ACC00147,1098.11,Wallet,Delhi,Delhi,False,7,0.66
TXN205937,,2025-07-29T12:54:00,ACC00339,ACC00376,1620.47,Wallet,Mumbai,Maharashtra,False,21,1.61
TXN205938,,2025-09-07T08:27:00,ACC00250,ACC00498,1473.32,IMPS,Patna,Bihar,False,33,0.64
TXN205939,,2025-01-30T22:14:00,ACC00021,ACC00285,7366.1,NEFT,Kanpur,Uttar Pradesh,False,13,1.01
TXN205940,,2025-03-09T02:40:00,ACC00312,ACC00418,6399.36,Wallet,Lucknow,Uttar Pradesh,False,21,0.62
TXN205941,,2025-06-15T10:15:00,ACC00077,ACC00315,3832.53,IMPS,Bengaluru,Karnataka,False,33,1.65
TXN205942,,2025-09-15T15:31:00,ACC00168,ACC00335,1937.05,RTGS,Mumbai,Maharashtra,False,8,1.1
TXN205943,,2025-06-20T01:30:00,ACC00212,ACC00434,1081.69,Card,Delhi,Delhi,False,23,1.92
TXN205944,,2025-03-12T22:42:00,ACC00330,ACC00419,2029.45,Wallet,Lucknow,Uttar Pradesh,False,15,1.26
TXN205945,,2025-05-11T13:39:00,ACC00177,ACC00052,2885.85,IMPS,Bengaluru,Karnataka,False,23,0.85
TXN205946,,2025-01-23T03:41:00,ACC00341,ACC00447,1421.87,Wallet,Lucknow,Uttar Pradesh,False,21,0.71
TXN205947,,2025-04-08T09:39:00,ACC00118,ACC00462,4019.87,Card,Jaipur,Rajasthan,False,19,1.69
TXN205948,,2025-06-01T14:59:00,ACC00021,ACC00239,979.37,RTGS,Hyderabad,Telangana,False,13,1.49
TXN205949,,2025-03-05T03:34:00,ACC00128,ACC00443,822.38,Wallet,Kanpur,Uttar Pradesh,False,4,0.56
TXN205950,,2025-07-19T12:52:00,ACC00014,ACC00338,6812.04,Card,Jaipur,Rajasthan,False,44,0.5
TXN205951,,2025-08-14T20:00:00,ACC00460,ACC00232,780.82,UPI,Hyderabad,Telangana,False,6,0.91
TXN205952,,2025-06-14T21:54:00,ACC00315,ACC00354,4822.29,NEFT,Jaipur,Rajasthan,False,30,1.29
TXN205953,,2025-08-23T03:17:00,ACC00203,ACC00403,460.26,Wallet,Delhi,Delhi,False,8,1.02
TXN205954,,2025-04-14T09:27:00,ACC00019,ACC00049,832.76,Wallet,Lucknow,Uttar Pradesh,False,37,0.5
TXN205955,,2025-01-07T23:44:00,ACC00031,ACC00331,527.56,RTGS,Bengaluru,Karnataka,False,5,0.66
TXN205956,,2025-04-13T13:10:00,ACC00336,ACC00363,4136.65,UPI,Jaipur,Rajasthan,False,27,1.26
TXN205957,,2025-05-15T01:49:00,ACC00398,ACC00133,3464.54,NEFT,Hyderabad,Telangana,False,5,1.16
TXN205958,,2025-01-03T07:34:00,ACC00408,ACC00129,1607.49,Wallet,Kanpur,Uttar Pradesh,False,36,0.59
TXN205959,,2025-04-25T22:50:00,ACC00289,ACC00361,1628.21,Wallet,Patna,Bihar,False,25,0.52
TXN205960,,2025-08-22T16:07:00,ACC00185,ACC00307,469.81,Wallet,Bengaluru,Karnataka,False,25,1.38
TXN205961,,2025-07-17T20:47:00,ACC00358,ACC00234,5154.81,Wallet,Hyderabad,Telangana,False,17,0.12
TXN205962,,2025-08-26T06:23:00,ACC00310,ACC00205,2515.94,Wallet,Lucknow,Uttar Pradesh,False,13,0.96
TXN205963,,2025-01-07T22:32:00,ACC00040,ACC00179,7686.36,UPI,Hyderabad,Telangana,False,14,0.32
TXN205964,,2025-07-30T18:00:00,ACC00304,ACC00140,6818.21,IMPS,Bengaluru,Karnataka,False,26,1.3
TXN205965,,2025-03-23T13:06:00,ACC00403,ACC00304,5227.9,RTGS,Delhi,Delhi,False,12,1.32
TXN205966,,2025-01-27T02:26:00,ACC00192,ACC00158,3275.14,RTGS,Lucknow,Uttar Pradesh,False,21,0.66
TXN205967,,2025-04-24T21:26:00,ACC00423,ACC00035,544.96,NEFT,Delhi,Delhi,False,27,1.46
TXN205968,,2025-07-02T15:27:00,ACC00380,ACC00049,2914.53,Wallet,Delhi,Delhi,False,37,0.57
TXN205969,,2025-02-20T11:26:00,ACC00179,ACC00075,1732.19,Wallet,Patna,Bihar,False,45,0.32
TXN205970,,2025-05-20T11:16:00,ACC00033,ACC00435,5139.37,UPI,Mumbai,Maharashtra,False,12,1.22
TXN205971,,2025-05-18T00:10:00,ACC00017,ACC00013,3311.51,UPI,Hyderabad,Telangana,False,16,0.16
TXN205972,,2025-05-30T21:18:00,ACC00103,ACC00068,248.82,Card,Patna,Bihar,False,30,1.57
TXN205973,,2025-05-23T18:42:00,ACC00466,ACC00489,763.09,Wallet,Lucknow,Uttar Pradesh,False,22,0.88
TXN205974,,2025-05-25T22:53:00,ACC00047,ACC00160,833.37,UPI,Hyderabad,Telangana,False,16,0.41
TXN205975,,2025-04-09T19:04:00,ACC00400,ACC00167,15003.89,IMPS,Hyderabad,Telangana,False,15,1.64
TXN205976,,2025-03-31T01:07:00,ACC00499,ACC00175,2284.56,Wallet,Mumbai,Maharashtra,False,22,0.75
TXN205977,,2025-07-02T13:14:00,ACC00298,ACC00383,16036.63,Wallet,Bengaluru,Karnataka,False,1,1.16
TXN205978,,2025-04-27T02:41:00,ACC00214,ACC00240,2172.81,RTGS,Patna,Bihar,False,22,1.69
TXN205979,,2025-06-01T13:39:00,ACC00438,ACC00255,2695.46,Wallet,Hyderabad,Telangana,False,14,0.99
TXN205980,,2025-09-15T03:29:00,ACC00071,ACC00123,471.9,IMPS,Jaipur,Rajasthan,False,18,1.13
TXN205981,,2025-06-07T19:52:00,ACC00122,ACC00315,5382.24,Card,Jaipur,Rajasthan,False,11,1.14
TXN205982,,2025-07-10T00:59:00,ACC00335,ACC00361,6513.71,Wallet,Patna,Bihar,False,12,0.39
TXN205983,,2025-08-04T08:12:00,ACC00041,ACC00365,14431.17,RTGS,Bengaluru,Karnataka,False,5,1.56
TXN205984,,2025-07-25T22:44:00,ACC00098,ACC00197,1164.3,NEFT,Jaipur,Rajasthan,False,27,1.84
TXN205985,,2025-05-23T17:24:00,ACC00453,ACC00328,576.81,UPI,Hyderabad,Telangana,False,30,1.03
TXN205986,,2025-08-15T18:54:00,ACC00326,ACC00220,1667.41,RTGS,Delhi,Delhi,False,16,1.44
TXN205987,,2025-07-14T15:18:00,ACC00492,ACC00187,2115.46,RTGS,Bengaluru,Karnataka,False,24,0.67
TXN205988,,2025-08-31T10:02:00,ACC00151,ACC00265,2677.53,NEFT,Jaipur,Rajasthan,False,17,1.15
TXN205989,,2025-07-27T23:48:00,ACC00423,ACC00121,3361.17,RTGS,Jaipur,Rajasthan,False,20,1.34
TXN205990,,2025-02-09T04:12:00,ACC00325,ACC00446,2593.91,UPI,Jaipur,Rajasthan,False,21,1.49
TXN205991,,2025-06-24T19:40:00,ACC00165,ACC00429,532.26,UPI,Hyderabad,Telangana,False,19,0.97
TXN205992,,2025-03-07T14:13:00,ACC00416,ACC00408,3828.39,RTGS,Bengaluru,Karnataka,False,37,1.35
TXN205993,,2025-04-20T00:06:00,ACC00364,ACC00240,1910.88,RTGS,Kanpur,Uttar Pradesh,False,30,0.6
TXN205994,,2025-01-28T13:02:00,ACC00234,ACC00122,1153.76,NEFT,Jaipur,Rajasthan,False,29,0.62
TXN205995,,2025-05-23T18:41:00,ACC00360,ACC00375,564.07,IMPS,Delhi,Delhi,False,6,0.4
TXN205996,,2025-06-16T03:09:00,ACC00097,ACC00139,2084.01,NEFT,Delhi,Delhi,False,10,0.38
TXN205997,,2025-05-10T13:56:00,ACC00257,ACC00054,339.54,Card,Lucknow,Uttar Pradesh,False,18,0.99
TXN205998,,2025-01-16T02:50:00,ACC00433,ACC00070,1240.86,RTGS,Delhi,Delhi,False,23,0.28
TXN205999,,2025-06-13T12:09:00,ACC00485,ACC00178,1204.37,IMPS,Jaipur,Rajasthan,False,19,1.49
TXN206000,,2025-04-06T23:27:00,ACC00035,ACC00125,2987.33,IMPS,Patna,Bihar,False,24,1.57
TXN206001,,2025-05-12T13:12:00,ACC00374,ACC00327,7104.15,UPI,Jaipur,Rajasthan,False,32,1.34
TXN206002,,2025-08-25T13:42:00,ACC00421,ACC00484,1036.18,Card,Delhi,Delhi,False,10,0.82
TXN206003,,2025-09-09T15:47:00,ACC00480,ACC00119,3187.21,Wallet,Hyderabad,Telangana,False,36,0.23
TXN206004,,2025-03-14T01:13:00,ACC00049,ACC00046,2198.01,Card,Hyderabad,Telangana,False,14,1.03
TXN206005,,2025-07-06T09:47:00,ACC00375,ACC00127,3597.5,IMPS,Bengaluru,Karnataka,False,9,0.21
TXN206006,,2025-08-24T23:33:00,ACC00427,ACC00098,579.65,NEFT,Kanpur,Uttar Pradesh,False,23,0.5
TXN206007,,2025-04-16T08:22:00,ACC00282,ACC00318,1710.19,Wallet,Kanpur,Uttar Pradesh,False,16,0.31
TXN206008,,2025-06-16T12:14:00,ACC00234,ACC00310,8855.28,Card,Kanpur,Uttar Pradesh,False,22,0.43
TXN206009,,2025-01-01T10:23:00,ACC00112,ACC00068,4374.46,IMPS,Patna,Bihar,False,27,1.11
TXN206010,,2025-01-11T15:43:00,ACC00471,ACC00038,1647.87,Card,Kanpur,Uttar Pradesh,False,39,0.7
TXN206011,,2025-04-25T03:33:00,ACC00016,ACC00111,3815.09,UPI,Patna,Bihar,False,20,1.09
TXN206012,,2025-02-01T19:46:00,ACC00211,ACC00080,3817.06,IMPS,Jaipur,Rajasthan,False,9,0.52
TXN206013,,2025-03-30T09:42:00,ACC00345,ACC00211,261.35,Card,Bengaluru,Karnataka,False,18,1.61
TXN206014,,2025-01-06T12:11:00,ACC00044,ACC00160,394.41,NEFT,Hyderabad,Telangana,False,10,0.31
TXN206015,,2025-01-22T08:39:00,ACC00287,ACC00331,550.71,RTGS,Mumbai,Maharashtra,False,3,1.05
TXN206016,,2025-03-18T15:12:00,ACC00407,ACC00065,1066.89,RTGS,Mumbai,Maharashtra,False,23,1.46
TXN206017,,2025-09-03T02:21:00,ACC00439,ACC00324,1920.33,IMPS,Delhi,Delhi,False,25,0.6
TXN206018,,2025-06-26T02:12:00,ACC00360,ACC00301,2016.4,Wallet,Bengaluru,Karnataka,False,26,1.52
TXN206019,,2025-03-16T11:21:00,ACC00463,ACC00119,1476.75,IMPS,Delhi,Delhi,False,12,1.52
TXN206020,,2025-01-01T11:42:00,ACC00269,ACC00386,1020.06,NEFT,Kanpur,Uttar Pradesh,False,14,1.86
TXN206021,,2025-05-12T09:09:00,ACC00428,ACC00183,2103.75,IMPS,Bengaluru,Karnataka,False,11,1.0
TXN206022,,2025-07-28T18:12:00,ACC00189,ACC00253,4087.51,UPI,Patna,Bihar,False,16,0.48
TXN206023,,2025-02-17T22:30:00,ACC00037,ACC00477,6951.59,NEFT,Delhi,Delhi,False,1,1.93
TXN206024,,2025-08-23T14:18:00,ACC00381,ACC00277,5666.05,RTGS,Kanpur,Uttar Pradesh,False,31,0.61
TXN206025,,2025-08-12T22:32:00,ACC00375,ACC00226,1386.36,Wallet,Patna,Bihar,False,15,0.65
TXN206026,,2025-07-08T13:31:00,ACC00008,ACC00299,2206.45,UPI,Hyderabad,Telangana,False,11,0.57
TXN206027,,2025-03-28T09:37:00,ACC00066,ACC00206,2634.44,NEFT,Kanpur,Uttar Pradesh,False,17,1.58
TXN206028,,2025-02-16T14:35:00,ACC00006,ACC00296,1616.6,Card,Kanpur,Uttar Pradesh,False,21,0.13
TXN206029,,2025-05-09T16:58:00,ACC00299,ACC00190,2001.65,RTGS,Delhi,Delhi,False,11,0.98
TXN206030,,2025-05-15T22:19:00,ACC00276,ACC00480,1091.61,RTGS,Jaipur,Rajasthan,False,17,1.79
TXN206031,,2025-04-22T16:32:00,ACC00378,ACC00245,1443.32,RTGS,Delhi,Delhi,False,23,0.94
TXN206032,,2025-06-14T01:42:00,ACC00071,ACC00421,3217.75,Card,Kanpur,Uttar Pradesh,False,23,0.43
TXN206033,,2025-03-28T15:07:00,ACC00479,ACC00077,1707.02,Wallet,Delhi,Delhi,False,12,1.98
TXN206034,,2025-05-23T13:14:00,ACC00317,ACC00132,1075.11,Card,Lucknow,Uttar Pradesh,False,19,1.85
TXN206035,,2025-03-23T13:42:00,ACC00272,ACC00106,1248.85,IMPS,Mumbai,Maharashtra,False,18,0.12
TXN206036,,2025-07-02T10:44:00,ACC00139,ACC00362,11498.49,RTGS,Delhi,Delhi,False,18,1.0
TXN206037,,2025-02-26T13:25:00,ACC00307,ACC00389,2276.11,Wallet,Delhi,Delhi,False,22,1.35
TXN206038,,2025-03-01T03:15:00,ACC00430,ACC00027,201.24,NEFT,Delhi,Delhi,False,17,0.55
TXN206039,,2025-07-30T07:42:00,ACC00216,ACC00003,1054.07,NEFT,Kanpur,Uttar Pradesh,False,10,0.45
TXN206040,,2025-05-03T16:12:00,ACC00441,ACC00345,1385.72,Card,Lucknow,Uttar Pradesh,False,18,0.8
TXN206041,,2025-07-18T01:50:00,ACC00461,ACC00402,504.0,NEFT,Bengaluru,Karnataka,False,11,0.23
TXN206042,,2025-02-26T00:38:00,ACC00455,ACC00349,320.19,Card,Kanpur,Uttar Pradesh,False,12,0.52
TXN206043,,2025-07-06T13:15:00,ACC00113,ACC00476,1600.37,IMPS,Mumbai,Maharashtra,False,41,0.93
TXN206044,,2025-09-16T18:36:00,ACC00374,ACC00307,2337.23,NEFT,Bengaluru,Karnataka,False,18,1.13
TXN206045,,2025-03-22T06:17:00,ACC00097,ACC00203,8566.25,UPI,Mumbai,Maharashtra,False,20,0.86
TXN206046,,2025-08-28T14:34:00,ACC00317,ACC00092,857.99,RTGS,Jaipur,Rajasthan,False,12,1.04
TXN206047,,2025-02-20T20:20:00,ACC00096,ACC00077,6559.45,RTGS,Lucknow,Uttar Pradesh,False,15,0.21
TXN206048,,2025-09-17T09:18:00,ACC00394,ACC00471,18013.12,RTGS,Patna,Bihar,False,36,1.92
TXN206049,,2025-06-17T02:04:00,ACC00462,ACC00019,748.21,IMPS,Delhi,Delhi,False,15,1.51
TXN206050,,2025-07-23T22:39:00,ACC00385,ACC00056,501.29,IMPS,Patna,Bihar,False,28,1.16
TXN206051,,2025-08-01T23:50:00,ACC00293,ACC00331,58560.9,Card,Delhi,Delhi,False,7,1.3
TXN206052,,2025-02-21T20:32:00,ACC00407,ACC00482,1038.54,Card,Patna,Bihar,False,21,1.99
TXN206053,,2025-04-01T15:03:00,ACC00311,ACC00322,1923.9,UPI,Lucknow,Uttar Pradesh,False,42,1.07
TXN206054,,2025-03-22T15:22:00,ACC00171,ACC00260,1327.06,RTGS,Patna,Bihar,False,25,1.38
TXN206055,,2025-03-25T10:49:00,ACC00068,ACC00223,3811.68,NEFT,Mumbai,Maharashtra,False,21,0.33
TXN206056,,2025-01-27T13:41:00,ACC00015,ACC00086,333.73,UPI,Mumbai,Maharashtra,False,19,0.84
TXN206057,,2025-03-15T01:36:00,ACC00006,ACC00034,1103.15,IMPS,Mumbai,Maharashtra,False,10,0.66
TXN206058,,2025-04-06T10:18:00,ACC00448,ACC00457,466.57,IMPS,Kanpur,Uttar Pradesh,False,31,0.27
TXN206059,,2025-03-21T23:37:00,ACC00414,ACC00401,373.77,Wallet,Lucknow,Uttar Pradesh,False,6,0.7
TXN206060,,2025-05-15T13:54:00,ACC00137,ACC00060,2991.57,IMPS,Hyderabad,Telangana,False,23,0.45
TXN206061,,2025-08-12T02:17:00,ACC00097,ACC00316,3823.69,Wallet,Bengaluru,Karnataka,False,23,1.49
TXN206062,,2025-07-18T00:48:00,ACC00056,ACC00315,301.25,Card,Jaipur,Rajasthan,False,2,1.42
TXN206063,,2025-08-24T20:38:00,ACC00416,ACC00479,262.67,UPI,Delhi,Delhi,False,9,0.21
TXN206064,,2025-01-31T20:25:00,ACC00342,ACC00042,13550.06,Card,Delhi,Delhi,False,16,0.24
TXN206065,,2025-06-16T10:29:00,ACC00267,ACC00176,1540.23,RTGS,Kanpur,Uttar Pradesh,False,18,0.88
TXN206066,,2025-04-12T09:12:00,ACC00241,ACC00016,584.81,Card,Delhi,Delhi,False,17,0.52
TXN206067,,2025-06-23T01:45:00,ACC00240,ACC00250,1185.79,UPI,Mumbai,Maharashtra,False,25,0.83
TXN206068,,2025-08-08T21:59:00,ACC00208,ACC00225,1839.25,NEFT,Delhi,Delhi,False,30,1.66
TXN206069,,2025-05-27T08:35:00,ACC00334,ACC00255,2347.81,Card,Jaipur,Rajasthan,False,33,0.81
TXN206070,,2025-02-04T00:56:00,ACC00322,ACC00051,2392.56,NEFT,Mumbai,Maharashtra,False,30,1.6
TXN206071,,2025-09-11T06:02:00,ACC00044,ACC00014,2955.43,Card,Lucknow,Uttar Pradesh,False,28,0.47
TXN206072,,2025-01-04T00:15:00,ACC00156,ACC00381,1279.97,Card,Bengaluru,Karnataka,False,5,0.51
TXN206073,,2025-08-03T16:33:00,ACC00350,ACC00484,714.63,IMPS,Patna,Bihar,False,33,1.69
TXN206074,,2025-05-15T11:23:00,ACC00211,ACC00134,333.47,Wallet,Jaipur,Rajasthan,False,22,0.65
TXN206075,,2025-01-21T00:00:00,ACC00476,ACC00063,11471.29,RTGS,Patna,Bihar,False,17,0.14
TXN206076,,2025-03-21T03:45:00,ACC00057,ACC00413,930.65,RTGS,Jaipur,Rajasthan,False,17,1.08
TXN206077,,2025-06-16T14:24:00,ACC00282,ACC00398,352.33,IMPS,Mumbai,Maharashtra,False,26,1.09
TXN206078,,2025-09-17T11:10:00,ACC00348,ACC00450,2904.39,Card,Patna,Bihar,False,28,1.99
TXN206079,,2025-06-16T21:51:00,ACC00035,ACC00050,6382.85,NEFT,Delhi,Delhi,False,19,1.9
TXN206080,,2025-09-02T09:10:00,ACC00252,ACC00411,478.93,UPI,Lucknow,Uttar Pradesh,False,22,0.54
TXN206081,,2025-07-02T04:41:00,ACC00210,ACC00074,757.19,Wallet,Jaipur,Rajasthan,False,17,1.38
TXN206082,,2025-02-01T20:03:00,ACC00101,ACC00098,2651.0,IMPS,Jaipur,Rajasthan,False,27,1.84
TXN206083,,2025-06-03T05:44:00,ACC00275,ACC00132,733.88,RTGS,Bengaluru,Karnataka,False,38,1.66
TXN206084,,2025-03-20T19:34:00,ACC00025,ACC00079,1369.8,NEFT,Kanpur,Uttar Pradesh,False,7,0.6
TXN206085,,2025-02-23T20:59:00,ACC00073,ACC00449,363.17,NEFT,Patna,Bihar,False,33,0.32
TXN206086,,2025-06-01T07:50:00,ACC00346,ACC00172,2351.55,IMPS,Bengaluru,Karnataka,False,7,1.58
TXN206087,,2025-03-24T14:12:00,ACC00393,ACC00100,1802.51,NEFT,Hyderabad,Telangana,False,2,1.35
TXN206088,,2025-06-04T07:58:00,ACC00486,ACC00223,2594.06,IMPS,Delhi,Delhi,False,18,0.53
TXN206089,,2025-03-29T21:31:00,ACC00229,ACC00073,2563.2,NEFT,Kanpur,Uttar Pradesh,False,33,0.37
TXN206090,,2025-03-13T20:15:00,ACC00293,ACC00474,2734.52,RTGS,Delhi,Delhi,False,9,1.56
TXN206091,,2025-09-10T14:58:00,ACC00291,ACC00451,1740.79,Card,Kanpur,Uttar Pradesh,False,18,1.08
TXN206092,,2025-05-27T20:36:00,ACC00397,ACC00024,4720.3,IMPS,Mumbai,Maharashtra,False,12,0.85
TXN206093,,2025-07-02T12:15:00,ACC00283,ACC00147,4161.92,UPI,Kanpur,Uttar Pradesh,False,18,0.41
TXN206094,,2025-07-04T14:28:00,ACC00456,ACC00000,597.37,Wallet,Hyderabad,Telangana,False,30,1.72
TXN206095,,2025-01-10T08:46:00,ACC00369,ACC00364,1275.29,Card,Jaipur,Rajasthan,False,19,0.24
TXN206096,,2025-03-24T11:49:00,ACC00209,ACC00132,4162.36,IMPS,Lucknow,Uttar Pradesh,False,21,1.11
TXN206097,,2025-04-23T23:04:00,ACC00248,ACC00107,5950.11,Wallet,Jaipur,Rajasthan,False,34,1.94
TXN206098,,2025-06-15T07:55:00,ACC00246,ACC00224,614.67,Card,Hyderabad,Telangana,False,33,1.97
TXN206099,,2025-07-31T03:29:00,ACC00433,ACC00322,433.75,Card,Delhi,Delhi,False,26,0.67
TXN206100,,2025-07-28T06:08:00,ACC00363,ACC00199,952.48,UPI,Jaipur,Rajasthan,False,37,0.11
TXN206101,,2025-06-11T10:41:00,ACC00357,ACC00126,878.98,UPI,Delhi,Delhi,False,16,0.67
TXN206102,,2025-01-20T03:54:00,ACC00470,ACC00456,1775.7,Wallet,Hyderabad,Telangana,False,16,1.29
TXN206103,,2025-06-11T19:56:00,ACC00094,ACC00224,438.06,UPI,Kanpur,Uttar Pradesh,False,17,1.14
TXN206104,,2025-08-28T14:27:00,ACC00205,ACC00398,868.46,UPI,Jaipur,Rajasthan,False,15,1.36
TXN206105,,2025-04-06T09:39:00,ACC00147,ACC00080,1441.29,UPI,Kanpur,Uttar Pradesh,False,13,0.61
TXN206106,,2025-06-16T22:46:00,ACC00217,ACC00321,547.29,Card,Patna,Bihar,False,12,1.44
TXN206107,,2025-01-28T06:59:00,ACC00187,ACC00423,5011.54,UPI,Lucknow,Uttar Pradesh,False,23,0.87
TXN206108,,2025-07-30T06:23:00,ACC00348,ACC00008,2134.12,Wallet,Delhi,Delhi,False,7,1.66
TXN206109,,2025-04-30T13:31:00,ACC00380,ACC00333,1299.29,UPI,Lucknow,Uttar Pradesh,False,10,1.55
TXN206110,,2025-01-25T02:41:00,ACC00414,ACC00443,1209.19,Card,Jaipur,Rajasthan,False,10,1.91
TXN206111,,2025-09-13T23:43:00,ACC00316,ACC00254,990.37,IMPS,Jaipur,Rajasthan,False,11,0.25
TXN206112,,2025-08-25T02:08:00,ACC00489,ACC00332,4871.82,UPI,Patna,Bihar,False,20,1.79
TXN206113,,2025-03-29T10:15:00,ACC00428,ACC00380,1586.47,RTGS,Lucknow,Uttar Pradesh,False,24,0.92
TXN206114,,2025-01-23T23:46:00,ACC00173,ACC00042,538.88,Card,Bengaluru,Karnataka,False,9,1.59
TXN206115,,2025-01-13T23:29:00,ACC00225,ACC00073,4517.62,RTGS,Delhi,Delhi,False,15,0.38
TXN206116,,2025-04-08T16:38:00,ACC00290,ACC00082,2947.13,NEFT,Mumbai,Maharashtra,False,13,1.9
TXN206117,,2025-01-29T01:06:00,ACC00461,ACC00480,3053.64,IMPS,Lucknow,Uttar Pradesh,False,14,1.05
TXN206118,,2025-04-15T01:19:00,ACC00306,ACC00117,1261.92,UPI,Mumbai,Maharashtra,False,9,0.73
TXN206119,,2025-06-14T23:19:00,ACC00199,ACC00127,2839.11,IMPS,Patna,Bihar,False,9,1.74
TXN206120,,2025-04-20T20:38:00,ACC00047,ACC00271,282.82,RTGS,Jaipur,Rajasthan,False,22,1.99
TXN206121,,2025-01-26T22:54:00,ACC00065,ACC00456,6402.11,UPI,Jaipur,Rajasthan,False,16,1.73
TXN206122,,2025-04-27T02:52:00,ACC00068,ACC00025,5438.93,IMPS,Mumbai,Maharashtra,False,10,1.88
TXN206123,,2025-04-13T07:15:00,ACC00247,ACC00479,3443.63,UPI,Delhi,Delhi,False,9,0.84
TXN206124,,2025-07-25T07:12:00,ACC00248,ACC00003,488.03,IMPS,Lucknow,Uttar Pradesh,False,34,1.65
TXN206125,,2025-08-27T03:19:00,ACC00306,ACC00309,2563.31,Card,Lucknow,Uttar Pradesh,False,18,0.75
TXN206126,,2025-03-03T13:43:00,ACC00152,ACC00261,984.84,UPI,Kanpur,Uttar Pradesh,False,1,1.59
TXN206127,,2025-02-09T00:38:00,ACC00263,ACC00478,1523.73,Wallet,Mumbai,Maharashtra,False,2,1.39
TXN206128,,2025-01-11T09:55:00,ACC00109,ACC00148,5482.92,Card,Patna,Bihar,False,12,1.75
TXN206129,,2025-04-09T13:08:00,ACC00057,ACC00227,4170.28,IMPS,Mumbai,Maharashtra,False,16,1.99
TXN206130,,2025-06-04T20:28:00,ACC00165,ACC00169,1332.01,IMPS,Kanpur,Uttar Pradesh,False,26,1.33
TXN206131,,2025-03-08T03:36:00,ACC00119,ACC00116,3706.88,NEFT,Bengaluru,Karnataka,False,22,1.15
TXN206132,,2025-03-21T13:28:00,ACC00044,ACC00400,4683.83,IMPS,Mumbai,Maharashtra,False,22,0.52
TXN206133,,2025-03-26T11:30:00,ACC00440,ACC00190,5893.34,UPI,Jaipur,Rajasthan,False,9,1.89
TXN206134,,2025-09-17T08:17:00,ACC00293,ACC00171,7285.95,RTGS,Lucknow,Uttar Pradesh,False,27,1.65
TXN206135,,2025-06-24T02:36:00,ACC00148,ACC00091,4433.89,RTGS,Lucknow,Uttar Pradesh,False,23,1.99
TXN206136,,2025-03-06T04:03:00,ACC00035,ACC00138,579.17,UPI,Bengaluru,Karnataka,False,16,1.16
TXN206137,,2025-01-21T14:58:00,ACC00231,ACC00373,5350.47,NEFT,Bengaluru,Karnataka,False,30,1.56
TXN206138,,2025-01-20T08:40:00,ACC00214,ACC00394,592.51,UPI,Bengaluru,Karnataka,False,13,1.0
TXN206139,,2025-04-28T15:04:00,ACC00216,ACC00428,5641.83,IMPS,Jaipur,Rajasthan,False,1,1.29
TXN206140,,2025-06-24T20:05:00,ACC00192,ACC00364,2236.19,Card,Delhi,Delhi,False,32,0.39
TXN206141,,2025-07-16T18:45:00,ACC00007,ACC00209,542.81,IMPS,Bengaluru,Karnataka,False,41,1.34
TXN206142,,2025-02-05T04:59:00,ACC00475,ACC00406,1305.28,NEFT,Jaipur,Rajasthan,False,21,1.86
TXN206143,,2025-03-27T15:34:00,ACC00026,ACC00040,2633.34,Card,Kanpur,Uttar Pradesh,False,36,1.41
TXN206144,,2025-01-08T06:08:00,ACC00270,ACC00164,2000.95,IMPS,Kanpur,Uttar Pradesh,False,11,1.61
TXN206145,,2025-04-06T01:12:00,ACC00195,ACC00356,3034.42,Card,Kanpur,Uttar Pradesh,False,41,1.32
TXN206146,,2025-09-12T09:39:00,ACC00495,ACC00011,407.7,NEFT,Hyderabad,Telangana,False,19,0.68
TXN206147,,2025-05-15T17:58:00,ACC00319,ACC00006,1703.18,UPI,Mumbai,Maharashtra,False,16,1.17
TXN206148,,2025-06-04T15:52:00,ACC00235,ACC00398,3897.39,Wallet,Patna,Bihar,False,34,0.63
TXN206149,,2025-01-06T21:16:00,ACC00319,ACC00198,328.17,NEFT,Mumbai,Maharashtra,False,1,0.31
TXN206150,,2025-04-25T02:01:00,ACC00481,ACC00127,1859.39,RTGS,Jaipur,Rajasthan,False,18,0.54
TXN206151,,2025-07-02T13:48:00,ACC00226,ACC00323,1349.31,Card,Hyderabad,Telangana,False,26,0.73
TXN206152,,2025-01-07T01:25:00,ACC00420,ACC00063,3096.68,IMPS,Kanpur,Uttar Pradesh,False,16,1.45
TXN206153,,2025-02-17T04:14:00,ACC00438,ACC00393,486.66,Wallet,Jaipur,Rajasthan,False,35,0.31
TXN206154,,2025-01-15T06:36:00,ACC00190,ACC00418,3286.65,Card,Bengaluru,Karnataka,False,35,1.35
TXN206155,,2025-07-17T00:46:00,ACC00282,ACC00307,798.13,UPI,Jaipur,Rajasthan,False,12,0.82
TXN206156,,2025-01-02T08:04:00,ACC00452,ACC00190,7564.21,Card,Patna,Bihar,False,20,1.76
TXN206157,,2025-03-21T11:11:00,ACC00289,ACC00016,3300.52,NEFT,Delhi,Delhi,False,19,0.55
TXN206158,,2025-07-11T05:20:00,ACC00236,ACC00349,502.78,Card,Mumbai,Maharashtra,False,22,1.83
TXN206159,,2025-07-21T05:07:00,ACC00289,ACC00003,524.38,IMPS,Lucknow,Uttar Pradesh,False,12,0.66
TXN206160,,2025-08-04T13:39:00,ACC00417,ACC00069,1768.45,Card,Patna,Bihar,False,1,0.21
TXN206161,,2025-02-07T10:05:00,ACC00253,ACC00153,360.74,NEFT,Hyderabad,Telangana,False,7,0.64
TXN206162,,2025-07-26T20:26:00,ACC00000,ACC00289,1394.95,IMPS,Bengaluru,Karnataka,False,28,0.5
TXN206163,,2025-07-13T18:54:00,ACC00307,ACC00034,8078.29,Wallet,Jaipur,Rajasthan,False,21,1.36
TXN206164,,2025-04-04T17:26:00,ACC00181,ACC00247,1610.52,Card,Kanpur,Uttar Pradesh,False,13,1.71
TXN206165,,2025-09-04T01:44:00,ACC00072,ACC00491,1655.26,Card,Patna,Bihar,False,10,0.76
TXN206166,,2025-08-06T04:52:00,ACC00468,ACC00262,2294.23,RTGS,Bengaluru,Karnataka,False,21,1.97
TXN206167,,2025-06-21T12:48:00,ACC00273,ACC00206,3854.73,Wallet,Patna,Bihar,False,27,0.84
TXN206168,,2025-05-30T19:45:00,ACC00165,ACC00490,1341.91,RTGS,Jaipur,Rajasthan,False,14,1.08
TXN206169,,2025-03-26T21:07:00,ACC00482,ACC00227,1376.28,IMPS,Kanpur,Uttar Pradesh,False,26,1.45
TXN206170,,2025-02-01T03:48:00,ACC00203,ACC00049,3639.37,RTGS,Patna,Bihar,False,16,0.7
TXN206171,,2025-02-09T20:32:00,ACC00352,ACC00072,1511.06,Wallet,Mumbai,Maharashtra,False,23,1.22
TXN206172,,2025-03-09T14:00:00,ACC00252,ACC00152,220.11,NEFT,Hyderabad,Telangana,False,17,0.24
TXN206173,,2025-08-01T15:50:00,ACC00141,ACC00180,2559.9,RTGS,Hyderabad,Telangana,False,16,1.09
TXN206174,,2025-08-04T00:50:00,ACC00042,ACC00430,850.08,RTGS,Patna,Bihar,False,36,0.55
TXN206175,,2025-03-19T10:45:00,ACC00086,ACC00200,997.86,RTGS,Bengaluru,Karnataka,False,22,0.74
TXN206176,,2025-04-30T19:30:00,ACC00265,ACC00238,1200.43,IMPS,Kanpur,Uttar Pradesh,False,20,1.42
TXN206177,,2025-09-15T07:23:00,ACC00310,ACC00380,896.87,NEFT,Patna,Bihar,False,8,1.04
TXN206178,,2025-07-02T15:50:00,ACC00226,ACC00442,3219.82,Wallet,Lucknow,Uttar Pradesh,False,24,0.81
TXN206179,,2025-02-03T10:22:00,ACC00311,ACC00001,1447.43,UPI,Patna,Bihar,False,26,1.56
TXN206180,,2025-04-21T20:49:00,ACC00474,ACC00375,52440.72,IMPS,Kanpur,Uttar Pradesh,False,27,1.9
TXN206181,,2025-03-24T08:49:00,ACC00389,ACC00340,199.11,Wallet,Bengaluru,Karnataka,False,21,0.15
TXN206182,,2025-08-04T20:35:00,ACC00415,ACC00411,8653.46,Wallet,Delhi,Delhi,False,18,1.13
TXN206183,,2025-09-02T16:12:00,ACC00312,ACC00149,944.02,NEFT,Bengaluru,Karnataka,False,26,1.35
TXN206184,,2025-03-21T12:25:00,ACC00444,ACC00084,182.57,Wallet,Delhi,Delhi,False,1,1.52
TXN206185,,2025-08-08T06:53:00,ACC00151,ACC00301,7995.22,Wallet,Bengaluru,Karnataka,False,20,1.01
TXN206186,,2025-03-29T06:59:00,ACC00455,ACC00336,1473.33,UPI,Lucknow,Uttar Pradesh,False,36,1.23
TXN206187,,2025-01-08T22:14:00,ACC00225,ACC00111,1228.84,Card,Bengaluru,Karnataka,False,29,1.18
TXN206188,,2025-09-15T23:40:00,ACC00342,ACC00166,9063.78,Card,Lucknow,Uttar Pradesh,False,29,1.26
TXN206189,,2025-03-22T04:37:00,ACC00341,ACC00453,8333.06,IMPS,Lucknow,Uttar Pradesh,False,16,0.87
TXN206190,,2025-05-14T09:48:00,ACC00082,ACC00148,2107.3,NEFT,Patna,Bihar,False,27,1.1
TXN206191,,2025-02-23T17:37:00,ACC00017,ACC00346,5769.6,Wallet,Lucknow,Uttar Pradesh,False,1,1.04
TXN206192,,2025-09-04T22:39:00,ACC00384,ACC00058,137.6,IMPS,Patna,Bihar,False,28,1.84
TXN206193,,2025-07-16T10:57:00,ACC00474,ACC00240,1449.21,Wallet,Bengaluru,Karnataka,False,24,1.57
TXN206194,,2025-05-19T13:45:00,ACC00160,ACC00167,485.2,UPI,Kanpur,Uttar Pradesh,False,27,1.47
TXN206195,,2025-06-30T10:17:00,ACC00303,ACC00001,6386.1,IMPS,Kanpur,Uttar Pradesh,False,9,1.89
TXN206196,,2025-06-26T03:05:00,ACC00000,ACC00495,1708.67,Card,Patna,Bihar,False,22,0.71
TXN206197,,2025-04-01T03:50:00,ACC00194,ACC00265,390.77,RTGS,Kanpur,Uttar Pradesh,False,1,1.6
TXN206198,,2025-08-19T12:55:00,ACC00029,ACC00173,334.39,RTGS,Mumbai,Maharashtra,False,26,1.45
TXN206199,,2025-07-08T07:06:00,ACC00298,ACC00031,272.84,RTGS,Kanpur,Uttar Pradesh,False,2,1.41
TXN206200,,2025-07-05T07:36:00,ACC00276,ACC00484,11626.3,Card,Bengaluru,Karnataka,False,4,1.46
TXN206201,,2025-06-23T21:14:00,ACC00069,ACC00017,2487.61,IMPS,Delhi,Delhi,False,14,0.69
TXN206202,,2025-08-02T01:13:00,ACC00335,ACC00171,5147.19,RTGS,Kanpur,Uttar Pradesh,False,43,0.11
TXN206203,,2025-08-07T01:12:00,ACC00105,ACC00210,4255.86,Card,Kanpur,Uttar Pradesh,False,8,0.84
TXN206204,,2025-01-09T15:37:00,ACC00358,ACC00033,10094.66,RTGS,Delhi,Delhi,False,20,0.84
TXN206205,,2025-02-18T08:40:00,ACC00441,ACC00156,399.58,IMPS,Patna,Bihar,False,25,1.53
TXN206206,,2025-06-30T13:00:00,ACC00459,ACC00066,3213.14,Card,Kanpur,Uttar Pradesh,False,15,1.15
TXN206207,,2025-07-09T01:30:00,ACC00390,ACC00335,15205.72,UPI,Patna,Bihar,False,21,1.89
TXN206208,,2025-03-17T00:04:00,ACC00331,ACC00444,38599.76,UPI,Patna,Bihar,False,22,0.22
TXN206209,,2025-01-22T23:19:00,ACC00449,ACC00055,335.36,Wallet,Bengaluru,Karnataka,False,22,0.88
TXN206210,,2025-01-17T20:24:00,ACC00211,ACC00268,251.24,IMPS,Delhi,Delhi,False,16,0.97
TXN206211,,2025-04-04T13:45:00,ACC00116,ACC00153,1259.77,Card,Delhi,Delhi,False,36,0.89
TXN206212,,2025-07-14T09:37:00,ACC00186,ACC00279,3854.96,Wallet,Lucknow,Uttar Pradesh,False,20,1.46
TXN206213,,2025-01-19T05:51:00,ACC00158,ACC00305,571.54,RTGS,Bengaluru,Karnataka,False,15,1.21
TXN206214,,2025-02-23T23:48:00,ACC00390,ACC00408,2323.75,NEFT,Lucknow,Uttar Pradesh,False,15,0.74
TXN206215,,2025-06-30T12:11:00,ACC00489,ACC00486,1423.56,UPI,Bengaluru,Karnataka,False,24,0.4
TXN206216,,2025-05-27T23:52:00,ACC00215,ACC00218,17057.47,NEFT,Kanpur,Uttar Pradesh,False,29,0.15
TXN206217,,2025-06-18T21:20:00,ACC00210,ACC00343,1456.8,RTGS,Patna,Bihar,False,23,1.23
TXN206218,,2025-02-16T03:22:00,ACC00026,ACC00346,442.31,RTGS,Bengaluru,Karnataka,False,21,1.34
TXN206219,,2025-07-26T04:02:00,ACC00089,ACC00451,3276.26,NEFT,Delhi,Delhi,False,21,1.34
TXN206220,,2025-04-25T09:44:00,ACC00244,ACC00123,1458.63,Wallet,Kanpur,Uttar Pradesh,False,13,1.85
TXN206221,,2025-02-19T23:32:00,ACC00145,ACC00472,3356.74,UPI,Delhi,Delhi,False,8,1.42
TXN206222,,2025-08-19T01:03:00,ACC00042,ACC00322,4864.94,Card,Bengaluru,Karnataka,False,25,0.62
TXN206223,,2025-07-05T12:50:00,ACC00119,ACC00137,764.45,NEFT,Delhi,Delhi,False,24,0.11
TXN206224,,2025-09-11T07:50:00,ACC00153,ACC00305,1200.28,UPI,Kanpur,Uttar Pradesh,False,29,0.45
TXN206225,,2025-06-10T16:25:00,ACC00396,ACC00435,752.66,RTGS,Delhi,Delhi,False,9,1.45
TXN206226,,2025-03-22T10:16:00,ACC00495,ACC00112,6583.55,UPI,Kanpur,Uttar Pradesh,False,19,1.63
TXN206227,,2025-01-23T22:31:00,ACC00435,ACC00060,3669.8,IMPS,Lucknow,Uttar Pradesh,False,1,0.25
TXN206228,,2025-08-31T23:03:00,ACC00177,ACC00371,3684.74,Wallet,Patna,Bihar,False,23,0.73
TXN206229,,2025-03-13T22:35:00,ACC00036,ACC00313,4042.96,UPI,Patna,Bihar,False,10,0.22
TXN206230,,2025-06-29T00:55:00,ACC00068,ACC00378,357.62,UPI,Delhi,Delhi,False,7,1.79
TXN206231,,2025-06-21T12:53:00,ACC00048,ACC00417,4408.95,Wallet,Lucknow,Uttar Pradesh,False,20,0.74
TXN206232,,2025-01-22T19:26:00,ACC00226,ACC00249,1143.7,IMPS,Delhi,Delhi,False,2,0.27
TXN206233,,2025-05-25T00:56:00,ACC00088,ACC00032,273.75,IMPS,Kanpur,Uttar Pradesh,False,24,0.49
TXN206234,,2025-03-10T03:27:00,ACC00356,ACC00058,500.13,RTGS,Jaipur,Rajasthan,False,12,0.13
TXN206235,,2025-02-01T11:24:00,ACC00254,ACC00383,9504.67,NEFT,Mumbai,Maharashtra,False,1,0.97
TXN206236,,2025-05-10T01:45:00,ACC00130,ACC00207,533.12,NEFT,Bengaluru,Karnataka,False,12,0.17
TXN206237,,2025-03-07T04:27:00,ACC00138,ACC00317,1061.97,UPI,Hyderabad,Telangana,False,12,0.39
TXN206238,,2025-07-13T22:55:00,ACC00389,ACC00443,374.26,UPI,Hyderabad,Telangana,False,1,1.85
TXN206239,,2025-02-02T23:19:00,ACC00028,ACC00080,352.04,Wallet,Delhi,Delhi,False,15,1.54
TXN206240,,2025-04-15T02:27:00,ACC00205,ACC00071,3229.66,Wallet,Patna,Bihar,False,27,1.89
TXN206241,,2025-02-09T19:16:00,ACC00130,ACC00140,369.78,NEFT,Hyderabad,Telangana,False,16,0.45
TXN206242,,2025-05-31T06:28:00,ACC00150,ACC00037,6328.91,RTGS,Delhi,Delhi,False,12,1.78
TXN206243,,2025-06-02T03:05:00,ACC00004,ACC00353,6343.41,UPI,Bengaluru,Karnataka,False,41,0.4
TXN206244,,2025-05-25T13:25:00,ACC00048,ACC00169,3037.99,RTGS,Delhi,Delhi,False,17,1.51
TXN206245,,2025-05-20T21:25:00,ACC00398,ACC00449,4089.95,NEFT,Lucknow,Uttar Pradesh,False,35,0.98
TXN206246,,2025-08-17T17:42:00,ACC00169,ACC00255,1320.17,Card,Lucknow,Uttar Pradesh,False,5,0.29
TXN206247,,2025-03-24T11:15:00,ACC00182,ACC00096,1511.55,Wallet,Delhi,Delhi,False,42,0.52
TXN206248,,2025-08-16T05:04:00,ACC00248,ACC00147,2313.52,UPI,Mumbai,Maharashtra,False,6,0.69
TXN206249,,2025-03-28T21:12:00,ACC00030,ACC00373,1123.32,Card,Kanpur,Uttar Pradesh,False,1,0.36
TXN206250,,2025-01-21T02:18:00,ACC00262,ACC00169,1042.95,Card,Delhi,Delhi,False,24,1.59
TXN206251,,2025-05-21T18:32:00,ACC00495,ACC00075,3480.57,Wallet,Bengaluru,Karnataka,False,16,0.39
TXN206252,,2025-07-15T05:27:00,ACC00096,ACC00323,7494.13,Card,Jaipur,Rajasthan,False,18,1.68
TXN206253,,2025-05-16T07:26:00,ACC00351,ACC00294,1844.51,NEFT,Patna,Bihar,False,1,0.21
TXN206254,,2025-02-23T08:22:00,ACC00196,ACC00409,1073.52,UPI,Bengaluru,Karnataka,False,13,0.44
TXN206255,,2025-01-22T21:50:00,ACC00383,ACC00003,1276.14,UPI,Lucknow,Uttar Pradesh,False,14,1.82
TXN206256,,2025-07-08T14:09:00,ACC00070,ACC00426,3376.06,Card,Kanpur,Uttar Pradesh,False,10,0.2
TXN206257,,2025-05-25T02:37:00,ACC00414,ACC00096,3874.1,UPI,Patna,Bihar,False,10,0.67
TXN206258,,2025-02-08T00:10:00,ACC00162,ACC00000,5286.68,Wallet,Kanpur,Uttar Pradesh,False,19,1.19
TXN206259,,2025-02-25T11:07:00,ACC00186,ACC00227,2999.52,RTGS,Mumbai,Maharashtra,False,17,1.24
TXN206260,,2025-02-14T04:30:00,ACC00160,ACC00278,7250.48,NEFT,Lucknow,Uttar Pradesh,False,27,1.81
TXN206261,,2025-03-11T17:17:00,ACC00138,ACC00463,728.9,IMPS,Delhi,Delhi,False,15,0.25
TXN206262,,2025-05-14T08:28:00,ACC00071,ACC00271,475.55,IMPS,Jaipur,Rajasthan,False,31,1.19
TXN206263,,2025-05-13T16:55:00,ACC00126,ACC00310,563.55,Wallet,Patna,Bihar,False,17,0.92
TXN206264,,2025-03-22T13:22:00,ACC00094,ACC00438,4578.24,IMPS,Patna,Bihar,False,34,1.07
TXN206265,,2025-06-03T21:14:00,ACC00134,ACC00308,1974.64,Wallet,Kanpur,Uttar Pradesh,False,21,1.28
TXN206266,,2025-01-12T09:52:00,ACC00016,ACC00276,638.17,NEFT,Mumbai,Maharashtra,False,15,1.95
TXN206267,,2025-06-25T01:03:00,ACC00265,ACC00189,1061.28,RTGS,Hyderabad,Telangana,False,21,1.66
TXN206268,,2025-03-06T15:48:00,ACC00478,ACC00259,441.64,UPI,Lucknow,Uttar Pradesh,False,19,1.22
TXN206269,,2025-08-16T13:49:00,ACC00171,ACC00424,3450.15,NEFT,Kanpur,Uttar Pradesh,False,24,1.84
TXN206270,,2025-04-12T01:34:00,ACC00349,ACC00468,301.35,UPI,Hyderabad,Telangana,False,22,1.19
TXN206271,,2025-03-14T06:19:00,ACC00398,ACC00377,7377.01,Wallet,Kanpur,Uttar Pradesh,False,19,0.55
TXN206272,,2025-03-24T10:02:00,ACC00366,ACC00369,2384.43,NEFT,Patna,Bihar,False,20,0.32
TXN206273,,2025-07-27T21:02:00,ACC00299,ACC00409,441.57,NEFT,Bengaluru,Karnataka,False,31,1.75
TXN206274,,2025-06-24T08:54:00,ACC00129,ACC00115,15005.04,NEFT,Delhi,Delhi,False,11,0.84
TXN206275,,2025-07-27T22:08:00,ACC00402,ACC00421,1973.94,RTGS,Jaipur,Rajasthan,False,23,0.84
TXN206276,,2025-03-03T01:37:00,ACC00321,ACC00331,9485.66,NEFT,Patna,Bihar,False,15,0.57
TXN206277,,2025-08-06T23:17:00,ACC00206,ACC00287,2013.47,NEFT,Kanpur,Uttar Pradesh,False,27,0.26
TXN206278,,2025-07-29T08:18:00,ACC00053,ACC00174,576.44,IMPS,Hyderabad,Telangana,False,17,1.08
TXN206279,,2025-01-22T23:52:00,ACC00426,ACC00470,4283.8,UPI,Hyderabad,Telangana,False,18,0.44
TXN206280,,2025-02-01T23:29:00,ACC00179,ACC00299,1025.9,Card,Mumbai,Maharashtra,False,15,0.82
TXN206281,,2025-02-06T15:34:00,ACC00489,ACC00434,2737.71,NEFT,Patna,Bihar,False,22,1.83
TXN206282,,2025-01-23T19:29:00,ACC00287,ACC00113,704.42,NEFT,Patna,Bihar,False,34,1.83
TXN206283,,2025-01-15T01:45:00,ACC00047,ACC00104,4914.46,Card,Lucknow,Uttar Pradesh,False,29,0.44
TXN206284,,2025-04-24T01:52:00,ACC00439,ACC00121,811.26,UPI,Kanpur,Uttar Pradesh,False,19,1.72
TXN206285,,2025-05-14T01:53:00,ACC00039,ACC00434,2167.62,NEFT,Delhi,Delhi,False,23,0.83
TXN206286,,2025-06-21T18:46:00,ACC00029,ACC00213,1638.64,UPI,Patna,Bihar,False,7,0.34
TXN206287,,2025-08-12T03:39:00,ACC00360,ACC00431,1276.47,Card,Mumbai,Maharashtra,False,21,0.93
TXN206288,,2025-05-06T11:57:00,ACC00233,ACC00120,1088.6,RTGS,Hyderabad,Telangana,False,47,0.29
TXN206289,,2025-09-08T00:47:00,ACC00498,ACC00013,3330.84,UPI,Lucknow,Uttar Pradesh,False,5,1.85
TXN206290,,2025-06-23T12:24:00,ACC00101,ACC00095,1630.1,RTGS,Patna,Bihar,False,15,0.53
TXN206291,,2025-06-29T16:32:00,ACC00309,ACC00377,17568.18,Wallet,Lucknow,Uttar Pradesh,False,13,1.0
TXN206292,,2025-05-09T05:50:00,ACC00444,ACC00239,1545.13,UPI,Hyderabad,Telangana,False,13,0.2
TXN206293,,2025-05-31T12:05:00,ACC00169,ACC00374,1398.26,IMPS,Lucknow,Uttar Pradesh,False,12,1.61
TXN206294,,2025-06-29T23:49:00,ACC00341,ACC00308,449.22,IMPS,Bengaluru,Karnataka,False,40,1.82
TXN206295,,2025-05-19T10:26:00,ACC00356,ACC00468,2288.17,UPI,Delhi,Delhi,False,5,1.24
TXN206296,,2025-07-03T20:55:00,ACC00279,ACC00045,837.38,RTGS,Mumbai,Maharashtra,False,14,0.65
TXN206297,,2025-03-20T14:54:00,ACC00171,ACC00217,10302.12,IMPS,Mumbai,Maharashtra,False,32,1.88
TXN206298,,2025-03-23T19:17:00,ACC00192,ACC00189,887.19,Wallet,Mumbai,Maharashtra,False,16,1.54
TXN206299,,2025-06-14T14:10:00,ACC00245,ACC00106,652.77,Wallet,Kanpur,Uttar Pradesh,False,20,1.58
TXN206300,,2025-07-11T01:27:00,ACC00341,ACC00267,1582.35,IMPS,Bengaluru,Karnataka,False,27,1.12
TXN206301,,2025-01-13T03:30:00,ACC00283,ACC00410,965.85,Wallet,Kanpur,Uttar Pradesh,False,21,0.3
TXN206302,,2025-08-14T12:15:00,ACC00116,ACC00100,936.42,NEFT,Delhi,Delhi,False,7,0.5
TXN206303,,2025-04-28T10:05:00,ACC00119,ACC00471,450.05,Wallet,Kanpur,Uttar Pradesh,False,32,1.38
TXN206304,,2025-05-23T01:09:00,ACC00331,ACC00409,522.98,UPI,Bengaluru,Karnataka,False,18,1.85
TXN206305,,2025-09-04T05:56:00,ACC00290,ACC00055,495.24,UPI,Delhi,Delhi,False,4,0.14
TXN206306,,2025-06-01T19:36:00,ACC00079,ACC00226,1710.45,NEFT,Lucknow,Uttar Pradesh,False,33,1.07
TXN206307,,2025-08-02T16:30:00,ACC00022,ACC00036,5942.41,NEFT,Bengaluru,Karnataka,False,13,1.95
TXN206308,,2025-04-13T20:09:00,ACC00263,ACC00095,1699.92,Card,Mumbai,Maharashtra,False,22,0.35
TXN206309,,2025-08-23T17:32:00,ACC00184,ACC00492,9905.46,RTGS,Mumbai,Maharashtra,False,26,1.35
TXN206310,,2025-01-15T18:18:00,ACC00072,ACC00022,1509.23,UPI,Patna,Bihar,False,32,0.74
TXN206311,,2025-06-15T10:58:00,ACC00248,ACC00160,1724.51,RTGS,Jaipur,Rajasthan,False,18,0.41
TXN206312,,2025-01-27T13:32:00,ACC00089,ACC00350,2875.09,Wallet,Lucknow,Uttar Pradesh,False,5,0.87
TXN206313,,2025-04-09T23:20:00,ACC00406,ACC00488,2944.39,Card,Bengaluru,Karnataka,False,23,1.88
TXN206314,,2025-02-10T11:12:00,ACC00114,ACC00165,2876.71,Wallet,Lucknow,Uttar Pradesh,False,3,1.48
TXN206315,,2025-01-17T07:41:00,ACC00035,ACC00137,295.5,UPI,Kanpur,Uttar Pradesh,False,24,1.84
TXN206316,,2025-05-07T20:41:00,ACC00152,ACC00418,378.89,NEFT,Jaipur,Rajasthan,False,18,1.34
TXN206317,,2025-05-25T01:06:00,ACC00224,ACC00254,1556.84,UPI,Jaipur,Rajasthan,False,7,0.85
TXN206318,,2025-03-20T07:55:00,ACC00046,ACC00488,1186.06,IMPS,Delhi,Delhi,False,13,0.12
TXN206319,,2025-09-05T17:46:00,ACC00076,ACC00435,1291.34,NEFT,Kanpur,Uttar Pradesh,False,17,1.79
TXN206320,,2025-08-30T11:01:00,ACC00340,ACC00384,192.17,Card,Hyderabad,Telangana,False,28,1.38
TXN206321,,2025-09-11T08:02:00,ACC00247,ACC00475,2997.87,RTGS,Mumbai,Maharashtra,False,18,0.57
TXN206322,,2025-08-13T12:14:00,ACC00381,ACC00118,1674.56,IMPS,Delhi,Delhi,False,1,1.69
TXN206323,,2025-02-03T10:29:00,ACC00428,ACC00361,3121.88,RTGS,Bengaluru,Karnataka,False,6,0.15
TXN206324,,2025-02-06T12:43:00,ACC00111,ACC00297,12349.64,IMPS,Jaipur,Rajasthan,False,20,1.62
TXN206325,,2025-02-03T19:27:00,ACC00354,ACC00067,2826.3,Wallet,Lucknow,Uttar Pradesh,False,20,1.42
TXN206326,,2025-04-03T23:06:00,ACC00444,ACC00216,3327.47,Card,Delhi,Delhi,False,19,1.12
TXN206327,,2025-01-01T17:42:00,ACC00441,ACC00174,1273.12,UPI,Bengaluru,Karnataka,False,9,1.18
TXN206328,,2025-02-11T19:43:00,ACC00021,ACC00438,1987.9,Wallet,Hyderabad,Telangana,False,27,0.78
TXN206329,,2025-06-16T07:21:00,ACC00228,ACC00076,837.73,IMPS,Patna,Bihar,False,24,1.88
TXN206330,,2025-06-30T02:54:00,ACC00405,ACC00394,1215.46,UPI,Jaipur,Rajasthan,False,21,1.15
TXN206331,,2025-05-18T08:47:00,ACC00016,ACC00269,3468.16,Wallet,Jaipur,Rajasthan,False,21,1.6
TXN206332,,2025-07-08T04:37:00,ACC00090,ACC00276,2445.65,Card,Jaipur,Rajasthan,False,19,1.68
TXN206333,,2025-06-30T18:13:00,ACC00403,ACC00392,412.64,NEFT,Lucknow,Uttar Pradesh,False,10,1.79
TXN206334,,2025-09-17T04:58:00,ACC00378,ACC00488,865.75,NEFT,Mumbai,Maharashtra,False,40,1.36
TXN206335,,2025-05-18T08:19:00,ACC00394,ACC00058,781.04,RTGS,Lucknow,Uttar Pradesh,False,34,0.37
TXN206336,,2025-03-29T03:14:00,ACC00027,ACC00314,9779.79,Wallet,Patna,Bihar,False,37,1.62
TXN206337,,2025-01-05T01:47:00,ACC00390,ACC00426,1346.17,UPI,Kanpur,Uttar Pradesh,False,18,0.43
TXN206338,,2025-06-28T01:07:00,ACC00283,ACC00057,1525.64,IMPS,Patna,Bihar,False,1,0.17
TXN206339,,2025-06-25T13:17:00,ACC00107,ACC00293,3342.54,UPI,Lucknow,Uttar Pradesh,False,15,0.11
TXN206340,,2025-04-14T18:46:00,ACC00298,ACC00269,4927.61,Card,Hyderabad,Telangana,False,1,0.46
TXN206341,,2025-08-01T00:37:00,ACC00223,ACC00219,1958.07,Card,Kanpur,Uttar Pradesh,False,24,0.48
TXN206342,,2025-03-23T18:32:00,ACC00290,ACC00327,904.13,UPI,Delhi,Delhi,False,4,0.18
TXN206343,,2025-02-18T19:36:00,ACC00304,ACC00262,4667.18,IMPS,Hyderabad,Telangana,False,15,0.88
TXN206344,,2025-07-25T06:53:00,ACC00312,ACC00147,1943.6,IMPS,Patna,Bihar,False,15,1.42
TXN206345,,2025-03-18T17:21:00,ACC00439,ACC00386,2468.96,UPI,Kanpur,Uttar Pradesh,False,15,0.54
TXN206346,,2025-04-15T02:23:00,ACC00400,ACC00060,4235.17,Wallet,Lucknow,Uttar Pradesh,False,16,0.38
TXN206347,,2025-04-09T04:46:00,ACC00171,ACC00283,502.66,IMPS,Lucknow,Uttar Pradesh,False,31,0.25
TXN206348,,2025-05-13T22:43:00,ACC00362,ACC00243,783.51,IMPS,Hyderabad,Telangana,False,13,0.37
TXN206349,,2025-01-04T22:38:00,ACC00470,ACC00304,739.87,Wallet,Mumbai,Maharashtra,False,7,0.95
TXN206350,,2025-08-15T16:37:00,ACC00427,ACC00413,1692.82,Card,Kanpur,Uttar Pradesh,False,20,0.92
TXN206351,,2025-02-26T20:16:00,ACC00237,ACC00254,1206.73,Card,Hyderabad,Telangana,False,22,0.99
TXN206352,,2025-07-27T08:55:00,ACC00040,ACC00065,6093.48,IMPS,Jaipur,Rajasthan,False,29,1.9
TXN206353,,2025-04-02T22:29:00,ACC00010,ACC00048,9863.6,UPI,Kanpur,Uttar Pradesh,False,16,0.74
TXN206354,,2025-07-19T21:53:00,ACC00445,ACC00194,5723.25,IMPS,Mumbai,Maharashtra,False,1,0.98
TXN206355,,2025-01-15T15:39:00,ACC00061,ACC00228,2477.11,IMPS,Bengaluru,Karnataka,False,6,0.33
TXN206356,,2025-02-09T16:00:00,ACC00254,ACC00362,493.72,UPI,Lucknow,Uttar Pradesh,False,12,0.43
TXN206357,,2025-03-16T08:14:00,ACC00240,ACC00140,4017.75,Card,Mumbai,Maharashtra,False,12,0.39
TXN206358,,2025-04-22T08:09:00,ACC00257,ACC00156,1595.66,RTGS,Jaipur,Rajasthan,False,31,0.74
TXN206359,,2025-04-03T06:17:00,ACC00275,ACC00226,3644.68,Card,Delhi,Delhi,False,25,1.04
TXN206360,,2025-01-10T11:31:00,ACC00267,ACC00373,5916.45,NEFT,Jaipur,Rajasthan,False,11,1.98
TXN206361,,2025-03-16T11:56:00,ACC00334,ACC00244,247.52,Wallet,Lucknow,Uttar Pradesh,False,28,0.41
TXN206362,,2025-02-05T22:13:00,ACC00296,ACC00189,672.5,Card,Patna,Bihar,False,2,0.69
TXN206363,,2025-05-05T21:41:00,ACC00107,ACC00183,3853.05,NEFT,Mumbai,Maharashtra,False,21,0.23
TXN206364,,2025-06-22T01:20:00,ACC00288,ACC00331,5580.4,UPI,Bengaluru,Karnataka,False,19,1.55
TXN206365,,2025-08-29T04:03:00,ACC00490,ACC00209,7570.11,IMPS,Mumbai,Maharashtra,False,14,1.98
TXN206366,,2025-05-20T17:03:00,ACC00417,ACC00006,2408.96,NEFT,Kanpur,Uttar Pradesh,False,4,1.26
TXN206367,,2025-03-03T22:14:00,ACC00283,ACC00192,1137.66,IMPS,Delhi,Delhi,False,30,0.55
TXN206368,,2025-07-25T20:11:00,ACC00264,ACC00427,1187.96,Wallet,Mumbai,Maharashtra,False,21,1.84
TXN206369,,2025-06-01T13:28:00,ACC00368,ACC00298,2232.83,IMPS,Lucknow,Uttar Pradesh,False,10,0.12
TXN206370,,2025-08-04T13:17:00,ACC00243,ACC00110,3815.06,IMPS,Patna,Bihar,False,26,1.98
TXN206371,,2025-05-23T22:21:00,ACC00300,ACC00194,746.23,RTGS,Delhi,Delhi,False,20,0.61
TXN206372,,2025-05-16T07:28:00,ACC00326,ACC00180,903.2,UPI,Hyderabad,Telangana,False,21,1.97
TXN206373,,2025-03-09T00:02:00,ACC00251,ACC00087,870.0,IMPS,Mumbai,Maharashtra,False,31,1.98
TXN206374,,2025-08-07T19:29:00,ACC00024,ACC00167,1703.58,UPI,Kanpur,Uttar Pradesh,False,17,0.97
TXN206375,,2025-04-17T06:08:00,ACC00144,ACC00308,4043.28,Card,Mumbai,Maharashtra,False,20,0.95
TXN206376,,2025-08-05T06:19:00,ACC00063,ACC00161,2324.95,NEFT,Bengaluru,Karnataka,False,33,1.92
TXN206377,,2025-04-15T02:12:00,ACC00402,ACC00190,2942.1,Card,Patna,Bihar,False,2,1.68
TXN206378,,2025-01-19T15:21:00,ACC00409,ACC00207,1421.29,Card,Lucknow,Uttar Pradesh,False,26,0.18
TXN206379,,2025-03-25T11:20:00,ACC00302,ACC00213,3645.53,IMPS,Jaipur,Rajasthan,False,20,1.37
TXN206380,,2025-09-17T07:48:00,ACC00484,ACC00116,3229.94,IMPS,Delhi,Delhi,False,21,1.1
TXN206381,,2025-05-20T20:22:00,ACC00029,ACC00218,669.19,Wallet,Mumbai,Maharashtra,False,7,1.99
TXN206382,,2025-02-21T03:36:00,ACC00356,ACC00123,738.93,NEFT,Jaipur,Rajasthan,False,22,1.07
TXN206383,,2025-08-15T23:01:00,ACC00103,ACC00194,4929.04,IMPS,Lucknow,Uttar Pradesh,False,1,0.83
TXN206384,,2025-02-23T10:31:00,ACC00314,ACC00148,1303.32,RTGS,Lucknow,Uttar Pradesh,False,23,0.94
TXN206385,,2025-06-20T15:12:00,ACC00154,ACC00395,2328.53,IMPS,Bengaluru,Karnataka,False,3,0.31
TXN206386,,2025-03-18T02:16:00,ACC00208,ACC00291,3120.53,Wallet,Bengaluru,Karnataka,False,5,1.31
TXN206387,,2025-03-10T18:33:00,ACC00350,ACC00409,2754.39,Card,Delhi,Delhi,False,8,1.61
TXN206388,,2025-01-15T06:30:00,ACC00409,ACC00131,1766.18,UPI,Lucknow,Uttar Pradesh,False,35,1.49
TXN206389,,2025-05-03T18:06:00,ACC00430,ACC00111,3708.39,IMPS,Jaipur,Rajasthan,False,24,1.01
TXN206390,,2025-03-14T18:10:00,ACC00320,ACC00150,5355.31,Card,Mumbai,Maharashtra,False,41,0.36
TXN206391,,2025-01-07T11:59:00,ACC00194,ACC00030,1110.17,NEFT,Patna,Bihar,False,28,0.26
TXN206392,,2025-07-12T17:30:00,ACC00466,ACC00467,679.08,RTGS,Kanpur,Uttar Pradesh,False,16,0.22
TXN206393,,2025-05-04T10:04:00,ACC00458,ACC00352,7445.06,UPI,Jaipur,Rajasthan,False,20,1.73
TXN206394,,2025-08-05T19:19:00,ACC00281,ACC00096,13652.78,Wallet,Kanpur,Uttar Pradesh,False,14,0.11
TXN206395,,2025-03-21T19:17:00,ACC00101,ACC00472,1759.49,Card,Mumbai,Maharashtra,False,3,1.89
TXN206396,,2025-06-26T11:52:00,ACC00216,ACC00100,666.37,NEFT,Jaipur,Rajasthan,False,26,0.86
TXN206397,,2025-03-06T01:18:00,ACC00472,ACC00011,1085.0,IMPS,Mumbai,Maharashtra,False,31,1.17
TXN206398,,2025-01-22T23:11:00,ACC00480,ACC00219,670.23,UPI,Patna,Bihar,False,17,0.46
TXN206399,,2025-08-20T17:20:00,ACC00433,ACC00421,198.23,Card,Hyderabad,Telangana,False,35,0.38
TXN206400,,2025-07-02T13:43:00,ACC00069,ACC00000,188.94,Wallet,Delhi,Delhi,False,13,0.97
TXN206401,,2025-09-14T22:44:00,ACC00245,ACC00269,6850.41,Card,Kanpur,Uttar Pradesh,False,17,1.44
TXN206402,,2025-06-01T06:32:00,ACC00325,ACC00475,4554.84,NEFT,Bengaluru,Karnataka,False,44,1.78
TXN206403,,2025-08-13T19:08:00,ACC00327,ACC00106,262.57,RTGS,Delhi,Delhi,False,7,0.71
TXN206404,,2025-01-10T10:22:00,ACC00414,ACC00251,630.94,NEFT,Bengaluru,Karnataka,False,26,0.3
TXN206405,,2025-05-09T08:57:00,ACC00446,ACC00414,938.64,RTGS,Delhi,Delhi,False,28,0.45
TXN206406,,2025-05-01T02:34:00,ACC00071,ACC00141,1875.37,RTGS,Hyderabad,Telangana,False,23,0.13
TXN206407,,2025-03-25T15:33:00,ACC00098,ACC00355,706.18,Card,Patna,Bihar,False,8,1.07
TXN206408,,2025-01-22T18:46:00,ACC00464,ACC00319,929.93,NEFT,Lucknow,Uttar Pradesh,False,7,1.66
TXN206409,,2025-03-10T22:55:00,ACC00276,ACC00190,2092.21,RTGS,Hyderabad,Telangana,False,20,0.53
TXN206410,,2025-03-10T22:58:00,ACC00431,ACC00058,923.54,Card,Delhi,Delhi,False,27,1.19
TXN206411,,2025-06-07T00:16:00,ACC00164,ACC00113,3080.22,Wallet,Mumbai,Maharashtra,False,16,0.85
TXN206412,,2025-05-03T03:04:00,ACC00383,ACC00144,426.7,RTGS,Jaipur,Rajasthan,False,27,0.14
TXN206413,,2025-03-13T05:39:00,ACC00344,ACC00380,3417.67,UPI,Patna,Bihar,False,1,0.17
TXN206414,,2025-08-06T16:21:00,ACC00439,ACC00137,1046.17,RTGS,Lucknow,Uttar Pradesh,False,10,0.37
TXN206415,,2025-08-24T11:22:00,ACC00179,ACC00167,3665.35,IMPS,Delhi,Delhi,False,8,0.67
TXN206416,,2025-08-24T20:30:00,ACC00445,ACC00158,3348.56,Card,Hyderabad,Telangana,False,19,0.98
TXN206417,,2025-02-08T06:28:00,ACC00420,ACC00380,452.28,RTGS,Hyderabad,Telangana,False,23,1.02
TXN206418,,2025-01-06T12:46:00,ACC00112,ACC00297,1360.21,RTGS,Hyderabad,Telangana,False,27,1.58
TXN206419,,2025-07-07T15:18:00,ACC00423,ACC00318,668.62,IMPS,Jaipur,Rajasthan,False,25,0.79
TXN206420,,2025-06-03T19:39:00,ACC00225,ACC00169,6307.08,IMPS,Bengaluru,Karnataka,False,14,0.56
TXN206421,,2025-01-20T08:05:00,ACC00450,ACC00348,465.86,UPI,Jaipur,Rajasthan,False,3,0.87
TXN206422,,2025-08-24T06:50:00,ACC00399,ACC00179,1747.9,UPI,Mumbai,Maharashtra,False,37,1.72
TXN206423,,2025-01-29T13:04:00,ACC00293,ACC00019,1167.64,RTGS,Kanpur,Uttar Pradesh,False,30,1.93
TXN206424,,2025-03-09T19:12:00,ACC00431,ACC00362,3059.99,NEFT,Patna,Bihar,False,6,0.77
TXN206425,,2025-05-07T12:22:00,ACC00212,ACC00066,1693.38,Card,Delhi,Delhi,False,16,1.28
TXN206426,,2025-09-13T20:20:00,ACC00142,ACC00246,3837.53,IMPS,Kanpur,Uttar Pradesh,False,24,0.87
TXN206427,,2025-03-17T03:18:00,ACC00198,ACC00111,1345.63,UPI,Lucknow,Uttar Pradesh,False,10,0.14
TXN206428,,2025-01-27T22:49:00,ACC00080,ACC00482,900.32,IMPS,Hyderabad,Telangana,False,12,0.61
TXN206429,,2025-01-09T02:35:00,ACC00025,ACC00272,2099.91,IMPS,Mumbai,Maharashtra,False,21,1.22
TXN206430,,2025-06-19T03:32:00,ACC00047,ACC00224,911.41,RTGS,Delhi,Delhi,False,21,1.03
TXN206431,,2025-04-13T10:50:00,ACC00206,ACC00173,10788.18,NEFT,Patna,Bihar,False,35,1.55
TXN206432,,2025-09-10T15:22:00,ACC00276,ACC00406,2478.4,RTGS,Patna,Bihar,False,7,1.25
TXN206433,,2025-04-08T12:28:00,ACC00294,ACC00413,1213.76,IMPS,Mumbai,Maharashtra,False,31,0.17
TXN206434,,2025-09-11T20:31:00,ACC00097,ACC00345,1676.63,Wallet,Kanpur,Uttar Pradesh,False,16,0.43
TXN206435,,2025-02-28T16:13:00,ACC00152,ACC00351,607.89,RTGS,Bengaluru,Karnataka,False,2,0.26
TXN206436,,2025-06-04T19:07:00,ACC00010,ACC00449,1162.74,Card,Patna,Bihar,False,19,1.85
TXN206437,,2025-08-11T14:12:00,ACC00275,ACC00391,2458.84,UPI,Jaipur,Rajasthan,False,20,1.42
TXN206438,,2025-03-29T08:07:00,ACC00058,ACC00207,3450.17,Wallet,Mumbai,Maharashtra,False,31,1.53
TXN206439,,2025-03-07T04:05:00,ACC00121,ACC00148,4466.79,UPI,Kanpur,Uttar Pradesh,False,10,1.47
TXN206440,,2025-02-25T03:33:00,ACC00441,ACC00045,878.89,UPI,Patna,Bihar,False,24,0.91
TXN206441,,2025-06-29T17:51:00,ACC00011,ACC00280,1343.77,IMPS,Patna,Bihar,False,20,0.87
TXN206442,,2025-02-13T01:08:00,ACC00301,ACC00249,22822.83,IMPS,Patna,Bihar,False,36,1.4
TXN206443,,2025-07-19T20:57:00,ACC00327,ACC00043,1211.06,IMPS,Jaipur,Rajasthan,False,22,0.48
TXN206444,,2025-05-10T01:35:00,ACC00132,ACC00012,1392.26,IMPS,Hyderabad,Telangana,False,31,0.35
TXN206445,,2025-09-04T05:10:00,ACC00193,ACC00243,145.37,NEFT,Jaipur,Rajasthan,False,23,1.0
TXN206446,,2025-08-25T13:37:00,ACC00212,ACC00092,408.18,IMPS,Hyderabad,Telangana,False,13,1.07
TXN206447,,2025-08-24T13:51:00,ACC00086,ACC00027,2813.37,NEFT,Patna,Bihar,False,24,1.4
TXN206448,,2025-06-16T17:30:00,ACC00260,ACC00076,5518.69,Card,Hyderabad,Telangana,False,24,0.2
TXN206449,,2025-03-09T13:00:00,ACC00310,ACC00233,1627.22,Wallet,Hyderabad,Telangana,False,31,0.43
TXN206450,,2025-06-17T09:56:00,ACC00361,ACC00250,691.1,Wallet,Patna,Bihar,False,12,1.88
TXN206451,,2025-05-02T21:04:00,ACC00181,ACC00184,4344.06,NEFT,Kanpur,Uttar Pradesh,False,5,0.14
TXN206452,,2025-01-17T21:54:00,ACC00462,ACC00288,2814.85,UPI,Lucknow,Uttar Pradesh,False,24,1.65
TXN206453,,2025-02-08T11:25:00,ACC00257,ACC00308,1225.69,RTGS,Mumbai,Maharashtra,False,31,1.48
TXN206454,,2025-06-10T10:22:00,ACC00261,ACC00102,2025.3,Card,Mumbai,Maharashtra,False,19,1.86
TXN206455,,2025-06-21T20:03:00,ACC00096,ACC00390,1045.53,Card,Jaipur,Rajasthan,False,18,1.13
TXN206456,,2025-03-24T23:22:00,ACC00296,ACC00373,4752.77,NEFT,Delhi,Delhi,False,30,1.37
TXN206457,,2025-06-27T15:18:00,ACC00173,ACC00019,1485.47,RTGS,Lucknow,Uttar Pradesh,False,19,1.48
TXN206458,,2025-04-20T21:49:00,ACC00043,ACC00315,10102.13,IMPS,Hyderabad,Telangana,False,21,1.04
TXN206459,,2025-01-09T17:21:00,ACC00048,ACC00313,405.38,RTGS,Hyderabad,Telangana,False,15,0.34
TXN206460,,2025-03-04T20:14:00,ACC00191,ACC00405,7533.12,IMPS,Jaipur,Rajasthan,False,46,1.94
TXN206461,,2025-03-05T14:08:00,ACC00459,ACC00111,2393.35,Wallet,Hyderabad,Telangana,False,16,0.86
TXN206462,,2025-06-18T04:52:00,ACC00399,ACC00498,5161.29,IMPS,Kanpur,Uttar Pradesh,False,19,0.27
TXN206463,,2025-02-12T23:50:00,ACC00450,ACC00049,1084.17,NEFT,Mumbai,Maharashtra,False,29,1.62
TXN206464,,2025-03-10T21:06:00,ACC00137,ACC00167,3350.83,Wallet,Delhi,Delhi,False,34,1.99
TXN206465,,2025-03-03T03:30:00,ACC00254,ACC00323,4822.14,RTGS,Jaipur,Rajasthan,False,10,1.78
TXN206466,,2025-06-06T18:08:00,ACC00061,ACC00102,970.51,IMPS,Mumbai,Maharashtra,False,29,1.05
TXN206467,,2025-04-20T06:03:00,ACC00003,ACC00200,991.47,NEFT,Hyderabad,Telangana,False,39,0.14
TXN206468,,2025-02-19T12:53:00,ACC00336,ACC00381,1732.82,RTGS,Lucknow,Uttar Pradesh,False,27,0.9
TXN206469,,2025-03-21T21:42:00,ACC00246,ACC00066,2771.02,NEFT,Hyderabad,Telangana,False,26,1.44
TXN206470,,2025-03-26T14:11:00,ACC00470,ACC00390,1793.29,Card,Mumbai,Maharashtra,False,17,1.92
TXN206471,,2025-07-15T16:35:00,ACC00291,ACC00159,315.25,Wallet,Kanpur,Uttar Pradesh,False,1,1.69
TXN206472,,2025-05-20T08:23:00,ACC00457,ACC00435,2249.39,UPI,Hyderabad,Telangana,False,13,0.44
TXN206473,,2025-01-10T01:32:00,ACC00112,ACC00204,1947.4,IMPS,Mumbai,Maharashtra,False,18,1.38
TXN206474,,2025-03-31T06:05:00,ACC00147,ACC00249,136.04,Card,Mumbai,Maharashtra,False,25,0.78
TXN206475,,2025-01-27T12:24:00,ACC00496,ACC00224,657.55,IMPS,Hyderabad,Telangana,False,13,1.01
TXN206476,,2025-07-02T13:40:00,ACC00430,ACC00474,1330.88,IMPS,Lucknow,Uttar Pradesh,False,27,1.64
TXN206477,,2025-03-17T02:42:00,ACC00074,ACC00390,937.18,RTGS,Kanpur,Uttar Pradesh,False,26,0.36
TXN206478,,2025-03-05T14:29:00,ACC00262,ACC00132,622.69,RTGS,Patna,Bihar,False,28,0.59
TXN206479,,2025-05-11T14:24:00,ACC00349,ACC00304,1357.04,RTGS,Hyderabad,Telangana,False,17,0.46
TXN206480,,2025-08-11T05:46:00,ACC00106,ACC00302,647.6,IMPS,Patna,Bihar,False,21,1.28
TXN206481,,2025-01-18T11:26:00,ACC00422,ACC00212,4850.17,RTGS,Mumbai,Maharashtra,False,36,0.5
TXN206482,,2025-06-23T18:43:00,ACC00034,ACC00041,1165.67,Wallet,Patna,Bihar,False,27,1.01
TXN206483,,2025-06-14T17:56:00,ACC00202,ACC00102,1841.54,UPI,Delhi,Delhi,False,26,1.36
TXN206484,,2025-04-03T10:15:00,ACC00170,ACC00052,2290.62,IMPS,Lucknow,Uttar Pradesh,False,25,0.82
TXN206485,,2025-04-03T03:24:00,ACC00020,ACC00085,2599.9,UPI,Kanpur,Uttar Pradesh,False,2,1.04
TXN206486,,2025-08-28T13:13:00,ACC00357,ACC00070,1263.32,NEFT,Mumbai,Maharashtra,False,21,1.2
TXN206487,,2025-05-19T14:12:00,ACC00298,ACC00018,259.62,NEFT,Bengaluru,Karnataka,False,9,1.66
TXN206488,,2025-07-26T17:14:00,ACC00204,ACC00485,763.74,IMPS,Patna,Bihar,False,30,0.53
TXN206489,,2025-07-29T13:23:00,ACC00034,ACC00331,2492.77,RTGS,Patna,Bihar,False,34,0.93
TXN206490,,2025-06-16T04:56:00,ACC00111,ACC00084,1781.2,Wallet,Mumbai,Maharashtra,False,13,1.26
TXN206491,,2025-04-10T05:27:00,ACC00080,ACC00453,1572.8,Wallet,Patna,Bihar,False,17,1.69
TXN206492,,2025-06-30T21:32:00,ACC00355,ACC00470,817.63,RTGS,Delhi,Delhi,False,3,0.74
TXN206493,,2025-02-22T07:49:00,ACC00457,ACC00205,7016.19,Card,Lucknow,Uttar Pradesh,False,11,1.31
TXN206494,,2025-02-09T03:20:00,ACC00036,ACC00271,7483.33,RTGS,Kanpur,Uttar Pradesh,False,32,1.64
TXN206495,,2025-05-07T10:58:00,ACC00410,ACC00069,4286.83,NEFT,Patna,Bihar,False,17,0.5
TXN206496,,2025-09-15T19:42:00,ACC00048,ACC00068,1360.75,Wallet,Mumbai,Maharashtra,False,13,1.29
TXN206497,,2025-04-02T11:27:00,ACC00112,ACC00387,585.89,NEFT,Patna,Bihar,False,21,0.9
TXN206498,,2025-01-22T08:38:00,ACC00243,ACC00390,2412.58,RTGS,Lucknow,Uttar Pradesh,False,13,0.35
TXN206499,,2025-06-06T11:59:00,ACC00158,ACC00043,272.07,IMPS,Mumbai,Maharashtra,False,9,0.23
TXN206500,,2025-05-15T05:54:00,ACC00233,ACC00418,1893.33,NEFT,Delhi,Delhi,False,14,0.37
TXN206501,,2025-03-15T20:48:00,ACC00064,ACC00388,1347.65,IMPS,Jaipur,Rajasthan,False,37,0.68
TXN206502,,2025-02-16T10:36:00,ACC00125,ACC00022,120.97,RTGS,Lucknow,Uttar Pradesh,False,19,1.72
TXN206503,,2025-06-10T02:23:00,ACC00139,ACC00155,437.54,NEFT,Kanpur,Uttar Pradesh,False,10,1.16
TXN206504,,2025-03-12T03:40:00,ACC00300,ACC00156,656.04,Card,Jaipur,Rajasthan,False,27,0.92
TXN206505,,2025-08-23T08:32:00,ACC00002,ACC00060,4624.0,Wallet,Lucknow,Uttar Pradesh,False,23,1.19
TXN206506,,2025-08-15T11:10:00,ACC00376,ACC00049,2274.74,UPI,Bengaluru,Karnataka,False,29,1.82
TXN206507,,2025-07-22T05:19:00,ACC00087,ACC00368,1595.55,RTGS,Lucknow,Uttar Pradesh,False,23,1.87
TXN206508,,2025-06-09T16:01:00,ACC00246,ACC00230,1481.23,RTGS,Delhi,Delhi,False,29,0.31
TXN206509,,2025-07-03T14:29:00,ACC00131,ACC00244,1157.26,UPI,Kanpur,Uttar Pradesh,False,18,1.4
TXN206510,,2025-06-07T20:49:00,ACC00223,ACC00132,798.28,NEFT,Patna,Bihar,False,20,1.46
TXN206511,,2025-07-23T14:27:00,ACC00297,ACC00057,16937.47,Wallet,Jaipur,Rajasthan,False,8,1.45
TXN206512,,2025-05-22T06:47:00,ACC00138,ACC00451,2758.82,IMPS,Jaipur,Rajasthan,False,16,1.18
TXN206513,,2025-07-30T09:43:00,ACC00197,ACC00367,1134.15,RTGS,Delhi,Delhi,False,1,1.38
TXN206514,,2025-05-09T19:31:00,ACC00240,ACC00363,1756.56,RTGS,Bengaluru,Karnataka,False,6,0.64
TXN206515,,2025-04-02T21:14:00,ACC00344,ACC00258,1266.53,Card,Jaipur,Rajasthan,False,10,1.59
TXN206516,,2025-04-20T18:31:00,ACC00280,ACC00358,1304.72,UPI,Bengaluru,Karnataka,False,28,0.18
TXN206517,,2025-01-17T15:15:00,ACC00121,ACC00419,5635.23,RTGS,Lucknow,Uttar Pradesh,False,15,0.67
TXN206518,,2025-02-23T19:47:00,ACC00152,ACC00072,567.89,Card,Jaipur,Rajasthan,False,20,1.51
TXN206519,,2025-01-24T08:49:00,ACC00295,ACC00244,2650.33,Card,Delhi,Delhi,False,10,1.69
TXN206520,,2025-04-18T05:38:00,ACC00349,ACC00030,191.37,Card,Kanpur,Uttar Pradesh,False,15,0.24
TXN206521,,2025-03-05T13:44:00,ACC00118,ACC00146,595.15,Wallet,Lucknow,Uttar Pradesh,False,11,1.27
TXN206522,,2025-06-23T09:13:00,ACC00179,ACC00054,2075.79,Card,Delhi,Delhi,False,11,1.77
TXN206523,,2025-01-03T16:51:00,ACC00307,ACC00059,1905.85,Wallet,Bengaluru,Karnataka,False,15,0.86
TXN206524,,2025-01-19T09:24:00,ACC00347,ACC00459,309.27,UPI,Patna,Bihar,False,14,0.7
TXN206525,,2025-07-16T12:00:00,ACC00147,ACC00154,2904.64,NEFT,Patna,Bihar,False,25,0.26
TXN206526,,2025-08-22T22:20:00,ACC00317,ACC00009,379.77,Wallet,Patna,Bihar,False,10,1.49
TXN206527,,2025-09-15T05:50:00,ACC00157,ACC00143,4724.35,Wallet,Hyderabad,Telangana,False,1,0.27
TXN206528,,2025-08-09T09:31:00,ACC00023,ACC00025,10967.04,Card,Hyderabad,Telangana,False,19,1.05
TXN206529,,2025-03-02T08:51:00,ACC00282,ACC00396,6432.56,RTGS,Bengaluru,Karnataka,False,13,0.64
TXN206530,,2025-02-28T08:31:00,ACC00439,ACC00201,1956.6,IMPS,Patna,Bihar,False,20,1.86
TXN206531,,2025-02-19T13:23:00,ACC00133,ACC00343,19238.35,UPI,Jaipur,Rajasthan,False,7,1.87
TXN206532,,2025-09-17T11:58:00,ACC00042,ACC00114,2297.16,NEFT,Bengaluru,Karnataka,False,2,0.71
TXN206533,,2025-01-08T21:20:00,ACC00291,ACC00197,1853.32,NEFT,Jaipur,Rajasthan,False,34,0.91
TXN206534,,2025-09-03T12:23:00,ACC00429,ACC00376,4887.23,UPI,Jaipur,Rajasthan,False,13,0.71
TXN206535,,2025-07-23T21:41:00,ACC00316,ACC00267,577.81,Card,Mumbai,Maharashtra,False,10,0.96
TXN206536,,2025-06-20T03:47:00,ACC00379,ACC00289,475.42,IMPS,Jaipur,Rajasthan,False,36,1.14
TXN206537,,2025-06-07T02:19:00,ACC00087,ACC00222,3633.71,IMPS,Mumbai,Maharashtra,False,19,1.41
TXN206538,,2025-04-19T02:47:00,ACC00244,ACC00181,1383.63,Card,Patna,Bihar,False,19,0.12
TXN206539,,2025-03-04T01:39:00,ACC00437,ACC00172,847.57,UPI,Hyderabad,Telangana,False,36,0.59
TXN206540,,2025-04-18T14:42:00,ACC00063,ACC00497,2209.05,RTGS,Hyderabad,Telangana,False,42,1.23
TXN206541,,2025-05-16T10:48:00,ACC00271,ACC00386,1207.12,UPI,Delhi,Delhi,False,21,1.95
TXN206542,,2025-04-25T18:07:00,ACC00448,ACC00269,3260.52,Wallet,Kanpur,Uttar Pradesh,False,18,1.07
TXN206543,,2025-07-09T20:13:00,ACC00075,ACC00317,916.41,Card,Hyderabad,Telangana,False,19,1.65
TXN206544,,2025-02-06T15:39:00,ACC00409,ACC00044,2780.52,IMPS,Lucknow,Uttar Pradesh,False,19,0.23
TXN206545,,2025-01-05T12:30:00,ACC00017,ACC00047,2072.39,IMPS,Lucknow,Uttar Pradesh,False,19,0.33
TXN206546,,2025-07-15T06:59:00,ACC00177,ACC00003,13674.7,Wallet,Jaipur,Rajasthan,False,15,1.68
TXN206547,,2025-04-23T22:12:00,ACC00204,ACC00180,4546.89,Card,Mumbai,Maharashtra,False,16,0.94
TXN206548,,2025-04-26T15:43:00,ACC00345,ACC00486,1560.21,Card,Patna,Bihar,False,18,0.61
TXN206549,,2025-08-12T03:52:00,ACC00403,ACC00386,11035.69,RTGS,Bengaluru,Karnataka,False,20,1.54
TXN206550,,2025-04-16T05:31:00,ACC00230,ACC00262,2140.42,UPI,Jaipur,Rajasthan,False,10,0.29
TXN206551,,2025-08-06T23:03:00,ACC00015,ACC00478,2642.82,RTGS,Lucknow,Uttar Pradesh,False,25,0.36
TXN206552,,2025-05-03T12:50:00,ACC00184,ACC00263,1527.71,IMPS,Jaipur,Rajasthan,False,14,1.52
TXN206553,,2025-01-29T22:26:00,ACC00083,ACC00253,2854.62,Card,Delhi,Delhi,False,1,1.4
TXN206554,,2025-09-06T12:06:00,ACC00095,ACC00222,1507.07,UPI,Hyderabad,Telangana,False,1,1.08
TXN206555,,2025-09-06T11:39:00,ACC00018,ACC00197,1278.12,UPI,Hyderabad,Telangana,False,16,0.14
TXN206556,,2025-06-25T13:29:00,ACC00164,ACC00053,425.34,RTGS,Lucknow,Uttar Pradesh,False,23,1.71
TXN206557,,2025-05-29T06:40:00,ACC00427,ACC00333,5968.85,IMPS,Mumbai,Maharashtra,False,18,1.92
TXN206558,,2025-06-21T22:41:00,ACC00086,ACC00347,878.12,Card,Hyderabad,Telangana,False,1,1.05
TXN206559,,2025-07-26T10:40:00,ACC00333,ACC00070,2529.99,RTGS,Delhi,Delhi,False,18,1.0
TXN206560,,2025-01-22T07:11:00,ACC00161,ACC00049,888.58,Wallet,Kanpur,Uttar Pradesh,False,8,0.34
TXN206561,,2025-03-16T03:33:00,ACC00171,ACC00263,901.42,IMPS,Hyderabad,Telangana,False,32,0.94
TXN206562,,2025-05-21T05:29:00,ACC00434,ACC00358,1791.74,Card,Bengaluru,Karnataka,False,30,1.5
TXN206563,,2025-04-11T12:19:00,ACC00100,ACC00499,805.32,Wallet,Lucknow,Uttar Pradesh,False,20,1.06
TXN206564,,2025-09-16T13:45:00,ACC00104,ACC00326,3602.95,UPI,Mumbai,Maharashtra,False,27,1.35
TXN206565,,2025-05-05T16:17:00,ACC00137,ACC00124,3150.39,IMPS,Kanpur,Uttar Pradesh,False,32,1.27
TXN206566,,2025-02-20T04:00:00,ACC00172,ACC00199,1269.73,NEFT,Kanpur,Uttar Pradesh,False,5,1.5
TXN206567,,2025-06-15T18:29:00,ACC00350,ACC00210,5249.68,RTGS,Lucknow,Uttar Pradesh,False,32,0.51
TXN206568,,2025-04-17T13:43:00,ACC00278,ACC00478,2460.47,RTGS,Hyderabad,Telangana,False,24,0.25
TXN206569,,2025-04-29T02:51:00,ACC00034,ACC00020,3024.93,RTGS,Hyderabad,Telangana,False,27,1.35
TXN206570,,2025-03-14T00:46:00,ACC00340,ACC00148,2074.37,Wallet,Patna,Bihar,False,8,0.58
TXN206571,,2025-09-12T05:20:00,ACC00078,ACC00161,1418.5,RTGS,Hyderabad,Telangana,False,41,1.39
TXN206572,,2025-08-31T12:45:00,ACC00155,ACC00292,304.15,NEFT,Patna,Bihar,False,23,0.68
TXN206573,,2025-09-14T06:02:00,ACC00279,ACC00495,1441.12,Card,Patna,Bihar,False,39,1.47
TXN206574,,2025-09-08T06:37:00,ACC00494,ACC00333,1911.49,Card,Kanpur,Uttar Pradesh,False,39,1.51
TXN206575,,2025-04-16T17:00:00,ACC00120,ACC00410,817.09,Wallet,Patna,Bihar,False,38,0.74
TXN206576,,2025-01-12T07:52:00,ACC00368,ACC00037,1629.48,IMPS,Bengaluru,Karnataka,False,22,1.14
TXN206577,,2025-07-31T03:55:00,ACC00247,ACC00498,1170.74,NEFT,Lucknow,Uttar Pradesh,False,9,1.49
TXN206578,,2025-02-12T22:55:00,ACC00108,ACC00414,10591.83,RTGS,Jaipur,Rajasthan,False,25,0.98
TXN206579,,2025-06-08T19:35:00,ACC00177,ACC00182,776.88,NEFT,Mumbai,Maharashtra,False,20,1.99
TXN206580,,2025-07-06T10:35:00,ACC00445,ACC00294,2378.81,RTGS,Jaipur,Rajasthan,False,18,0.78
TXN206581,,2025-09-02T02:42:00,ACC00200,ACC00499,777.26,Card,Bengaluru,Karnataka,False,1,1.34
TXN206582,,2025-02-24T04:13:00,ACC00090,ACC00455,596.69,IMPS,Mumbai,Maharashtra,False,18,1.08
TXN206583,,2025-02-20T08:24:00,ACC00028,ACC00145,170.06,Wallet,Delhi,Delhi,False,8,1.99
TXN206584,,2025-01-06T09:08:00,ACC00489,ACC00232,302.08,IMPS,Lucknow,Uttar Pradesh,False,41,1.55
TXN206585,,2025-05-25T02:31:00,ACC00334,ACC00110,2235.57,NEFT,Kanpur,Uttar Pradesh,False,24,0.73
TXN206586,,2025-06-25T08:38:00,ACC00344,ACC00443,11595.52,IMPS,Patna,Bihar,False,15,0.47
TXN206587,,2025-06-20T09:08:00,ACC00125,ACC00490,5476.88,UPI,Jaipur,Rajasthan,False,31,1.86
TXN206588,,2025-05-15T20:52:00,ACC00352,ACC00003,2527.33,RTGS,Delhi,Delhi,False,20,0.88
TXN206589,,2025-09-03T21:16:00,ACC00142,ACC00064,10949.71,NEFT,Lucknow,Uttar Pradesh,False,26,0.31
TXN206590,,2025-07-21T07:13:00,ACC00481,ACC00459,16627.83,UPI,Lucknow,Uttar Pradesh,False,14,0.12
TXN206591,,2025-03-17T08:53:00,ACC00135,ACC00303,1008.22,RTGS,Mumbai,Maharashtra,False,19,1.44
TXN206592,,2025-05-10T14:46:00,ACC00314,ACC00104,812.23,UPI,Lucknow,Uttar Pradesh,False,18,0.69
TXN206593,,2025-06-21T01:04:00,ACC00168,ACC00305,328.34,NEFT,Bengaluru,Karnataka,False,19,0.66
TXN206594,,2025-09-05T20:49:00,ACC00442,ACC00233,7977.7,Card,Jaipur,Rajasthan,False,10,0.75
TXN206595,,2025-02-15T21:08:00,ACC00406,ACC00333,4662.67,Wallet,Bengaluru,Karnataka,False,19,0.77
TXN206596,,2025-01-10T12:05:00,ACC00212,ACC00263,1331.12,NEFT,Bengaluru,Karnataka,False,1,0.86
TXN206597,,2025-08-15T14:30:00,ACC00283,ACC00351,2138.02,UPI,Mumbai,Maharashtra,False,38,1.15
TXN206598,,2025-02-03T01:25:00,ACC00155,ACC00245,151.42,Wallet,Patna,Bihar,False,33,0.51
TXN206599,,2025-06-22T16:18:00,ACC00341,ACC00391,1421.4,UPI,Kanpur,Uttar Pradesh,False,19,0.6
TXN206600,,2025-04-09T22:44:00,ACC00296,ACC00224,1390.75,RTGS,Patna,Bihar,False,14,0.24
TXN206601,,2025-08-04T11:52:00,ACC00424,ACC00298,6794.12,NEFT,Bengaluru,Karnataka,False,1,1.66
TXN206602,,2025-09-08T08:51:00,ACC00015,ACC00179,809.92,UPI,Bengaluru,Karnataka,False,40,1.63
TXN206603,,2025-06-08T00:52:00,ACC00146,ACC00082,419.24,Card,Mumbai,Maharashtra,False,7,1.42
TXN206604,,2025-03-17T22:29:00,ACC00018,ACC00436,778.76,Card,Patna,Bihar,False,38,1.02
TXN206605,,2025-08-30T07:24:00,ACC00286,ACC00174,290.83,Wallet,Mumbai,Maharashtra,False,17,0.44
TXN206606,,2025-01-17T12:31:00,ACC00258,ACC00301,23405.51,Wallet,Jaipur,Rajasthan,False,23,1.17
TXN206607,,2025-01-20T19:57:00,ACC00235,ACC00039,122.33,Wallet,Mumbai,Maharashtra,False,18,0.29
TXN206608,,2025-03-29T07:53:00,ACC00468,ACC00355,3129.46,RTGS,Mumbai,Maharashtra,False,13,1.91
TXN206609,,2025-04-11T06:56:00,ACC00248,ACC00101,2526.14,UPI,Lucknow,Uttar Pradesh,False,44,1.45
TXN206610,,2025-01-03T18:47:00,ACC00452,ACC00050,1553.41,RTGS,Mumbai,Maharashtra,False,28,1.91
TXN206611,,2025-05-05T00:29:00,ACC00110,ACC00379,2782.31,Card,Lucknow,Uttar Pradesh,False,21,1.98
TXN206612,,2025-06-01T05:01:00,ACC00144,ACC00255,1073.4,RTGS,Patna,Bihar,False,17,1.92
TXN206613,,2025-06-21T20:31:00,ACC00004,ACC00108,2837.31,NEFT,Delhi,Delhi,False,11,0.78
TXN206614,,2025-08-02T11:06:00,ACC00401,ACC00112,764.74,Wallet,Jaipur,Rajasthan,False,6,1.46
TXN206615,,2025-02-24T03:01:00,ACC00243,ACC00206,5087.85,IMPS,Hyderabad,Telangana,False,18,0.15
TXN206616,,2025-07-05T03:43:00,ACC00049,ACC00158,1330.75,Card,Bengaluru,Karnataka,False,20,1.09
TXN206617,,2025-07-15T06:23:00,ACC00473,ACC00129,351.17,RTGS,Bengaluru,Karnataka,False,23,0.76
TXN206618,,2025-01-25T18:11:00,ACC00220,ACC00263,10263.8,Card,Bengaluru,Karnataka,False,6,0.63
TXN206619,,2025-05-22T16:59:00,ACC00295,ACC00406,965.79,RTGS,Bengaluru,Karnataka,False,17,1.63
TXN206620,,2025-08-31T14:48:00,ACC00015,ACC00106,3455.75,UPI,Lucknow,Uttar Pradesh,False,21,0.84
TXN206621,,2025-04-29T00:16:00,ACC00129,ACC00469,4670.91,UPI,Lucknow,Uttar Pradesh,False,17,1.46
TXN206622,,2025-09-08T03:43:00,ACC00369,ACC00020,1178.5,Wallet,Bengaluru,Karnataka,False,18,0.69
TXN206623,,2025-03-27T15:33:00,ACC00133,ACC00383,3065.05,Card,Delhi,Delhi,False,13,0.35
TXN206624,,2025-03-13T01:22:00,ACC00472,ACC00101,4607.83,NEFT,Lucknow,Uttar Pradesh,False,46,0.33
TXN206625,,2025-08-01T01:26:00,ACC00188,ACC00369,3806.15,RTGS,Bengaluru,Karnataka,False,14,0.78
TXN206626,,2025-04-03T08:30:00,ACC00271,ACC00457,568.36,NEFT,Delhi,Delhi,False,27,0.69
TXN206627,,2025-03-30T03:30:00,ACC00271,ACC00378,5248.46,Wallet,Mumbai,Maharashtra,False,25,1.08
TXN206628,,2025-06-03T22:25:00,ACC00419,ACC00449,7732.45,UPI,Bengaluru,Karnataka,False,27,1.92
TXN206629,,2025-06-11T09:48:00,ACC00125,ACC00072,991.99,NEFT,Bengaluru,Karnataka,False,20,1.36
TXN206630,,2025-09-02T15:25:00,ACC00424,ACC00327,3309.58,Card,Patna,Bihar,False,31,1.02
TXN206631,,2025-04-20T13:29:00,ACC00145,ACC00224,9520.68,Card,Patna,Bihar,False,15,1.44
TXN206632,,2025-01-04T13:13:00,ACC00187,ACC00373,4262.12,RTGS,Lucknow,Uttar Pradesh,False,21,1.03
TXN206633,,2025-09-02T09:39:00,ACC00362,ACC00003,1079.38,UPI,Mumbai,Maharashtra,False,15,1.8
TXN206634,,2025-07-24T12:24:00,ACC00170,ACC00445,2663.61,RTGS,Patna,Bihar,False,17,1.85
TXN206635,,2025-03-04T01:25:00,ACC00366,ACC00134,1468.38,NEFT,Kanpur,Uttar Pradesh,False,13,0.71
TXN206636,,2025-05-01T03:28:00,ACC00499,ACC00334,353.49,RTGS,Kanpur,Uttar Pradesh,False,15,1.28
TXN206637,,2025-07-04T00:32:00,ACC00493,ACC00334,1336.95,UPI,Jaipur,Rajasthan,False,1,0.8
TXN206638,,2025-02-20T07:28:00,ACC00066,ACC00467,2821.27,IMPS,Delhi,Delhi,False,21,1.65
TXN206639,,2025-08-26T10:45:00,ACC00024,ACC00041,1095.9,UPI,Lucknow,Uttar Pradesh,False,22,1.81
TXN206640,,2025-04-29T17:42:00,ACC00278,ACC00448,4020.48,Wallet,Bengaluru,Karnataka,False,9,1.84
TXN206641,,2025-08-02T22:50:00,ACC00445,ACC00499,3464.34,RTGS,Bengaluru,Karnataka,False,21,0.88
TXN206642,,2025-01-30T08:23:00,ACC00104,ACC00041,12266.64,Wallet,Patna,Bihar,False,28,0.41
TXN206643,,2025-01-09T01:28:00,ACC00354,ACC00076,10601.4,IMPS,Hyderabad,Telangana,False,14,0.6
TXN206644,,2025-02-23T21:46:00,ACC00416,ACC00357,2616.9,NEFT,Mumbai,Maharashtra,False,11,1.14
TXN206645,,2025-03-19T05:58:00,ACC00148,ACC00385,16123.18,Wallet,Delhi,Delhi,False,1,1.22
TXN206646,,2025-06-30T09:41:00,ACC00482,ACC00257,875.82,IMPS,Patna,Bihar,False,15,0.17
TXN206647,,2025-09-04T21:06:00,ACC00410,ACC00219,4451.32,Card,Patna,Bihar,False,21,0.54
TXN206648,,2025-08-11T14:39:00,ACC00475,ACC00042,2832.1,NEFT,Lucknow,Uttar Pradesh,False,37,1.87
TXN206649,,2025-08-27T10:08:00,ACC00487,ACC00472,2062.43,UPI,Patna,Bihar,False,19,0.15
TXN206650,,2025-09-07T04:27:00,ACC00015,ACC00348,5317.46,Card,Hyderabad,Telangana,False,3,0.31
TXN206651,,2025-03-30T17:37:00,ACC00453,ACC00043,7404.08,UPI,Hyderabad,Telangana,False,13,0.39
TXN206652,,2025-09-14T19:24:00,ACC00345,ACC00303,6164.1,IMPS,Bengaluru,Karnataka,False,18,1.33
TXN206653,,2025-04-06T06:49:00,ACC00309,ACC00074,3683.33,IMPS,Patna,Bihar,False,13,0.64
TXN206654,,2025-02-27T16:45:00,ACC00378,ACC00369,3970.63,RTGS,Jaipur,Rajasthan,False,30,0.65
TXN206655,,2025-05-02T03:13:00,ACC00112,ACC00144,845.1,RTGS,Patna,Bihar,False,12,1.36
TXN206656,,2025-01-09T00:23:00,ACC00050,ACC00497,687.64,RTGS,Mumbai,Maharashtra,False,30,1.08
TXN206657,,2025-08-18T01:06:00,ACC00335,ACC00073,703.88,Card,Mumbai,Maharashtra,False,4,0.45
TXN206658,,2025-03-17T05:48:00,ACC00403,ACC00181,505.72,IMPS,Patna,Bihar,False,19,0.61
TXN206659,,2025-06-07T07:00:00,ACC00321,ACC00322,1636.69,Card,Lucknow,Uttar Pradesh,False,10,0.86
TXN206660,,2025-08-02T22:57:00,ACC00391,ACC00458,1468.78,RTGS,Bengaluru,Karnataka,False,30,0.6
TXN206661,,2025-01-21T21:46:00,ACC00329,ACC00429,600.18,Card,Delhi,Delhi,False,10,0.33
TXN206662,,2025-03-26T03:22:00,ACC00086,ACC00302,5023.31,NEFT,Mumbai,Maharashtra,False,30,1.33
TXN206663,,2025-04-18T13:23:00,ACC00195,ACC00381,394.44,RTGS,Lucknow,Uttar Pradesh,False,31,0.41
TXN206664,,2025-08-13T11:36:00,ACC00337,ACC00249,2351.98,Wallet,Bengaluru,Karnataka,False,26,0.55
TXN206665,,2025-09-13T09:29:00,ACC00013,ACC00262,1486.76,Wallet,Delhi,Delhi,False,36,1.46
TXN206666,,2025-02-10T08:48:00,ACC00169,ACC00265,3272.28,NEFT,Hyderabad,Telangana,False,26,0.22
TXN206667,,2025-05-26T01:41:00,ACC00345,ACC00338,2166.77,IMPS,Patna,Bihar,False,28,1.87
TXN206668,,2025-06-02T03:08:00,ACC00265,ACC00098,7249.59,Wallet,Hyderabad,Telangana,False,23,1.05
TXN206669,,2025-04-27T16:18:00,ACC00294,ACC00251,474.39,UPI,Bengaluru,Karnataka,False,32,1.97
TXN206670,,2025-08-13T02:13:00,ACC00067,ACC00385,386.9,NEFT,Lucknow,Uttar Pradesh,False,22,1.62
TXN206671,,2025-09-15T23:37:00,ACC00262,ACC00115,372.0,UPI,Kanpur,Uttar Pradesh,False,22,0.7
TXN206672,,2025-01-09T18:01:00,ACC00163,ACC00495,4243.39,Card,Delhi,Delhi,False,19,0.41
TXN206673,,2025-06-09T06:44:00,ACC00056,ACC00084,3489.33,Card,Jaipur,Rajasthan,False,19,1.0
TXN206674,,2025-08-09T17:06:00,ACC00347,ACC00382,9334.65,Wallet,Bengaluru,Karnataka,False,35,0.25
TXN206675,,2025-04-10T07:44:00,ACC00392,ACC00135,8013.41,IMPS,Jaipur,Rajasthan,False,1,0.22
TXN206676,,2025-09-05T16:10:00,ACC00044,ACC00302,947.19,NEFT,Delhi,Delhi,False,27,0.97
TXN206677,,2025-05-05T01:49:00,ACC00373,ACC00372,3695.53,Card,Delhi,Delhi,False,31,1.58
TXN206678,,2025-07-12T00:50:00,ACC00431,ACC00158,442.38,NEFT,Patna,Bihar,False,30,0.83
TXN206679,,2025-07-06T21:30:00,ACC00120,ACC00128,2499.39,RTGS,Jaipur,Rajasthan,False,21,0.26
TXN206680,,2025-04-14T11:33:00,ACC00496,ACC00122,1241.99,UPI,Mumbai,Maharashtra,False,19,1.25
TXN206681,,2025-07-21T04:41:00,ACC00234,ACC00238,1235.69,Wallet,Mumbai,Maharashtra,False,11,0.46
TXN206682,,2025-06-26T04:48:00,ACC00367,ACC00085,1147.08,Card,Hyderabad,Telangana,False,24,0.53
TXN206683,,2025-08-26T20:44:00,ACC00278,ACC00427,1947.23,Card,Lucknow,Uttar Pradesh,False,30,1.11
TXN206684,,2025-04-12T18:40:00,ACC00420,ACC00219,639.33,RTGS,Lucknow,Uttar Pradesh,False,1,0.13
TXN206685,,2025-03-06T15:53:00,ACC00496,ACC00172,2633.28,Wallet,Bengaluru,Karnataka,False,26,1.35
TXN206686,,2025-06-01T15:39:00,ACC00109,ACC00163,1443.28,UPI,Mumbai,Maharashtra,False,17,1.92
TXN206687,,2025-01-02T07:24:00,ACC00274,ACC00424,2315.4,UPI,Delhi,Delhi,False,28,1.03
TXN206688,,2025-03-23T13:00:00,ACC00429,ACC00359,6257.32,Card,Lucknow,Uttar Pradesh,False,39,1.34
TXN206689,,2025-05-07T12:42:00,ACC00352,ACC00240,2085.94,IMPS,Lucknow,Uttar Pradesh,False,34,1.89
TXN206690,,2025-03-29T07:57:00,ACC00305,ACC00438,984.25,RTGS,Jaipur,Rajasthan,False,24,1.86
TXN206691,,2025-09-16T00:00:00,ACC00176,ACC00192,2206.24,IMPS,Bengaluru,Karnataka,False,13,1.97
TXN206692,,2025-08-27T13:04:00,ACC00035,ACC00196,6121.52,Card,Bengaluru,Karnataka,False,19,0.83
TXN206693,,2025-03-14T01:50:00,ACC00020,ACC00160,824.04,RTGS,Lucknow,Uttar Pradesh,False,19,1.37
TXN206694,,2025-03-19T02:09:00,ACC00296,ACC00186,2296.27,UPI,Lucknow,Uttar Pradesh,False,10,0.52
TXN206695,,2025-06-14T02:45:00,ACC00000,ACC00087,498.56,Card,Bengaluru,Karnataka,False,28,0.21
TXN206696,,2025-06-04T17:49:00,ACC00110,ACC00081,462.01,IMPS,Kanpur,Uttar Pradesh,False,33,1.73
TXN206697,,2025-07-28T16:46:00,ACC00002,ACC00188,534.74,Card,Patna,Bihar,False,34,1.85
TXN206698,,2025-08-25T13:22:00,ACC00171,ACC00232,1763.63,RTGS,Hyderabad,Telangana,False,23,0.13
TXN206699,,2025-04-14T05:29:00,ACC00286,ACC00222,2532.16,Card,Kanpur,Uttar Pradesh,False,28,1.96
TXN206700,,2025-09-03T09:47:00,ACC00112,ACC00457,31131.11,NEFT,Hyderabad,Telangana,False,28,1.71
TXN206701,,2025-05-28T11:25:00,ACC00052,ACC00000,1556.23,RTGS,Delhi,Delhi,False,41,0.68
TXN206702,,2025-08-22T16:53:00,ACC00013,ACC00428,8440.42,NEFT,Kanpur,Uttar Pradesh,False,12,1.67
TXN206703,,2025-02-23T06:12:00,ACC00300,ACC00084,4537.37,RTGS,Jaipur,Rajasthan,False,35,0.38
TXN206704,,2025-05-20T16:18:00,ACC00061,ACC00308,563.22,RTGS,Hyderabad,Telangana,False,14,0.78
TXN206705,,2025-06-06T03:56:00,ACC00230,ACC00125,998.59,RTGS,Patna,Bihar,False,26,0.85
TXN206706,,2025-06-10T09:08:00,ACC00377,ACC00062,589.2,Card,Bengaluru,Karnataka,False,18,0.34
TXN206707,,2025-09-10T06:29:00,ACC00285,ACC00430,415.08,NEFT,Kanpur,Uttar Pradesh,False,27,0.46
TXN206708,,2025-08-26T01:48:00,ACC00081,ACC00290,689.43,IMPS,Kanpur,Uttar Pradesh,False,33,1.52
TXN206709,,2025-04-20T00:07:00,ACC00269,ACC00470,1769.14,UPI,Kanpur,Uttar Pradesh,False,9,1.4
TXN206710,,2025-04-07T18:49:00,ACC00294,ACC00435,2174.35,Card,Patna,Bihar,False,22,1.04
TXN206711,,2025-03-17T09:18:00,ACC00281,ACC00074,1091.76,Wallet,Bengaluru,Karnataka,False,24,1.32
TXN206712,,2025-03-18T06:14:00,ACC00441,ACC00482,922.55,NEFT,Bengaluru,Karnataka,False,5,1.66
TXN206713,,2025-01-01T23:21:00,ACC00002,ACC00251,2322.09,Wallet,Bengaluru,Karnataka,False,14,0.92
TXN206714,,2025-08-21T03:22:00,ACC00438,ACC00081,1593.43,NEFT,Patna,Bihar,False,32,0.74
TXN206715,,2025-04-04T12:45:00,ACC00422,ACC00181,1300.56,Card,Hyderabad,Telangana,False,23,0.91
TXN206716,,2025-07-27T04:11:00,ACC00210,ACC00322,1574.07,Card,Kanpur,Uttar Pradesh,False,23,1.15
TXN206717,,2025-05-09T01:43:00,ACC00365,ACC00260,6962.89,IMPS,Mumbai,Maharashtra,False,20,0.3
TXN206718,,2025-09-14T19:15:00,ACC00115,ACC00040,351.3,RTGS,Hyderabad,Telangana,False,28,0.31
TXN206719,,2025-04-18T07:55:00,ACC00342,ACC00286,3306.88,Wallet,Hyderabad,Telangana,False,2,1.21
TXN206720,,2025-04-14T13:03:00,ACC00102,ACC00073,2081.98,Wallet,Kanpur,Uttar Pradesh,False,32,1.2
TXN206721,,2025-01-09T07:59:00,ACC00224,ACC00181,2018.63,RTGS,Patna,Bihar,False,26,1.52
TXN206722,,2025-06-02T15:18:00,ACC00494,ACC00011,2282.43,Wallet,Bengaluru,Karnataka,False,25,1.44
TXN206723,,2025-03-19T10:11:00,ACC00436,ACC00024,878.49,RTGS,Kanpur,Uttar Pradesh,False,21,0.13
TXN206724,,2025-09-07T14:33:00,ACC00253,ACC00224,1041.95,RTGS,Patna,Bihar,False,16,1.62
TXN206725,,2025-03-31T23:32:00,ACC00405,ACC00453,1113.48,NEFT,Lucknow,Uttar Pradesh,False,19,1.59
TXN206726,,2025-07-06T17:33:00,ACC00282,ACC00112,5001.2,RTGS,Kanpur,Uttar Pradesh,False,18,1.18
TXN206727,,2025-01-23T01:26:00,ACC00263,ACC00009,1299.08,UPI,Jaipur,Rajasthan,False,25,0.9
TXN206728,,2025-05-31T08:39:00,ACC00469,ACC00116,980.4,Wallet,Mumbai,Maharashtra,False,1,0.64
TXN206729,,2025-01-15T15:57:00,ACC00372,ACC00237,10967.27,Card,Hyderabad,Telangana,False,10,1.05
TXN206730,,2025-04-28T19:51:00,ACC00184,ACC00475,651.26,UPI,Lucknow,Uttar Pradesh,False,17,0.9
TXN206731,,2025-08-04T22:21:00,ACC00334,ACC00200,5863.66,NEFT,Mumbai,Maharashtra,False,18,0.14
TXN206732,,2025-07-18T23:04:00,ACC00069,ACC00488,640.88,Wallet,Bengaluru,Karnataka,False,30,0.89
TXN206733,,2025-04-13T17:18:00,ACC00390,ACC00123,7498.33,RTGS,Hyderabad,Telangana,False,12,1.22
TXN206734,,2025-04-04T16:06:00,ACC00328,ACC00216,3311.53,RTGS,Hyderabad,Telangana,False,15,0.34
TXN206735,,2025-03-26T05:42:00,ACC00064,ACC00172,2597.93,Wallet,Jaipur,Rajasthan,False,24,0.22
TXN206736,,2025-01-08T00:24:00,ACC00238,ACC00425,1425.74,NEFT,Lucknow,Uttar Pradesh,False,7,1.44
TXN206737,,2025-05-13T06:24:00,ACC00223,ACC00387,963.87,UPI,Delhi,Delhi,False,13,0.84
TXN206738,,2025-09-07T01:01:00,ACC00315,ACC00170,2570.99,NEFT,Jaipur,Rajasthan,False,10,1.63
TXN206739,,2025-01-31T20:27:00,ACC00156,ACC00281,4830.09,UPI,Mumbai,Maharashtra,False,18,1.39
TXN206740,,2025-02-15T21:53:00,ACC00452,ACC00456,3436.07,RTGS,Lucknow,Uttar Pradesh,False,38,0.78
TXN206741,,2025-08-02T02:24:00,ACC00253,ACC00275,1278.68,UPI,Mumbai,Maharashtra,False,19,1.81
TXN206742,,2025-05-10T20:35:00,ACC00091,ACC00387,2153.61,UPI,Kanpur,Uttar Pradesh,False,43,1.03
TXN206743,,2025-07-19T15:58:00,ACC00207,ACC00275,1262.24,IMPS,Delhi,Delhi,False,34,1.29
TXN206744,,2025-01-27T09:49:00,ACC00171,ACC00065,441.74,Card,Kanpur,Uttar Pradesh,False,3,0.46
TXN206745,,2025-05-12T18:39:00,ACC00495,ACC00450,2360.25,RTGS,Bengaluru,Karnataka,False,13,0.92
TXN206746,,2025-08-24T18:44:00,ACC00022,ACC00214,904.48,Card,Jaipur,Rajasthan,False,26,0.17
TXN206747,,2025-01-13T07:05:00,ACC00196,ACC00140,13569.79,RTGS,Delhi,Delhi,False,18,1.57
TXN206748,,2025-07-01T01:43:00,ACC00157,ACC00172,261.03,IMPS,Jaipur,Rajasthan,False,22,1.68
TXN206749,,2025-07-17T05:26:00,ACC00394,ACC00114,2127.36,NEFT,Mumbai,Maharashtra,False,2,1.97
TXN206750,,2025-08-13T01:35:00,ACC00305,ACC00283,514.37,IMPS,Hyderabad,Telangana,False,9,1.16
TXN206751,,2025-08-20T14:06:00,ACC00018,ACC00235,2041.28,IMPS,Patna,Bihar,False,21,0.55
TXN206752,,2025-07-08T11:41:00,ACC00030,ACC00445,259.68,Card,Mumbai,Maharashtra,False,13,0.46
TXN206753,,2025-07-30T09:29:00,ACC00012,ACC00441,2586.94,NEFT,Delhi,Delhi,False,32,1.34
TXN206754,,2025-08-20T16:50:00,ACC00454,ACC00126,548.04,Wallet,Jaipur,Rajasthan,False,20,1.38
TXN206755,,2025-02-27T19:34:00,ACC00353,ACC00214,9224.73,Wallet,Bengaluru,Karnataka,False,8,1.33
TXN206756,,2025-05-10T04:58:00,ACC00383,ACC00466,706.9,RTGS,Jaipur,Rajasthan,False,13,1.77
TXN206757,,2025-01-13T01:14:00,ACC00278,ACC00249,4959.81,NEFT,Delhi,Delhi,False,1,0.66
TXN206758,,2025-02-26T20:11:00,ACC00232,ACC00423,694.65,Card,Lucknow,Uttar Pradesh,False,8,1.61
TXN206759,,2025-09-05T07:34:00,ACC00008,ACC00409,1219.3,RTGS,Delhi,Delhi,False,34,1.57
TXN206760,,2025-05-06T22:12:00,ACC00399,ACC00218,1486.79,NEFT,Delhi,Delhi,False,15,1.62
TXN206761,,2025-01-27T21:40:00,ACC00140,ACC00344,364.75,RTGS,Kanpur,Uttar Pradesh,False,19,0.23
TXN206762,,2025-06-06T05:21:00,ACC00276,ACC00024,1229.77,NEFT,Jaipur,Rajasthan,False,22,1.18
TXN206763,,2025-04-29T03:27:00,ACC00486,ACC00450,4111.6,IMPS,Hyderabad,Telangana,False,1,0.42
TXN206764,,2025-05-16T12:11:00,ACC00457,ACC00116,522.7,Card,Mumbai,Maharashtra,False,10,0.75
TXN206765,,2025-08-10T04:39:00,ACC00342,ACC00195,3558.54,Wallet,Delhi,Delhi,False,25,0.89
TXN206766,,2025-05-05T08:59:00,ACC00312,ACC00333,508.49,IMPS,Bengaluru,Karnataka,False,31,1.0
TXN206767,,2025-02-02T19:02:00,ACC00326,ACC00228,1416.33,Card,Delhi,Delhi,False,26,1.35
TXN206768,,2025-02-16T07:26:00,ACC00031,ACC00171,1435.46,UPI,Jaipur,Rajasthan,False,24,0.81
TXN206769,,2025-06-04T20:33:00,ACC00025,ACC00343,2112.68,NEFT,Patna,Bihar,False,1,1.82
TXN206770,,2025-03-06T14:26:00,ACC00468,ACC00469,161.52,RTGS,Mumbai,Maharashtra,False,28,0.33
TXN206771,,2025-07-17T15:34:00,ACC00489,ACC00317,2389.6,NEFT,Delhi,Delhi,False,22,1.69
TXN206772,,2025-05-16T02:34:00,ACC00188,ACC00485,10295.95,Card,Lucknow,Uttar Pradesh,False,1,0.93
TXN206773,,2025-07-21T03:51:00,ACC00363,ACC00231,12391.47,Wallet,Delhi,Delhi,False,24,1.61
TXN206774,,2025-04-08T04:14:00,ACC00361,ACC00099,2357.64,RTGS,Hyderabad,Telangana,False,36,1.54
TXN206775,,2025-09-17T04:40:00,ACC00300,ACC00181,3557.63,UPI,Lucknow,Uttar Pradesh,False,23,0.88
TXN206776,,2025-01-05T03:14:00,ACC00317,ACC00392,1338.15,IMPS,Delhi,Delhi,False,26,0.57
TXN206777,,2025-04-12T03:48:00,ACC00408,ACC00026,6575.75,Card,Bengaluru,Karnataka,False,13,0.71
TXN206778,,2025-05-01T14:36:00,ACC00110,ACC00004,7408.15,IMPS,Jaipur,Rajasthan,False,16,1.83
TXN206779,,2025-03-22T11:11:00,ACC00086,ACC00137,363.01,Card,Hyderabad,Telangana,False,32,1.42
TXN206780,,2025-05-24T09:15:00,ACC00081,ACC00130,1689.59,NEFT,Jaipur,Rajasthan,False,26,1.59
TXN206781,,2025-09-16T18:52:00,ACC00116,ACC00464,117.8,NEFT,Mumbai,Maharashtra,False,2,1.72
TXN206782,,2025-09-15T05:51:00,ACC00069,ACC00020,5223.18,IMPS,Patna,Bihar,False,32,1.76
TXN206783,,2025-07-24T11:46:00,ACC00325,ACC00216,5638.22,RTGS,Delhi,Delhi,False,10,0.61
TXN206784,,2025-06-25T11:35:00,ACC00085,ACC00188,2162.96,IMPS,Kanpur,Uttar Pradesh,False,35,1.05
TXN206785,,2025-05-10T18:22:00,ACC00000,ACC00217,5523.58,Wallet,Lucknow,Uttar Pradesh,False,15,1.17
TXN206786,,2025-03-05T06:16:00,ACC00257,ACC00357,3913.99,NEFT,Delhi,Delhi,False,16,0.16
TXN206787,,2025-04-03T18:35:00,ACC00436,ACC00249,6311.25,RTGS,Mumbai,Maharashtra,False,18,1.07
TXN206788,,2025-03-26T23:58:00,ACC00129,ACC00174,2280.52,NEFT,Bengaluru,Karnataka,False,17,1.96
TXN206789,,2025-08-06T06:48:00,ACC00305,ACC00252,4597.71,NEFT,Lucknow,Uttar Pradesh,False,31,0.58
TXN206790,,2025-01-26T13:34:00,ACC00039,ACC00447,2089.19,IMPS,Mumbai,Maharashtra,False,5,1.26
TXN206791,,2025-01-17T21:28:00,ACC00002,ACC00469,2695.31,IMPS,Delhi,Delhi,False,13,1.19
TXN206792,,2025-01-12T06:13:00,ACC00226,ACC00230,6466.62,IMPS,Hyderabad,Telangana,False,31,0.24
TXN206793,,2025-08-02T22:30:00,ACC00285,ACC00492,2900.54,NEFT,Hyderabad,Telangana,False,19,1.35
TXN206794,,2025-01-29T18:39:00,ACC00293,ACC00338,1505.15,IMPS,Delhi,Delhi,False,8,0.33
TXN206795,,2025-01-16T03:47:00,ACC00156,ACC00467,400.69,NEFT,Kanpur,Uttar Pradesh,False,35,0.69
TXN206796,,2025-04-02T22:54:00,ACC00402,ACC00112,427.95,RTGS,Kanpur,Uttar Pradesh,False,20,0.75
TXN206797,,2025-08-22T16:52:00,ACC00421,ACC00232,2032.06,IMPS,Delhi,Delhi,False,1,1.18
TXN206798,,2025-03-19T05:21:00,ACC00366,ACC00035,1961.1,RTGS,Bengaluru,Karnataka,False,17,0.83
TXN206799,,2025-08-05T20:53:00,ACC00431,ACC00253,694.69,IMPS,Patna,Bihar,False,11,1.32
TXN206800,,2025-03-14T12:00:00,ACC00052,ACC00414,814.33,NEFT,Bengaluru,Karnataka,False,20,1.96
TXN206801,,2025-06-27T05:53:00,ACC00068,ACC00007,670.0,UPI,Lucknow,Uttar Pradesh,False,25,1.94
TXN206802,,2025-06-05T00:05:00,ACC00451,ACC00434,1487.11,IMPS,Hyderabad,Telangana,False,19,0.69
TXN206803,,2025-08-31T18:41:00,ACC00347,ACC00160,1433.77,RTGS,Delhi,Delhi,False,1,1.28
TXN206804,,2025-02-25T01:30:00,ACC00264,ACC00108,3520.25,Card,Mumbai,Maharashtra,False,22,0.46
TXN206805,,2025-02-23T23:23:00,ACC00449,ACC00399,205.21,UPI,Hyderabad,Telangana,False,22,0.25
TXN206806,,2025-07-16T23:20:00,ACC00409,ACC00164,967.06,Card,Jaipur,Rajasthan,False,35,1.11
TXN206807,,2025-06-21T06:54:00,ACC00014,ACC00132,2414.37,Card,Bengaluru,Karnataka,False,19,1.22
TXN206808,,2025-06-03T12:45:00,ACC00038,ACC00182,4914.81,Wallet,Delhi,Delhi,False,21,0.64
TXN206809,,2025-03-02T21:29:00,ACC00031,ACC00318,16759.68,IMPS,Delhi,Delhi,False,21,1.91
TXN206810,,2025-04-18T12:37:00,ACC00480,ACC00127,1044.83,RTGS,Hyderabad,Telangana,False,1,0.81
TXN206811,,2025-01-31T07:14:00,ACC00217,ACC00019,1350.49,Wallet,Mumbai,Maharashtra,False,18,1.37
TXN206812,,2025-01-11T08:33:00,ACC00180,ACC00150,1070.67,Wallet,Bengaluru,Karnataka,False,29,0.27
TXN206813,,2025-06-09T16:22:00,ACC00303,ACC00390,1139.75,UPI,Jaipur,Rajasthan,False,20,1.06
TXN206814,,2025-01-28T22:23:00,ACC00326,ACC00211,4048.31,RTGS,Hyderabad,Telangana,False,37,0.35
TXN206815,,2025-02-01T14:56:00,ACC00322,ACC00498,792.25,Card,Delhi,Delhi,False,23,1.58
TXN206816,,2025-09-07T23:13:00,ACC00495,ACC00113,766.76,NEFT,Mumbai,Maharashtra,False,26,0.41
TXN206817,,2025-08-20T07:46:00,ACC00389,ACC00363,2848.05,RTGS,Hyderabad,Telangana,False,18,0.61
TXN206818,,2025-02-02T18:52:00,ACC00349,ACC00100,1053.67,Card,Kanpur,Uttar Pradesh,False,1,0.37
TXN206819,,2025-06-06T12:27:00,ACC00277,ACC00035,1212.67,Wallet,Delhi,Delhi,False,4,1.24
TXN206820,,2025-01-20T05:13:00,ACC00291,ACC00042,1996.13,IMPS,Lucknow,Uttar Pradesh,False,6,1.58
TXN206821,,2025-01-05T08:34:00,ACC00230,ACC00240,2170.43,NEFT,Lucknow,Uttar Pradesh,False,23,0.78
TXN206822,,2025-04-07T16:30:00,ACC00105,ACC00014,2193.59,IMPS,Lucknow,Uttar Pradesh,False,13,1.31
TXN206823,,2025-05-04T08:29:00,ACC00167,ACC00497,1595.35,RTGS,Patna,Bihar,False,23,1.15
TXN206824,,2025-07-24T09:19:00,ACC00480,ACC00013,961.08,Wallet,Bengaluru,Karnataka,False,24,0.43
TXN206825,,2025-07-02T02:57:00,ACC00386,ACC00353,2048.81,Wallet,Lucknow,Uttar Pradesh,False,22,0.85
TXN206826,,2025-02-08T17:23:00,ACC00054,ACC00209,3643.87,RTGS,Kanpur,Uttar Pradesh,False,1,0.77
TXN206827,,2025-07-08T05:13:00,ACC00426,ACC00277,1306.53,UPI,Mumbai,Maharashtra,False,28,0.84
TXN206828,,2025-02-22T08:24:00,ACC00404,ACC00261,5054.71,Wallet,Patna,Bihar,False,2,0.13
TXN206829,,2025-01-04T10:11:00,ACC00331,ACC00489,2313.45,Card,Lucknow,Uttar Pradesh,False,17,1.86
TXN206830,,2025-04-27T05:49:00,ACC00221,ACC00432,3534.91,UPI,Kanpur,Uttar Pradesh,False,29,0.23
TXN206831,,2025-08-17T22:26:00,ACC00104,ACC00409,3392.77,RTGS,Bengaluru,Karnataka,False,28,1.84
TXN206832,,2025-04-25T10:07:00,ACC00239,ACC00308,1374.23,RTGS,Hyderabad,Telangana,False,21,0.12
TXN206833,,2025-09-01T05:23:00,ACC00447,ACC00278,1230.4,NEFT,Delhi,Delhi,False,13,0.28
TXN206834,,2025-03-18T02:16:00,ACC00374,ACC00464,949.02,RTGS,Mumbai,Maharashtra,False,30,0.55
TXN206835,,2025-06-17T01:32:00,ACC00222,ACC00003,690.78,Card,Delhi,Delhi,False,19,0.75
TXN206836,,2025-08-27T22:38:00,ACC00122,ACC00138,1044.64,IMPS,Mumbai,Maharashtra,False,11,1.96
TXN206837,,2025-07-20T17:00:00,ACC00328,ACC00188,1738.5,UPI,Lucknow,Uttar Pradesh,False,12,1.2
TXN206838,,2025-01-25T09:48:00,ACC00046,ACC00484,2525.78,NEFT,Delhi,Delhi,False,22,0.66
TXN206839,,2025-06-27T16:45:00,ACC00224,ACC00225,674.6,NEFT,Patna,Bihar,False,10,0.43
TXN206840,,2025-06-06T13:36:00,ACC00130,ACC00151,966.51,Wallet,Kanpur,Uttar Pradesh,False,9,1.06
TXN206841,,2025-08-20T01:10:00,ACC00181,ACC00176,827.05,UPI,Delhi,Delhi,False,26,1.35
TXN206842,,2025-02-05T22:30:00,ACC00220,ACC00374,1284.67,RTGS,Mumbai,Maharashtra,False,11,1.65
TXN206843,,2025-08-24T12:40:00,ACC00285,ACC00007,10086.88,IMPS,Mumbai,Maharashtra,False,5,0.81
TXN206844,,2025-03-12T22:03:00,ACC00116,ACC00494,2870.79,Wallet,Bengaluru,Karnataka,False,1,1.61
TXN206845,,2025-07-29T13:41:00,ACC00450,ACC00474,2768.2,UPI,Patna,Bihar,False,4,0.89
TXN206846,,2025-02-22T23:44:00,ACC00367,ACC00162,1980.7,RTGS,Patna,Bihar,False,25,1.94
TXN206847,,2025-08-04T17:25:00,ACC00213,ACC00312,127.38,UPI,Bengaluru,Karnataka,False,6,0.29
TXN206848,,2025-09-16T17:58:00,ACC00375,ACC00389,912.29,RTGS,Delhi,Delhi,False,31,0.19
TXN206849,,2025-06-27T17:30:00,ACC00432,ACC00080,453.25,RTGS,Hyderabad,Telangana,False,25,1.42
TXN206850,,2025-05-14T02:39:00,ACC00225,ACC00477,1953.78,Card,Lucknow,Uttar Pradesh,False,19,0.25
TXN206851,,2025-03-13T21:29:00,ACC00338,ACC00483,1311.32,Wallet,Kanpur,Uttar Pradesh,False,20,1.75
TXN206852,,2025-03-19T10:13:00,ACC00431,ACC00348,1919.22,Card,Hyderabad,Telangana,False,10,0.69
TXN206853,,2025-02-23T10:49:00,ACC00194,ACC00123,2458.18,UPI,Lucknow,Uttar Pradesh,False,29,0.2
TXN206854,,2025-08-28T22:17:00,ACC00281,ACC00166,634.49,UPI,Kanpur,Uttar Pradesh,False,25,1.09
TXN206855,,2025-07-24T14:05:00,ACC00457,ACC00467,1432.17,UPI,Lucknow,Uttar Pradesh,False,10,1.69
TXN206856,,2025-09-01T12:48:00,ACC00094,ACC00342,1627.42,UPI,Hyderabad,Telangana,False,9,1.42
TXN206857,,2025-03-12T01:02:00,ACC00158,ACC00322,1343.05,IMPS,Kanpur,Uttar Pradesh,False,22,0.27
TXN206858,,2025-09-16T20:14:00,ACC00387,ACC00286,448.63,UPI,Jaipur,Rajasthan,False,21,0.26
TXN206859,,2025-06-21T03:06:00,ACC00153,ACC00192,6093.55,IMPS,Hyderabad,Telangana,False,18,0.85
TXN206860,,2025-02-03T07:27:00,ACC00103,ACC00370,4779.13,NEFT,Delhi,Delhi,False,25,0.52
TXN206861,,2025-07-10T20:14:00,ACC00491,ACC00156,2355.16,Wallet,Delhi,Delhi,False,10,1.63
TXN206862,,2025-07-11T01:41:00,ACC00418,ACC00235,1498.54,RTGS,Kanpur,Uttar Pradesh,False,29,0.89
TXN206863,,2025-06-13T22:43:00,ACC00285,ACC00232,192.29,NEFT,Patna,Bihar,False,17,0.62
TXN206864,,2025-01-01T00:36:00,ACC00410,ACC00341,1950.78,IMPS,Patna,Bihar,False,18,0.95
TXN206865,,2025-04-14T00:58:00,ACC00276,ACC00273,1840.19,Card,Delhi,Delhi,False,32,1.34
TXN206866,,2025-05-23T14:57:00,ACC00407,ACC00195,3209.33,Card,Patna,Bihar,False,22,0.63
TXN206867,,2025-06-09T22:31:00,ACC00355,ACC00140,1247.56,IMPS,Hyderabad,Telangana,False,12,1.98
TXN206868,,2025-01-24T19:22:00,ACC00328,ACC00475,2335.52,RTGS,Delhi,Delhi,False,19,0.55
TXN206869,,2025-03-23T14:06:00,ACC00452,ACC00486,885.03,RTGS,Patna,Bihar,False,27,1.24
TXN206870,,2025-04-10T00:34:00,ACC00484,ACC00172,10712.18,Card,Bengaluru,Karnataka,False,20,1.82
TXN206871,,2025-05-25T07:33:00,ACC00399,ACC00281,231.05,Card,Delhi,Delhi,False,11,0.69
TXN206872,,2025-01-08T22:59:00,ACC00168,ACC00479,802.97,Card,Patna,Bihar,False,22,1.23
TXN206873,,2025-03-02T07:27:00,ACC00072,ACC00497,730.37,Card,Bengaluru,Karnataka,False,23,1.62
TXN206874,,2025-08-31T21:43:00,ACC00081,ACC00112,3517.75,NEFT,Jaipur,Rajasthan,False,20,1.15
TXN206875,,2025-01-28T19:54:00,ACC00353,ACC00206,4375.75,Card,Delhi,Delhi,False,10,0.35
TXN206876,,2025-07-29T02:00:00,ACC00200,ACC00378,396.25,Wallet,Hyderabad,Telangana,False,39,0.95
TXN206877,,2025-04-03T13:51:00,ACC00482,ACC00246,391.24,UPI,Mumbai,Maharashtra,False,16,1.97
TXN206878,,2025-07-12T21:50:00,ACC00473,ACC00171,266.84,IMPS,Kanpur,Uttar Pradesh,False,14,0.12
TXN206879,,2025-05-17T17:59:00,ACC00441,ACC00294,2216.44,UPI,Kanpur,Uttar Pradesh,False,12,0.42
TXN206880,,2025-06-08T15:47:00,ACC00252,ACC00003,5233.8,Card,Patna,Bihar,False,40,1.33
TXN206881,,2025-07-16T09:44:00,ACC00190,ACC00353,6814.28,Card,Bengaluru,Karnataka,False,18,0.72
TXN206882,,2025-05-12T15:13:00,ACC00472,ACC00211,4847.18,UPI,Kanpur,Uttar Pradesh,False,36,0.62
TXN206883,,2025-01-31T12:29:00,ACC00087,ACC00448,4125.0,UPI,Delhi,Delhi,False,16,0.73
TXN206884,,2025-07-13T04:02:00,ACC00012,ACC00334,1892.0,Card,Delhi,Delhi,False,27,1.41
TXN206885,,2025-08-01T07:23:00,ACC00450,ACC00252,4039.02,IMPS,Delhi,Delhi,False,19,1.94
TXN206886,,2025-03-12T17:45:00,ACC00291,ACC00195,1166.81,NEFT,Bengaluru,Karnataka,False,14,1.63
TXN206887,,2025-03-13T16:14:00,ACC00157,ACC00407,4368.19,Card,Patna,Bihar,False,23,1.86
TXN206888,,2025-06-03T17:42:00,ACC00206,ACC00054,1458.09,Card,Kanpur,Uttar Pradesh,False,16,0.94
TXN206889,,2025-08-13T04:14:00,ACC00345,ACC00113,581.72,NEFT,Patna,Bihar,False,24,0.88
TXN206890,,2025-03-03T09:08:00,ACC00260,ACC00293,649.58,Wallet,Patna,Bihar,False,30,1.03
TXN206891,,2025-01-29T21:06:00,ACC00403,ACC00361,560.83,Card,Lucknow,Uttar Pradesh,False,39,1.01
TXN206892,,2025-01-16T18:10:00,ACC00210,ACC00293,5701.54,Wallet,Bengaluru,Karnataka,False,1,1.9
TXN206893,,2025-07-24T17:17:00,ACC00101,ACC00114,2808.54,NEFT,Bengaluru,Karnataka,False,20,1.34
TXN206894,,2025-03-06T00:35:00,ACC00349,ACC00449,2889.02,Wallet,Bengaluru,Karnataka,False,9,0.96
TXN206895,,2025-01-07T21:49:00,ACC00305,ACC00473,2921.6,IMPS,Delhi,Delhi,False,11,0.67
TXN206896,,2025-04-10T10:10:00,ACC00491,ACC00276,1679.81,Wallet,Mumbai,Maharashtra,False,17,1.82
TXN206897,,2025-05-25T17:32:00,ACC00482,ACC00087,2462.01,IMPS,Delhi,Delhi,False,21,0.65
TXN206898,,2025-07-17T10:29:00,ACC00438,ACC00429,1742.43,IMPS,Hyderabad,Telangana,False,19,1.11
TXN206899,,2025-04-18T08:37:00,ACC00078,ACC00129,18946.58,Card,Jaipur,Rajasthan,False,24,0.42
TXN206900,,2025-04-08T06:03:00,ACC00406,ACC00214,2009.7,NEFT,Delhi,Delhi,False,25,1.92
TXN206901,,2025-06-09T08:38:00,ACC00122,ACC00064,5475.2,NEFT,Lucknow,Uttar Pradesh,False,16,1.32
TXN206902,,2025-03-26T21:36:00,ACC00293,ACC00480,873.43,RTGS,Mumbai,Maharashtra,False,31,1.4
TXN206903,,2025-03-26T23:46:00,ACC00396,ACC00148,1117.8,UPI,Hyderabad,Telangana,False,13,1.59
TXN206904,,2025-02-07T09:20:00,ACC00187,ACC00165,3972.8,Wallet,Mumbai,Maharashtra,False,13,0.74
TXN206905,,2025-05-18T15:04:00,ACC00243,ACC00345,3047.01,UPI,Bengaluru,Karnataka,False,21,0.83
TXN206906,,2025-02-06T07:17:00,ACC00110,ACC00144,1626.56,Wallet,Delhi,Delhi,False,34,1.54
TXN206907,,2025-07-30T21:29:00,ACC00328,ACC00456,3585.05,Wallet,Patna,Bihar,False,39,0.68
TXN206908,,2025-07-26T13:52:00,ACC00433,ACC00127,1385.84,Card,Jaipur,Rajasthan,False,10,1.08
TXN206909,,2025-08-21T05:05:00,ACC00446,ACC00329,8279.91,Wallet,Kanpur,Uttar Pradesh,False,31,1.78
TXN206910,,2025-05-03T03:42:00,ACC00026,ACC00395,9665.87,Card,Kanpur,Uttar Pradesh,False,8,1.74
TXN206911,,2025-06-01T15:03:00,ACC00397,ACC00414,1265.53,Card,Lucknow,Uttar Pradesh,False,9,1.78
TXN206912,,2025-03-06T18:45:00,ACC00261,ACC00182,593.45,IMPS,Delhi,Delhi,False,1,0.91
TXN206913,,2025-02-10T02:27:00,ACC00351,ACC00163,4361.32,UPI,Kanpur,Uttar Pradesh,False,19,1.75
TXN206914,,2025-09-07T00:41:00,ACC00379,ACC00037,3510.26,Card,Jaipur,Rajasthan,False,12,0.27
TXN206915,,2025-03-07T10:51:00,ACC00313,ACC00282,928.08,Wallet,Delhi,Delhi,False,1,0.22
TXN206916,,2025-01-19T18:04:00,ACC00383,ACC00417,3092.3,Wallet,Delhi,Delhi,False,33,1.34
TXN206917,,2025-02-21T09:50:00,ACC00081,ACC00056,2726.11,UPI,Patna,Bihar,False,37,1.11
TXN206918,,2025-07-26T16:00:00,ACC00139,ACC00352,2525.25,IMPS,Jaipur,Rajasthan,False,29,0.19
TXN206919,,2025-05-13T01:04:00,ACC00308,ACC00041,272.9,IMPS,Delhi,Delhi,False,18,1.96
TXN206920,,2025-04-17T13:23:00,ACC00308,ACC00202,952.68,UPI,Mumbai,Maharashtra,False,35,0.21
TXN206921,,2025-09-17T14:17:00,ACC00405,ACC00336,1156.11,NEFT,Jaipur,Rajasthan,False,8,1.89
TXN206922,,2025-05-04T01:52:00,ACC00329,ACC00018,3453.52,IMPS,Patna,Bihar,False,15,0.16
TXN206923,,2025-05-09T12:29:00,ACC00152,ACC00314,269.59,Wallet,Kanpur,Uttar Pradesh,False,13,0.36
TXN206924,,2025-01-09T16:14:00,ACC00411,ACC00310,5956.15,IMPS,Hyderabad,Telangana,False,22,1.68
TXN206925,,2025-02-19T14:09:00,ACC00067,ACC00387,3228.2,Wallet,Delhi,Delhi,False,24,1.83
TXN206926,,2025-01-26T17:28:00,ACC00145,ACC00393,1579.99,IMPS,Lucknow,Uttar Pradesh,False,31,0.33
TXN206927,,2025-04-30T21:11:00,ACC00300,ACC00371,903.32,IMPS,Lucknow,Uttar Pradesh,False,25,0.86
TXN206928,,2025-05-20T23:43:00,ACC00158,ACC00490,2314.51,IMPS,Lucknow,Uttar Pradesh,False,25,1.45
TXN206929,,2025-08-17T22:58:00,ACC00355,ACC00139,119.23,Card,Hyderabad,Telangana,False,9,1.16
TXN206930,,2025-05-05T07:06:00,ACC00278,ACC00196,826.52,RTGS,Mumbai,Maharashtra,False,18,0.9
TXN206931,,2025-06-16T02:09:00,ACC00158,ACC00299,6362.98,IMPS,Bengaluru,Karnataka,False,1,1.55
TXN206932,,2025-06-08T02:26:00,ACC00315,ACC00071,1372.98,UPI,Bengaluru,Karnataka,False,13,0.89
TXN206933,,2025-08-26T14:29:00,ACC00139,ACC00340,3965.43,Wallet,Jaipur,Rajasthan,False,34,1.13
TXN206934,,2025-05-27T19:07:00,ACC00237,ACC00396,976.28,UPI,Lucknow,Uttar Pradesh,False,22,0.73
TXN206935,,2025-03-14T23:32:00,ACC00258,ACC00452,2065.34,Wallet,Lucknow,Uttar Pradesh,False,18,0.88
TXN206936,,2025-02-08T07:18:00,ACC00224,ACC00343,1265.95,RTGS,Mumbai,Maharashtra,False,18,0.28
TXN206937,,2025-01-12T07:06:00,ACC00407,ACC00282,1545.87,RTGS,Kanpur,Uttar Pradesh,False,14,1.89
TXN206938,,2025-08-03T18:12:00,ACC00290,ACC00364,403.92,NEFT,Bengaluru,Karnataka,False,21,0.35
TXN206939,,2025-01-27T19:48:00,ACC00274,ACC00455,687.56,Card,Bengaluru,Karnataka,False,15,0.58
TXN206940,,2025-01-12T15:24:00,ACC00448,ACC00406,1105.99,Wallet,Delhi,Delhi,False,27,0.41
TXN206941,,2025-01-15T04:51:00,ACC00178,ACC00346,803.14,NEFT,Bengaluru,Karnataka,False,20,0.38
TXN206942,,2025-02-19T15:11:00,ACC00409,ACC00423,1537.7,IMPS,Mumbai,Maharashtra,False,26,1.05
TXN206943,,2025-08-05T22:58:00,ACC00066,ACC00264,585.65,NEFT,Delhi,Delhi,False,23,1.28
TXN206944,,2025-05-20T13:54:00,ACC00324,ACC00014,1516.72,NEFT,Delhi,Delhi,False,9,1.26
TXN206945,,2025-09-06T18:07:00,ACC00026,ACC00407,1059.35,RTGS,Mumbai,Maharashtra,False,16,1.07
TXN206946,,2025-01-09T05:56:00,ACC00265,ACC00385,174.94,UPI,Kanpur,Uttar Pradesh,False,4,0.58
TXN206947,,2025-02-18T18:22:00,ACC00026,ACC00352,1313.95,Card,Mumbai,Maharashtra,False,26,1.8
TXN206948,,2025-05-11T16:40:00,ACC00063,ACC00078,3148.36,UPI,Mumbai,Maharashtra,False,22,0.25
TXN206949,,2025-06-30T21:59:00,ACC00461,ACC00196,2375.18,Card,Lucknow,Uttar Pradesh,False,13,0.19
TXN206950,,2025-02-11T19:33:00,ACC00162,ACC00456,510.74,Wallet,Patna,Bihar,False,12,1.54
TXN206951,,2025-07-18T02:57:00,ACC00219,ACC00392,4781.85,Wallet,Kanpur,Uttar Pradesh,False,14,0.3
TXN206952,,2025-09-02T07:53:00,ACC00283,ACC00232,2012.2,UPI,Bengaluru,Karnataka,False,16,1.01
TXN206953,,2025-04-22T08:21:00,ACC00470,ACC00495,6208.18,Wallet,Kanpur,Uttar Pradesh,False,26,0.77
TXN206954,,2025-09-01T13:05:00,ACC00262,ACC00219,1723.4,UPI,Jaipur,Rajasthan,False,25,0.97
TXN206955,,2025-08-18T17:32:00,ACC00299,ACC00211,4912.68,UPI,Bengaluru,Karnataka,False,4,1.91
TXN206956,,2025-07-12T02:00:00,ACC00104,ACC00058,409.8,Card,Patna,Bihar,False,19,0.71
TXN206957,,2025-03-12T11:26:00,ACC00366,ACC00438,3792.77,RTGS,Jaipur,Rajasthan,False,25,0.65
TXN206958,,2025-07-23T03:34:00,ACC00496,ACC00090,2776.25,Wallet,Lucknow,Uttar Pradesh,False,15,0.74
TXN206959,,2025-03-13T07:22:00,ACC00433,ACC00400,8924.81,Card,Kanpur,Uttar Pradesh,False,17,0.36
TXN206960,,2025-03-29T00:10:00,ACC00285,ACC00051,2320.1,Wallet,Hyderabad,Telangana,False,33,0.93
TXN206961,,2025-07-05T00:55:00,ACC00169,ACC00422,745.5,NEFT,Lucknow,Uttar Pradesh,False,20,0.32
TXN206962,,2025-04-12T03:59:00,ACC00387,ACC00483,1953.26,Wallet,Mumbai,Maharashtra,False,24,0.6
TXN206963,,2025-06-10T00:38:00,ACC00459,ACC00155,2118.5,Card,Hyderabad,Telangana,False,18,1.34
TXN206964,,2025-08-31T16:05:00,ACC00425,ACC00497,2982.68,IMPS,Jaipur,Rajasthan,False,17,0.46
TXN206965,,2025-07-01T14:08:00,ACC00433,ACC00084,1343.5,UPI,Patna,Bihar,False,24,0.97
TXN206966,,2025-02-25T06:48:00,ACC00305,ACC00360,1414.26,UPI,Delhi,Delhi,False,23,0.2
TXN206967,,2025-02-18T04:53:00,ACC00049,ACC00205,1487.78,IMPS,Hyderabad,Telangana,False,7,1.24
TXN206968,,2025-02-10T02:48:00,ACC00198,ACC00078,2344.96,Card,Hyderabad,Telangana,False,23,1.74
TXN206969,,2025-02-13T11:03:00,ACC00114,ACC00344,2066.24,RTGS,Mumbai,Maharashtra,False,26,1.51
TXN206970,,2025-05-04T10:20:00,ACC00161,ACC00345,638.67,RTGS,Bengaluru,Karnataka,False,33,1.33
TXN206971,,2025-08-30T14:07:00,ACC00461,ACC00250,1582.2,UPI,Mumbai,Maharashtra,False,14,0.67
TXN206972,,2025-01-25T12:26:00,ACC00256,ACC00167,2974.0,RTGS,Mumbai,Maharashtra,False,1,1.33
TXN206973,,2025-04-30T15:27:00,ACC00430,ACC00187,1391.57,RTGS,Kanpur,Uttar Pradesh,False,28,1.06
TXN206974,,2025-02-13T02:53:00,ACC00148,ACC00452,2423.95,Wallet,Bengaluru,Karnataka,False,26,1.05
TXN206975,,2025-01-03T10:53:00,ACC00015,ACC00014,1303.42,UPI,Patna,Bihar,False,19,0.86
TXN206976,,2025-04-19T15:21:00,ACC00444,ACC00067,4552.19,IMPS,Mumbai,Maharashtra,False,25,0.81
TXN206977,,2025-02-22T11:00:00,ACC00475,ACC00220,1896.87,Card,Jaipur,Rajasthan,False,36,0.13
TXN206978,,2025-08-12T08:59:00,ACC00257,ACC00061,799.39,UPI,Delhi,Delhi,False,23,0.6
TXN206979,,2025-03-07T15:13:00,ACC00056,ACC00378,573.63,UPI,Kanpur,Uttar Pradesh,False,7,0.7
TXN206980,,2025-04-19T03:53:00,ACC00248,ACC00237,847.82,IMPS,Kanpur,Uttar Pradesh,False,13,0.71
TXN206981,,2025-09-04T11:49:00,ACC00489,ACC00097,3530.18,Wallet,Kanpur,Uttar Pradesh,False,19,0.3
TXN206982,,2025-05-25T04:26:00,ACC00179,ACC00442,3563.0,RTGS,Lucknow,Uttar Pradesh,False,13,0.73
TXN206983,,2025-05-29T16:38:00,ACC00180,ACC00454,2634.87,NEFT,Bengaluru,Karnataka,False,30,0.1
TXN206984,,2025-06-01T03:59:00,ACC00013,ACC00028,9820.35,NEFT,Lucknow,Uttar Pradesh,False,16,1.37
TXN206985,,2025-03-02T17:46:00,ACC00457,ACC00407,232.72,NEFT,Hyderabad,Telangana,False,21,1.41
TXN206986,,2025-04-06T05:28:00,ACC00310,ACC00279,672.83,RTGS,Delhi,Delhi,False,19,1.71
TXN206987,,2025-05-04T13:40:00,ACC00160,ACC00442,924.37,RTGS,Patna,Bihar,False,3,0.48
TXN206988,,2025-08-16T23:42:00,ACC00436,ACC00133,2512.18,NEFT,Patna,Bihar,False,8,1.51
TXN206989,,2025-02-10T05:38:00,ACC00240,ACC00104,869.49,Wallet,Kanpur,Uttar Pradesh,False,20,0.53
TXN206990,,2025-02-13T11:42:00,ACC00152,ACC00258,2408.74,Card,Jaipur,Rajasthan,False,3,0.45
TXN206991,,2025-02-20T05:49:00,ACC00198,ACC00417,5383.26,Wallet,Delhi,Delhi,False,23,1.38
TXN206992,,2025-08-02T15:43:00,ACC00059,ACC00198,138.59,Card,Lucknow,Uttar Pradesh,False,24,0.98
TXN206993,,2025-08-10T03:07:00,ACC00263,ACC00259,1400.74,RTGS,Mumbai,Maharashtra,False,11,1.87
TXN206994,,2025-04-27T21:31:00,ACC00253,ACC00029,991.06,NEFT,Delhi,Delhi,False,20,1.59
TXN206995,,2025-05-13T00:18:00,ACC00450,ACC00424,2996.44,Wallet,Lucknow,Uttar Pradesh,False,36,0.44
TXN206996,,2025-08-02T06:47:00,ACC00360,ACC00065,1780.11,IMPS,Patna,Bihar,False,15,1.45
TXN206997,,2025-06-30T10:29:00,ACC00040,ACC00138,5481.3,RTGS,Delhi,Delhi,False,26,1.97
TXN206998,,2025-03-16T13:03:00,ACC00113,ACC00429,1140.4,IMPS,Jaipur,Rajasthan,False,1,1.51
TXN206999,,2025-01-12T00:33:00,ACC00296,ACC00263,1667.34,Wallet,Kanpur,Uttar Pradesh,False,30,1.92
TXN207000,,2025-05-05T06:16:00,ACC00192,ACC00483,2895.68,Wallet,Mumbai,Maharashtra,False,13,0.66
TXN207001,,2025-08-10T10:40:00,ACC00118,ACC00424,24388.58,IMPS,Bengaluru,Karnataka,False,14,1.9
TXN207002,,2025-06-04T20:45:00,ACC00345,ACC00295,5409.36,RTGS,Patna,Bihar,False,48,1.02
TXN207003,,2025-01-04T02:24:00,ACC00321,ACC00398,5315.37,RTGS,Patna,Bihar,False,22,1.58
TXN207004,,2025-03-14T04:13:00,ACC00407,ACC00188,2021.29,IMPS,Jaipur,Rajasthan,False,26,0.82
TXN207005,,2025-07-13T09:39:00,ACC00219,ACC00218,423.21,Wallet,Patna,Bihar,False,11,0.27
TXN207006,,2025-08-25T15:38:00,ACC00147,ACC00391,3737.38,NEFT,Delhi,Delhi,False,21,1.74
TXN207007,,2025-06-26T08:34:00,ACC00027,ACC00133,1743.16,RTGS,Bengaluru,Karnataka,False,16,0.5
TXN207008,,2025-01-12T06:41:00,ACC00411,ACC00446,4032.19,UPI,Bengaluru,Karnataka,False,29,0.44
TXN207009,,2025-05-11T17:03:00,ACC00001,ACC00006,378.13,NEFT,Mumbai,Maharashtra,False,19,0.73
TXN207010,,2025-07-27T05:06:00,ACC00243,ACC00434,1818.36,RTGS,Mumbai,Maharashtra,False,12,1.39
TXN207011,,2025-06-23T10:44:00,ACC00250,ACC00101,2308.53,Card,Patna,Bihar,False,12,1.44
TXN207012,,2025-04-09T00:18:00,ACC00444,ACC00190,2414.43,Wallet,Bengaluru,Karnataka,False,22,0.72
TXN207013,,2025-05-14T19:02:00,ACC00238,ACC00309,520.15,IMPS,Bengaluru,Karnataka,False,14,1.32
TXN207014,,2025-01-08T23:16:00,ACC00012,ACC00253,2361.53,RTGS,Bengaluru,Karnataka,False,15,0.91
TXN207015,,2025-01-31T22:34:00,ACC00087,ACC00221,1642.12,NEFT,Bengaluru,Karnataka,False,28,1.42
TXN207016,,2025-06-03T17:54:00,ACC00341,ACC00289,1495.74,UPI,Patna,Bihar,False,12,0.92
TXN207017,,2025-07-10T02:22:00,ACC00323,ACC00062,1611.72,Wallet,Kanpur,Uttar Pradesh,False,13,1.55
TXN207018,,2025-08-27T11:19:00,ACC00474,ACC00119,867.25,Wallet,Patna,Bihar,False,18,0.34
TXN207019,,2025-02-03T09:22:00,ACC00497,ACC00013,4431.13,NEFT,Kanpur,Uttar Pradesh,False,26,1.22
TXN207020,,2025-03-12T04:13:00,ACC00189,ACC00245,1467.85,IMPS,Mumbai,Maharashtra,False,19,0.52
TXN207021,,2025-08-17T07:19:00,ACC00296,ACC00083,784.09,Wallet,Mumbai,Maharashtra,False,15,0.59
TXN207022,,2025-05-04T00:44:00,ACC00383,ACC00268,4306.35,NEFT,Lucknow,Uttar Pradesh,False,3,0.65
TXN207023,,2025-02-13T12:16:00,ACC00330,ACC00237,1080.9,IMPS,Jaipur,Rajasthan,False,11,1.59
TXN207024,,2025-03-10T17:33:00,ACC00020,ACC00026,4204.02,UPI,Jaipur,Rajasthan,False,15,1.16
TXN207025,,2025-09-07T07:14:00,ACC00183,ACC00098,4612.1,Wallet,Jaipur,Rajasthan,False,35,1.79
TXN207026,,2025-06-17T03:11:00,ACC00411,ACC00239,246.41,Card,Lucknow,Uttar Pradesh,False,8,0.17
TXN207027,,2025-05-23T10:53:00,ACC00227,ACC00391,1402.17,Card,Patna,Bihar,False,23,0.33
TXN207028,,2025-05-18T06:45:00,ACC00245,ACC00267,883.1,IMPS,Jaipur,Rajasthan,False,8,0.44
TXN207029,,2025-09-13T20:51:00,ACC00407,ACC00149,3188.01,Card,Patna,Bihar,False,16,0.35
TXN207030,,2025-05-08T03:25:00,ACC00268,ACC00122,4491.27,NEFT,Hyderabad,Telangana,False,23,0.33
TXN207031,,2025-04-30T00:52:00,ACC00163,ACC00010,4672.95,Wallet,Bengaluru,Karnataka,False,7,1.85
TXN207032,,2025-03-17T21:23:00,ACC00102,ACC00119,291.71,Wallet,Jaipur,Rajasthan,False,20,0.75
TXN207033,,2025-07-23T08:54:00,ACC00240,ACC00169,488.26,Wallet,Hyderabad,Telangana,False,30,1.34
TXN207034,,2025-06-23T16:20:00,ACC00208,ACC00078,686.45,NEFT,Kanpur,Uttar Pradesh,False,2,1.33
TXN207035,,2025-02-14T18:48:00,ACC00478,ACC00473,6693.76,Wallet,Patna,Bihar,False,20,1.07
TXN207036,,2025-06-08T23:58:00,ACC00441,ACC00293,684.74,Wallet,Patna,Bihar,False,15,0.37
TXN207037,,2025-03-08T22:36:00,ACC00320,ACC00330,19316.68,Wallet,Kanpur,Uttar Pradesh,False,22,1.6
TXN207038,,2025-07-08T12:09:00,ACC00333,ACC00108,2192.48,Card,Delhi,Delhi,False,27,0.84
TXN207039,,2025-05-22T14:08:00,ACC00334,ACC00458,8781.4,RTGS,Lucknow,Uttar Pradesh,False,18,1.35
TXN207040,,2025-06-26T04:12:00,ACC00046,ACC00042,490.51,Card,Lucknow,Uttar Pradesh,False,21,1.87
TXN207041,,2025-09-11T17:28:00,ACC00143,ACC00033,890.55,NEFT,Hyderabad,Telangana,False,31,1.39
TXN207042,,2025-02-19T19:20:00,ACC00064,ACC00142,3775.7,UPI,Lucknow,Uttar Pradesh,False,1,1.94
TXN207043,,2025-09-12T22:41:00,ACC00093,ACC00488,1377.71,IMPS,Kanpur,Uttar Pradesh,False,25,0.85
TXN207044,,2025-03-05T22:20:00,ACC00007,ACC00087,5965.35,RTGS,Hyderabad,Telangana,False,23,0.59
TXN207045,,2025-06-11T20:07:00,ACC00152,ACC00272,4490.58,Card,Hyderabad,Telangana,False,21,1.04
TXN207046,,2025-09-14T15:50:00,ACC00024,ACC00283,5707.96,Card,Patna,Bihar,False,20,0.81
TXN207047,,2025-07-29T20:00:00,ACC00472,ACC00266,8949.27,UPI,Jaipur,Rajasthan,False,17,1.27
TXN207048,,2025-01-15T15:54:00,ACC00139,ACC00377,4876.07,RTGS,Patna,Bihar,False,11,1.55
TXN207049,,2025-05-21T02:36:00,ACC00083,ACC00110,2458.92,RTGS,Delhi,Delhi,False,42,0.71
TXN207050,,2025-09-02T17:41:00,ACC00296,ACC00351,754.42,RTGS,Kanpur,Uttar Pradesh,False,19,0.36
TXN207051,,2025-04-07T03:05:00,ACC00233,ACC00388,2987.42,RTGS,Mumbai,Maharashtra,False,21,1.87
TXN207052,,2025-02-15T13:06:00,ACC00204,ACC00245,1868.56,RTGS,Bengaluru,Karnataka,False,29,0.31
TXN207053,,2025-01-29T06:28:00,ACC00096,ACC00094,1923.29,NEFT,Patna,Bihar,False,19,1.4
TXN207054,,2025-03-28T20:06:00,ACC00394,ACC00364,816.84,NEFT,Lucknow,Uttar Pradesh,False,24,0.19
TXN207055,,2025-03-19T04:44:00,ACC00052,ACC00099,3810.49,NEFT,Jaipur,Rajasthan,False,1,1.91
TXN207056,,2025-01-12T03:58:00,ACC00488,ACC00065,3612.55,UPI,Jaipur,Rajasthan,False,36,1.24
TXN207057,,2025-08-06T09:31:00,ACC00000,ACC00309,1963.92,Card,Bengaluru,Karnataka,False,22,0.29
TXN207058,,2025-09-12T19:06:00,ACC00348,ACC00275,7495.67,NEFT,Lucknow,Uttar Pradesh,False,5,0.73
TXN207059,,2025-05-14T17:03:00,ACC00169,ACC00022,1205.89,RTGS,Kanpur,Uttar Pradesh,False,30,1.26
TXN207060,,2025-01-28T03:25:00,ACC00061,ACC00191,1092.78,Wallet,Patna,Bihar,False,30,0.87
TXN207061,,2025-04-06T16:43:00,ACC00136,ACC00341,5416.77,RTGS,Mumbai,Maharashtra,False,30,0.22
TXN207062,,2025-02-17T05:06:00,ACC00060,ACC00269,602.16,Card,Delhi,Delhi,False,30,0.27
TXN207063,,2025-08-06T20:41:00,ACC00253,ACC00090,1145.94,UPI,Mumbai,Maharashtra,False,20,0.17
TXN207064,,2025-08-15T21:43:00,ACC00269,ACC00128,2272.99,RTGS,Bengaluru,Karnataka,False,21,1.08
TXN207065,,2025-03-28T04:57:00,ACC00375,ACC00265,1023.53,RTGS,Hyderabad,Telangana,False,10,0.45
TXN207066,,2025-08-02T05:27:00,ACC00319,ACC00481,2079.84,IMPS,Patna,Bihar,False,10,1.14
TXN207067,,2025-07-06T01:59:00,ACC00047,ACC00025,3470.87,NEFT,Delhi,Delhi,False,9,1.57
TXN207068,,2025-05-24T04:49:00,ACC00422,ACC00310,1760.53,IMPS,Kanpur,Uttar Pradesh,False,29,1.38
TXN207069,,2025-08-21T15:43:00,ACC00393,ACC00225,3997.65,RTGS,Patna,Bihar,False,17,1.03
TXN207070,,2025-09-17T02:07:00,ACC00040,ACC00386,484.59,UPI,Patna,Bihar,False,5,1.45
TXN207071,,2025-02-13T23:33:00,ACC00200,ACC00265,7863.29,Wallet,Jaipur,Rajasthan,False,21,1.86
TXN207072,,2025-03-13T18:22:00,ACC00213,ACC00109,1028.01,RTGS,Delhi,Delhi,False,26,0.28
TXN207073,,2025-07-14T23:48:00,ACC00111,ACC00494,1145.56,UPI,Mumbai,Maharashtra,False,24,1.32
TXN207074,,2025-09-03T15:38:00,ACC00324,ACC00381,285.21,Wallet,Patna,Bihar,False,19,1.77
TXN207075,,2025-09-01T00:56:00,ACC00407,ACC00270,1479.47,UPI,Bengaluru,Karnataka,False,32,1.09
TXN207076,,2025-02-12T15:40:00,ACC00100,ACC00488,472.73,NEFT,Jaipur,Rajasthan,False,17,1.98
TXN207077,,2025-01-08T10:25:00,ACC00175,ACC00064,321.22,RTGS,Hyderabad,Telangana,False,3,0.87
TXN207078,,2025-03-27T14:38:00,ACC00335,ACC00279,2768.33,Wallet,Patna,Bihar,False,27,1.83
TXN207079,,2025-05-17T02:30:00,ACC00488,ACC00343,593.06,UPI,Bengaluru,Karnataka,False,27,1.17
TXN207080,,2025-01-28T20:30:00,ACC00298,ACC00267,8877.37,Card,Mumbai,Maharashtra,False,25,0.18
TXN207081,,2025-02-26T02:26:00,ACC00126,ACC00084,464.29,IMPS,Patna,Bihar,False,13,1.07
TXN207082,,2025-07-01T20:39:00,ACC00210,ACC00229,8880.63,NEFT,Kanpur,Uttar Pradesh,False,25,1.92
TXN207083,,2025-03-11T20:54:00,ACC00208,ACC00421,451.76,Wallet,Kanpur,Uttar Pradesh,False,31,1.79
TXN207084,,2025-08-19T12:12:00,ACC00306,ACC00360,461.33,Wallet,Patna,Bihar,False,23,1.47
TXN207085,,2025-05-14T22:36:00,ACC00482,ACC00478,2355.8,RTGS,Bengaluru,Karnataka,False,23,1.3
TXN207086,,2025-03-19T08:55:00,ACC00219,ACC00153,624.44,Wallet,Delhi,Delhi,False,14,1.64
TXN207087,,2025-09-13T22:09:00,ACC00445,ACC00093,256.66,IMPS,Bengaluru,Karnataka,False,33,1.96
TXN207088,,2025-08-15T01:03:00,ACC00213,ACC00289,1335.03,Card,Patna,Bihar,False,17,0.61
TXN207089,,2025-03-14T06:32:00,ACC00145,ACC00344,4495.87,RTGS,Lucknow,Uttar Pradesh,False,18,0.81
TXN207090,,2025-04-29T18:40:00,ACC00329,ACC00051,860.84,IMPS,Delhi,Delhi,False,22,0.58
TXN207091,,2025-03-10T21:18:00,ACC00053,ACC00328,3391.26,NEFT,Kanpur,Uttar Pradesh,False,29,0.26
TXN207092,,2025-05-12T15:43:00,ACC00043,ACC00282,245.42,Card,Hyderabad,Telangana,False,14,0.67
TXN207093,,2025-02-02T17:46:00,ACC00053,ACC00319,7734.77,IMPS,Patna,Bihar,False,31,1.83
TXN207094,,2025-06-28T19:57:00,ACC00055,ACC00169,308.46,Card,Bengaluru,Karnataka,False,35,0.48
TXN207095,,2025-02-21T11:20:00,ACC00082,ACC00300,2878.39,Card,Jaipur,Rajasthan,False,24,0.98
TXN207096,,2025-03-02T05:35:00,ACC00456,ACC00121,3172.66,Wallet,Hyderabad,Telangana,False,12,1.47
TXN207097,,2025-04-17T19:49:00,ACC00016,ACC00353,3174.7,NEFT,Hyderabad,Telangana,False,34,0.25
TXN207098,,2025-07-20T15:39:00,ACC00094,ACC00495,499.21,NEFT,Kanpur,Uttar Pradesh,False,54,0.86
TXN207099,,2025-03-04T13:24:00,ACC00450,ACC00246,298.98,RTGS,Bengaluru,Karnataka,False,1,0.52
TXN207100,,2025-07-21T22:37:00,ACC00081,ACC00246,338.06,Wallet,Jaipur,Rajasthan,False,30,0.49
TXN207101,,2025-09-03T20:36:00,ACC00170,ACC00400,2147.93,NEFT,Bengaluru,Karnataka,False,14,0.87
TXN207102,,2025-04-06T06:01:00,ACC00328,ACC00483,15957.63,Card,Kanpur,Uttar Pradesh,False,24,0.94
TXN207103,,2025-09-07T06:58:00,ACC00049,ACC00022,2648.6,UPI,Bengaluru,Karnataka,False,10,1.34
TXN207104,,2025-04-06T08:12:00,ACC00343,ACC00299,3287.8,Card,Patna,Bihar,False,2,1.97
TXN207105,,2025-08-27T06:25:00,ACC00385,ACC00343,1484.17,NEFT,Lucknow,Uttar Pradesh,False,14,1.09
TXN207106,,2025-09-12T07:42:00,ACC00235,ACC00046,2809.95,IMPS,Lucknow,Uttar Pradesh,False,31,1.85
TXN207107,,2025-08-26T12:19:00,ACC00090,ACC00043,7584.02,Card,Patna,Bihar,False,15,0.86
TXN207108,,2025-07-25T03:04:00,ACC00339,ACC00281,1228.33,UPI,Kanpur,Uttar Pradesh,False,37,0.85
TXN207109,,2025-03-14T20:07:00,ACC00405,ACC00327,695.03,NEFT,Bengaluru,Karnataka,False,24,0.49
TXN207110,,2025-02-20T19:25:00,ACC00252,ACC00145,2688.58,UPI,Jaipur,Rajasthan,False,20,1.46
TXN207111,,2025-03-02T21:53:00,ACC00486,ACC00341,5296.34,IMPS,Bengaluru,Karnataka,False,18,1.6
TXN207112,,2025-01-03T13:15:00,ACC00130,ACC00418,2872.34,Wallet,Lucknow,Uttar Pradesh,False,22,1.84
TXN207113,,2025-07-10T03:13:00,ACC00003,ACC00116,673.49,RTGS,Lucknow,Uttar Pradesh,False,21,1.08
TXN207114,,2025-04-25T06:21:00,ACC00392,ACC00035,770.28,NEFT,Lucknow,Uttar Pradesh,False,35,1.72
TXN207115,,2025-07-25T04:17:00,ACC00007,ACC00309,741.05,NEFT,Patna,Bihar,False,25,0.33
TXN207116,,2025-08-15T18:15:00,ACC00282,ACC00471,3440.12,Wallet,Mumbai,Maharashtra,False,19,0.15
TXN207117,,2025-04-04T13:24:00,ACC00223,ACC00481,1050.88,NEFT,Kanpur,Uttar Pradesh,False,13,0.23
TXN207118,,2025-04-21T08:27:00,ACC00275,ACC00225,2074.12,Wallet,Jaipur,Rajasthan,False,14,0.53
TXN207119,,2025-08-28T01:47:00,ACC00435,ACC00436,1434.46,Card,Jaipur,Rajasthan,False,51,1.91
TXN207120,,2025-07-24T16:41:00,ACC00225,ACC00275,237.63,IMPS,Bengaluru,Karnataka,False,22,0.55
TXN207121,,2025-09-03T13:11:00,ACC00042,ACC00446,666.81,IMPS,Patna,Bihar,False,29,0.64
TXN207122,,2025-05-01T04:39:00,ACC00320,ACC00116,14237.28,RTGS,Lucknow,Uttar Pradesh,False,16,0.55
TXN207123,,2025-02-19T22:23:00,ACC00041,ACC00090,1616.76,UPI,Kanpur,Uttar Pradesh,False,3,0.38
TXN207124,,2025-06-14T20:27:00,ACC00338,ACC00114,5442.36,Wallet,Delhi,Delhi,False,26,0.64
TXN207125,,2025-09-02T00:23:00,ACC00135,ACC00130,110.27,RTGS,Bengaluru,Karnataka,False,26,1.54
TXN207126,,2025-03-16T06:27:00,ACC00017,ACC00257,2342.16,Wallet,Jaipur,Rajasthan,False,24,1.27
TXN207127,,2025-03-06T17:45:00,ACC00022,ACC00315,2545.07,UPI,Delhi,Delhi,False,6,0.68
TXN207128,,2025-02-07T22:26:00,ACC00407,ACC00452,2201.24,Wallet,Patna,Bihar,False,9,1.14
TXN207129,,2025-05-01T10:47:00,ACC00026,ACC00260,6006.67,UPI,Delhi,Delhi,False,20,0.62
TXN207130,,2025-08-22T14:02:00,ACC00380,ACC00152,2631.52,RTGS,Jaipur,Rajasthan,False,20,1.41
TXN207131,,2025-07-07T02:55:00,ACC00357,ACC00210,1105.29,RTGS,Hyderabad,Telangana,False,20,1.39
TXN207132,,2025-01-21T14:04:00,ACC00003,ACC00075,2223.58,NEFT,Patna,Bihar,False,15,1.51
TXN207133,,2025-07-25T21:19:00,ACC00318,ACC00139,2567.67,NEFT,Kanpur,Uttar Pradesh,False,20,1.74
TXN207134,,2025-08-16T12:27:00,ACC00340,ACC00329,15948.42,Card,Delhi,Delhi,False,18,0.46
TXN207135,,2025-06-12T04:46:00,ACC00361,ACC00429,3136.45,RTGS,Patna,Bihar,False,40,0.31
TXN207136,,2025-04-07T07:28:00,ACC00361,ACC00349,11884.46,RTGS,Lucknow,Uttar Pradesh,False,14,0.81
TXN207137,,2025-08-28T02:42:00,ACC00243,ACC00468,5833.13,Card,Patna,Bihar,False,9,1.87
TXN207138,,2025-01-02T19:15:00,ACC00304,ACC00443,6663.98,RTGS,Patna,Bihar,False,19,1.94
TXN207139,,2025-01-19T07:31:00,ACC00380,ACC00053,2444.38,IMPS,Lucknow,Uttar Pradesh,False,20,0.69
TXN207140,,2025-06-07T17:29:00,ACC00479,ACC00290,698.23,RTGS,Mumbai,Maharashtra,False,11,0.2
TXN207141,,2025-08-20T21:38:00,ACC00288,ACC00306,477.94,NEFT,Jaipur,Rajasthan,False,1,0.59
TXN207142,,2025-05-17T06:52:00,ACC00108,ACC00369,1146.76,RTGS,Delhi,Delhi,False,24,0.98
TXN207143,,2025-04-07T13:01:00,ACC00241,ACC00467,847.26,IMPS,Bengaluru,Karnataka,False,29,1.25
TXN207144,,2025-03-27T10:40:00,ACC00454,ACC00218,1732.61,UPI,Mumbai,Maharashtra,False,16,0.26
TXN207145,,2025-06-14T08:58:00,ACC00394,ACC00460,2168.11,IMPS,Hyderabad,Telangana,False,35,0.74
TXN207146,,2025-04-16T06:40:00,ACC00316,ACC00065,12523.2,NEFT,Lucknow,Uttar Pradesh,False,15,1.07
TXN207147,,2025-07-27T16:51:00,ACC00261,ACC00242,1353.15,Card,Bengaluru,Karnataka,False,26,0.26
TXN207148,,2025-04-17T19:42:00,ACC00419,ACC00373,3618.48,Card,Mumbai,Maharashtra,False,15,1.95
TXN207149,,2025-01-15T19:28:00,ACC00068,ACC00179,3031.69,UPI,Kanpur,Uttar Pradesh,False,14,0.69
TXN207150,,2025-07-05T10:20:00,ACC00128,ACC00281,1460.35,UPI,Bengaluru,Karnataka,False,44,0.49
TXN207151,,2025-02-12T03:51:00,ACC00048,ACC00145,1741.65,Wallet,Patna,Bihar,False,6,0.97
TXN207152,,2025-07-15T07:00:00,ACC00292,ACC00116,7107.03,NEFT,Hyderabad,Telangana,False,26,0.52
TXN207153,,2025-08-18T13:50:00,ACC00257,ACC00330,3895.9,IMPS,Bengaluru,Karnataka,False,16,1.8
TXN207154,,2025-03-04T19:06:00,ACC00382,ACC00402,6793.45,UPI,Kanpur,Uttar Pradesh,False,1,1.66
TXN207155,,2025-07-23T18:30:00,ACC00332,ACC00475,170.53,RTGS,Jaipur,Rajasthan,False,8,1.75
TXN207156,,2025-05-23T09:10:00,ACC00185,ACC00233,3010.28,Card,Kanpur,Uttar Pradesh,False,14,0.15
TXN207157,,2025-01-22T10:52:00,ACC00042,ACC00254,1004.55,IMPS,Lucknow,Uttar Pradesh,False,10,1.07
TXN207158,,2025-05-23T02:53:00,ACC00196,ACC00267,310.65,Wallet,Kanpur,Uttar Pradesh,False,26,1.17
TXN207159,,2025-03-20T17:56:00,ACC00244,ACC00152,2646.24,UPI,Mumbai,Maharashtra,False,28,1.25
TXN207160,,2025-06-11T08:47:00,ACC00069,ACC00469,1818.17,IMPS,Hyderabad,Telangana,False,1,1.45
TXN207161,,2025-04-10T04:17:00,ACC00430,ACC00215,331.54,NEFT,Delhi,Delhi,False,29,1.68
TXN207162,,2025-04-27T09:19:00,ACC00375,ACC00068,9131.97,RTGS,Patna,Bihar,False,43,1.59
TXN207163,,2025-01-27T11:18:00,ACC00311,ACC00258,3273.34,Card,Hyderabad,Telangana,False,21,0.35
TXN207164,,2025-03-13T23:09:00,ACC00254,ACC00148,1306.38,IMPS,Delhi,Delhi,False,8,1.25
TXN207165,,2025-02-03T12:36:00,ACC00096,ACC00204,3115.87,NEFT,Delhi,Delhi,False,20,1.86
TXN207166,,2025-02-21T18:46:00,ACC00358,ACC00445,909.57,IMPS,Lucknow,Uttar Pradesh,False,22,1.4
TXN207167,,2025-09-13T12:40:00,ACC00172,ACC00281,807.24,Wallet,Jaipur,Rajasthan,False,1,0.64
TXN207168,,2025-02-25T22:48:00,ACC00200,ACC00236,5025.62,Card,Jaipur,Rajasthan,False,21,1.29
TXN207169,,2025-01-27T14:58:00,ACC00373,ACC00017,2421.1,UPI,Jaipur,Rajasthan,False,13,0.9
TXN207170,,2025-04-10T04:01:00,ACC00207,ACC00086,4341.85,Wallet,Jaipur,Rajasthan,False,16,0.58
TXN207171,,2025-06-23T17:53:00,ACC00426,ACC00185,2485.97,RTGS,Delhi,Delhi,False,21,0.2
TXN207172,,2025-04-08T16:47:00,ACC00350,ACC00381,775.55,Wallet,Jaipur,Rajasthan,False,13,1.16
TXN207173,,2025-07-11T18:30:00,ACC00275,ACC00048,660.08,Wallet,Lucknow,Uttar Pradesh,False,21,0.76
TXN207174,,2025-08-15T23:08:00,ACC00014,ACC00395,1450.36,Wallet,Kanpur,Uttar Pradesh,False,11,0.7
TXN207175,,2025-05-10T04:34:00,ACC00461,ACC00053,1477.64,RTGS,Delhi,Delhi,False,18,0.78
TXN207176,,2025-05-14T14:29:00,ACC00069,ACC00187,17226.2,Wallet,Patna,Bihar,False,23,1.76
TXN207177,,2025-03-25T13:42:00,ACC00269,ACC00284,622.06,Wallet,Delhi,Delhi,False,20,1.08
TXN207178,,2025-07-04T05:54:00,ACC00292,ACC00335,1181.86,NEFT,Mumbai,Maharashtra,False,25,0.3
TXN207179,,2025-05-02T20:46:00,ACC00210,ACC00375,538.07,IMPS,Delhi,Delhi,False,24,0.64
TXN207180,,2025-04-30T13:08:00,ACC00400,ACC00212,195.77,NEFT,Delhi,Delhi,False,24,0.69
TXN207181,,2025-01-11T08:52:00,ACC00380,ACC00056,1122.46,RTGS,Lucknow,Uttar Pradesh,False,12,0.27
TXN207182,,2025-01-08T01:49:00,ACC00474,ACC00128,7020.82,IMPS,Delhi,Delhi,False,26,0.48
TXN207183,,2025-09-17T05:46:00,ACC00019,ACC00232,3292.37,Card,Bengaluru,Karnataka,False,11,0.21
TXN207184,,2025-07-04T23:15:00,ACC00232,ACC00165,1027.69,RTGS,Mumbai,Maharashtra,False,8,0.62
TXN207185,,2025-08-11T13:52:00,ACC00259,ACC00068,472.67,IMPS,Delhi,Delhi,False,34,1.95
TXN207186,,2025-01-24T22:50:00,ACC00452,ACC00411,4426.33,NEFT,Hyderabad,Telangana,False,1,1.29
TXN207187,,2025-01-21T03:12:00,ACC00481,ACC00030,2775.31,IMPS,Lucknow,Uttar Pradesh,False,26,0.12
TXN207188,,2025-05-06T02:07:00,ACC00030,ACC00400,4206.27,RTGS,Delhi,Delhi,False,29,0.24
TXN207189,,2025-05-11T23:23:00,ACC00188,ACC00132,7720.4,Wallet,Jaipur,Rajasthan,False,26,0.48
TXN207190,,2025-09-11T22:25:00,ACC00179,ACC00341,5328.05,IMPS,Kanpur,Uttar Pradesh,False,28,0.34
TXN207191,,2025-03-01T09:05:00,ACC00146,ACC00144,1148.26,NEFT,Patna,Bihar,False,39,1.29
TXN207192,,2025-07-05T17:29:00,ACC00145,ACC00200,4386.76,IMPS,Delhi,Delhi,False,18,1.5
TXN207193,,2025-08-26T02:00:00,ACC00270,ACC00051,1234.7,RTGS,Jaipur,Rajasthan,False,27,1.33
TXN207194,,2025-08-30T18:50:00,ACC00285,ACC00200,1570.49,UPI,Delhi,Delhi,False,8,0.29
TXN207195,,2025-04-07T03:26:00,ACC00264,ACC00214,833.81,UPI,Bengaluru,Karnataka,False,19,1.53
TXN207196,,2025-09-06T02:53:00,ACC00130,ACC00013,6094.54,NEFT,Kanpur,Uttar Pradesh,False,27,0.3
TXN207197,,2025-02-22T20:18:00,ACC00105,ACC00330,1560.2,Card,Delhi,Delhi,False,21,0.69
TXN207198,,2025-08-06T09:35:00,ACC00443,ACC00464,1050.61,UPI,Lucknow,Uttar Pradesh,False,17,1.49
TXN207199,,2025-06-17T10:29:00,ACC00415,ACC00054,1396.41,RTGS,Patna,Bihar,False,28,0.51
TXN207200,,2025-07-08T04:58:00,ACC00284,ACC00414,415.42,Wallet,Kanpur,Uttar Pradesh,False,18,1.91
TXN207201,,2025-05-29T13:28:00,ACC00439,ACC00493,283.58,NEFT,Jaipur,Rajasthan,False,12,1.57
TXN207202,,2025-08-01T14:36:00,ACC00333,ACC00308,8889.49,RTGS,Patna,Bihar,False,25,0.12
TXN207203,,2025-01-22T11:51:00,ACC00221,ACC00483,2248.8,NEFT,Jaipur,Rajasthan,False,25,1.29
TXN207204,,2025-01-13T21:44:00,ACC00053,ACC00255,592.66,UPI,Mumbai,Maharashtra,False,18,1.55
TXN207205,,2025-01-09T08:11:00,ACC00405,ACC00402,3457.73,UPI,Mumbai,Maharashtra,False,35,1.08
TXN207206,,2025-09-06T20:24:00,ACC00308,ACC00080,3408.74,Wallet,Kanpur,Uttar Pradesh,False,4,1.35
TXN207207,,2025-07-16T19:24:00,ACC00274,ACC00178,25415.8,UPI,Patna,Bihar,False,35,0.51
TXN207208,,2025-06-25T14:11:00,ACC00257,ACC00450,1558.33,UPI,Delhi,Delhi,False,35,0.72
TXN207209,,2025-04-23T23:02:00,ACC00111,ACC00314,8133.34,UPI,Patna,Bihar,False,25,1.34
TXN207210,,2025-03-22T03:16:00,ACC00428,ACC00294,7570.09,RTGS,Delhi,Delhi,False,8,0.82
TXN207211,,2025-06-24T07:22:00,ACC00108,ACC00130,1507.95,RTGS,Mumbai,Maharashtra,False,6,1.63
TXN207212,,2025-04-04T22:36:00,ACC00181,ACC00440,5188.69,NEFT,Mumbai,Maharashtra,False,37,1.9
TXN207213,,2025-09-12T23:51:00,ACC00009,ACC00478,812.01,UPI,Patna,Bihar,False,37,0.24
TXN207214,,2025-02-18T19:43:00,ACC00374,ACC00172,2701.91,Card,Mumbai,Maharashtra,False,2,0.99
TXN207215,,2025-03-20T02:01:00,ACC00177,ACC00451,1776.2,UPI,Hyderabad,Telangana,False,9,1.87
TXN207216,,2025-02-07T09:46:00,ACC00282,ACC00075,1234.1,RTGS,Patna,Bihar,False,9,1.3
TXN207217,,2025-04-20T13:47:00,ACC00187,ACC00432,11582.74,Card,Patna,Bihar,False,20,1.12
TXN207218,,2025-01-16T12:01:00,ACC00088,ACC00174,17161.9,UPI,Bengaluru,Karnataka,False,15,0.14
TXN207219,,2025-05-24T04:26:00,ACC00423,ACC00238,557.0,Card,Delhi,Delhi,False,8,0.62
TXN207220,,2025-09-17T19:18:00,ACC00481,ACC00101,1098.35,UPI,Jaipur,Rajasthan,False,25,1.64
TXN207221,,2025-07-10T07:56:00,ACC00391,ACC00217,1954.4,IMPS,Jaipur,Rajasthan,False,42,1.26
TXN207222,,2025-08-01T12:13:00,ACC00352,ACC00166,6287.7,IMPS,Hyderabad,Telangana,False,20,1.48
TXN207223,,2025-01-23T23:50:00,ACC00125,ACC00460,1724.37,IMPS,Mumbai,Maharashtra,False,1,1.3
TXN207224,,2025-04-16T18:46:00,ACC00174,ACC00115,1329.79,UPI,Hyderabad,Telangana,False,14,0.36
TXN207225,,2025-04-21T09:17:00,ACC00067,ACC00032,1267.07,NEFT,Jaipur,Rajasthan,False,23,1.33
TXN207226,,2025-03-12T09:13:00,ACC00415,ACC00352,4211.55,RTGS,Mumbai,Maharashtra,False,18,0.58
TXN207227,,2025-08-22T17:51:00,ACC00230,ACC00012,614.83,IMPS,Hyderabad,Telangana,False,20,1.97
TXN207228,,2025-07-26T11:03:00,ACC00080,ACC00162,443.52,IMPS,Jaipur,Rajasthan,False,17,0.77
TXN207229,,2025-08-26T06:26:00,ACC00145,ACC00251,6560.33,NEFT,Mumbai,Maharashtra,False,10,1.8
TXN207230,,2025-04-20T12:22:00,ACC00061,ACC00467,653.52,UPI,Jaipur,Rajasthan,False,23,0.89
TXN207231,,2025-03-22T12:16:00,ACC00446,ACC00362,2702.64,RTGS,Lucknow,Uttar Pradesh,False,36,0.92
TXN207232,,2025-08-01T04:19:00,ACC00461,ACC00076,458.61,IMPS,Patna,Bihar,False,20,1.13
TXN207233,,2025-05-31T04:03:00,ACC00108,ACC00012,363.9,Card,Lucknow,Uttar Pradesh,False,33,1.2
TXN207234,,2025-08-24T11:36:00,ACC00247,ACC00382,118.45,UPI,Mumbai,Maharashtra,False,42,1.0
TXN207235,,2025-04-06T19:13:00,ACC00005,ACC00078,1045.25,IMPS,Kanpur,Uttar Pradesh,False,27,0.64
TXN207236,,2025-03-09T02:09:00,ACC00106,ACC00314,343.58,NEFT,Kanpur,Uttar Pradesh,False,23,0.49
TXN207237,,2025-09-12T16:30:00,ACC00053,ACC00344,1053.09,NEFT,Hyderabad,Telangana,False,19,1.85
TXN207238,,2025-03-28T15:10:00,ACC00088,ACC00011,5795.0,Card,Jaipur,Rajasthan,False,30,1.11
TXN207239,,2025-07-11T08:10:00,ACC00121,ACC00467,2191.23,Wallet,Lucknow,Uttar Pradesh,False,16,1.81
TXN207240,,2025-08-07T06:31:00,ACC00231,ACC00045,7294.76,UPI,Jaipur,Rajasthan,False,12,1.37
TXN207241,,2025-01-06T09:21:00,ACC00323,ACC00300,2897.4,RTGS,Kanpur,Uttar Pradesh,False,21,1.38
TXN207242,,2025-03-24T21:30:00,ACC00204,ACC00118,3506.31,UPI,Patna,Bihar,False,19,1.63
TXN207243,,2025-09-13T10:53:00,ACC00268,ACC00421,761.61,NEFT,Patna,Bihar,False,19,1.87
TXN207244,,2025-09-08T03:18:00,ACC00012,ACC00168,2370.87,IMPS,Hyderabad,Telangana,False,17,0.4
TXN207245,,2025-02-17T08:09:00,ACC00371,ACC00360,309.6,Wallet,Hyderabad,Telangana,False,32,0.3
TXN207246,,2025-06-04T19:26:00,ACC00472,ACC00050,1387.61,Card,Jaipur,Rajasthan,False,15,0.36
TXN207247,,2025-04-07T14:44:00,ACC00317,ACC00456,1630.62,Wallet,Bengaluru,Karnataka,False,30,1.18
TXN207248,,2025-01-06T14:46:00,ACC00137,ACC00205,862.05,Card,Lucknow,Uttar Pradesh,False,18,0.45
TXN207249,,2025-01-13T17:07:00,ACC00313,ACC00431,3438.96,IMPS,Mumbai,Maharashtra,False,23,1.02
TXN207250,,2025-06-30T18:24:00,ACC00031,ACC00402,4129.46,UPI,Delhi,Delhi,False,26,0.9
TXN207251,,2025-05-28T07:38:00,ACC00150,ACC00009,6489.99,RTGS,Bengaluru,Karnataka,False,15,0.32
TXN207252,,2025-02-26T01:02:00,ACC00384,ACC00295,15608.23,UPI,Kanpur,Uttar Pradesh,False,12,1.12
TXN207253,,2025-07-25T06:56:00,ACC00346,ACC00025,1044.01,Wallet,Kanpur,Uttar Pradesh,False,17,0.57
TXN207254,,2025-04-16T18:15:00,ACC00440,ACC00485,1059.23,Card,Delhi,Delhi,False,27,1.92
TXN207255,,2025-09-15T18:22:00,ACC00485,ACC00395,4510.57,Wallet,Lucknow,Uttar Pradesh,False,22,0.37
TXN207256,,2025-03-21T03:56:00,ACC00209,ACC00360,74.65,UPI,Bengaluru,Karnataka,False,28,1.45
TXN207257,,2025-03-25T12:08:00,ACC00268,ACC00162,431.99,RTGS,Kanpur,Uttar Pradesh,False,35,0.74
TXN207258,,2025-08-18T12:12:00,ACC00038,ACC00366,997.5,Wallet,Jaipur,Rajasthan,False,15,1.26
TXN207259,,2025-03-22T23:40:00,ACC00473,ACC00225,644.62,Wallet,Mumbai,Maharashtra,False,45,1.17
TXN207260,,2025-08-16T05:50:00,ACC00086,ACC00467,3947.11,Wallet,Kanpur,Uttar Pradesh,False,28,1.07
TXN207261,,2025-07-22T22:58:00,ACC00257,ACC00137,881.68,Wallet,Delhi,Delhi,False,17,0.95
TXN207262,,2025-03-13T07:31:00,ACC00232,ACC00335,2685.74,Wallet,Lucknow,Uttar Pradesh,False,17,0.96
TXN207263,,2025-07-02T08:28:00,ACC00090,ACC00285,2300.81,IMPS,Kanpur,Uttar Pradesh,False,24,0.47
TXN207264,,2025-08-28T15:04:00,ACC00325,ACC00165,229.79,Wallet,Bengaluru,Karnataka,False,6,1.25
TXN207265,,2025-01-02T08:25:00,ACC00401,ACC00283,16752.83,UPI,Patna,Bihar,False,19,0.34
TXN207266,,2025-04-21T15:27:00,ACC00342,ACC00210,2409.05,RTGS,Lucknow,Uttar Pradesh,False,25,0.78
TXN207267,,2025-05-10T09:11:00,ACC00019,ACC00388,2383.58,NEFT,Bengaluru,Karnataka,False,30,1.09
TXN207268,,2025-04-13T01:14:00,ACC00164,ACC00436,2498.18,RTGS,Patna,Bihar,False,13,1.3
TXN207269,,2025-07-14T01:57:00,ACC00352,ACC00104,3109.76,Wallet,Kanpur,Uttar Pradesh,False,27,1.04
TXN207270,,2025-02-11T18:55:00,ACC00042,ACC00361,1416.45,Wallet,Patna,Bihar,False,9,0.19
TXN207271,,2025-09-11T16:07:00,ACC00017,ACC00420,5100.94,Wallet,Patna,Bihar,False,26,0.69
TXN207272,,2025-03-12T04:28:00,ACC00027,ACC00009,508.18,NEFT,Patna,Bihar,False,10,1.33
TXN207273,,2025-05-20T15:55:00,ACC00452,ACC00438,3994.76,IMPS,Mumbai,Maharashtra,False,16,1.89
TXN207274,,2025-08-08T10:36:00,ACC00288,ACC00496,6780.17,RTGS,Mumbai,Maharashtra,False,30,0.35
TXN207275,,2025-09-06T23:36:00,ACC00046,ACC00053,1026.35,IMPS,Mumbai,Maharashtra,False,7,1.31
TXN207276,,2025-01-27T12:26:00,ACC00467,ACC00374,1669.29,UPI,Delhi,Delhi,False,31,1.48
TXN207277,,2025-05-29T22:34:00,ACC00369,ACC00211,550.68,IMPS,Bengaluru,Karnataka,False,3,0.5
TXN207278,,2025-03-10T08:34:00,ACC00291,ACC00207,9978.17,UPI,Patna,Bihar,False,45,0.66
TXN207279,,2025-08-14T18:45:00,ACC00059,ACC00361,6195.52,Wallet,Jaipur,Rajasthan,False,18,0.67
TXN207280,,2025-02-24T18:56:00,ACC00318,ACC00374,1873.25,RTGS,Kanpur,Uttar Pradesh,False,17,0.96
TXN207281,,2025-02-25T21:25:00,ACC00448,ACC00082,670.23,Card,Hyderabad,Telangana,False,9,1.79
TXN207282,,2025-04-04T03:05:00,ACC00064,ACC00309,1323.61,RTGS,Hyderabad,Telangana,False,12,0.68
TXN207283,,2025-05-22T02:51:00,ACC00357,ACC00109,4811.03,Wallet,Patna,Bihar,False,20,0.76
TXN207284,,2025-04-01T20:55:00,ACC00242,ACC00265,1040.54,Wallet,Bengaluru,Karnataka,False,23,0.85
TXN207285,,2025-06-17T12:00:00,ACC00345,ACC00098,1897.82,NEFT,Kanpur,Uttar Pradesh,False,24,0.29
TXN207286,,2025-01-29T05:53:00,ACC00394,ACC00266,5360.96,Wallet,Hyderabad,Telangana,False,19,1.12
TXN207287,,2025-03-04T11:44:00,ACC00271,ACC00175,380.88,UPI,Bengaluru,Karnataka,False,28,0.46
TXN207288,,2025-07-29T05:47:00,ACC00282,ACC00425,2175.47,IMPS,Delhi,Delhi,False,24,1.05
TXN207289,,2025-07-27T02:34:00,ACC00080,ACC00344,1671.44,NEFT,Jaipur,Rajasthan,False,11,0.42
TXN207290,,2025-09-05T23:49:00,ACC00450,ACC00003,2963.81,RTGS,Jaipur,Rajasthan,False,19,1.58
TXN207291,,2025-04-16T19:11:00,ACC00407,ACC00421,1134.25,IMPS,Hyderabad,Telangana,False,12,0.65
TXN207292,,2025-03-31T23:22:00,ACC00240,ACC00375,1448.16,RTGS,Hyderabad,Telangana,False,23,1.89
TXN207293,,2025-02-24T14:55:00,ACC00094,ACC00241,2257.61,UPI,Delhi,Delhi,False,2,1.05
TXN207294,,2025-08-14T11:37:00,ACC00461,ACC00425,819.59,NEFT,Patna,Bihar,False,12,1.48
TXN207295,,2025-01-13T20:09:00,ACC00450,ACC00054,2742.0,IMPS,Patna,Bihar,False,14,1.03
TXN207296,,2025-08-13T19:56:00,ACC00327,ACC00265,4518.17,UPI,Delhi,Delhi,False,2,0.83
TXN207297,,2025-01-10T16:30:00,ACC00004,ACC00415,633.3,Wallet,Hyderabad,Telangana,False,11,0.62
TXN207298,,2025-01-24T19:35:00,ACC00317,ACC00231,3214.75,NEFT,Bengaluru,Karnataka,False,6,1.8
TXN207299,,2025-04-12T19:51:00,ACC00237,ACC00413,479.93,Card,Jaipur,Rajasthan,False,23,1.44
TXN207300,,2025-01-03T17:02:00,ACC00003,ACC00262,747.36,UPI,Jaipur,Rajasthan,False,24,1.55
TXN207301,,2025-02-16T19:02:00,ACC00498,ACC00428,5753.99,Card,Kanpur,Uttar Pradesh,False,6,1.81
TXN207302,,2025-02-16T05:33:00,ACC00054,ACC00157,4116.99,Wallet,Patna,Bihar,False,21,0.13
TXN207303,,2025-04-11T00:15:00,ACC00325,ACC00371,3594.82,Wallet,Patna,Bihar,False,22,1.98
TXN207304,,2025-07-07T01:13:00,ACC00221,ACC00078,1771.36,RTGS,Lucknow,Uttar Pradesh,False,1,1.73
TXN207305,,2025-07-17T18:35:00,ACC00067,ACC00014,8948.99,UPI,Bengaluru,Karnataka,False,26,1.61
TXN207306,,2025-06-25T20:36:00,ACC00279,ACC00477,6447.69,Wallet,Mumbai,Maharashtra,False,22,1.41
TXN207307,,2025-02-14T00:20:00,ACC00131,ACC00027,844.82,UPI,Patna,Bihar,False,23,0.51
TXN207308,,2025-02-09T06:42:00,ACC00001,ACC00198,432.02,UPI,Delhi,Delhi,False,16,1.71
TXN207309,,2025-08-22T14:03:00,ACC00488,ACC00477,3844.39,NEFT,Hyderabad,Telangana,False,22,0.53
TXN207310,,2025-06-21T04:49:00,ACC00433,ACC00427,2047.77,IMPS,Mumbai,Maharashtra,False,13,0.26
TXN207311,,2025-03-28T11:57:00,ACC00072,ACC00243,562.9,IMPS,Mumbai,Maharashtra,False,1,1.06
TXN207312,,2025-01-28T10:02:00,ACC00368,ACC00243,1229.75,Wallet,Bengaluru,Karnataka,False,12,1.97
TXN207313,,2025-01-22T05:07:00,ACC00256,ACC00495,12832.49,RTGS,Mumbai,Maharashtra,False,16,1.19
TXN207314,,2025-01-23T08:32:00,ACC00345,ACC00295,1804.88,Card,Lucknow,Uttar Pradesh,False,20,0.37
TXN207315,,2025-04-16T12:56:00,ACC00390,ACC00421,1947.87,Wallet,Kanpur,Uttar Pradesh,False,8,0.88
TXN207316,,2025-02-01T12:41:00,ACC00323,ACC00435,2299.28,RTGS,Lucknow,Uttar Pradesh,False,24,0.24
TXN207317,,2025-08-16T19:57:00,ACC00088,ACC00142,1481.18,RTGS,Lucknow,Uttar Pradesh,False,34,1.06
TXN207318,,2025-08-11T14:53:00,ACC00240,ACC00104,839.39,IMPS,Bengaluru,Karnataka,False,17,1.72
TXN207319,,2025-05-31T15:08:00,ACC00065,ACC00253,361.88,Wallet,Lucknow,Uttar Pradesh,False,24,1.98
TXN207320,,2025-03-04T03:48:00,ACC00136,ACC00029,659.97,NEFT,Bengaluru,Karnataka,False,33,1.37
TXN207321,,2025-03-25T07:54:00,ACC00324,ACC00482,2133.11,IMPS,Jaipur,Rajasthan,False,33,0.39
TXN207322,,2025-02-05T06:05:00,ACC00006,ACC00051,4707.27,Wallet,Patna,Bihar,False,12,0.39
TXN207323,,2025-02-09T01:40:00,ACC00304,ACC00482,3542.19,Card,Delhi,Delhi,False,18,1.68
TXN207324,,2025-06-05T09:33:00,ACC00075,ACC00277,1008.97,NEFT,Kanpur,Uttar Pradesh,False,21,0.97
TXN207325,,2025-03-30T03:42:00,ACC00239,ACC00313,2219.12,UPI,Jaipur,Rajasthan,False,25,1.52
TXN207326,,2025-08-25T13:31:00,ACC00225,ACC00399,1960.04,IMPS,Patna,Bihar,False,25,0.23
TXN207327,,2025-06-29T12:57:00,ACC00120,ACC00414,10907.55,Card,Hyderabad,Telangana,False,17,1.2
TXN207328,,2025-01-03T16:02:00,ACC00038,ACC00236,397.86,RTGS,Patna,Bihar,False,25,0.73
TXN207329,,2025-06-03T07:52:00,ACC00424,ACC00458,2237.97,IMPS,Hyderabad,Telangana,False,9,0.49
TXN207330,,2025-03-02T18:33:00,ACC00169,ACC00124,14251.97,RTGS,Jaipur,Rajasthan,False,9,0.84
TXN207331,,2025-02-18T06:33:00,ACC00483,ACC00205,881.08,Card,Kanpur,Uttar Pradesh,False,30,1.29
TXN207332,,2025-01-16T10:51:00,ACC00419,ACC00393,296.93,UPI,Delhi,Delhi,False,24,0.2
TXN207333,,2025-09-08T16:35:00,ACC00406,ACC00453,2551.34,IMPS,Jaipur,Rajasthan,False,28,1.3
TXN207334,,2025-07-29T10:31:00,ACC00309,ACC00327,2814.66,RTGS,Mumbai,Maharashtra,False,24,1.34
TXN207335,,2025-07-10T19:13:00,ACC00011,ACC00356,763.15,NEFT,Lucknow,Uttar Pradesh,False,28,1.65
TXN207336,,2025-09-13T23:28:00,ACC00187,ACC00143,1583.09,NEFT,Jaipur,Rajasthan,False,3,1.21
TXN207337,,2025-03-19T08:00:00,ACC00469,ACC00053,17200.62,RTGS,Bengaluru,Karnataka,False,21,0.51
TXN207338,,2025-08-31T09:17:00,ACC00385,ACC00225,2895.79,UPI,Hyderabad,Telangana,False,15,0.67
TXN207339,,2025-08-20T13:58:00,ACC00332,ACC00274,859.83,NEFT,Mumbai,Maharashtra,False,29,0.96
TXN207340,,2025-02-20T23:10:00,ACC00145,ACC00068,2128.26,IMPS,Patna,Bihar,False,20,1.37
TXN207341,,2025-03-03T13:37:00,ACC00193,ACC00313,5775.8,NEFT,Bengaluru,Karnataka,False,24,0.23
TXN207342,,2025-03-15T06:35:00,ACC00082,ACC00410,4684.95,NEFT,Patna,Bihar,False,24,1.82
TXN207343,,2025-04-18T20:56:00,ACC00344,ACC00428,3333.85,Wallet,Kanpur,Uttar Pradesh,False,19,0.57
TXN207344,,2025-08-28T13:42:00,ACC00247,ACC00483,1217.73,Card,Lucknow,Uttar Pradesh,False,32,0.54
TXN207345,,2025-05-24T20:13:00,ACC00328,ACC00387,3942.28,Wallet,Lucknow,Uttar Pradesh,False,37,1.23
TXN207346,,2025-09-10T10:21:00,ACC00025,ACC00346,2130.21,NEFT,Delhi,Delhi,False,20,0.97
TXN207347,,2025-02-13T06:08:00,ACC00441,ACC00000,1266.85,Wallet,Delhi,Delhi,False,29,1.95
TXN207348,,2025-08-22T02:54:00,ACC00410,ACC00358,2696.2,UPI,Hyderabad,Telangana,False,19,1.86
TXN207349,,2025-09-11T19:46:00,ACC00347,ACC00291,2731.11,NEFT,Delhi,Delhi,False,2,0.94
TXN207350,,2025-05-07T02:34:00,ACC00178,ACC00393,1981.62,RTGS,Kanpur,Uttar Pradesh,False,28,1.83
TXN207351,,2025-05-19T03:00:00,ACC00253,ACC00149,3367.69,NEFT,Mumbai,Maharashtra,False,30,1.12
TXN207352,,2025-07-04T05:21:00,ACC00273,ACC00205,2531.57,RTGS,Delhi,Delhi,False,9,1.66
TXN207353,,2025-09-07T00:23:00,ACC00319,ACC00069,901.16,NEFT,Mumbai,Maharashtra,False,7,0.42
TXN207354,,2025-02-13T15:13:00,ACC00366,ACC00488,1595.53,RTGS,Bengaluru,Karnataka,False,12,1.66
TXN207355,,2025-08-21T22:08:00,ACC00364,ACC00499,2420.49,RTGS,Jaipur,Rajasthan,False,12,0.63
TXN207356,,2025-06-23T23:28:00,ACC00439,ACC00392,31613.94,Card,Kanpur,Uttar Pradesh,False,10,1.97
TXN207357,,2025-03-28T09:55:00,ACC00325,ACC00327,1844.91,Card,Jaipur,Rajasthan,False,1,1.12
TXN207358,,2025-08-28T23:45:00,ACC00294,ACC00499,2490.52,NEFT,Lucknow,Uttar Pradesh,False,7,1.75
TXN207359,,2025-04-23T17:56:00,ACC00346,ACC00109,727.82,NEFT,Jaipur,Rajasthan,False,19,0.12
TXN207360,,2025-06-28T05:47:00,ACC00255,ACC00471,1383.01,Wallet,Kanpur,Uttar Pradesh,False,27,0.37
TXN207361,,2025-09-06T00:14:00,ACC00432,ACC00006,2317.62,RTGS,Bengaluru,Karnataka,False,4,1.76
TXN207362,,2025-06-10T23:53:00,ACC00426,ACC00027,2578.96,NEFT,Bengaluru,Karnataka,False,29,0.62
TXN207363,,2025-01-12T19:41:00,ACC00492,ACC00321,619.78,Wallet,Hyderabad,Telangana,False,15,1.34
TXN207364,,2025-08-09T10:46:00,ACC00436,ACC00352,3253.95,UPI,Jaipur,Rajasthan,False,22,0.35
TXN207365,,2025-02-13T05:54:00,ACC00040,ACC00310,3208.62,Wallet,Mumbai,Maharashtra,False,15,0.61
TXN207366,,2025-03-16T17:49:00,ACC00086,ACC00172,220.93,RTGS,Lucknow,Uttar Pradesh,False,30,0.41
TXN207367,,2025-08-17T15:15:00,ACC00024,ACC00398,354.29,NEFT,Lucknow,Uttar Pradesh,False,21,1.89
TXN207368,,2025-03-14T16:23:00,ACC00349,ACC00307,2520.46,RTGS,Bengaluru,Karnataka,False,31,0.47
TXN207369,,2025-08-10T10:00:00,ACC00252,ACC00042,847.08,UPI,Jaipur,Rajasthan,False,15,1.09
TXN207370,,2025-05-14T16:36:00,ACC00207,ACC00284,167.28,Wallet,Hyderabad,Telangana,False,19,1.53
TXN207371,,2025-01-22T16:30:00,ACC00338,ACC00163,2723.99,UPI,Lucknow,Uttar Pradesh,False,18,1.05
TXN207372,,2025-06-17T11:01:00,ACC00156,ACC00163,2176.76,NEFT,Kanpur,Uttar Pradesh,False,38,0.9
TXN207373,,2025-08-10T05:38:00,ACC00336,ACC00332,3443.36,IMPS,Kanpur,Uttar Pradesh,False,1,0.66
TXN207374,,2025-05-28T04:48:00,ACC00414,ACC00092,3438.27,NEFT,Bengaluru,Karnataka,False,22,0.68
TXN207375,,2025-05-14T11:12:00,ACC00439,ACC00136,2232.73,RTGS,Kanpur,Uttar Pradesh,False,21,0.23
TXN207376,,2025-05-17T23:41:00,ACC00455,ACC00374,1671.1,Card,Mumbai,Maharashtra,False,5,1.22
TXN207377,,2025-08-27T08:53:00,ACC00188,ACC00280,830.54,NEFT,Hyderabad,Telangana,False,28,0.38
TXN207378,,2025-02-04T02:11:00,ACC00092,ACC00356,477.76,NEFT,Patna,Bihar,False,18,0.97
TXN207379,,2025-03-25T09:23:00,ACC00230,ACC00153,851.62,IMPS,Jaipur,Rajasthan,False,17,1.03
TXN207380,,2025-04-04T19:05:00,ACC00238,ACC00431,485.53,RTGS,Hyderabad,Telangana,False,23,1.42
TXN207381,,2025-02-01T12:10:00,ACC00258,ACC00148,4088.42,Card,Jaipur,Rajasthan,False,16,1.51
TXN207382,,2025-02-28T20:41:00,ACC00048,ACC00432,2645.48,NEFT,Hyderabad,Telangana,False,16,1.02
TXN207383,,2025-02-15T15:03:00,ACC00209,ACC00417,86.55,RTGS,Jaipur,Rajasthan,False,15,1.64
TXN207384,,2025-09-09T11:34:00,ACC00177,ACC00221,2349.8,IMPS,Jaipur,Rajasthan,False,24,1.57
TXN207385,,2025-09-11T06:41:00,ACC00094,ACC00290,2066.76,NEFT,Lucknow,Uttar Pradesh,False,6,1.02
TXN207386,,2025-08-24T08:23:00,ACC00027,ACC00496,1839.84,RTGS,Jaipur,Rajasthan,False,20,0.27
TXN207387,,2025-08-18T15:04:00,ACC00348,ACC00482,537.02,Wallet,Kanpur,Uttar Pradesh,False,22,0.51
TXN207388,,2025-09-03T03:39:00,ACC00026,ACC00349,3410.94,NEFT,Delhi,Delhi,False,22,1.89
TXN207389,,2025-05-08T12:17:00,ACC00434,ACC00309,423.16,Card,Lucknow,Uttar Pradesh,False,27,0.61
TXN207390,,2025-09-06T12:10:00,ACC00179,ACC00003,4132.86,Wallet,Kanpur,Uttar Pradesh,False,30,1.14
TXN207391,,2025-05-12T09:19:00,ACC00421,ACC00427,2974.77,UPI,Bengaluru,Karnataka,False,12,1.74
TXN207392,,2025-01-13T13:34:00,ACC00310,ACC00185,3917.72,IMPS,Bengaluru,Karnataka,False,28,1.7
TXN207393,,2025-04-18T08:03:00,ACC00479,ACC00476,844.9,RTGS,Kanpur,Uttar Pradesh,False,10,0.43
TXN207394,,2025-03-16T03:54:00,ACC00327,ACC00100,534.33,NEFT,Lucknow,Uttar Pradesh,False,45,0.77
TXN207395,,2025-02-10T18:42:00,ACC00338,ACC00152,445.97,NEFT,Patna,Bihar,False,17,0.69
TXN207396,,2025-08-13T08:27:00,ACC00013,ACC00403,3269.51,Card,Delhi,Delhi,False,6,1.06
TXN207397,,2025-06-10T16:37:00,ACC00230,ACC00473,382.14,Card,Hyderabad,Telangana,False,5,1.75
TXN207398,,2025-09-15T16:24:00,ACC00468,ACC00014,2560.91,RTGS,Bengaluru,Karnataka,False,20,0.81
TXN207399,,2025-07-04T17:22:00,ACC00098,ACC00248,1424.65,UPI,Jaipur,Rajasthan,False,11,1.3
TXN207400,,2025-08-30T21:54:00,ACC00465,ACC00263,1071.53,Wallet,Jaipur,Rajasthan,False,15,0.56
TXN207401,,2025-01-13T03:53:00,ACC00121,ACC00365,603.55,RTGS,Bengaluru,Karnataka,False,27,0.82
TXN207402,,2025-08-24T21:49:00,ACC00355,ACC00080,753.19,NEFT,Jaipur,Rajasthan,False,19,1.25
TXN207403,,2025-02-08T15:14:00,ACC00465,ACC00492,12028.52,Card,Lucknow,Uttar Pradesh,False,20,0.76
TXN207404,,2025-02-21T21:16:00,ACC00162,ACC00336,1748.8,UPI,Bengaluru,Karnataka,False,17,1.87
TXN207405,,2025-01-15T08:57:00,ACC00411,ACC00022,569.2,Card,Delhi,Delhi,False,33,1.59
TXN207406,,2025-06-29T12:24:00,ACC00109,ACC00139,1127.7,Card,Jaipur,Rajasthan,False,22,1.5
TXN207407,,2025-06-29T16:50:00,ACC00415,ACC00447,2506.41,UPI,Lucknow,Uttar Pradesh,False,22,0.41
TXN207408,,2025-02-02T14:14:00,ACC00488,ACC00153,207.18,Card,Lucknow,Uttar Pradesh,False,1,0.45
TXN207409,,2025-01-27T19:45:00,ACC00081,ACC00296,11735.77,Card,Kanpur,Uttar Pradesh,False,14,0.82
TXN207410,,2025-07-28T18:00:00,ACC00394,ACC00117,2246.56,Card,Patna,Bihar,False,19,0.86
TXN207411,,2025-07-18T01:49:00,ACC00458,ACC00405,622.58,IMPS,Jaipur,Rajasthan,False,30,0.41
TXN207412,,2025-08-24T19:33:00,ACC00260,ACC00448,14157.28,UPI,Patna,Bihar,False,34,1.85
TXN207413,,2025-01-13T07:04:00,ACC00062,ACC00460,1520.06,IMPS,Delhi,Delhi,False,24,1.32
TXN207414,,2025-05-05T05:35:00,ACC00483,ACC00008,8129.72,NEFT,Bengaluru,Karnataka,False,29,0.43
TXN207415,,2025-02-08T03:03:00,ACC00440,ACC00381,1539.86,Wallet,Patna,Bihar,False,12,1.42
TXN207416,,2025-06-12T09:05:00,ACC00327,ACC00305,273.92,RTGS,Bengaluru,Karnataka,False,1,1.62
TXN207417,,2025-04-23T07:55:00,ACC00280,ACC00201,3469.6,Card,Hyderabad,Telangana,False,12,0.94
TXN207418,,2025-07-26T11:31:00,ACC00222,ACC00288,5713.41,RTGS,Jaipur,Rajasthan,False,9,1.63
TXN207419,,2025-04-27T16:54:00,ACC00460,ACC00369,3275.64,Wallet,Patna,Bihar,False,21,0.73
TXN207420,,2025-03-13T14:15:00,ACC00123,ACC00350,457.32,UPI,Hyderabad,Telangana,False,17,0.62
TXN207421,,2025-08-24T06:42:00,ACC00165,ACC00168,3618.46,Wallet,Bengaluru,Karnataka,False,23,1.25
TXN207422,,2025-02-22T20:44:00,ACC00238,ACC00498,1159.82,UPI,Bengaluru,Karnataka,False,17,0.96
TXN207423,,2025-07-22T01:49:00,ACC00218,ACC00010,855.33,NEFT,Delhi,Delhi,False,1,1.29
TXN207424,,2025-07-16T01:15:00,ACC00485,ACC00199,1949.01,Wallet,Lucknow,Uttar Pradesh,False,11,1.05
TXN207425,,2025-02-05T09:49:00,ACC00138,ACC00239,1834.36,IMPS,Lucknow,Uttar Pradesh,False,19,1.12
TXN207426,,2025-01-11T17:35:00,ACC00409,ACC00339,449.11,NEFT,Mumbai,Maharashtra,False,13,0.39
TXN207427,,2025-04-01T11:29:00,ACC00352,ACC00425,3408.93,NEFT,Bengaluru,Karnataka,False,12,0.76
TXN207428,,2025-02-04T23:23:00,ACC00321,ACC00307,1191.71,RTGS,Bengaluru,Karnataka,False,14,0.33
TXN207429,,2025-07-11T14:19:00,ACC00260,ACC00345,1486.0,RTGS,Patna,Bihar,False,22,1.11
TXN207430,,2025-09-06T14:56:00,ACC00326,ACC00493,5469.36,UPI,Kanpur,Uttar Pradesh,False,33,0.77
TXN207431,,2025-08-16T00:11:00,ACC00366,ACC00093,338.24,UPI,Bengaluru,Karnataka,False,9,1.54
TXN207432,,2025-06-01T12:46:00,ACC00460,ACC00493,1515.51,RTGS,Lucknow,Uttar Pradesh,False,32,1.7
TXN207433,,2025-05-22T10:43:00,ACC00440,ACC00126,1969.11,Card,Bengaluru,Karnataka,False,23,0.81
TXN207434,,2025-05-22T23:25:00,ACC00011,ACC00286,535.52,RTGS,Patna,Bihar,False,8,0.88
TXN207435,,2025-06-05T20:20:00,ACC00031,ACC00286,1370.86,Wallet,Mumbai,Maharashtra,False,19,0.57
TXN207436,,2025-06-09T09:15:00,ACC00299,ACC00022,1184.43,UPI,Mumbai,Maharashtra,False,13,0.6
TXN207437,,2025-02-16T09:19:00,ACC00098,ACC00035,4706.72,NEFT,Mumbai,Maharashtra,False,31,0.35
TXN207438,,2025-01-04T16:40:00,ACC00085,ACC00442,4972.2,Card,Bengaluru,Karnataka,False,32,0.67
TXN207439,,2025-03-14T04:26:00,ACC00059,ACC00473,4811.98,Card,Kanpur,Uttar Pradesh,False,27,1.67
TXN207440,,2025-04-24T10:57:00,ACC00462,ACC00498,2995.26,UPI,Mumbai,Maharashtra,False,42,0.75
TXN207441,,2025-07-31T04:23:00,ACC00053,ACC00359,1782.6,Wallet,Patna,Bihar,False,10,0.87
TXN207442,,2025-05-21T19:14:00,ACC00319,ACC00080,87.59,Wallet,Delhi,Delhi,False,24,1.78
TXN207443,,2025-05-05T10:01:00,ACC00145,ACC00014,817.61,IMPS,Mumbai,Maharashtra,False,13,0.32
TXN207444,,2025-07-18T02:11:00,ACC00089,ACC00200,14483.49,IMPS,Delhi,Delhi,False,14,1.25
TXN207445,,2025-03-07T22:54:00,ACC00235,ACC00420,13406.7,RTGS,Mumbai,Maharashtra,False,23,0.67
TXN207446,,2025-05-30T18:06:00,ACC00265,ACC00043,730.64,IMPS,Patna,Bihar,False,7,1.53
TXN207447,,2025-08-19T05:57:00,ACC00142,ACC00072,3025.27,UPI,Hyderabad,Telangana,False,18,0.28
TXN207448,,2025-02-23T08:00:00,ACC00004,ACC00428,267.26,Wallet,Mumbai,Maharashtra,False,13,1.08
TXN207449,,2025-02-21T19:03:00,ACC00031,ACC00270,1387.9,Wallet,Kanpur,Uttar Pradesh,False,24,1.91
TXN207450,,2025-08-24T07:10:00,ACC00301,ACC00488,764.09,NEFT,Hyderabad,Telangana,False,17,1.68
TXN207451,,2025-01-15T22:00:00,ACC00093,ACC00235,3198.05,RTGS,Kanpur,Uttar Pradesh,False,19,0.73
TXN207452,,2025-01-31T21:38:00,ACC00293,ACC00068,1305.91,NEFT,Bengaluru,Karnataka,False,29,0.39
TXN207453,,2025-07-29T21:37:00,ACC00192,ACC00291,928.23,RTGS,Jaipur,Rajasthan,False,20,1.05
TXN207454,,2025-07-25T08:41:00,ACC00243,ACC00246,2501.3,UPI,Delhi,Delhi,False,14,1.89
TXN207455,,2025-01-29T21:22:00,ACC00366,ACC00149,2267.87,RTGS,Jaipur,Rajasthan,False,22,1.64
TXN207456,,2025-08-10T02:28:00,ACC00143,ACC00209,231.92,Card,Hyderabad,Telangana,False,15,0.36
TXN207457,,2025-04-02T06:02:00,ACC00196,ACC00361,2270.25,UPI,Jaipur,Rajasthan,False,17,1.54
TXN207458,,2025-03-02T05:28:00,ACC00173,ACC00129,944.56,IMPS,Delhi,Delhi,False,17,0.8
TXN207459,,2025-06-01T22:50:00,ACC00453,ACC00403,1490.29,IMPS,Hyderabad,Telangana,False,18,1.25
TXN207460,,2025-06-01T07:43:00,ACC00028,ACC00087,549.77,RTGS,Patna,Bihar,False,30,1.26
TXN207461,,2025-08-05T03:25:00,ACC00362,ACC00254,2653.1,UPI,Kanpur,Uttar Pradesh,False,12,0.42
TXN207462,,2025-05-27T07:51:00,ACC00041,ACC00354,775.67,UPI,Kanpur,Uttar Pradesh,False,16,1.91
TXN207463,,2025-08-14T14:01:00,ACC00295,ACC00443,1105.28,IMPS,Mumbai,Maharashtra,False,5,1.14
TXN207464,,2025-07-17T11:55:00,ACC00114,ACC00084,3187.51,UPI,Kanpur,Uttar Pradesh,False,24,0.18
TXN207465,,2025-03-31T18:33:00,ACC00438,ACC00367,1149.78,IMPS,Bengaluru,Karnataka,False,12,1.36
TXN207466,,2025-07-29T15:26:00,ACC00224,ACC00265,1229.5,NEFT,Lucknow,Uttar Pradesh,False,43,0.67
TXN207467,,2025-01-01T16:05:00,ACC00060,ACC00149,2965.38,UPI,Mumbai,Maharashtra,False,14,1.35
TXN207468,,2025-02-12T16:28:00,ACC00326,ACC00186,4233.58,Wallet,Bengaluru,Karnataka,False,19,0.33
TXN207469,,2025-08-25T15:24:00,ACC00066,ACC00299,5717.83,UPI,Bengaluru,Karnataka,False,41,0.64
TXN207470,,2025-07-31T20:41:00,ACC00100,ACC00360,180.68,Card,Patna,Bihar,False,22,1.4
TXN207471,,2025-02-03T05:31:00,ACC00071,ACC00249,282.48,Card,Hyderabad,Telangana,False,23,0.68
TXN207472,,2025-05-12T19:57:00,ACC00123,ACC00474,887.4,Wallet,Lucknow,Uttar Pradesh,False,15,1.51
TXN207473,,2025-08-05T02:16:00,ACC00315,ACC00438,8002.23,RTGS,Hyderabad,Telangana,False,21,0.94
TXN207474,,2025-03-24T17:29:00,ACC00322,ACC00155,812.96,Wallet,Bengaluru,Karnataka,False,5,1.5
TXN207475,,2025-01-27T20:58:00,ACC00497,ACC00338,4626.35,Card,Mumbai,Maharashtra,False,27,0.44
TXN207476,,2025-01-20T13:12:00,ACC00479,ACC00409,1570.85,NEFT,Lucknow,Uttar Pradesh,False,26,1.19
TXN207477,,2025-04-21T17:50:00,ACC00347,ACC00315,3053.71,RTGS,Hyderabad,Telangana,False,20,1.83
TXN207478,,2025-06-07T16:08:00,ACC00452,ACC00029,4994.04,UPI,Patna,Bihar,False,9,1.66
TXN207479,,2025-04-11T17:17:00,ACC00194,ACC00090,1844.65,UPI,Hyderabad,Telangana,False,19,1.29
TXN207480,,2025-02-15T02:45:00,ACC00175,ACC00121,9399.06,NEFT,Patna,Bihar,False,23,1.01
TXN207481,,2025-01-01T06:05:00,ACC00387,ACC00125,465.64,RTGS,Kanpur,Uttar Pradesh,False,19,0.59
TXN207482,,2025-01-04T09:06:00,ACC00152,ACC00356,10124.91,Card,Bengaluru,Karnataka,False,14,1.33
TXN207483,,2025-08-30T05:55:00,ACC00122,ACC00215,2109.29,RTGS,Mumbai,Maharashtra,False,23,1.79
TXN207484,,2025-04-16T13:57:00,ACC00298,ACC00032,438.82,NEFT,Jaipur,Rajasthan,False,16,1.05
TXN207485,,2025-05-17T01:34:00,ACC00007,ACC00305,5089.02,NEFT,Patna,Bihar,False,21,0.83
TXN207486,,2025-09-13T21:06:00,ACC00339,ACC00252,1584.49,UPI,Delhi,Delhi,False,12,1.94
TXN207487,,2025-05-27T17:33:00,ACC00305,ACC00118,2970.45,NEFT,Bengaluru,Karnataka,False,41,1.08
TXN207488,,2025-05-02T06:58:00,ACC00411,ACC00449,6976.75,UPI,Patna,Bihar,False,19,1.31
TXN207489,,2025-08-02T17:26:00,ACC00001,ACC00066,4038.42,NEFT,Lucknow,Uttar Pradesh,False,23,0.71
TXN207490,,2025-08-30T21:29:00,ACC00094,ACC00389,3912.22,RTGS,Hyderabad,Telangana,False,21,0.82
TXN207491,,2025-02-10T19:54:00,ACC00430,ACC00107,5528.01,IMPS,Kanpur,Uttar Pradesh,False,16,1.83
TXN207492,,2025-05-21T19:07:00,ACC00166,ACC00272,1945.76,RTGS,Delhi,Delhi,False,26,1.11
TXN207493,,2025-08-15T04:17:00,ACC00461,ACC00092,2604.67,Wallet,Hyderabad,Telangana,False,22,0.91
TXN207494,,2025-09-06T04:21:00,ACC00449,ACC00127,723.29,UPI,Delhi,Delhi,False,18,0.87
TXN207495,,2025-09-14T10:52:00,ACC00477,ACC00042,864.71,NEFT,Delhi,Delhi,False,30,1.3
TXN207496,,2025-05-15T03:11:00,ACC00196,ACC00303,6346.44,Wallet,Mumbai,Maharashtra,False,17,1.45
TXN207497,,2025-03-28T02:29:00,ACC00396,ACC00300,23835.94,Card,Lucknow,Uttar Pradesh,False,15,1.78
TXN207498,,2025-07-12T16:54:00,ACC00336,ACC00241,880.67,IMPS,Delhi,Delhi,False,22,1.39
TXN207499,,2025-02-10T23:57:00,ACC00091,ACC00270,9535.16,IMPS,Delhi,Delhi,False,31,1.8
TXN207500,,2025-04-13T15:18:00,ACC00406,ACC00227,145.63,RTGS,Patna,Bihar,False,16,1.49
TXN207501,,2025-06-16T23:42:00,ACC00473,ACC00170,406.57,NEFT,Mumbai,Maharashtra,False,12,0.72
TXN207502,,2025-01-25T18:29:00,ACC00305,ACC00007,6343.22,UPI,Mumbai,Maharashtra,False,40,1.33
TXN207503,,2025-08-17T18:09:00,ACC00189,ACC00157,2136.74,Card,Lucknow,Uttar Pradesh,False,29,1.73
TXN207504,,2025-04-04T00:29:00,ACC00381,ACC00462,955.04,Wallet,Hyderabad,Telangana,False,10,0.18
TXN207505,,2025-03-21T14:56:00,ACC00287,ACC00005,4607.91,NEFT,Lucknow,Uttar Pradesh,False,37,1.51
TXN207506,,2025-09-02T20:29:00,ACC00172,ACC00042,2994.93,Wallet,Bengaluru,Karnataka,False,17,0.56
TXN207507,,2025-06-21T20:59:00,ACC00201,ACC00495,3142.68,NEFT,Bengaluru,Karnataka,False,19,1.28
TXN207508,,2025-09-16T06:31:00,ACC00487,ACC00357,2810.47,NEFT,Bengaluru,Karnataka,False,16,0.98
TXN207509,,2025-03-22T13:38:00,ACC00449,ACC00029,1661.34,Wallet,Delhi,Delhi,False,19,1.87
TXN207510,,2025-04-22T03:50:00,ACC00102,ACC00309,2142.84,NEFT,Hyderabad,Telangana,False,25,1.05
TXN207511,,2025-06-12T07:55:00,ACC00222,ACC00053,1323.23,NEFT,Delhi,Delhi,False,36,1.64
TXN207512,,2025-05-15T05:54:00,ACC00345,ACC00259,2026.06,NEFT,Kanpur,Uttar Pradesh,False,15,1.32
TXN207513,,2025-05-23T09:21:00,ACC00293,ACC00393,1021.03,IMPS,Jaipur,Rajasthan,False,1,1.52
TXN207514,,2025-03-26T21:55:00,ACC00162,ACC00113,6507.94,IMPS,Delhi,Delhi,False,11,0.18
TXN207515,,2025-04-09T15:38:00,ACC00255,ACC00124,8772.23,UPI,Mumbai,Maharashtra,False,29,1.72
TXN207516,,2025-05-10T11:15:00,ACC00066,ACC00378,6049.07,IMPS,Bengaluru,Karnataka,False,21,0.98
TXN207517,,2025-03-24T14:50:00,ACC00144,ACC00392,582.41,NEFT,Jaipur,Rajasthan,False,18,1.12
TXN207518,,2025-06-22T14:13:00,ACC00362,ACC00087,3559.15,RTGS,Hyderabad,Telangana,False,10,1.4
TXN207519,,2025-05-26T20:22:00,ACC00389,ACC00396,756.27,UPI,Bengaluru,Karnataka,False,3,1.47
TXN207520,,2025-07-17T22:13:00,ACC00273,ACC00013,1675.37,Wallet,Hyderabad,Telangana,False,14,0.5
TXN207521,,2025-08-23T15:24:00,ACC00151,ACC00352,2883.36,Card,Delhi,Delhi,False,35,0.44
TXN207522,,2025-05-06T14:44:00,ACC00038,ACC00348,8089.72,RTGS,Lucknow,Uttar Pradesh,False,18,1.76
TXN207523,,2025-05-07T06:33:00,ACC00198,ACC00116,2700.48,NEFT,Patna,Bihar,False,16,0.88
TXN207524,,2025-04-12T20:24:00,ACC00356,ACC00331,7057.77,UPI,Kanpur,Uttar Pradesh,False,16,0.1
TXN207525,,2025-03-13T08:40:00,ACC00137,ACC00166,2531.45,NEFT,Patna,Bihar,False,22,1.77
TXN207526,,2025-04-25T12:23:00,ACC00102,ACC00268,3530.67,UPI,Patna,Bihar,False,22,1.2
TXN207527,,2025-04-12T05:31:00,ACC00229,ACC00376,5581.22,IMPS,Jaipur,Rajasthan,False,14,1.12
TXN207528,,2025-05-04T13:42:00,ACC00206,ACC00222,1464.93,Card,Patna,Bihar,False,19,1.26
TXN207529,,2025-06-20T23:03:00,ACC00386,ACC00232,815.06,UPI,Hyderabad,Telangana,False,15,0.15
TXN207530,,2025-02-11T04:09:00,ACC00491,ACC00026,2164.49,Card,Hyderabad,Telangana,False,22,0.72
TXN207531,,2025-04-08T10:21:00,ACC00337,ACC00043,2265.37,RTGS,Patna,Bihar,False,3,0.51
TXN207532,,2025-02-15T03:48:00,ACC00039,ACC00131,1097.9,UPI,Patna,Bihar,False,22,1.57
TXN207533,,2025-02-13T20:06:00,ACC00243,ACC00214,732.92,NEFT,Jaipur,Rajasthan,False,19,0.62
TXN207534,,2025-09-17T19:30:00,ACC00082,ACC00088,1000.33,RTGS,Hyderabad,Telangana,False,18,1.18
TXN207535,,2025-08-07T18:54:00,ACC00446,ACC00425,1551.67,RTGS,Bengaluru,Karnataka,False,35,0.98
TXN207536,,2025-05-20T09:42:00,ACC00031,ACC00140,1111.83,RTGS,Hyderabad,Telangana,False,22,0.58
TXN207537,,2025-08-03T17:54:00,ACC00489,ACC00221,684.65,UPI,Bengaluru,Karnataka,False,18,1.42
TXN207538,,2025-02-05T02:26:00,ACC00215,ACC00190,3584.01,NEFT,Patna,Bihar,False,32,1.91
TXN207539,,2025-05-20T09:33:00,ACC00483,ACC00024,2600.53,RTGS,Hyderabad,Telangana,False,19,0.48
TXN207540,,2025-01-03T02:29:00,ACC00270,ACC00067,2040.06,Card,Kanpur,Uttar Pradesh,False,17,1.78
TXN207541,,2025-03-07T00:53:00,ACC00044,ACC00274,979.06,UPI,Lucknow,Uttar Pradesh,False,2,1.11
TXN207542,,2025-06-16T05:12:00,ACC00254,ACC00377,1255.6,NEFT,Lucknow,Uttar Pradesh,False,10,1.77
TXN207543,,2025-05-29T12:14:00,ACC00400,ACC00255,2517.08,RTGS,Hyderabad,Telangana,False,15,1.0
TXN207544,,2025-06-02T17:36:00,ACC00471,ACC00010,193.97,IMPS,Delhi,Delhi,False,20,1.84
TXN207545,,2025-07-15T02:46:00,ACC00377,ACC00147,1028.14,NEFT,Patna,Bihar,False,26,1.83
TXN207546,,2025-06-22T13:25:00,ACC00110,ACC00038,1087.35,NEFT,Kanpur,Uttar Pradesh,False,8,1.75
TXN207547,,2025-08-16T15:42:00,ACC00183,ACC00347,6461.8,UPI,Hyderabad,Telangana,False,20,0.71
TXN207548,,2025-04-28T10:54:00,ACC00404,ACC00499,2002.72,Wallet,Jaipur,Rajasthan,False,12,1.99
TXN207549,,2025-05-21T21:14:00,ACC00018,ACC00396,1423.21,RTGS,Kanpur,Uttar Pradesh,False,14,1.21
TXN207550,,2025-05-25T11:56:00,ACC00011,ACC00344,2283.91,Card,Delhi,Delhi,False,18,1.9
TXN207551,,2025-03-07T19:33:00,ACC00153,ACC00155,1462.47,UPI,Hyderabad,Telangana,False,15,0.82
TXN207552,,2025-08-12T00:11:00,ACC00088,ACC00394,3790.51,Card,Patna,Bihar,False,14,1.88
TXN207553,,2025-05-31T22:23:00,ACC00257,ACC00051,8262.6,Card,Jaipur,Rajasthan,False,23,1.21
TXN207554,,2025-08-15T23:41:00,ACC00248,ACC00444,417.34,RTGS,Jaipur,Rajasthan,False,24,1.21
TXN207555,,2025-09-17T11:22:00,ACC00314,ACC00274,1024.59,Card,Mumbai,Maharashtra,False,7,0.83
TXN207556,,2025-09-10T20:07:00,ACC00362,ACC00389,2192.22,Card,Mumbai,Maharashtra,False,29,0.31
TXN207557,,2025-01-29T02:01:00,ACC00185,ACC00298,393.52,RTGS,Bengaluru,Karnataka,False,30,1.05
TXN207558,,2025-02-21T06:09:00,ACC00251,ACC00359,3638.2,NEFT,Kanpur,Uttar Pradesh,False,35,0.7
TXN207559,,2025-02-24T10:28:00,ACC00082,ACC00448,8309.24,UPI,Bengaluru,Karnataka,False,15,1.41
TXN207560,,2025-02-21T03:57:00,ACC00396,ACC00105,1451.54,Wallet,Kanpur,Uttar Pradesh,False,21,1.3
TXN207561,,2025-08-30T01:29:00,ACC00089,ACC00450,834.28,Card,Jaipur,Rajasthan,False,8,0.83
TXN207562,,2025-06-06T06:17:00,ACC00479,ACC00313,493.37,UPI,Patna,Bihar,False,18,0.15
TXN207563,,2025-01-17T00:40:00,ACC00294,ACC00470,601.31,Wallet,Mumbai,Maharashtra,False,16,0.19
TXN207564,,2025-08-08T07:19:00,ACC00072,ACC00043,8720.7,RTGS,Patna,Bihar,False,22,1.57
TXN207565,,2025-04-04T06:38:00,ACC00134,ACC00211,932.92,Wallet,Mumbai,Maharashtra,False,13,1.65
TXN207566,,2025-09-15T04:51:00,ACC00076,ACC00309,5957.6,Wallet,Hyderabad,Telangana,False,27,0.86
TXN207567,,2025-03-21T18:23:00,ACC00117,ACC00419,772.29,Card,Hyderabad,Telangana,False,14,0.34
TXN207568,,2025-05-08T16:50:00,ACC00055,ACC00333,1451.47,Card,Jaipur,Rajasthan,False,31,0.82
TXN207569,,2025-03-18T11:40:00,ACC00339,ACC00120,12919.48,RTGS,Bengaluru,Karnataka,False,1,0.23
TXN207570,,2025-01-08T12:19:00,ACC00391,ACC00389,236.95,Card,Mumbai,Maharashtra,False,40,1.5
TXN207571,,2025-05-19T18:50:00,ACC00292,ACC00214,920.37,Card,Hyderabad,Telangana,False,29,1.08
TXN207572,,2025-01-18T06:56:00,ACC00401,ACC00194,1090.58,RTGS,Hyderabad,Telangana,False,17,1.22
TXN207573,,2025-03-31T20:14:00,ACC00135,ACC00443,1079.11,UPI,Lucknow,Uttar Pradesh,False,7,1.92
TXN207574,,2025-03-15T07:53:00,ACC00084,ACC00324,738.3,IMPS,Jaipur,Rajasthan,False,34,0.74
TXN207575,,2025-05-16T20:36:00,ACC00163,ACC00166,7285.56,Wallet,Patna,Bihar,False,22,1.71
TXN207576,,2025-07-23T20:48:00,ACC00188,ACC00195,412.93,RTGS,Lucknow,Uttar Pradesh,False,53,0.58
TXN207577,,2025-07-01T07:55:00,ACC00308,ACC00376,820.14,RTGS,Mumbai,Maharashtra,False,12,0.66
TXN207578,,2025-01-02T22:30:00,ACC00247,ACC00203,8845.54,IMPS,Bengaluru,Karnataka,False,23,0.38
TXN207579,,2025-03-29T07:52:00,ACC00198,ACC00450,1284.98,IMPS,Lucknow,Uttar Pradesh,False,18,1.28
TXN207580,,2025-08-15T21:49:00,ACC00003,ACC00173,1457.65,IMPS,Bengaluru,Karnataka,False,16,0.69
TXN207581,,2025-04-13T19:50:00,ACC00229,ACC00243,1392.29,Card,Lucknow,Uttar Pradesh,False,25,1.72
TXN207582,,2025-04-29T08:50:00,ACC00003,ACC00305,1132.41,RTGS,Lucknow,Uttar Pradesh,False,18,1.92
TXN207583,,2025-02-03T04:06:00,ACC00027,ACC00034,3911.89,Card,Kanpur,Uttar Pradesh,False,25,0.31
TXN207584,,2025-05-25T02:21:00,ACC00462,ACC00216,11967.52,RTGS,Lucknow,Uttar Pradesh,False,11,1.61
TXN207585,,2025-07-14T23:33:00,ACC00304,ACC00413,1952.61,NEFT,Mumbai,Maharashtra,False,27,0.94
TXN207586,,2025-07-19T23:58:00,ACC00197,ACC00274,9913.33,Card,Patna,Bihar,False,11,0.86
TXN207587,,2025-04-02T20:25:00,ACC00265,ACC00498,7884.33,IMPS,Kanpur,Uttar Pradesh,False,17,1.19
TXN207588,,2025-07-27T22:33:00,ACC00146,ACC00169,693.08,Wallet,Jaipur,Rajasthan,False,5,1.27
TXN207589,,2025-04-20T13:34:00,ACC00224,ACC00346,975.93,RTGS,Lucknow,Uttar Pradesh,False,28,0.11
TXN207590,,2025-06-25T15:40:00,ACC00116,ACC00002,548.21,Card,Kanpur,Uttar Pradesh,False,3,1.9
TXN207591,,2025-07-31T09:20:00,ACC00229,ACC00371,2946.84,Wallet,Jaipur,Rajasthan,False,2,0.55
TXN207592,,2025-04-14T16:38:00,ACC00247,ACC00372,2900.78,Card,Jaipur,Rajasthan,False,6,1.99
TXN207593,,2025-01-24T08:41:00,ACC00225,ACC00154,4284.82,UPI,Lucknow,Uttar Pradesh,False,40,0.14
TXN207594,,2025-05-14T20:46:00,ACC00231,ACC00185,1147.65,NEFT,Jaipur,Rajasthan,False,1,1.04
TXN207595,,2025-08-06T21:41:00,ACC00093,ACC00259,1239.73,IMPS,Lucknow,Uttar Pradesh,False,25,1.96
TXN207596,,2025-02-14T18:24:00,ACC00265,ACC00226,10228.2,Card,Patna,Bihar,False,18,1.5
TXN207597,,2025-08-21T17:14:00,ACC00489,ACC00254,6085.22,IMPS,Jaipur,Rajasthan,False,25,0.43
TXN207598,,2025-04-21T05:58:00,ACC00270,ACC00009,1063.31,UPI,Hyderabad,Telangana,False,17,0.9
TXN207599,,2025-05-25T20:58:00,ACC00385,ACC00040,997.09,Card,Hyderabad,Telangana,False,10,1.58
TXN207600,,2025-06-10T19:37:00,ACC00378,ACC00303,2561.01,UPI,Mumbai,Maharashtra,False,20,1.24
TXN207601,,2025-06-25T01:41:00,ACC00121,ACC00217,1959.08,RTGS,Mumbai,Maharashtra,False,30,1.65
TXN207602,,2025-07-04T13:27:00,ACC00186,ACC00162,13803.8,IMPS,Delhi,Delhi,False,26,1.56
TXN207603,,2025-02-05T11:19:00,ACC00069,ACC00346,23887.18,UPI,Delhi,Delhi,False,12,1.12
TXN207604,,2025-02-08T03:36:00,ACC00418,ACC00096,15911.28,RTGS,Jaipur,Rajasthan,False,7,1.47
TXN207605,,2025-04-26T07:22:00,ACC00386,ACC00305,4119.95,Card,Bengaluru,Karnataka,False,8,0.44
TXN207606,,2025-01-22T12:06:00,ACC00087,ACC00403,764.49,Wallet,Mumbai,Maharashtra,False,28,0.96
TXN207607,,2025-03-31T11:54:00,ACC00376,ACC00015,7856.82,Card,Hyderabad,Telangana,False,22,1.12
TXN207608,,2025-08-30T04:16:00,ACC00181,ACC00070,6658.27,Wallet,Hyderabad,Telangana,False,8,1.42
TXN207609,,2025-01-20T11:32:00,ACC00203,ACC00023,1590.58,RTGS,Delhi,Delhi,False,11,0.55
TXN207610,,2025-07-06T03:56:00,ACC00228,ACC00010,583.32,IMPS,Kanpur,Uttar Pradesh,False,24,1.46
TXN207611,,2025-03-06T01:14:00,ACC00390,ACC00285,7074.36,Card,Mumbai,Maharashtra,False,17,0.88
TXN207612,,2025-08-22T08:32:00,ACC00395,ACC00018,9562.77,UPI,Hyderabad,Telangana,False,12,1.44
TXN207613,,2025-02-11T02:13:00,ACC00068,ACC00441,3417.01,Wallet,Patna,Bihar,False,11,1.43
TXN207614,,2025-03-22T03:24:00,ACC00258,ACC00253,1996.62,UPI,Patna,Bihar,False,14,0.28
TXN207615,,2025-03-09T13:15:00,ACC00104,ACC00220,1357.9,IMPS,Mumbai,Maharashtra,False,15,1.17
TXN207616,,2025-08-11T04:00:00,ACC00377,ACC00385,1144.56,Wallet,Lucknow,Uttar Pradesh,False,24,0.19
TXN207617,,2025-01-02T23:38:00,ACC00341,ACC00102,395.31,UPI,Jaipur,Rajasthan,False,27,0.54
TXN207618,,2025-03-06T09:30:00,ACC00140,ACC00459,759.23,UPI,Mumbai,Maharashtra,False,1,1.13
TXN207619,,2025-04-14T01:20:00,ACC00369,ACC00349,2053.57,NEFT,Jaipur,Rajasthan,False,28,1.46
TXN207620,,2025-05-01T19:52:00,ACC00450,ACC00140,1961.66,IMPS,Lucknow,Uttar Pradesh,False,27,0.46
TXN207621,,2025-03-08T03:44:00,ACC00175,ACC00448,1079.45,IMPS,Lucknow,Uttar Pradesh,False,25,1.49
TXN207622,,2025-08-13T11:35:00,ACC00142,ACC00470,2810.49,Card,Jaipur,Rajasthan,False,24,0.86
TXN207623,,2025-09-08T09:01:00,ACC00252,ACC00287,8579.01,NEFT,Delhi,Delhi,False,2,0.18
TXN207624,,2025-03-31T13:32:00,ACC00303,ACC00241,5304.87,Wallet,Hyderabad,Telangana,False,12,1.85
TXN207625,,2025-08-20T21:29:00,ACC00417,ACC00170,433.93,RTGS,Delhi,Delhi,False,13,0.55
TXN207626,,2025-09-01T17:34:00,ACC00128,ACC00044,9542.73,NEFT,Patna,Bihar,False,1,1.04
TXN207627,,2025-06-07T16:23:00,ACC00312,ACC00167,751.06,Card,Jaipur,Rajasthan,False,1,1.44
TXN207628,,2025-08-02T22:59:00,ACC00432,ACC00478,1308.41,UPI,Delhi,Delhi,False,9,1.74
TXN207629,,2025-06-11T02:25:00,ACC00282,ACC00187,7326.52,Card,Hyderabad,Telangana,False,12,1.11
TXN207630,,2025-05-11T01:45:00,ACC00229,ACC00241,4028.25,IMPS,Lucknow,Uttar Pradesh,False,29,1.69
TXN207631,,2025-04-09T14:20:00,ACC00217,ACC00044,293.88,RTGS,Patna,Bihar,False,22,1.51
TXN207632,,2025-07-26T16:30:00,ACC00128,ACC00346,234.91,Wallet,Jaipur,Rajasthan,False,1,0.21
TXN207633,,2025-07-04T00:24:00,ACC00249,ACC00476,5388.09,Wallet,Bengaluru,Karnataka,False,31,0.73
TXN207634,,2025-06-09T11:48:00,ACC00203,ACC00106,3065.46,Wallet,Jaipur,Rajasthan,False,27,1.68
TXN207635,,2025-08-21T22:17:00,ACC00359,ACC00087,4316.17,Card,Mumbai,Maharashtra,False,20,0.95
TXN207636,,2025-01-25T22:30:00,ACC00061,ACC00221,292.35,RTGS,Bengaluru,Karnataka,False,32,1.97
TXN207637,,2025-03-26T20:47:00,ACC00303,ACC00373,3939.95,RTGS,Lucknow,Uttar Pradesh,False,28,1.81
TXN207638,,2025-02-17T05:16:00,ACC00318,ACC00125,640.29,UPI,Kanpur,Uttar Pradesh,False,22,0.83
TXN207639,,2025-07-23T13:23:00,ACC00271,ACC00328,1934.08,Wallet,Mumbai,Maharashtra,False,5,0.19
TXN207640,,2025-03-20T06:01:00,ACC00217,ACC00168,1962.89,Card,Hyderabad,Telangana,False,21,0.76
TXN207641,,2025-01-12T15:51:00,ACC00138,ACC00237,919.54,RTGS,Jaipur,Rajasthan,False,35,1.49
TXN207642,,2025-09-09T08:09:00,ACC00356,ACC00460,1677.41,UPI,Hyderabad,Telangana,False,13,1.28
TXN207643,,2025-01-06T01:47:00,ACC00103,ACC00148,270.97,NEFT,Lucknow,Uttar Pradesh,False,24,1.62
TXN207644,,2025-07-04T23:54:00,ACC00469,ACC00154,835.07,Wallet,Patna,Bihar,False,23,1.42
TXN207645,,2025-05-17T22:01:00,ACC00354,ACC00411,711.42,Card,Mumbai,Maharashtra,False,43,1.41
TXN207646,,2025-04-26T12:12:00,ACC00114,ACC00416,2555.29,IMPS,Jaipur,Rajasthan,False,21,1.47
TXN207647,,2025-01-23T20:31:00,ACC00137,ACC00392,891.5,IMPS,Lucknow,Uttar Pradesh,False,27,1.89
TXN207648,,2025-09-03T05:14:00,ACC00161,ACC00034,4553.29,Wallet,Mumbai,Maharashtra,False,17,0.53
TXN207649,,2025-09-08T00:46:00,ACC00381,ACC00470,1791.47,RTGS,Jaipur,Rajasthan,False,12,1.23
TXN207650,,2025-01-07T06:17:00,ACC00164,ACC00221,1363.42,IMPS,Mumbai,Maharashtra,False,21,0.3
TXN207651,,2025-04-18T20:14:00,ACC00096,ACC00389,1384.04,Card,Lucknow,Uttar Pradesh,False,24,1.69
TXN207652,,2025-05-17T12:11:00,ACC00025,ACC00237,457.45,Wallet,Bengaluru,Karnataka,False,26,0.66
TXN207653,,2025-01-27T01:11:00,ACC00486,ACC00344,727.83,Wallet,Jaipur,Rajasthan,False,25,0.82
TXN207654,,2025-05-21T20:09:00,ACC00358,ACC00182,2664.58,Wallet,Delhi,Delhi,False,9,0.15
TXN207655,,2025-06-01T22:06:00,ACC00275,ACC00374,1582.83,RTGS,Jaipur,Rajasthan,False,30,0.11
TXN207656,,2025-07-13T00:28:00,ACC00068,ACC00265,3380.7,UPI,Delhi,Delhi,False,14,0.43
TXN207657,,2025-07-08T08:39:00,ACC00319,ACC00031,9124.64,IMPS,Hyderabad,Telangana,False,28,0.32
TXN207658,,2025-01-30T22:11:00,ACC00142,ACC00244,7578.08,Wallet,Mumbai,Maharashtra,False,17,0.69
TXN207659,,2025-04-26T23:08:00,ACC00098,ACC00109,1948.67,Card,Jaipur,Rajasthan,False,23,1.78
TXN207660,,2025-03-18T20:27:00,ACC00025,ACC00079,1350.2,Card,Kanpur,Uttar Pradesh,False,26,1.49
TXN207661,,2025-05-07T07:37:00,ACC00456,ACC00039,1408.81,UPI,Kanpur,Uttar Pradesh,False,7,0.63
TXN207662,,2025-02-25T05:52:00,ACC00068,ACC00193,833.78,NEFT,Hyderabad,Telangana,False,14,0.31
TXN207663,,2025-01-03T14:50:00,ACC00023,ACC00221,1773.3,Wallet,Patna,Bihar,False,39,0.27
TXN207664,,2025-03-01T21:19:00,ACC00181,ACC00297,2912.51,IMPS,Jaipur,Rajasthan,False,26,1.01
TXN207665,,2025-08-12T17:01:00,ACC00407,ACC00140,1346.45,Wallet,Bengaluru,Karnataka,False,35,0.65
TXN207666,,2025-02-18T11:52:00,ACC00454,ACC00135,728.06,IMPS,Kanpur,Uttar Pradesh,False,32,1.5
TXN207667,,2025-08-20T23:14:00,ACC00434,ACC00394,4505.88,Card,Hyderabad,Telangana,False,17,0.97
TXN207668,,2025-06-19T17:53:00,ACC00220,ACC00488,1245.6,RTGS,Patna,Bihar,False,28,1.42
TXN207669,,2025-08-05T15:55:00,ACC00462,ACC00004,1604.53,Card,Hyderabad,Telangana,False,7,0.94
TXN207670,,2025-07-22T20:46:00,ACC00187,ACC00051,1563.85,NEFT,Kanpur,Uttar Pradesh,False,32,1.67
TXN207671,,2025-07-25T19:58:00,ACC00197,ACC00425,2144.48,NEFT,Bengaluru,Karnataka,False,13,1.97
TXN207672,,2025-08-02T09:00:00,ACC00422,ACC00052,4103.49,NEFT,Kanpur,Uttar Pradesh,False,13,1.08
TXN207673,,2025-01-07T17:14:00,ACC00418,ACC00059,5024.35,Card,Hyderabad,Telangana,False,19,1.81
TXN207674,,2025-03-29T05:15:00,ACC00184,ACC00409,1450.78,Card,Jaipur,Rajasthan,False,32,1.62
TXN207675,,2025-06-06T14:10:00,ACC00343,ACC00156,1948.75,NEFT,Patna,Bihar,False,26,0.83
TXN207676,,2025-03-30T23:50:00,ACC00485,ACC00464,5111.77,NEFT,Bengaluru,Karnataka,False,31,0.98
TXN207677,,2025-02-27T19:56:00,ACC00057,ACC00365,588.9,RTGS,Lucknow,Uttar Pradesh,False,16,1.39
TXN207678,,2025-08-11T12:01:00,ACC00027,ACC00180,4107.21,Wallet,Lucknow,Uttar Pradesh,False,14,0.21
TXN207679,,2025-07-19T04:52:00,ACC00490,ACC00012,963.69,IMPS,Kanpur,Uttar Pradesh,False,31,1.17
TXN207680,,2025-07-23T17:13:00,ACC00075,ACC00373,3515.72,RTGS,Lucknow,Uttar Pradesh,False,1,0.51
TXN207681,,2025-07-21T17:57:00,ACC00428,ACC00251,2626.62,IMPS,Kanpur,Uttar Pradesh,False,14,0.54
TXN207682,,2025-07-19T18:43:00,ACC00341,ACC00397,2137.79,Card,Lucknow,Uttar Pradesh,False,23,0.76
TXN207683,,2025-02-19T08:25:00,ACC00420,ACC00115,2479.14,RTGS,Lucknow,Uttar Pradesh,False,11,0.6
TXN207684,,2025-05-13T00:50:00,ACC00390,ACC00246,221.47,UPI,Delhi,Delhi,False,12,0.2
TXN207685,,2025-01-24T09:16:00,ACC00314,ACC00457,13007.38,NEFT,Hyderabad,Telangana,False,11,1.0
TXN207686,,2025-09-16T11:23:00,ACC00216,ACC00344,2458.4,Card,Mumbai,Maharashtra,False,29,1.39
TXN207687,,2025-01-15T16:37:00,ACC00247,ACC00050,17901.69,IMPS,Patna,Bihar,False,10,0.52
TXN207688,,2025-07-20T22:36:00,ACC00295,ACC00455,7330.54,RTGS,Mumbai,Maharashtra,False,4,1.73
TXN207689,,2025-09-16T15:49:00,ACC00164,ACC00287,1639.57,NEFT,Mumbai,Maharashtra,False,9,0.85
TXN207690,,2025-05-12T04:09:00,ACC00072,ACC00116,1713.24,IMPS,Patna,Bihar,False,26,0.79
TXN207691,,2025-06-12T08:55:00,ACC00000,ACC00406,1786.12,IMPS,Lucknow,Uttar Pradesh,False,17,0.31
TXN207692,,2025-01-18T15:45:00,ACC00404,ACC00489,9444.52,UPI,Kanpur,Uttar Pradesh,False,31,0.77
TXN207693,,2025-02-05T08:10:00,ACC00072,ACC00025,1308.95,RTGS,Lucknow,Uttar Pradesh,False,24,0.79
TXN207694,,2025-08-22T06:32:00,ACC00067,ACC00151,4807.98,RTGS,Jaipur,Rajasthan,False,21,0.52
TXN207695,,2025-05-10T19:26:00,ACC00175,ACC00338,905.08,IMPS,Delhi,Delhi,False,25,1.01
TXN207696,,2025-04-29T22:56:00,ACC00083,ACC00463,1051.32,UPI,Hyderabad,Telangana,False,18,1.12
TXN207697,,2025-01-07T00:42:00,ACC00194,ACC00019,5041.3,IMPS,Patna,Bihar,False,10,0.77
TXN207698,,2025-01-03T20:21:00,ACC00259,ACC00066,6128.76,UPI,Kanpur,Uttar Pradesh,False,14,1.94
TXN207699,,2025-03-17T19:10:00,ACC00351,ACC00091,1464.05,NEFT,Patna,Bihar,False,4,1.13
TXN207700,,2025-01-31T08:08:00,ACC00392,ACC00096,607.45,UPI,Lucknow,Uttar Pradesh,False,8,0.99
TXN207701,,2025-08-22T11:38:00,ACC00424,ACC00133,4259.36,Wallet,Kanpur,Uttar Pradesh,False,8,0.87
TXN207702,,2025-01-28T08:19:00,ACC00164,ACC00070,2517.14,Wallet,Bengaluru,Karnataka,False,35,0.18
TXN207703,,2025-07-31T13:54:00,ACC00211,ACC00268,613.86,Wallet,Kanpur,Uttar Pradesh,False,24,1.41
TXN207704,,2025-03-25T13:45:00,ACC00329,ACC00010,3284.61,NEFT,Mumbai,Maharashtra,False,2,0.6
TXN207705,,2025-04-07T04:24:00,ACC00180,ACC00394,10794.41,Wallet,Bengaluru,Karnataka,False,25,1.17
TXN207706,,2025-01-18T22:11:00,ACC00027,ACC00006,9279.59,RTGS,Jaipur,Rajasthan,False,22,0.11
TXN207707,,2025-01-26T05:40:00,ACC00415,ACC00313,2759.65,RTGS,Patna,Bihar,False,18,0.76
TXN207708,,2025-02-08T06:40:00,ACC00066,ACC00455,829.31,Card,Hyderabad,Telangana,False,19,1.96
TXN207709,,2025-02-17T13:07:00,ACC00008,ACC00078,2554.96,UPI,Jaipur,Rajasthan,False,3,0.71
TXN207710,,2025-01-02T03:41:00,ACC00227,ACC00041,998.89,Wallet,Lucknow,Uttar Pradesh,False,36,0.11
TXN207711,,2025-07-19T04:29:00,ACC00004,ACC00186,4955.34,IMPS,Patna,Bihar,False,19,0.28
TXN207712,,2025-08-16T12:47:00,ACC00493,ACC00067,16183.16,IMPS,Kanpur,Uttar Pradesh,False,35,0.95
TXN207713,,2025-01-05T22:02:00,ACC00338,ACC00473,1695.93,IMPS,Patna,Bihar,False,24,1.46
TXN207714,,2025-05-07T12:54:00,ACC00266,ACC00105,427.59,UPI,Bengaluru,Karnataka,False,8,0.19
TXN207715,,2025-07-24T17:32:00,ACC00173,ACC00409,4257.63,Wallet,Lucknow,Uttar Pradesh,False,15,1.19
TXN207716,,2025-06-03T03:05:00,ACC00394,ACC00119,1090.23,RTGS,Lucknow,Uttar Pradesh,False,17,1.48
TXN207717,,2025-01-22T14:40:00,ACC00321,ACC00253,3221.63,Card,Patna,Bihar,False,21,0.95
TXN207718,,2025-09-16T01:39:00,ACC00134,ACC00042,570.75,RTGS,Kanpur,Uttar Pradesh,False,34,0.6
TXN207719,,2025-01-05T17:35:00,ACC00254,ACC00174,2184.29,Card,Hyderabad,Telangana,False,25,0.37
TXN207720,,2025-04-29T19:43:00,ACC00227,ACC00031,4425.45,RTGS,Jaipur,Rajasthan,False,11,1.49
TXN207721,,2025-06-11T03:23:00,ACC00262,ACC00233,4860.49,RTGS,Lucknow,Uttar Pradesh,False,33,1.66
TXN207722,,2025-02-24T03:07:00,ACC00465,ACC00071,2012.85,NEFT,Mumbai,Maharashtra,False,25,1.41
TXN207723,,2025-01-06T10:41:00,ACC00428,ACC00227,1556.3,UPI,Patna,Bihar,False,22,1.59
TXN207724,,2025-08-19T00:49:00,ACC00417,ACC00352,2741.39,Wallet,Mumbai,Maharashtra,False,28,0.29
TXN207725,,2025-06-07T17:31:00,ACC00470,ACC00461,4129.21,RTGS,Lucknow,Uttar Pradesh,False,26,1.73
TXN207726,,2025-06-30T11:19:00,ACC00476,ACC00321,1931.25,Card,Jaipur,Rajasthan,False,26,0.9
TXN207727,,2025-08-01T18:44:00,ACC00015,ACC00041,6914.64,NEFT,Bengaluru,Karnataka,False,21,1.1
TXN207728,,2025-02-22T14:50:00,ACC00418,ACC00200,2332.73,NEFT,Bengaluru,Karnataka,False,34,0.48
TXN207729,,2025-07-31T15:37:00,ACC00450,ACC00394,2411.96,Card,Lucknow,Uttar Pradesh,False,45,1.59
TXN207730,,2025-08-17T11:50:00,ACC00241,ACC00263,440.45,IMPS,Mumbai,Maharashtra,False,18,0.77
TXN207731,,2025-06-13T16:27:00,ACC00005,ACC00452,2500.91,NEFT,Mumbai,Maharashtra,False,22,0.36
TXN207732,,2025-03-27T20:24:00,ACC00362,ACC00340,6338.92,Wallet,Bengaluru,Karnataka,False,23,1.29
TXN207733,,2025-07-16T20:59:00,ACC00271,ACC00333,1032.86,IMPS,Bengaluru,Karnataka,False,23,0.88
TXN207734,,2025-01-18T00:45:00,ACC00023,ACC00008,4478.46,Wallet,Delhi,Delhi,False,14,1.01
TXN207735,,2025-08-10T11:48:00,ACC00056,ACC00213,6559.33,IMPS,Lucknow,Uttar Pradesh,False,19,0.15
TXN207736,,2025-06-19T04:46:00,ACC00078,ACC00346,2875.77,IMPS,Kanpur,Uttar Pradesh,False,31,0.66
TXN207737,,2025-01-27T18:43:00,ACC00274,ACC00227,1717.69,RTGS,Bengaluru,Karnataka,False,30,1.2
TXN207738,,2025-01-31T23:46:00,ACC00125,ACC00192,1806.33,IMPS,Patna,Bihar,False,14,1.72
TXN207739,,2025-01-07T12:39:00,ACC00258,ACC00151,259.0,IMPS,Mumbai,Maharashtra,False,18,1.14
TXN207740,,2025-05-29T17:46:00,ACC00250,ACC00488,3587.14,Card,Kanpur,Uttar Pradesh,False,16,1.26
TXN207741,,2025-02-05T05:13:00,ACC00111,ACC00424,1305.64,Wallet,Jaipur,Rajasthan,False,14,0.72
TXN207742,,2025-06-09T13:15:00,ACC00197,ACC00465,3880.46,Card,Mumbai,Maharashtra,False,9,0.39
TXN207743,,2025-06-12T18:55:00,ACC00128,ACC00223,633.3,IMPS,Jaipur,Rajasthan,False,1,1.99
TXN207744,,2025-03-15T05:01:00,ACC00122,ACC00265,4239.39,UPI,Patna,Bihar,False,6,1.16
TXN207745,,2025-02-15T20:48:00,ACC00124,ACC00164,1341.73,IMPS,Mumbai,Maharashtra,False,23,0.6
TXN207746,,2025-04-11T00:12:00,ACC00267,ACC00149,1471.85,UPI,Hyderabad,Telangana,False,35,1.47
TXN207747,,2025-05-29T08:25:00,ACC00462,ACC00145,1989.98,NEFT,Jaipur,Rajasthan,False,16,0.23
TXN207748,,2025-09-10T05:54:00,ACC00266,ACC00373,2688.63,Card,Lucknow,Uttar Pradesh,False,18,1.67
TXN207749,,2025-04-15T16:52:00,ACC00011,ACC00400,7775.17,NEFT,Lucknow,Uttar Pradesh,False,14,1.1
TXN207750,,2025-05-25T04:32:00,ACC00239,ACC00177,16824.82,IMPS,Kanpur,Uttar Pradesh,False,14,0.21
TXN207751,,2025-08-24T09:56:00,ACC00084,ACC00274,211.27,Card,Kanpur,Uttar Pradesh,False,9,0.92
TXN207752,,2025-08-15T10:15:00,ACC00136,ACC00140,3404.1,Wallet,Mumbai,Maharashtra,False,17,1.87
TXN207753,,2025-07-22T13:20:00,ACC00290,ACC00016,318.48,NEFT,Delhi,Delhi,False,10,1.36
TXN207754,,2025-05-12T04:51:00,ACC00167,ACC00264,541.66,IMPS,Lucknow,Uttar Pradesh,False,24,0.34
TXN207755,,2025-08-31T14:04:00,ACC00081,ACC00348,3158.05,Wallet,Delhi,Delhi,False,42,0.9
TXN207756,,2025-03-23T12:34:00,ACC00400,ACC00146,364.32,IMPS,Jaipur,Rajasthan,False,53,1.59
TXN207757,,2025-01-14T09:20:00,ACC00062,ACC00110,1111.85,NEFT,Bengaluru,Karnataka,False,32,1.85
TXN207758,,2025-09-12T03:02:00,ACC00473,ACC00452,908.47,NEFT,Kanpur,Uttar Pradesh,False,4,0.73
TXN207759,,2025-01-04T11:14:00,ACC00076,ACC00490,1548.0,UPI,Hyderabad,Telangana,False,31,1.12
TXN207760,,2025-03-07T01:27:00,ACC00156,ACC00270,2770.54,RTGS,Hyderabad,Telangana,False,28,0.27
TXN207761,,2025-09-13T04:55:00,ACC00039,ACC00487,1798.94,NEFT,Jaipur,Rajasthan,False,14,0.39
TXN207762,,2025-07-30T18:35:00,ACC00354,ACC00086,215.86,UPI,Patna,Bihar,False,18,1.85
TXN207763,,2025-01-05T05:40:00,ACC00321,ACC00008,5509.04,IMPS,Mumbai,Maharashtra,False,3,1.26
TXN207764,,2025-02-04T05:11:00,ACC00090,ACC00363,1824.95,RTGS,Mumbai,Maharashtra,False,24,0.59
TXN207765,,2025-05-24T00:30:00,ACC00242,ACC00309,3672.84,IMPS,Lucknow,Uttar Pradesh,False,40,1.66
TXN207766,,2025-01-18T19:33:00,ACC00030,ACC00001,4294.52,Card,Delhi,Delhi,False,20,1.68
TXN207767,,2025-04-13T01:45:00,ACC00481,ACC00310,5028.79,IMPS,Delhi,Delhi,False,35,0.47
TXN207768,,2025-03-13T03:13:00,ACC00443,ACC00442,2361.19,Wallet,Jaipur,Rajasthan,False,13,0.81
TXN207769,,2025-02-23T00:32:00,ACC00056,ACC00085,4710.92,RTGS,Patna,Bihar,False,3,1.29
TXN207770,,2025-05-16T16:48:00,ACC00221,ACC00261,1177.87,IMPS,Lucknow,Uttar Pradesh,False,5,0.57
TXN207771,,2025-09-14T17:34:00,ACC00047,ACC00498,3503.04,UPI,Hyderabad,Telangana,False,23,1.25
TXN207772,,2025-07-28T17:41:00,ACC00323,ACC00081,541.22,UPI,Jaipur,Rajasthan,False,8,1.58
TXN207773,,2025-05-21T06:41:00,ACC00121,ACC00248,538.96,IMPS,Lucknow,Uttar Pradesh,False,19,0.31
TXN207774,,2025-07-17T17:59:00,ACC00260,ACC00410,1800.01,Wallet,Patna,Bihar,False,26,1.15
TXN207775,,2025-07-01T01:33:00,ACC00356,ACC00014,7132.57,NEFT,Patna,Bihar,False,32,1.77
TXN207776,,2025-04-11T00:40:00,ACC00404,ACC00328,8920.41,Card,Delhi,Delhi,False,22,1.81
TXN207777,,2025-04-12T13:16:00,ACC00256,ACC00197,6674.96,RTGS,Bengaluru,Karnataka,False,27,1.77
TXN207778,,2025-09-11T12:30:00,ACC00454,ACC00093,5264.99,Card,Lucknow,Uttar Pradesh,False,11,0.11
TXN207779,,2025-01-31T06:07:00,ACC00067,ACC00077,1548.87,Wallet,Lucknow,Uttar Pradesh,False,7,0.82
TXN207780,,2025-03-23T06:38:00,ACC00481,ACC00491,1683.19,Wallet,Lucknow,Uttar Pradesh,False,17,0.79
TXN207781,,2025-05-25T02:19:00,ACC00155,ACC00122,744.75,UPI,Kanpur,Uttar Pradesh,False,19,1.09
TXN207782,,2025-08-15T23:56:00,ACC00491,ACC00486,971.01,Card,Delhi,Delhi,False,44,0.28
TXN207783,,2025-09-11T21:19:00,ACC00034,ACC00125,588.82,RTGS,Bengaluru,Karnataka,False,5,1.17
TXN207784,,2025-05-29T17:18:00,ACC00407,ACC00176,607.39,Card,Delhi,Delhi,False,28,1.02
TXN207785,,2025-05-26T10:15:00,ACC00375,ACC00404,386.55,IMPS,Lucknow,Uttar Pradesh,False,18,1.52
TXN207786,,2025-09-02T17:20:00,ACC00243,ACC00009,294.02,Card,Delhi,Delhi,False,1,0.84
TXN207787,,2025-01-30T08:02:00,ACC00297,ACC00080,5410.65,IMPS,Delhi,Delhi,False,43,1.73
TXN207788,,2025-02-17T08:32:00,ACC00308,ACC00095,613.69,Wallet,Hyderabad,Telangana,False,8,1.87
TXN207789,,2025-01-15T02:20:00,ACC00462,ACC00374,793.85,RTGS,Jaipur,Rajasthan,False,32,1.21
TXN207790,,2025-05-21T11:46:00,ACC00145,ACC00370,7195.15,RTGS,Jaipur,Rajasthan,False,20,0.24
TXN207791,,2025-02-04T03:15:00,ACC00077,ACC00315,6226.94,Wallet,Lucknow,Uttar Pradesh,False,21,1.07
TXN207792,,2025-05-10T23:28:00,ACC00279,ACC00421,1602.4,UPI,Patna,Bihar,False,15,1.49
TXN207793,,2025-02-04T16:33:00,ACC00271,ACC00304,6087.73,Wallet,Mumbai,Maharashtra,False,29,0.87
TXN207794,,2025-04-15T22:53:00,ACC00294,ACC00345,2515.27,IMPS,Lucknow,Uttar Pradesh,False,34,0.25
TXN207795,,2025-02-22T01:23:00,ACC00106,ACC00345,2808.62,IMPS,Hyderabad,Telangana,False,9,0.25
TXN207796,,2025-02-28T11:00:00,ACC00180,ACC00021,894.91,UPI,Delhi,Delhi,False,14,0.26
TXN207797,,2025-08-07T14:40:00,ACC00444,ACC00442,3141.92,NEFT,Hyderabad,Telangana,False,29,1.66
TXN207798,,2025-02-11T07:34:00,ACC00179,ACC00423,5145.75,IMPS,Hyderabad,Telangana,False,19,1.09
TXN207799,,2025-04-26T05:33:00,ACC00207,ACC00280,661.57,Card,Kanpur,Uttar Pradesh,False,25,0.48
TXN207800,,2025-04-18T09:56:00,ACC00109,ACC00338,431.06,Wallet,Bengaluru,Karnataka,False,26,0.45
TXN207801,,2025-04-22T03:24:00,ACC00472,ACC00470,4810.11,RTGS,Lucknow,Uttar Pradesh,False,6,1.46
TXN207802,,2025-01-23T17:25:00,ACC00091,ACC00373,11866.9,IMPS,Lucknow,Uttar Pradesh,False,9,0.24
TXN207803,,2025-05-28T03:51:00,ACC00493,ACC00304,4800.74,Wallet,Hyderabad,Telangana,False,19,0.8
TXN207804,,2025-02-25T04:30:00,ACC00087,ACC00052,695.09,Wallet,Jaipur,Rajasthan,False,26,0.3
TXN207805,,2025-02-10T11:20:00,ACC00152,ACC00428,6411.45,NEFT,Jaipur,Rajasthan,False,33,1.36
TXN207806,,2025-01-05T05:50:00,ACC00245,ACC00411,385.23,Wallet,Bengaluru,Karnataka,False,13,1.52
TXN207807,,2025-06-12T06:00:00,ACC00310,ACC00336,1429.56,UPI,Kanpur,Uttar Pradesh,False,20,1.43
TXN207808,,2025-06-05T12:20:00,ACC00298,ACC00346,4612.07,NEFT,Lucknow,Uttar Pradesh,False,14,1.65
TXN207809,,2025-08-21T17:22:00,ACC00083,ACC00322,428.91,Card,Patna,Bihar,False,14,0.71
TXN207810,,2025-06-14T22:57:00,ACC00330,ACC00290,3441.55,UPI,Jaipur,Rajasthan,False,26,1.19
TXN207811,,2025-08-14T23:15:00,ACC00490,ACC00351,4105.13,UPI,Delhi,Delhi,False,20,0.14
TXN207812,,2025-09-06T11:39:00,ACC00317,ACC00255,1235.2,NEFT,Patna,Bihar,False,19,1.7
TXN207813,,2025-05-14T10:27:00,ACC00123,ACC00279,8775.94,RTGS,Jaipur,Rajasthan,False,16,0.58
TXN207814,,2025-08-24T08:38:00,ACC00020,ACC00305,2806.59,IMPS,Kanpur,Uttar Pradesh,False,23,0.15
TXN207815,,2025-02-17T11:58:00,ACC00227,ACC00074,999.62,UPI,Lucknow,Uttar Pradesh,False,11,0.49
TXN207816,,2025-05-25T08:46:00,ACC00069,ACC00420,1260.57,RTGS,Hyderabad,Telangana,False,9,0.79
TXN207817,,2025-04-25T18:18:00,ACC00207,ACC00401,5072.14,IMPS,Lucknow,Uttar Pradesh,False,22,0.95
TXN207818,,2025-07-28T14:23:00,ACC00468,ACC00116,401.98,IMPS,Jaipur,Rajasthan,False,16,0.9
TXN207819,,2025-09-03T18:31:00,ACC00370,ACC00027,1060.04,NEFT,Patna,Bihar,False,21,0.27
TXN207820,,2025-08-07T11:09:00,ACC00269,ACC00488,3400.86,IMPS,Bengaluru,Karnataka,False,19,1.67
TXN207821,,2025-04-09T23:33:00,ACC00494,ACC00340,1123.15,RTGS,Hyderabad,Telangana,False,34,0.67
TXN207822,,2025-08-17T21:04:00,ACC00346,ACC00006,1121.84,IMPS,Lucknow,Uttar Pradesh,False,21,0.85
TXN207823,,2025-08-10T22:13:00,ACC00446,ACC00202,2797.41,UPI,Patna,Bihar,False,46,0.54
TXN207824,,2025-07-28T09:37:00,ACC00353,ACC00452,1765.02,Wallet,Hyderabad,Telangana,False,25,0.5
TXN207825,,2025-08-22T15:43:00,ACC00155,ACC00403,8194.97,IMPS,Patna,Bihar,False,20,0.13
TXN207826,,2025-06-04T21:49:00,ACC00155,ACC00290,2797.26,NEFT,Hyderabad,Telangana,False,10,1.36
TXN207827,,2025-09-08T01:53:00,ACC00444,ACC00178,1717.22,UPI,Delhi,Delhi,False,19,0.42
TXN207828,,2025-02-16T06:52:00,ACC00173,ACC00234,6884.2,RTGS,Lucknow,Uttar Pradesh,False,2,1.99
TXN207829,,2025-08-16T11:30:00,ACC00170,ACC00088,8185.44,NEFT,Kanpur,Uttar Pradesh,False,25,0.69
TXN207830,,2025-06-05T02:12:00,ACC00272,ACC00264,901.11,UPI,Lucknow,Uttar Pradesh,False,28,1.22
TXN207831,,2025-06-20T16:35:00,ACC00275,ACC00251,619.46,Wallet,Lucknow,Uttar Pradesh,False,25,0.92
TXN207832,,2025-02-05T06:44:00,ACC00359,ACC00481,923.62,RTGS,Lucknow,Uttar Pradesh,False,25,1.16
TXN207833,,2025-08-09T22:07:00,ACC00440,ACC00388,1639.38,Wallet,Bengaluru,Karnataka,False,20,1.32
TXN207834,,2025-07-19T01:33:00,ACC00390,ACC00033,398.73,Card,Patna,Bihar,False,33,1.74
TXN207835,,2025-06-30T20:20:00,ACC00423,ACC00334,4109.04,IMPS,Hyderabad,Telangana,False,20,0.27
TXN207836,,2025-05-23T22:37:00,ACC00169,ACC00258,169.35,Card,Delhi,Delhi,False,21,0.18
TXN207837,,2025-05-25T07:41:00,ACC00300,ACC00209,5358.1,UPI,Bengaluru,Karnataka,False,8,1.32
TXN207838,,2025-06-26T06:24:00,ACC00008,ACC00006,3048.53,NEFT,Bengaluru,Karnataka,False,35,1.41
TXN207839,,2025-01-06T03:00:00,ACC00369,ACC00212,3949.35,RTGS,Lucknow,Uttar Pradesh,False,30,1.7
TXN207840,,2025-01-17T18:27:00,ACC00114,ACC00115,1227.53,Wallet,Delhi,Delhi,False,27,0.26
TXN207841,,2025-01-21T08:24:00,ACC00249,ACC00214,1716.07,NEFT,Mumbai,Maharashtra,False,17,1.08
TXN207842,,2025-07-29T17:14:00,ACC00414,ACC00257,3637.4,Wallet,Bengaluru,Karnataka,False,9,0.68
TXN207843,,2025-06-30T13:30:00,ACC00109,ACC00351,1040.73,RTGS,Kanpur,Uttar Pradesh,False,19,0.39
TXN207844,,2025-01-25T22:53:00,ACC00154,ACC00324,19703.38,Wallet,Patna,Bihar,False,26,1.69
TXN207845,,2025-08-31T19:45:00,ACC00260,ACC00238,701.99,Card,Patna,Bihar,False,19,0.64
TXN207846,,2025-01-24T05:53:00,ACC00178,ACC00362,1076.14,Wallet,Hyderabad,Telangana,False,1,1.32
TXN207847,,2025-08-30T04:37:00,ACC00454,ACC00199,1643.34,NEFT,Delhi,Delhi,False,1,1.03
TXN207848,,2025-07-03T20:48:00,ACC00367,ACC00410,3809.5,Card,Mumbai,Maharashtra,False,18,1.13
TXN207849,,2025-08-28T12:45:00,ACC00174,ACC00272,547.07,IMPS,Hyderabad,Telangana,False,10,0.92
TXN207850,,2025-06-19T02:15:00,ACC00498,ACC00267,2341.56,RTGS,Patna,Bihar,False,13,1.2
TXN207851,,2025-08-25T03:38:00,ACC00128,ACC00102,9138.77,IMPS,Mumbai,Maharashtra,False,27,0.42
TXN207852,,2025-04-12T22:14:00,ACC00227,ACC00119,1863.0,IMPS,Bengaluru,Karnataka,False,39,1.42
TXN207853,,2025-05-31T18:50:00,ACC00059,ACC00088,4785.65,NEFT,Lucknow,Uttar Pradesh,False,26,0.62
TXN207854,,2025-06-06T00:55:00,ACC00290,ACC00295,4566.07,RTGS,Hyderabad,Telangana,False,22,1.57
TXN207855,,2025-04-04T17:39:00,ACC00331,ACC00036,1190.95,UPI,Mumbai,Maharashtra,False,13,1.09
TXN207856,,2025-09-09T00:05:00,ACC00284,ACC00140,2211.33,RTGS,Jaipur,Rajasthan,False,4,1.89
TXN207857,,2025-06-15T16:08:00,ACC00365,ACC00388,2838.13,RTGS,Lucknow,Uttar Pradesh,False,5,1.49
TXN207858,,2025-05-29T04:16:00,ACC00022,ACC00234,7637.35,UPI,Mumbai,Maharashtra,False,28,0.57
TXN207859,,2025-03-13T03:30:00,ACC00495,ACC00041,752.97,Wallet,Lucknow,Uttar Pradesh,False,25,0.31
TXN207860,,2025-08-25T02:45:00,ACC00272,ACC00135,1538.35,Card,Patna,Bihar,False,11,0.12
TXN207861,,2025-08-06T05:10:00,ACC00320,ACC00122,5268.1,RTGS,Delhi,Delhi,False,14,1.04
TXN207862,,2025-05-05T06:30:00,ACC00035,ACC00192,753.39,IMPS,Mumbai,Maharashtra,False,8,0.18
TXN207863,,2025-08-28T20:04:00,ACC00349,ACC00369,522.8,Wallet,Kanpur,Uttar Pradesh,False,30,1.41
TXN207864,,2025-02-13T15:56:00,ACC00494,ACC00241,3222.82,Card,Lucknow,Uttar Pradesh,False,16,0.29
TXN207865,,2025-07-04T21:25:00,ACC00398,ACC00385,1080.76,Card,Bengaluru,Karnataka,False,24,1.41
TXN207866,,2025-07-05T14:43:00,ACC00313,ACC00142,130.1,NEFT,Mumbai,Maharashtra,False,26,1.11
TXN207867,,2025-01-05T13:26:00,ACC00342,ACC00300,465.28,Wallet,Jaipur,Rajasthan,False,10,1.66
TXN207868,,2025-03-28T10:20:00,ACC00024,ACC00382,929.84,NEFT,Kanpur,Uttar Pradesh,False,27,1.66
TXN207869,,2025-08-30T09:06:00,ACC00255,ACC00179,705.18,UPI,Mumbai,Maharashtra,False,25,0.15
TXN207870,,2025-02-08T14:19:00,ACC00181,ACC00009,4224.05,NEFT,Mumbai,Maharashtra,False,14,1.67
TXN207871,,2025-02-22T23:56:00,ACC00228,ACC00374,973.09,Wallet,Patna,Bihar,False,26,0.54
TXN207872,,2025-01-22T02:56:00,ACC00197,ACC00470,3988.63,UPI,Bengaluru,Karnataka,False,31,0.66
TXN207873,,2025-01-16T15:36:00,ACC00044,ACC00336,979.91,IMPS,Hyderabad,Telangana,False,11,0.53
TXN207874,,2025-05-12T03:47:00,ACC00139,ACC00253,1057.51,NEFT,Lucknow,Uttar Pradesh,False,10,1.69
TXN207875,,2025-05-19T09:14:00,ACC00215,ACC00082,580.47,UPI,Delhi,Delhi,False,32,1.94
TXN207876,,2025-05-30T22:57:00,ACC00067,ACC00372,793.58,UPI,Mumbai,Maharashtra,False,10,1.51
TXN207877,,2025-08-11T21:51:00,ACC00294,ACC00447,971.8,Card,Delhi,Delhi,False,11,1.68
TXN207878,,2025-05-12T21:58:00,ACC00071,ACC00234,5736.55,UPI,Bengaluru,Karnataka,False,1,0.36
TXN207879,,2025-06-26T15:13:00,ACC00442,ACC00393,1671.89,Card,Lucknow,Uttar Pradesh,False,12,1.16
TXN207880,,2025-07-23T23:48:00,ACC00296,ACC00143,1099.62,UPI,Kanpur,Uttar Pradesh,False,21,0.42
TXN207881,,2025-03-31T05:06:00,ACC00332,ACC00076,1418.03,UPI,Delhi,Delhi,False,9,1.1
TXN207882,,2025-09-16T07:52:00,ACC00025,ACC00152,3510.1,Wallet,Mumbai,Maharashtra,False,35,0.7
TXN207883,,2025-08-16T07:46:00,ACC00475,ACC00261,1108.36,Card,Mumbai,Maharashtra,False,16,0.33
TXN207884,,2025-06-13T17:46:00,ACC00054,ACC00255,1489.31,RTGS,Hyderabad,Telangana,False,11,0.92
TXN207885,,2025-05-09T12:05:00,ACC00309,ACC00386,1409.47,Wallet,Bengaluru,Karnataka,False,8,1.15
TXN207886,,2025-01-01T19:30:00,ACC00248,ACC00132,4362.88,UPI,Bengaluru,Karnataka,False,15,1.66
TXN207887,,2025-08-10T22:24:00,ACC00234,ACC00140,661.9,NEFT,Delhi,Delhi,False,11,0.13
TXN207888,,2025-07-24T17:55:00,ACC00201,ACC00486,1394.13,UPI,Delhi,Delhi,False,5,1.53
TXN207889,,2025-03-10T08:39:00,ACC00156,ACC00083,331.93,Wallet,Delhi,Delhi,False,18,1.97
TXN207890,,2025-07-25T09:10:00,ACC00259,ACC00104,1326.42,NEFT,Delhi,Delhi,False,29,1.9
TXN207891,,2025-07-31T00:13:00,ACC00457,ACC00460,1169.25,IMPS,Mumbai,Maharashtra,False,18,0.87
TXN207892,,2025-05-01T21:43:00,ACC00261,ACC00425,298.02,UPI,Hyderabad,Telangana,False,23,0.45
TXN207893,,2025-04-06T01:29:00,ACC00047,ACC00400,2195.43,RTGS,Lucknow,Uttar Pradesh,False,22,0.4
TXN207894,,2025-03-15T21:32:00,ACC00258,ACC00259,751.86,Card,Lucknow,Uttar Pradesh,False,17,0.41
TXN207895,,2025-08-14T22:46:00,ACC00357,ACC00284,3063.85,Card,Lucknow,Uttar Pradesh,False,21,1.97
TXN207896,,2025-02-02T04:00:00,ACC00393,ACC00481,3289.27,NEFT,Lucknow,Uttar Pradesh,False,24,0.23
TXN207897,,2025-02-26T13:28:00,ACC00013,ACC00062,922.74,Card,Hyderabad,Telangana,False,22,1.47
TXN207898,,2025-05-29T21:54:00,ACC00151,ACC00251,4417.06,RTGS,Hyderabad,Telangana,False,23,0.66
TXN207899,,2025-01-20T04:33:00,ACC00369,ACC00208,1373.62,UPI,Lucknow,Uttar Pradesh,False,33,0.88
TXN207900,,2025-01-24T11:27:00,ACC00201,ACC00153,710.46,NEFT,Jaipur,Rajasthan,False,30,1.64
TXN207901,,2025-03-04T09:26:00,ACC00490,ACC00066,7698.86,Card,Kanpur,Uttar Pradesh,False,46,0.44
TXN207902,,2025-06-14T21:01:00,ACC00261,ACC00342,2394.83,IMPS,Mumbai,Maharashtra,False,34,0.22
TXN207903,,2025-05-29T00:31:00,ACC00334,ACC00267,320.57,RTGS,Hyderabad,Telangana,False,20,0.46
TXN207904,,2025-04-18T21:36:00,ACC00407,ACC00237,6074.92,UPI,Hyderabad,Telangana,False,37,0.24
TXN207905,,2025-06-16T00:42:00,ACC00471,ACC00237,13493.47,UPI,Bengaluru,Karnataka,False,25,1.11
TXN207906,,2025-04-12T02:02:00,ACC00209,ACC00039,492.3,Card,Kanpur,Uttar Pradesh,False,22,0.65
TXN207907,,2025-05-25T09:47:00,ACC00232,ACC00416,1013.54,RTGS,Hyderabad,Telangana,False,30,1.86
TXN207908,,2025-05-31T09:02:00,ACC00101,ACC00409,1898.11,IMPS,Bengaluru,Karnataka,False,24,1.12
TXN207909,,2025-09-13T05:56:00,ACC00411,ACC00154,740.19,RTGS,Bengaluru,Karnataka,False,15,0.71
TXN207910,,2025-07-06T03:16:00,ACC00301,ACC00482,143.22,Wallet,Kanpur,Uttar Pradesh,False,43,0.67
TXN207911,,2025-05-20T10:27:00,ACC00145,ACC00195,4980.55,RTGS,Patna,Bihar,False,13,1.45
TXN207912,,2025-04-26T16:41:00,ACC00093,ACC00253,737.4,UPI,Lucknow,Uttar Pradesh,False,22,0.26
TXN207913,,2025-03-09T23:07:00,ACC00026,ACC00297,1273.75,UPI,Bengaluru,Karnataka,False,31,1.93
TXN207914,,2025-06-19T04:15:00,ACC00185,ACC00318,4788.47,Card,Jaipur,Rajasthan,False,26,1.05
TXN207915,,2025-08-22T21:37:00,ACC00219,ACC00081,3579.43,UPI,Lucknow,Uttar Pradesh,False,28,0.6
TXN207916,,2025-08-19T04:24:00,ACC00278,ACC00350,6652.43,Card,Bengaluru,Karnataka,False,1,1.51
TXN207917,,2025-01-10T23:04:00,ACC00144,ACC00450,462.74,UPI,Delhi,Delhi,False,5,1.38
TXN207918,,2025-06-21T22:41:00,ACC00113,ACC00373,3121.27,Wallet,Patna,Bihar,False,19,0.41
TXN207919,,2025-09-12T15:12:00,ACC00429,ACC00270,2421.12,NEFT,Patna,Bihar,False,5,0.72
TXN207920,,2025-03-29T15:31:00,ACC00002,ACC00148,757.09,IMPS,Jaipur,Rajasthan,False,21,0.13
TXN207921,,2025-05-06T04:33:00,ACC00215,ACC00302,2278.82,UPI,Patna,Bihar,False,27,1.08
TXN207922,,2025-03-26T12:15:00,ACC00076,ACC00247,2834.69,UPI,Lucknow,Uttar Pradesh,False,14,1.28
TXN207923,,2025-05-06T19:25:00,ACC00243,ACC00325,2033.3,NEFT,Patna,Bihar,False,26,1.62
TXN207924,,2025-08-03T17:41:00,ACC00337,ACC00406,1826.19,NEFT,Patna,Bihar,False,6,1.08
TXN207925,,2025-05-19T12:37:00,ACC00496,ACC00425,2857.71,RTGS,Kanpur,Uttar Pradesh,False,19,0.49
TXN207926,,2025-06-28T04:41:00,ACC00360,ACC00229,694.74,Wallet,Delhi,Delhi,False,11,0.45
TXN207927,,2025-03-06T11:17:00,ACC00339,ACC00106,621.91,RTGS,Bengaluru,Karnataka,False,22,0.13
TXN207928,,2025-04-18T08:38:00,ACC00307,ACC00013,1188.1,UPI,Lucknow,Uttar Pradesh,False,28,0.12
TXN207929,,2025-03-30T23:07:00,ACC00127,ACC00071,1033.59,Card,Hyderabad,Telangana,False,34,0.84
TXN207930,,2025-09-13T08:55:00,ACC00102,ACC00485,1530.83,UPI,Hyderabad,Telangana,False,45,0.33
TXN207931,,2025-09-07T09:56:00,ACC00348,ACC00086,3391.0,IMPS,Hyderabad,Telangana,False,1,0.27
TXN207932,,2025-03-08T23:08:00,ACC00260,ACC00393,390.07,NEFT,Bengaluru,Karnataka,False,20,0.87
TXN207933,,2025-08-02T10:50:00,ACC00014,ACC00203,4771.11,UPI,Hyderabad,Telangana,False,9,1.98
TXN207934,,2025-01-02T22:17:00,ACC00370,ACC00152,2727.12,UPI,Delhi,Delhi,False,22,1.4
TXN207935,,2025-03-01T19:25:00,ACC00326,ACC00154,1127.56,Wallet,Patna,Bihar,False,27,1.26
TXN207936,,2025-05-27T18:13:00,ACC00026,ACC00126,1709.29,UPI,Kanpur,Uttar Pradesh,False,31,0.99
TXN207937,,2025-05-01T03:23:00,ACC00415,ACC00112,1192.05,IMPS,Delhi,Delhi,False,1,0.62
TXN207938,,2025-04-06T16:03:00,ACC00237,ACC00246,6581.01,NEFT,Delhi,Delhi,False,9,1.31
TXN207939,,2025-07-15T22:06:00,ACC00083,ACC00097,448.68,NEFT,Jaipur,Rajasthan,False,9,0.72
TXN207940,,2025-02-06T09:03:00,ACC00034,ACC00403,730.74,Card,Hyderabad,Telangana,False,39,1.08
TXN207941,,2025-01-14T13:28:00,ACC00243,ACC00216,2626.85,IMPS,Bengaluru,Karnataka,False,27,0.58
TXN207942,,2025-02-09T07:53:00,ACC00440,ACC00438,927.48,Wallet,Kanpur,Uttar Pradesh,False,15,1.31
TXN207943,,2025-01-19T15:43:00,ACC00439,ACC00389,2078.56,RTGS,Patna,Bihar,False,7,1.91
TXN207944,,2025-01-26T07:49:00,ACC00459,ACC00073,882.28,NEFT,Jaipur,Rajasthan,False,1,0.63
TXN207945,,2025-03-02T14:42:00,ACC00081,ACC00182,5443.99,IMPS,Delhi,Delhi,False,31,0.71
TXN207946,,2025-01-31T18:34:00,ACC00345,ACC00497,332.29,RTGS,Lucknow,Uttar Pradesh,False,48,1.93
TXN207947,,2025-04-11T22:57:00,ACC00019,ACC00208,1164.23,RTGS,Bengaluru,Karnataka,False,25,0.35
TXN207948,,2025-07-25T22:48:00,ACC00284,ACC00224,5359.56,UPI,Lucknow,Uttar Pradesh,False,29,1.04
TXN207949,,2025-08-08T16:28:00,ACC00259,ACC00416,880.67,RTGS,Mumbai,Maharashtra,False,1,1.71
TXN207950,,2025-06-26T01:39:00,ACC00296,ACC00420,5723.05,Card,Jaipur,Rajasthan,False,13,1.05
TXN207951,,2025-04-15T08:24:00,ACC00209,ACC00468,2972.39,Card,Delhi,Delhi,False,19,0.74
TXN207952,,2025-07-27T01:23:00,ACC00090,ACC00478,16159.81,Wallet,Hyderabad,Telangana,False,16,0.96
TXN207953,,2025-01-28T09:38:00,ACC00431,ACC00025,2270.19,Card,Bengaluru,Karnataka,False,32,1.58
TXN207954,,2025-01-13T13:31:00,ACC00153,ACC00332,3296.55,IMPS,Kanpur,Uttar Pradesh,False,22,0.96
TXN207955,,2025-04-21T13:17:00,ACC00490,ACC00318,2934.57,RTGS,Mumbai,Maharashtra,False,40,0.91
TXN207956,,2025-02-26T07:59:00,ACC00239,ACC00359,741.89,Card,Mumbai,Maharashtra,False,12,0.63
TXN207957,,2025-01-25T09:35:00,ACC00075,ACC00070,1552.34,IMPS,Jaipur,Rajasthan,False,23,0.85
TXN207958,,2025-05-11T02:37:00,ACC00033,ACC00369,1230.24,Card,Jaipur,Rajasthan,False,9,0.29
TXN207959,,2025-05-26T09:14:00,ACC00096,ACC00438,1569.65,IMPS,Mumbai,Maharashtra,False,38,1.85
TXN207960,,2025-07-30T07:16:00,ACC00043,ACC00345,490.89,RTGS,Patna,Bihar,False,18,1.07
TXN207961,,2025-04-08T10:16:00,ACC00383,ACC00332,660.58,RTGS,Delhi,Delhi,False,29,0.3
TXN207962,,2025-09-01T05:48:00,ACC00233,ACC00459,1377.51,UPI,Bengaluru,Karnataka,False,33,0.67
TXN207963,,2025-03-17T01:48:00,ACC00240,ACC00395,604.68,IMPS,Delhi,Delhi,False,36,1.49
TXN207964,,2025-03-26T14:42:00,ACC00058,ACC00491,112.76,Card,Patna,Bihar,False,41,1.79
TXN207965,,2025-04-08T01:58:00,ACC00325,ACC00079,6747.68,UPI,Patna,Bihar,False,22,0.91
TXN207966,,2025-05-08T14:54:00,ACC00103,ACC00287,3048.98,NEFT,Delhi,Delhi,False,19,1.16
TXN207967,,2025-08-20T16:31:00,ACC00344,ACC00046,2085.53,IMPS,Jaipur,Rajasthan,False,10,0.34
TXN207968,,2025-01-22T13:18:00,ACC00336,ACC00411,243.9,IMPS,Delhi,Delhi,False,1,0.59
TXN207969,,2025-05-16T20:18:00,ACC00050,ACC00467,380.14,UPI,Patna,Bihar,False,21,1.58
TXN207970,,2025-06-10T10:19:00,ACC00169,ACC00273,5058.36,UPI,Patna,Bihar,False,18,1.46
TXN207971,,2025-07-05T18:40:00,ACC00457,ACC00015,427.38,Wallet,Bengaluru,Karnataka,False,14,0.57
TXN207972,,2025-08-28T03:05:00,ACC00078,ACC00048,762.57,NEFT,Kanpur,Uttar Pradesh,False,13,1.91
TXN207973,,2025-08-03T04:06:00,ACC00301,ACC00254,1220.08,Card,Bengaluru,Karnataka,False,17,0.19
TXN207974,,2025-05-09T01:30:00,ACC00019,ACC00403,466.12,Wallet,Hyderabad,Telangana,False,26,0.94
TXN207975,,2025-03-01T05:03:00,ACC00107,ACC00152,2124.95,NEFT,Jaipur,Rajasthan,False,1,0.84
TXN207976,,2025-07-21T14:34:00,ACC00284,ACC00348,7225.92,UPI,Bengaluru,Karnataka,False,25,1.16
TXN207977,,2025-06-10T04:18:00,ACC00406,ACC00467,265.94,IMPS,Kanpur,Uttar Pradesh,False,34,1.5
TXN207978,,2025-02-16T15:45:00,ACC00438,ACC00167,949.2,Card,Delhi,Delhi,False,26,0.15
TXN207979,,2025-08-24T11:38:00,ACC00470,ACC00376,79.45,Card,Patna,Bihar,False,31,1.34
TXN207980,,2025-04-27T04:02:00,ACC00088,ACC00482,1030.18,Wallet,Mumbai,Maharashtra,False,22,1.14
TXN207981,,2025-01-12T00:16:00,ACC00285,ACC00264,1894.92,IMPS,Lucknow,Uttar Pradesh,False,20,1.01
TXN207982,,2025-08-16T03:08:00,ACC00268,ACC00112,5597.29,Wallet,Mumbai,Maharashtra,False,25,1.43
TXN207983,,2025-04-16T15:31:00,ACC00299,ACC00127,13646.55,UPI,Lucknow,Uttar Pradesh,False,14,1.15
TXN207984,,2025-04-11T12:17:00,ACC00441,ACC00141,1336.43,UPI,Lucknow,Uttar Pradesh,False,1,1.07
TXN207985,,2025-04-02T06:22:00,ACC00142,ACC00018,826.35,NEFT,Patna,Bihar,False,26,1.2
TXN207986,,2025-06-17T03:12:00,ACC00137,ACC00312,760.27,UPI,Hyderabad,Telangana,False,25,1.3
TXN207987,,2025-08-11T01:45:00,ACC00198,ACC00387,1626.34,NEFT,Kanpur,Uttar Pradesh,False,18,0.27
TXN207988,,2025-01-25T22:22:00,ACC00095,ACC00494,1776.2,RTGS,Delhi,Delhi,False,29,1.61
TXN207989,,2025-03-07T17:24:00,ACC00171,ACC00085,2988.37,UPI,Bengaluru,Karnataka,False,15,1.27
TXN207990,,2025-07-18T20:27:00,ACC00100,ACC00124,3836.26,RTGS,Mumbai,Maharashtra,False,25,1.14
TXN207991,,2025-02-13T00:52:00,ACC00435,ACC00491,1614.26,IMPS,Kanpur,Uttar Pradesh,False,30,0.44
TXN207992,,2025-07-06T10:04:00,ACC00440,ACC00097,3498.1,Card,Lucknow,Uttar Pradesh,False,23,1.94
TXN207993,,2025-08-27T09:46:00,ACC00491,ACC00448,1735.8,RTGS,Patna,Bihar,False,20,0.41
TXN207994,,2025-07-18T04:13:00,ACC00344,ACC00165,749.3,IMPS,Bengaluru,Karnataka,False,13,0.7
TXN207995,,2025-06-07T16:13:00,ACC00137,ACC00131,16063.05,NEFT,Kanpur,Uttar Pradesh,False,26,0.82
TXN207996,,2025-06-28T03:35:00,ACC00370,ACC00163,4778.13,Card,Hyderabad,Telangana,False,5,1.0
TXN207997,,2025-07-17T02:54:00,ACC00085,ACC00421,2718.82,IMPS,Patna,Bihar,False,9,0.38
TXN207998,,2025-01-04T09:52:00,ACC00038,ACC00061,1410.51,NEFT,Jaipur,Rajasthan,False,13,1.33
TXN207999,,2025-03-02T12:35:00,ACC00471,ACC00314,1795.06,UPI,Mumbai,Maharashtra,False,20,1.5
TXN208000,,2025-06-17T21:40:00,ACC00164,ACC00136,7720.99,Wallet,Mumbai,Maharashtra,False,19,0.22
TXN208001,,2025-06-08T00:06:00,ACC00049,ACC00171,718.0,UPI,Patna,Bihar,False,24,0.96
TXN208002,,2025-03-11T21:38:00,ACC00209,ACC00484,628.35,UPI,Patna,Bihar,False,15,0.22
TXN208003,,2025-08-11T19:33:00,ACC00020,ACC00247,6179.32,UPI,Hyderabad,Telangana,False,21,0.55
TXN208004,,2025-02-23T22:19:00,ACC00296,ACC00132,1395.37,RTGS,Bengaluru,Karnataka,False,24,0.23
TXN208005,,2025-06-20T17:26:00,ACC00024,ACC00114,261.95,IMPS,Bengaluru,Karnataka,False,22,1.68
TXN208006,,2025-03-14T03:19:00,ACC00311,ACC00234,1189.13,UPI,Patna,Bihar,False,23,0.6
TXN208007,,2025-06-05T14:01:00,ACC00411,ACC00222,4852.14,Card,Bengaluru,Karnataka,False,8,0.88
TXN208008,,2025-03-28T12:17:00,ACC00262,ACC00067,1391.58,RTGS,Delhi,Delhi,False,17,1.25
TXN208009,,2025-03-30T12:21:00,ACC00311,ACC00033,1051.39,Card,Patna,Bihar,False,30,1.45
TXN208010,,2025-03-17T20:08:00,ACC00240,ACC00107,12447.91,IMPS,Mumbai,Maharashtra,False,25,1.59
TXN208011,,2025-08-24T10:27:00,ACC00215,ACC00000,624.99,Wallet,Delhi,Delhi,False,20,1.86
TXN208012,,2025-03-08T06:17:00,ACC00465,ACC00392,1186.87,RTGS,Bengaluru,Karnataka,False,24,1.77
TXN208013,,2025-01-21T06:52:00,ACC00437,ACC00191,1881.7,NEFT,Mumbai,Maharashtra,False,14,0.99
TXN208014,,2025-03-31T09:13:00,ACC00003,ACC00060,3866.01,Wallet,Mumbai,Maharashtra,False,15,0.82
TXN208015,,2025-01-31T08:34:00,ACC00053,ACC00054,1588.48,RTGS,Patna,Bihar,False,27,1.83
TXN208016,,2025-06-05T19:45:00,ACC00012,ACC00332,547.7,UPI,Mumbai,Maharashtra,False,21,1.07
TXN208017,,2025-05-19T22:58:00,ACC00294,ACC00054,7615.11,Wallet,Bengaluru,Karnataka,False,8,1.02
TXN208018,,2025-01-04T02:56:00,ACC00336,ACC00398,503.69,NEFT,Jaipur,Rajasthan,False,11,0.18
TXN208019,,2025-08-27T22:31:00,ACC00032,ACC00040,1253.6,IMPS,Mumbai,Maharashtra,False,25,1.25
TXN208020,,2025-07-30T15:21:00,ACC00260,ACC00194,5014.37,Wallet,Patna,Bihar,False,18,0.92
TXN208021,,2025-04-14T14:59:00,ACC00489,ACC00231,5111.9,NEFT,Kanpur,Uttar Pradesh,False,40,1.88
TXN208022,,2025-05-09T21:50:00,ACC00450,ACC00366,373.99,NEFT,Bengaluru,Karnataka,False,38,1.39
TXN208023,,2025-02-10T08:12:00,ACC00010,ACC00071,454.65,RTGS,Patna,Bihar,False,1,1.5
TXN208024,,2025-04-05T19:26:00,ACC00492,ACC00460,3349.2,RTGS,Patna,Bihar,False,12,1.13
TXN208025,,2025-05-02T18:18:00,ACC00359,ACC00157,655.84,UPI,Delhi,Delhi,False,25,2.0
TXN208026,,2025-06-10T12:44:00,ACC00258,ACC00000,884.95,IMPS,Bengaluru,Karnataka,False,10,1.94
TXN208027,,2025-08-17T01:38:00,ACC00123,ACC00318,1062.53,NEFT,Lucknow,Uttar Pradesh,False,8,1.65
TXN208028,,2025-03-01T03:44:00,ACC00409,ACC00462,2463.87,Wallet,Lucknow,Uttar Pradesh,False,24,1.46
TXN208029,,2025-02-03T19:15:00,ACC00264,ACC00387,768.06,Card,Hyderabad,Telangana,False,24,1.85
TXN208030,,2025-04-12T05:52:00,ACC00143,ACC00030,1925.33,NEFT,Jaipur,Rajasthan,False,9,0.44
TXN208031,,2025-08-16T18:50:00,ACC00459,ACC00278,1698.56,Wallet,Lucknow,Uttar Pradesh,False,25,1.17
TXN208032,,2025-05-05T14:30:00,ACC00494,ACC00427,525.62,Card,Mumbai,Maharashtra,False,31,0.27
TXN208033,,2025-05-23T08:34:00,ACC00499,ACC00346,3158.42,Wallet,Hyderabad,Telangana,False,21,0.43
TXN208034,,2025-03-08T18:40:00,ACC00075,ACC00412,321.71,UPI,Mumbai,Maharashtra,False,11,0.35
TXN208035,,2025-02-06T23:52:00,ACC00072,ACC00282,64492.28,Wallet,Delhi,Delhi,False,35,1.66
TXN208036,,2025-07-06T15:37:00,ACC00452,ACC00177,695.17,UPI,Kanpur,Uttar Pradesh,False,22,0.92
TXN208037,,2025-05-21T00:03:00,ACC00088,ACC00299,2691.77,IMPS,Hyderabad,Telangana,False,29,0.52
TXN208038,,2025-06-13T10:01:00,ACC00186,ACC00159,1846.43,Card,Mumbai,Maharashtra,False,2,0.19
TXN208039,,2025-05-20T18:23:00,ACC00053,ACC00470,5483.06,Card,Patna,Bihar,False,23,1.63
TXN208040,,2025-08-24T16:34:00,ACC00471,ACC00111,4625.91,IMPS,Mumbai,Maharashtra,False,27,1.59
TXN208041,,2025-02-27T18:14:00,ACC00197,ACC00265,2654.35,Wallet,Kanpur,Uttar Pradesh,False,19,0.32
TXN208042,,2025-03-20T13:31:00,ACC00137,ACC00374,734.23,UPI,Mumbai,Maharashtra,False,27,1.39
TXN208043,,2025-09-16T18:14:00,ACC00418,ACC00263,660.19,NEFT,Hyderabad,Telangana,False,42,0.43
TXN208044,,2025-09-10T17:41:00,ACC00339,ACC00494,224.16,IMPS,Hyderabad,Telangana,False,32,1.44
TXN208045,,2025-09-15T00:30:00,ACC00096,ACC00069,37106.71,Wallet,Bengaluru,Karnataka,False,15,0.68
TXN208046,,2025-05-01T08:12:00,ACC00408,ACC00025,817.51,NEFT,Hyderabad,Telangana,False,31,1.93
TXN208047,,2025-07-12T21:34:00,ACC00036,ACC00396,4508.92,NEFT,Jaipur,Rajasthan,False,19,1.56
TXN208048,,2025-09-13T23:49:00,ACC00134,ACC00388,849.52,RTGS,Mumbai,Maharashtra,False,22,0.92
TXN208049,,2025-05-13T09:53:00,ACC00230,ACC00468,4450.87,Card,Kanpur,Uttar Pradesh,False,4,1.8
TXN208050,,2025-05-08T10:39:00,ACC00449,ACC00143,5487.74,UPI,Delhi,Delhi,False,30,0.96
TXN208051,,2025-01-14T21:16:00,ACC00345,ACC00445,429.42,IMPS,Patna,Bihar,False,26,0.89
TXN208052,,2025-05-03T04:46:00,ACC00093,ACC00072,4185.74,Card,Lucknow,Uttar Pradesh,False,21,1.17
TXN208053,,2025-06-30T10:38:00,ACC00211,ACC00463,4721.26,Wallet,Patna,Bihar,False,1,0.87
TXN208054,,2025-06-25T07:55:00,ACC00175,ACC00092,449.66,NEFT,Patna,Bihar,False,10,0.42
TXN208055,,2025-02-19T09:05:00,ACC00090,ACC00434,4443.8,Card,Patna,Bihar,False,11,0.32
TXN208056,,2025-05-06T04:13:00,ACC00153,ACC00152,1419.15,IMPS,Jaipur,Rajasthan,False,38,0.35
TXN208057,,2025-01-02T09:18:00,ACC00085,ACC00384,5872.29,NEFT,Mumbai,Maharashtra,False,28,0.25
TXN208058,,2025-01-13T22:35:00,ACC00205,ACC00206,5643.86,UPI,Lucknow,Uttar Pradesh,False,11,1.92
TXN208059,,2025-01-30T20:10:00,ACC00378,ACC00121,1241.75,NEFT,Patna,Bihar,False,36,0.97
TXN208060,,2025-08-03T19:38:00,ACC00089,ACC00227,4071.32,UPI,Mumbai,Maharashtra,False,37,0.24
TXN208061,,2025-01-23T05:20:00,ACC00395,ACC00093,3490.06,IMPS,Kanpur,Uttar Pradesh,False,17,0.85
TXN208062,,2025-04-27T16:17:00,ACC00426,ACC00386,362.17,IMPS,Hyderabad,Telangana,False,1,1.72
TXN208063,,2025-06-08T17:49:00,ACC00214,ACC00092,120.24,IMPS,Delhi,Delhi,False,19,0.48
TXN208064,,2025-07-02T23:28:00,ACC00120,ACC00054,1572.84,Card,Bengaluru,Karnataka,False,13,1.87
TXN208065,,2025-06-04T23:14:00,ACC00142,ACC00187,11158.39,RTGS,Hyderabad,Telangana,False,39,0.6
TXN208066,,2025-01-03T09:09:00,ACC00217,ACC00466,1454.39,Card,Jaipur,Rajasthan,False,26,1.18
TXN208067,,2025-01-26T16:49:00,ACC00490,ACC00070,1964.88,NEFT,Jaipur,Rajasthan,False,25,0.86
TXN208068,,2025-01-14T22:27:00,ACC00176,ACC00194,2654.77,UPI,Hyderabad,Telangana,False,19,0.23
TXN208069,,2025-08-13T04:55:00,ACC00168,ACC00103,1832.58,UPI,Hyderabad,Telangana,False,26,0.92
TXN208070,,2025-05-29T22:50:00,ACC00032,ACC00111,3783.54,Wallet,Kanpur,Uttar Pradesh,False,36,1.68
TXN208071,,2025-09-17T20:54:00,ACC00170,ACC00378,1214.08,Card,Kanpur,Uttar Pradesh,False,24,0.1
TXN208072,,2025-03-27T23:27:00,ACC00024,ACC00444,2397.72,UPI,Patna,Bihar,False,8,0.86
TXN208073,,2025-01-26T12:52:00,ACC00449,ACC00466,1376.92,IMPS,Hyderabad,Telangana,False,32,1.25
TXN208074,,2025-04-13T20:50:00,ACC00413,ACC00457,358.17,Card,Bengaluru,Karnataka,False,31,1.91
TXN208075,,2025-08-10T17:07:00,ACC00422,ACC00302,2462.12,NEFT,Delhi,Delhi,False,11,0.46
TXN208076,,2025-02-13T12:39:00,ACC00180,ACC00419,792.03,RTGS,Jaipur,Rajasthan,False,8,1.39
TXN208077,,2025-01-25T07:26:00,ACC00280,ACC00269,4259.55,UPI,Lucknow,Uttar Pradesh,False,5,1.06
TXN208078,,2025-02-17T20:11:00,ACC00109,ACC00089,3719.38,NEFT,Delhi,Delhi,False,24,1.73
TXN208079,,2025-04-25T03:24:00,ACC00116,ACC00362,327.29,UPI,Kanpur,Uttar Pradesh,False,29,1.89
TXN208080,,2025-07-25T13:55:00,ACC00452,ACC00375,1212.67,NEFT,Mumbai,Maharashtra,False,24,1.42
TXN208081,,2025-01-07T02:25:00,ACC00165,ACC00319,1519.89,IMPS,Bengaluru,Karnataka,False,19,1.86
TXN208082,,2025-05-30T21:39:00,ACC00453,ACC00124,3574.53,UPI,Bengaluru,Karnataka,False,16,1.72
TXN208083,,2025-08-04T01:39:00,ACC00314,ACC00105,4762.98,Card,Mumbai,Maharashtra,False,13,1.03
TXN208084,,2025-02-01T01:57:00,ACC00166,ACC00223,2188.7,NEFT,Lucknow,Uttar Pradesh,False,30,1.95
TXN208085,,2025-06-08T23:26:00,ACC00178,ACC00481,2960.53,RTGS,Bengaluru,Karnataka,False,33,0.74
TXN208086,,2025-06-27T05:08:00,ACC00101,ACC00461,1611.71,IMPS,Kanpur,Uttar Pradesh,False,15,1.05
TXN208087,,2025-08-04T04:46:00,ACC00449,ACC00172,1123.24,RTGS,Kanpur,Uttar Pradesh,False,23,0.96
TXN208088,,2025-05-03T03:49:00,ACC00201,ACC00333,2737.01,NEFT,Bengaluru,Karnataka,False,33,1.63
TXN208089,,2025-03-24T10:22:00,ACC00394,ACC00158,541.1,Card,Mumbai,Maharashtra,False,26,1.12
TXN208090,,2025-04-26T05:35:00,ACC00034,ACC00089,3000.88,Wallet,Lucknow,Uttar Pradesh,False,30,0.39
TXN208091,,2025-03-13T01:08:00,ACC00042,ACC00410,1015.41,UPI,Patna,Bihar,False,8,1.17
TXN208092,,2025-05-02T17:44:00,ACC00463,ACC00302,4191.18,IMPS,Delhi,Delhi,False,21,1.84
TXN208093,,2025-05-10T07:01:00,ACC00316,ACC00030,849.14,Card,Patna,Bihar,False,28,1.95
TXN208094,,2025-02-17T06:48:00,ACC00028,ACC00385,5446.83,Card,Kanpur,Uttar Pradesh,False,12,1.25
TXN208095,,2025-06-29T01:39:00,ACC00104,ACC00227,9943.68,IMPS,Lucknow,Uttar Pradesh,False,22,1.24
TXN208096,,2025-01-02T16:40:00,ACC00230,ACC00291,4028.79,NEFT,Kanpur,Uttar Pradesh,False,33,1.48
TXN208097,,2025-02-22T09:48:00,ACC00132,ACC00082,2150.72,UPI,Patna,Bihar,False,15,1.63
TXN208098,,2025-06-14T07:56:00,ACC00150,ACC00323,1552.0,Card,Kanpur,Uttar Pradesh,False,34,0.59
TXN208099,,2025-04-16T18:10:00,ACC00397,ACC00337,2023.85,UPI,Lucknow,Uttar Pradesh,False,17,0.95
TXN208100,,2025-05-20T11:04:00,ACC00451,ACC00379,424.84,NEFT,Kanpur,Uttar Pradesh,False,30,0.62
TXN208101,,2025-03-30T23:16:00,ACC00003,ACC00476,638.04,NEFT,Lucknow,Uttar Pradesh,False,23,1.98
TXN208102,,2025-05-21T07:53:00,ACC00151,ACC00268,6167.27,RTGS,Delhi,Delhi,False,19,0.33
TXN208103,,2025-09-12T05:55:00,ACC00350,ACC00308,797.23,NEFT,Mumbai,Maharashtra,False,6,0.88
TXN208104,,2025-01-01T09:30:00,ACC00397,ACC00084,6627.63,Card,Mumbai,Maharashtra,False,19,1.63
TXN208105,,2025-08-28T20:48:00,ACC00364,ACC00101,2042.01,Wallet,Mumbai,Maharashtra,False,29,0.87
TXN208106,,2025-05-29T05:19:00,ACC00251,ACC00149,799.49,UPI,Jaipur,Rajasthan,False,18,1.33
TXN208107,,2025-07-14T09:43:00,ACC00103,ACC00262,8788.28,UPI,Patna,Bihar,False,27,1.96
TXN208108,,2025-07-14T12:42:00,ACC00415,ACC00393,885.47,RTGS,Patna,Bihar,False,40,0.77
TXN208109,,2025-05-18T18:16:00,ACC00150,ACC00474,756.82,RTGS,Bengaluru,Karnataka,False,20,0.79
TXN208110,,2025-03-09T14:47:00,ACC00162,ACC00268,676.96,IMPS,Jaipur,Rajasthan,False,23,1.09
TXN208111,,2025-04-22T02:52:00,ACC00290,ACC00181,7562.04,RTGS,Bengaluru,Karnataka,False,28,0.33
TXN208112,,2025-04-18T12:44:00,ACC00456,ACC00183,2480.09,IMPS,Lucknow,Uttar Pradesh,False,12,1.22
TXN208113,,2025-06-03T03:17:00,ACC00266,ACC00357,1743.28,Wallet,Bengaluru,Karnataka,False,35,1.16
TXN208114,,2025-05-18T05:38:00,ACC00333,ACC00431,1157.0,Card,Kanpur,Uttar Pradesh,False,14,1.43
TXN208115,,2025-03-19T13:04:00,ACC00220,ACC00279,6142.59,NEFT,Lucknow,Uttar Pradesh,False,24,0.79
TXN208116,,2025-03-23T10:58:00,ACC00088,ACC00458,3184.14,RTGS,Kanpur,Uttar Pradesh,False,24,1.79
TXN208117,,2025-03-24T02:52:00,ACC00354,ACC00307,985.51,IMPS,Jaipur,Rajasthan,False,23,0.32
TXN208118,,2025-08-25T07:16:00,ACC00482,ACC00045,320.93,RTGS,Bengaluru,Karnataka,False,7,0.48
TXN208119,,2025-03-12T23:40:00,ACC00405,ACC00286,1675.94,UPI,Delhi,Delhi,False,13,1.16
TXN208120,,2025-05-16T12:15:00,ACC00144,ACC00159,3449.62,NEFT,Mumbai,Maharashtra,False,21,1.64
TXN208121,,2025-01-26T10:43:00,ACC00018,ACC00266,573.44,NEFT,Patna,Bihar,False,32,0.67
TXN208122,,2025-04-30T00:33:00,ACC00027,ACC00192,186.99,Card,Hyderabad,Telangana,False,22,1.74
TXN208123,,2025-03-05T02:04:00,ACC00460,ACC00378,5682.86,Wallet,Mumbai,Maharashtra,False,26,1.38
TXN208124,,2025-08-05T23:44:00,ACC00305,ACC00120,788.11,IMPS,Delhi,Delhi,False,15,1.06
TXN208125,,2025-04-05T06:26:00,ACC00327,ACC00241,5108.73,Wallet,Lucknow,Uttar Pradesh,False,22,0.43
TXN208126,,2025-03-27T11:03:00,ACC00096,ACC00221,1750.63,UPI,Kanpur,Uttar Pradesh,False,15,0.53
TXN208127,,2025-09-06T12:14:00,ACC00065,ACC00093,1541.15,NEFT,Lucknow,Uttar Pradesh,False,35,1.49
TXN208128,,2025-05-19T16:50:00,ACC00461,ACC00488,1952.77,Wallet,Hyderabad,Telangana,False,4,1.4
TXN208129,,2025-02-25T20:58:00,ACC00160,ACC00028,2193.4,Wallet,Patna,Bihar,False,21,0.33
TXN208130,,2025-07-27T03:14:00,ACC00134,ACC00009,33444.75,NEFT,Mumbai,Maharashtra,False,35,1.41
TXN208131,,2025-06-11T13:30:00,ACC00191,ACC00411,4132.77,IMPS,Jaipur,Rajasthan,False,9,1.86
TXN208132,,2025-07-26T03:06:00,ACC00090,ACC00459,1077.75,NEFT,Kanpur,Uttar Pradesh,False,19,1.39
TXN208133,,2025-03-27T10:14:00,ACC00438,ACC00474,359.13,NEFT,Mumbai,Maharashtra,False,12,1.24
TXN208134,,2025-03-15T15:16:00,ACC00123,ACC00266,2882.33,RTGS,Jaipur,Rajasthan,False,27,1.22
TXN208135,,2025-03-27T11:58:00,ACC00388,ACC00308,6825.29,Card,Jaipur,Rajasthan,False,15,1.78
TXN208136,,2025-08-07T08:44:00,ACC00327,ACC00353,562.14,Wallet,Delhi,Delhi,False,26,0.88
TXN208137,,2025-06-22T05:00:00,ACC00154,ACC00448,1341.25,IMPS,Hyderabad,Telangana,False,18,1.52
TXN208138,,2025-08-25T16:33:00,ACC00403,ACC00008,1141.32,Wallet,Bengaluru,Karnataka,False,18,1.61
TXN208139,,2025-05-10T00:19:00,ACC00109,ACC00462,1457.02,NEFT,Jaipur,Rajasthan,False,32,1.29
TXN208140,,2025-05-25T10:51:00,ACC00339,ACC00310,5093.1,IMPS,Hyderabad,Telangana,False,25,1.73
TXN208141,,2025-01-12T16:39:00,ACC00047,ACC00228,7050.63,NEFT,Delhi,Delhi,False,9,1.16
TXN208142,,2025-07-22T10:01:00,ACC00144,ACC00299,5561.44,UPI,Jaipur,Rajasthan,False,19,1.8
TXN208143,,2025-02-23T10:52:00,ACC00095,ACC00371,689.83,Wallet,Hyderabad,Telangana,False,15,0.77
TXN208144,,2025-06-05T09:45:00,ACC00066,ACC00085,2794.98,UPI,Delhi,Delhi,False,10,1.08
TXN208145,,2025-04-06T01:50:00,ACC00049,ACC00278,7009.79,RTGS,Mumbai,Maharashtra,False,32,1.15
TXN208146,,2025-04-25T23:17:00,ACC00192,ACC00159,1287.22,IMPS,Bengaluru,Karnataka,False,13,0.43
TXN208147,,2025-02-14T23:20:00,ACC00294,ACC00463,411.2,Wallet,Patna,Bihar,False,20,1.32
TXN208148,,2025-07-23T01:13:00,ACC00131,ACC00103,1485.27,Wallet,Bengaluru,Karnataka,False,31,1.2
TXN208149,,2025-03-07T15:59:00,ACC00239,ACC00334,286.42,Card,Delhi,Delhi,False,27,1.38
TXN208150,,2025-08-25T01:08:00,ACC00166,ACC00443,1947.93,Wallet,Bengaluru,Karnataka,False,14,0.65
TXN208151,,2025-05-17T00:35:00,ACC00103,ACC00451,1544.85,Card,Kanpur,Uttar Pradesh,False,14,1.39
TXN208152,,2025-01-22T09:35:00,ACC00299,ACC00062,3610.38,UPI,Delhi,Delhi,False,19,0.2
TXN208153,,2025-05-24T18:04:00,ACC00482,ACC00226,9531.49,RTGS,Hyderabad,Telangana,False,15,1.59
TXN208154,,2025-02-15T01:17:00,ACC00395,ACC00052,906.53,Wallet,Mumbai,Maharashtra,False,13,1.12
TXN208155,,2025-05-13T15:12:00,ACC00338,ACC00153,1135.06,RTGS,Jaipur,Rajasthan,False,20,1.57
TXN208156,,2025-03-11T23:47:00,ACC00456,ACC00301,1250.19,UPI,Bengaluru,Karnataka,False,24,0.4
TXN208157,,2025-02-25T19:21:00,ACC00208,ACC00366,1701.99,RTGS,Hyderabad,Telangana,False,18,0.56
TXN208158,,2025-04-24T01:09:00,ACC00483,ACC00376,15390.5,Wallet,Jaipur,Rajasthan,False,17,1.69
TXN208159,,2025-04-02T21:14:00,ACC00051,ACC00024,2168.42,IMPS,Jaipur,Rajasthan,False,17,0.55
TXN208160,,2025-08-01T00:51:00,ACC00475,ACC00429,20596.48,Wallet,Patna,Bihar,False,4,1.65
TXN208161,,2025-07-04T11:16:00,ACC00362,ACC00433,3280.69,UPI,Kanpur,Uttar Pradesh,False,24,1.25
TXN208162,,2025-08-03T11:52:00,ACC00497,ACC00220,2234.15,Wallet,Hyderabad,Telangana,False,32,0.93
TXN208163,,2025-02-14T00:46:00,ACC00302,ACC00456,4190.83,IMPS,Lucknow,Uttar Pradesh,False,17,0.96
TXN208164,,2025-06-02T03:38:00,ACC00464,ACC00065,1097.93,Wallet,Lucknow,Uttar Pradesh,False,4,0.15
TXN208165,,2025-03-21T11:15:00,ACC00430,ACC00102,20679.16,Card,Bengaluru,Karnataka,False,16,1.4
TXN208166,,2025-07-26T16:04:00,ACC00354,ACC00400,1115.41,NEFT,Kanpur,Uttar Pradesh,False,10,0.61
TXN208167,,2025-03-07T20:11:00,ACC00000,ACC00241,1403.83,NEFT,Hyderabad,Telangana,False,9,0.94
TXN208168,,2025-02-17T22:34:00,ACC00450,ACC00061,2757.27,RTGS,Kanpur,Uttar Pradesh,False,13,1.7
TXN208169,,2025-05-27T11:48:00,ACC00045,ACC00009,5349.87,NEFT,Kanpur,Uttar Pradesh,False,13,1.92
TXN208170,,2025-03-11T18:10:00,ACC00156,ACC00035,9445.97,UPI,Hyderabad,Telangana,False,9,1.66
TXN208171,,2025-05-08T11:14:00,ACC00306,ACC00397,1140.3,IMPS,Patna,Bihar,False,20,1.48
TXN208172,,2025-07-10T08:24:00,ACC00169,ACC00297,2861.72,RTGS,Jaipur,Rajasthan,False,20,1.24
TXN208173,,2025-03-31T01:55:00,ACC00245,ACC00434,1608.34,IMPS,Kanpur,Uttar Pradesh,False,25,1.98
TXN208174,,2025-07-27T21:45:00,ACC00493,ACC00331,1513.42,NEFT,Delhi,Delhi,False,12,1.17
TXN208175,,2025-05-17T22:10:00,ACC00452,ACC00300,866.26,UPI,Kanpur,Uttar Pradesh,False,20,1.3
TXN208176,,2025-06-08T13:57:00,ACC00227,ACC00274,1099.48,Wallet,Bengaluru,Karnataka,False,12,1.41
TXN208177,,2025-07-15T04:42:00,ACC00071,ACC00412,1162.15,Wallet,Jaipur,Rajasthan,False,30,0.32
TXN208178,,2025-01-22T04:41:00,ACC00088,ACC00420,1159.95,RTGS,Lucknow,Uttar Pradesh,False,30,1.0
TXN208179,,2025-06-25T20:13:00,ACC00336,ACC00015,687.87,Wallet,Patna,Bihar,False,32,0.49
TXN208180,,2025-01-17T00:53:00,ACC00286,ACC00359,3475.19,NEFT,Hyderabad,Telangana,False,2,1.16
TXN208181,,2025-01-10T09:38:00,ACC00359,ACC00487,7601.18,IMPS,Hyderabad,Telangana,False,19,1.32
TXN208182,,2025-05-17T16:08:00,ACC00268,ACC00313,12122.01,RTGS,Delhi,Delhi,False,11,0.95
TXN208183,,2025-07-15T11:42:00,ACC00293,ACC00344,870.56,Wallet,Kanpur,Uttar Pradesh,False,33,1.29
TXN208184,,2025-05-10T23:42:00,ACC00021,ACC00211,1602.75,NEFT,Lucknow,Uttar Pradesh,False,16,0.56
TXN208185,,2025-08-27T20:27:00,ACC00350,ACC00030,681.95,RTGS,Bengaluru,Karnataka,False,35,0.57
TXN208186,,2025-03-18T05:38:00,ACC00129,ACC00326,10041.77,RTGS,Delhi,Delhi,False,14,0.84
TXN208187,,2025-04-26T11:33:00,ACC00012,ACC00451,3170.75,Card,Hyderabad,Telangana,False,30,1.88
TXN208188,,2025-07-02T16:49:00,ACC00090,ACC00298,4040.83,UPI,Bengaluru,Karnataka,False,18,1.02
TXN208189,,2025-08-09T02:32:00,ACC00261,ACC00436,1441.52,UPI,Lucknow,Uttar Pradesh,False,22,1.46
TXN208190,,2025-06-05T04:07:00,ACC00351,ACC00360,2609.58,Wallet,Bengaluru,Karnataka,False,21,0.63
TXN208191,,2025-06-28T07:50:00,ACC00298,ACC00398,1166.81,IMPS,Mumbai,Maharashtra,False,25,0.74
TXN208192,,2025-04-13T11:50:00,ACC00197,ACC00201,2105.04,RTGS,Jaipur,Rajasthan,False,28,1.43
TXN208193,,2025-08-09T16:10:00,ACC00244,ACC00106,1250.17,IMPS,Bengaluru,Karnataka,False,28,1.12
TXN208194,,2025-05-25T05:49:00,ACC00309,ACC00397,2514.36,Wallet,Jaipur,Rajasthan,False,35,0.36
TXN208195,,2025-08-04T03:20:00,ACC00166,ACC00088,99.28,Wallet,Jaipur,Rajasthan,False,23,1.39
TXN208196,,2025-05-03T14:56:00,ACC00449,ACC00492,1538.41,UPI,Mumbai,Maharashtra,False,16,1.34
TXN208197,,2025-06-24T01:19:00,ACC00214,ACC00144,579.78,IMPS,Patna,Bihar,False,13,1.2
TXN208198,,2025-07-08T12:01:00,ACC00261,ACC00200,1575.57,IMPS,Hyderabad,Telangana,False,20,0.68
TXN208199,,2025-03-21T22:43:00,ACC00221,ACC00260,781.41,RTGS,Jaipur,Rajasthan,False,22,1.22
TXN208200,,2025-05-21T17:26:00,ACC00014,ACC00160,295.27,NEFT,Hyderabad,Telangana,False,4,1.81
TXN208201,,2025-04-15T11:43:00,ACC00179,ACC00234,2325.29,Wallet,Lucknow,Uttar Pradesh,False,18,0.34
TXN208202,,2025-02-28T13:45:00,ACC00196,ACC00171,9191.98,IMPS,Bengaluru,Karnataka,False,25,0.54
TXN208203,,2025-02-11T04:48:00,ACC00237,ACC00346,229.88,Card,Delhi,Delhi,False,36,0.84
TXN208204,,2025-05-28T14:49:00,ACC00249,ACC00317,1695.91,Wallet,Jaipur,Rajasthan,False,1,1.42
TXN208205,,2025-07-28T19:52:00,ACC00053,ACC00117,963.71,Wallet,Bengaluru,Karnataka,False,17,0.39
TXN208206,,2025-08-07T15:04:00,ACC00463,ACC00282,5070.97,NEFT,Jaipur,Rajasthan,False,15,0.49
TXN208207,,2025-03-17T21:04:00,ACC00276,ACC00455,7293.43,Card,Lucknow,Uttar Pradesh,False,41,1.74
TXN208208,,2025-09-04T03:06:00,ACC00067,ACC00176,4816.55,UPI,Lucknow,Uttar Pradesh,False,24,1.63
TXN208209,,2025-06-16T03:54:00,ACC00310,ACC00158,1849.45,Card,Kanpur,Uttar Pradesh,False,11,1.65
TXN208210,,2025-01-03T13:02:00,ACC00137,ACC00199,2799.43,Card,Kanpur,Uttar Pradesh,False,16,0.56
TXN208211,,2025-06-22T08:16:00,ACC00235,ACC00079,3203.17,NEFT,Kanpur,Uttar Pradesh,False,20,0.77
TXN208212,,2025-05-31T13:56:00,ACC00009,ACC00340,471.31,Card,Delhi,Delhi,False,32,1.73
TXN208213,,2025-03-26T10:05:00,ACC00492,ACC00181,4041.5,UPI,Bengaluru,Karnataka,False,18,0.13
TXN208214,,2025-02-24T19:30:00,ACC00074,ACC00439,886.84,Wallet,Delhi,Delhi,False,19,1.39
TXN208215,,2025-05-06T08:56:00,ACC00089,ACC00425,2134.44,IMPS,Hyderabad,Telangana,False,10,1.93
TXN208216,,2025-03-07T10:11:00,ACC00446,ACC00474,1424.5,UPI,Patna,Bihar,False,33,1.25
TXN208217,,2025-06-18T11:47:00,ACC00266,ACC00115,3372.99,Card,Patna,Bihar,False,14,0.16
TXN208218,,2025-05-02T21:30:00,ACC00152,ACC00063,2325.74,IMPS,Mumbai,Maharashtra,False,25,1.23
TXN208219,,2025-03-20T13:51:00,ACC00045,ACC00176,1053.41,Wallet,Bengaluru,Karnataka,False,17,1.31
TXN208220,,2025-08-11T02:43:00,ACC00435,ACC00463,2027.51,RTGS,Lucknow,Uttar Pradesh,False,1,0.28
TXN208221,,2025-01-15T03:59:00,ACC00286,ACC00297,869.85,NEFT,Kanpur,Uttar Pradesh,False,20,0.93
TXN208222,,2025-05-09T08:38:00,ACC00314,ACC00385,1705.17,RTGS,Jaipur,Rajasthan,False,33,0.98
TXN208223,,2025-01-03T10:23:00,ACC00227,ACC00443,1167.77,UPI,Kanpur,Uttar Pradesh,False,13,0.4
TXN208224,,2025-04-22T15:26:00,ACC00289,ACC00265,1290.55,NEFT,Jaipur,Rajasthan,False,25,1.36
TXN208225,,2025-06-05T08:28:00,ACC00126,ACC00164,3044.61,Card,Bengaluru,Karnataka,False,11,0.2
TXN208226,,2025-07-11T12:20:00,ACC00461,ACC00270,166.7,Card,Lucknow,Uttar Pradesh,False,8,0.78
TXN208227,,2025-08-19T09:56:00,ACC00355,ACC00349,992.74,Wallet,Kanpur,Uttar Pradesh,False,35,1.53
TXN208228,,2025-03-25T18:02:00,ACC00072,ACC00006,2820.92,IMPS,Bengaluru,Karnataka,False,31,1.6
TXN208229,,2025-01-17T17:54:00,ACC00430,ACC00170,4142.75,Card,Patna,Bihar,False,29,0.9
TXN208230,,2025-08-05T13:44:00,ACC00039,ACC00198,528.56,Wallet,Lucknow,Uttar Pradesh,False,14,1.75
TXN208231,,2025-05-29T06:35:00,ACC00234,ACC00447,795.85,Card,Lucknow,Uttar Pradesh,False,20,0.42
TXN208232,,2025-02-22T20:43:00,ACC00114,ACC00366,1043.53,IMPS,Bengaluru,Karnataka,False,42,0.98
TXN208233,,2025-01-15T03:03:00,ACC00304,ACC00389,1227.09,Card,Mumbai,Maharashtra,False,28,1.05
TXN208234,,2025-07-14T17:40:00,ACC00085,ACC00091,1213.88,Card,Lucknow,Uttar Pradesh,False,18,1.5
TXN208235,,2025-02-10T10:53:00,ACC00194,ACC00084,5169.27,RTGS,Mumbai,Maharashtra,False,4,1.58
TXN208236,,2025-04-16T22:54:00,ACC00176,ACC00131,3698.98,Wallet,Hyderabad,Telangana,False,21,1.63
TXN208237,,2025-08-31T00:49:00,ACC00291,ACC00085,634.7,NEFT,Lucknow,Uttar Pradesh,False,25,0.18
TXN208238,,2025-01-12T23:54:00,ACC00305,ACC00153,9570.54,Card,Lucknow,Uttar Pradesh,False,1,1.2
TXN208239,,2025-07-02T11:00:00,ACC00321,ACC00429,1144.76,Card,Lucknow,Uttar Pradesh,False,44,1.35
TXN208240,,2025-07-29T19:36:00,ACC00069,ACC00469,1398.49,UPI,Jaipur,Rajasthan,False,21,1.71
TXN208241,,2025-08-11T21:31:00,ACC00447,ACC00155,411.31,IMPS,Lucknow,Uttar Pradesh,False,8,1.29
TXN208242,,2025-04-22T19:44:00,ACC00128,ACC00206,1966.9,Wallet,Bengaluru,Karnataka,False,22,0.64
TXN208243,,2025-02-15T02:26:00,ACC00229,ACC00258,1893.25,Wallet,Lucknow,Uttar Pradesh,False,20,1.61
TXN208244,,2025-03-29T17:22:00,ACC00334,ACC00323,1529.82,Wallet,Hyderabad,Telangana,False,18,0.33
TXN208245,,2025-02-16T14:23:00,ACC00057,ACC00183,369.32,UPI,Patna,Bihar,False,22,0.32
TXN208246,,2025-04-11T12:40:00,ACC00193,ACC00472,2117.76,UPI,Bengaluru,Karnataka,False,11,1.03
TXN208247,,2025-06-30T14:46:00,ACC00451,ACC00221,3634.09,RTGS,Bengaluru,Karnataka,False,27,0.5
TXN208248,,2025-07-30T18:17:00,ACC00401,ACC00476,529.4,RTGS,Delhi,Delhi,False,20,1.25
TXN208249,,2025-05-21T19:35:00,ACC00479,ACC00405,2166.49,IMPS,Patna,Bihar,False,24,0.65
TXN208250,,2025-05-20T04:52:00,ACC00000,ACC00432,458.56,Wallet,Mumbai,Maharashtra,False,4,0.95
TXN208251,,2025-09-06T11:49:00,ACC00157,ACC00101,1459.27,NEFT,Bengaluru,Karnataka,False,29,1.1
TXN208252,,2025-05-19T12:58:00,ACC00112,ACC00345,2285.03,UPI,Mumbai,Maharashtra,False,3,0.56
TXN208253,,2025-06-18T07:13:00,ACC00188,ACC00070,7388.78,Card,Lucknow,Uttar Pradesh,False,15,1.46
TXN208254,,2025-01-26T15:02:00,ACC00043,ACC00128,18492.56,Wallet,Mumbai,Maharashtra,False,24,1.73
TXN208255,,2025-02-22T22:00:00,ACC00052,ACC00174,3781.02,Wallet,Bengaluru,Karnataka,False,11,0.36
TXN208256,,2025-01-20T08:20:00,ACC00434,ACC00337,212.51,Card,Kanpur,Uttar Pradesh,False,19,0.29
TXN208257,,2025-03-24T05:40:00,ACC00193,ACC00332,8255.17,UPI,Jaipur,Rajasthan,False,2,0.32
TXN208258,,2025-04-29T18:40:00,ACC00246,ACC00417,75.81,Wallet,Jaipur,Rajasthan,False,10,0.29
TXN208259,,2025-03-04T16:21:00,ACC00351,ACC00476,9632.68,Wallet,Hyderabad,Telangana,False,23,0.48
TXN208260,,2025-03-24T12:52:00,ACC00004,ACC00185,3502.35,Wallet,Mumbai,Maharashtra,False,14,0.34
TXN208261,,2025-06-08T20:34:00,ACC00131,ACC00304,1481.2,IMPS,Mumbai,Maharashtra,False,17,1.64
TXN208262,,2025-06-19T22:57:00,ACC00181,ACC00454,2391.64,RTGS,Lucknow,Uttar Pradesh,False,13,1.59
TXN208263,,2025-03-23T02:49:00,ACC00091,ACC00140,2618.82,IMPS,Patna,Bihar,False,19,1.49
TXN208264,,2025-09-17T20:25:00,ACC00099,ACC00395,1580.97,Wallet,Lucknow,Uttar Pradesh,False,28,1.22
TXN208265,,2025-07-30T21:15:00,ACC00061,ACC00249,8944.04,NEFT,Patna,Bihar,False,15,1.56
TXN208266,,2025-07-23T19:45:00,ACC00460,ACC00314,577.51,NEFT,Jaipur,Rajasthan,False,11,1.29
TXN208267,,2025-04-07T12:49:00,ACC00170,ACC00479,3130.59,NEFT,Hyderabad,Telangana,False,14,1.97
TXN208268,,2025-04-02T05:12:00,ACC00309,ACC00106,3121.55,Wallet,Patna,Bihar,False,19,0.39
TXN208269,,2025-05-23T20:07:00,ACC00019,ACC00454,4476.69,UPI,Patna,Bihar,False,28,1.33
TXN208270,,2025-05-06T23:23:00,ACC00053,ACC00025,3557.62,NEFT,Hyderabad,Telangana,False,10,1.29
TXN208271,,2025-09-14T01:41:00,ACC00179,ACC00455,2591.44,RTGS,Kanpur,Uttar Pradesh,False,30,1.97
TXN208272,,2025-09-17T23:22:00,ACC00069,ACC00018,8958.5,NEFT,Mumbai,Maharashtra,False,17,1.64
TXN208273,,2025-08-14T16:51:00,ACC00285,ACC00336,873.21,IMPS,Hyderabad,Telangana,False,22,0.33
TXN208274,,2025-04-24T18:14:00,ACC00381,ACC00338,2871.93,RTGS,Kanpur,Uttar Pradesh,False,10,1.87
TXN208275,,2025-05-06T16:57:00,ACC00340,ACC00353,664.7,Wallet,Kanpur,Uttar Pradesh,False,15,1.99
TXN208276,,2025-04-05T17:25:00,ACC00107,ACC00326,675.87,UPI,Kanpur,Uttar Pradesh,False,25,1.78
TXN208277,,2025-08-25T02:54:00,ACC00313,ACC00262,764.03,Card,Hyderabad,Telangana,False,17,1.31
TXN208278,,2025-02-02T16:24:00,ACC00334,ACC00497,451.77,UPI,Patna,Bihar,False,29,0.86
TXN208279,,2025-06-30T21:29:00,ACC00144,ACC00172,25207.39,Wallet,Hyderabad,Telangana,False,34,0.63
TXN208280,,2025-03-23T11:59:00,ACC00088,ACC00071,11921.81,IMPS,Kanpur,Uttar Pradesh,False,3,0.18
TXN208281,,2025-08-13T08:35:00,ACC00179,ACC00304,1076.38,Wallet,Lucknow,Uttar Pradesh,False,33,0.47
TXN208282,,2025-04-03T20:19:00,ACC00007,ACC00406,2059.65,IMPS,Mumbai,Maharashtra,False,14,0.72
TXN208283,,2025-01-17T17:42:00,ACC00057,ACC00305,2527.22,RTGS,Delhi,Delhi,False,33,0.8
TXN208284,,2025-09-14T04:06:00,ACC00462,ACC00429,268.56,Card,Kanpur,Uttar Pradesh,False,33,0.67
TXN208285,,2025-07-03T14:17:00,ACC00161,ACC00324,4868.03,UPI,Lucknow,Uttar Pradesh,False,22,1.22
TXN208286,,2025-01-03T10:01:00,ACC00274,ACC00200,1411.21,Card,Delhi,Delhi,False,16,0.51
TXN208287,,2025-06-20T11:55:00,ACC00430,ACC00364,916.32,Card,Lucknow,Uttar Pradesh,False,5,1.76
TXN208288,,2025-05-14T05:27:00,ACC00271,ACC00298,3276.4,RTGS,Patna,Bihar,False,19,0.44
TXN208289,,2025-06-19T20:57:00,ACC00377,ACC00363,3309.3,UPI,Bengaluru,Karnataka,False,26,0.71
TXN208290,,2025-08-03T04:32:00,ACC00138,ACC00453,3413.91,RTGS,Patna,Bihar,False,29,1.93
TXN208291,,2025-02-12T22:10:00,ACC00293,ACC00256,868.68,Card,Jaipur,Rajasthan,False,29,0.91
TXN208292,,2025-03-15T09:20:00,ACC00425,ACC00132,2794.73,IMPS,Hyderabad,Telangana,False,20,0.7
TXN208293,,2025-05-23T01:50:00,ACC00398,ACC00368,291.98,IMPS,Delhi,Delhi,False,29,1.38
TXN208294,,2025-08-19T17:16:00,ACC00050,ACC00189,1491.38,NEFT,Mumbai,Maharashtra,False,21,1.72
TXN208295,,2025-09-10T22:55:00,ACC00385,ACC00450,3892.39,NEFT,Bengaluru,Karnataka,False,9,0.31
TXN208296,,2025-06-27T18:21:00,ACC00291,ACC00444,1919.62,RTGS,Kanpur,Uttar Pradesh,False,13,1.78
TXN208297,,2025-02-10T03:00:00,ACC00142,ACC00029,14164.08,Card,Lucknow,Uttar Pradesh,False,25,1.02
TXN208298,,2025-08-18T19:27:00,ACC00143,ACC00395,3578.77,Wallet,Delhi,Delhi,False,18,0.49
TXN208299,,2025-02-19T04:29:00,ACC00415,ACC00384,444.26,RTGS,Kanpur,Uttar Pradesh,False,20,0.61
TXN208300,,2025-04-14T05:41:00,ACC00384,ACC00110,1247.86,Wallet,Hyderabad,Telangana,False,42,0.36
TXN208301,,2025-09-11T06:05:00,ACC00101,ACC00076,682.2,RTGS,Delhi,Delhi,False,11,0.15
TXN208302,,2025-05-06T19:23:00,ACC00341,ACC00100,3942.51,RTGS,Patna,Bihar,False,13,0.17
TXN208303,,2025-03-24T17:54:00,ACC00348,ACC00046,1073.53,UPI,Jaipur,Rajasthan,False,21,0.18
TXN208304,,2025-05-16T11:22:00,ACC00187,ACC00120,844.11,Card,Hyderabad,Telangana,False,24,1.08
TXN208305,,2025-04-29T01:57:00,ACC00432,ACC00152,8702.66,RTGS,Lucknow,Uttar Pradesh,False,25,1.95
TXN208306,,2025-04-09T16:24:00,ACC00341,ACC00023,1252.83,NEFT,Lucknow,Uttar Pradesh,False,32,0.96
TXN208307,,2025-05-20T05:34:00,ACC00245,ACC00215,376.79,IMPS,Patna,Bihar,False,20,0.74
TXN208308,,2025-05-18T16:49:00,ACC00099,ACC00380,1787.54,Wallet,Jaipur,Rajasthan,False,20,1.38
TXN208309,,2025-06-02T07:12:00,ACC00474,ACC00326,2584.18,Wallet,Patna,Bihar,False,16,1.29
TXN208310,,2025-05-05T10:07:00,ACC00331,ACC00458,2335.96,IMPS,Kanpur,Uttar Pradesh,False,24,0.32
TXN208311,,2025-06-18T06:56:00,ACC00311,ACC00142,228.22,RTGS,Lucknow,Uttar Pradesh,False,14,1.0
TXN208312,,2025-09-02T00:44:00,ACC00267,ACC00098,8915.06,UPI,Delhi,Delhi,False,21,0.59
TXN208313,,2025-02-16T17:48:00,ACC00117,ACC00074,604.37,Wallet,Lucknow,Uttar Pradesh,False,8,1.84
TXN208314,,2025-07-11T02:10:00,ACC00126,ACC00446,3013.11,Card,Lucknow,Uttar Pradesh,False,27,1.42
TXN208315,,2025-07-06T14:43:00,ACC00017,ACC00154,4171.53,Card,Jaipur,Rajasthan,False,28,1.64
TXN208316,,2025-09-01T05:47:00,ACC00114,ACC00471,2145.77,IMPS,Lucknow,Uttar Pradesh,False,22,1.6
TXN208317,,2025-04-13T19:45:00,ACC00290,ACC00124,5461.64,IMPS,Jaipur,Rajasthan,False,28,1.75
TXN208318,,2025-01-13T10:01:00,ACC00440,ACC00247,931.29,Wallet,Hyderabad,Telangana,False,21,0.23
TXN208319,,2025-07-11T18:08:00,ACC00183,ACC00451,1667.68,RTGS,Bengaluru,Karnataka,False,1,0.36
TXN208320,,2025-07-10T03:46:00,ACC00460,ACC00449,6752.89,Wallet,Mumbai,Maharashtra,False,5,0.64
TXN208321,,2025-01-22T05:22:00,ACC00116,ACC00141,5084.05,UPI,Mumbai,Maharashtra,False,18,1.75
TXN208322,,2025-06-11T12:29:00,ACC00417,ACC00061,4142.66,Card,Jaipur,Rajasthan,False,23,0.63
TXN208323,,2025-06-30T08:23:00,ACC00063,ACC00419,217.42,Wallet,Hyderabad,Telangana,False,15,1.43
TXN208324,,2025-01-01T12:02:00,ACC00237,ACC00431,2066.88,Card,Jaipur,Rajasthan,False,19,0.32
TXN208325,,2025-03-02T04:02:00,ACC00427,ACC00217,5338.12,Wallet,Patna,Bihar,False,29,1.69
TXN208326,,2025-01-23T14:59:00,ACC00264,ACC00404,4834.37,RTGS,Hyderabad,Telangana,False,15,1.75
TXN208327,,2025-09-04T01:40:00,ACC00483,ACC00258,2456.52,NEFT,Mumbai,Maharashtra,False,28,1.16
TXN208328,,2025-06-25T01:19:00,ACC00277,ACC00177,2775.22,Card,Kanpur,Uttar Pradesh,False,34,0.77
TXN208329,,2025-03-01T21:08:00,ACC00442,ACC00432,193.29,IMPS,Lucknow,Uttar Pradesh,False,28,0.53
TXN208330,,2025-07-10T03:15:00,ACC00244,ACC00142,2559.62,Card,Kanpur,Uttar Pradesh,False,24,1.91
TXN208331,,2025-07-29T05:42:00,ACC00157,ACC00278,757.95,RTGS,Bengaluru,Karnataka,False,15,1.96
TXN208332,,2025-05-08T19:24:00,ACC00325,ACC00249,798.24,UPI,Jaipur,Rajasthan,False,18,0.82
TXN208333,,2025-05-04T00:23:00,ACC00147,ACC00061,483.59,IMPS,Bengaluru,Karnataka,False,29,0.14
TXN208334,,2025-04-06T05:04:00,ACC00334,ACC00079,749.99,Wallet,Bengaluru,Karnataka,False,18,0.31
TXN208335,,2025-01-25T00:21:00,ACC00044,ACC00327,297.55,Card,Patna,Bihar,False,17,0.34
TXN208336,,2025-04-26T00:28:00,ACC00479,ACC00393,9846.07,RTGS,Hyderabad,Telangana,False,19,1.45
TXN208337,,2025-07-14T19:43:00,ACC00294,ACC00373,6184.94,UPI,Patna,Bihar,False,13,1.93
TXN208338,,2025-05-25T12:13:00,ACC00492,ACC00069,2165.74,UPI,Jaipur,Rajasthan,False,12,0.21
TXN208339,,2025-02-11T00:12:00,ACC00275,ACC00354,335.58,UPI,Hyderabad,Telangana,False,15,1.54
TXN208340,,2025-01-01T21:21:00,ACC00254,ACC00406,3123.31,RTGS,Lucknow,Uttar Pradesh,False,2,0.35
TXN208341,,2025-02-12T14:22:00,ACC00009,ACC00285,527.62,Wallet,Kanpur,Uttar Pradesh,False,24,1.85
TXN208342,,2025-02-19T20:21:00,ACC00415,ACC00470,1832.87,Card,Delhi,Delhi,False,14,0.59
TXN208343,,2025-08-13T17:24:00,ACC00240,ACC00239,1300.18,Wallet,Lucknow,Uttar Pradesh,False,29,0.75
TXN208344,,2025-08-30T14:27:00,ACC00363,ACC00129,1179.85,IMPS,Jaipur,Rajasthan,False,15,0.87
TXN208345,,2025-03-08T13:01:00,ACC00357,ACC00305,898.94,IMPS,Kanpur,Uttar Pradesh,False,20,1.89
TXN208346,,2025-01-05T01:38:00,ACC00476,ACC00123,5638.18,RTGS,Jaipur,Rajasthan,False,10,1.73
TXN208347,,2025-02-06T05:21:00,ACC00327,ACC00230,569.03,NEFT,Jaipur,Rajasthan,False,37,0.57
TXN208348,,2025-04-02T10:47:00,ACC00113,ACC00389,507.54,Wallet,Patna,Bihar,False,18,0.45
TXN208349,,2025-01-17T07:11:00,ACC00207,ACC00193,1118.86,NEFT,Jaipur,Rajasthan,False,8,1.69
TXN208350,,2025-08-23T15:20:00,ACC00491,ACC00224,1091.25,NEFT,Mumbai,Maharashtra,False,10,1.98
TXN208351,,2025-03-19T19:29:00,ACC00098,ACC00325,957.62,RTGS,Delhi,Delhi,False,27,0.39
TXN208352,,2025-07-11T23:00:00,ACC00149,ACC00061,649.4,UPI,Delhi,Delhi,False,8,1.96
TXN208353,,2025-04-28T10:32:00,ACC00454,ACC00092,7431.72,UPI,Jaipur,Rajasthan,False,10,0.84
TXN208354,,2025-04-06T23:15:00,ACC00009,ACC00454,1116.7,UPI,Kanpur,Uttar Pradesh,False,7,1.78
TXN208355,,2025-08-17T07:29:00,ACC00310,ACC00446,2869.61,Card,Jaipur,Rajasthan,False,17,1.14
TXN208356,,2025-08-26T05:38:00,ACC00405,ACC00213,3433.3,IMPS,Delhi,Delhi,False,6,1.86
TXN208357,,2025-05-24T08:19:00,ACC00224,ACC00282,413.3,Wallet,Patna,Bihar,False,1,0.95
TXN208358,,2025-09-07T06:45:00,ACC00160,ACC00356,3242.34,RTGS,Bengaluru,Karnataka,False,16,0.64
TXN208359,,2025-01-20T11:33:00,ACC00126,ACC00019,5519.35,RTGS,Hyderabad,Telangana,False,6,1.15
TXN208360,,2025-09-11T17:41:00,ACC00470,ACC00455,3293.02,IMPS,Kanpur,Uttar Pradesh,False,31,1.47
TXN208361,,2025-01-09T18:08:00,ACC00454,ACC00079,2753.69,Wallet,Lucknow,Uttar Pradesh,False,5,1.98
TXN208362,,2025-04-28T16:18:00,ACC00049,ACC00488,11615.74,UPI,Mumbai,Maharashtra,False,16,1.18
TXN208363,,2025-04-19T17:54:00,ACC00175,ACC00436,7243.81,Card,Kanpur,Uttar Pradesh,False,23,1.33
TXN208364,,2025-03-10T07:33:00,ACC00179,ACC00277,2333.06,Wallet,Hyderabad,Telangana,False,44,1.1
TXN208365,,2025-07-05T12:32:00,ACC00439,ACC00077,617.64,IMPS,Lucknow,Uttar Pradesh,False,15,0.29
TXN208366,,2025-06-24T08:05:00,ACC00271,ACC00035,1574.94,NEFT,Kanpur,Uttar Pradesh,False,14,1.5
TXN208367,,2025-04-09T05:14:00,ACC00379,ACC00023,1654.92,IMPS,Hyderabad,Telangana,False,22,0.51
TXN208368,,2025-09-07T19:16:00,ACC00071,ACC00005,1710.15,Wallet,Delhi,Delhi,False,1,0.57
TXN208369,,2025-07-12T02:44:00,ACC00467,ACC00412,4987.1,IMPS,Delhi,Delhi,False,11,0.64
TXN208370,,2025-06-06T10:44:00,ACC00037,ACC00488,3536.26,NEFT,Hyderabad,Telangana,False,18,0.48
TXN208371,,2025-06-05T06:04:00,ACC00097,ACC00449,4743.84,NEFT,Kanpur,Uttar Pradesh,False,19,0.76
TXN208372,,2025-03-31T07:54:00,ACC00328,ACC00256,953.75,Card,Lucknow,Uttar Pradesh,False,16,1.79
TXN208373,,2025-02-20T23:21:00,ACC00250,ACC00189,11290.95,Wallet,Bengaluru,Karnataka,False,15,0.24
TXN208374,,2025-09-06T06:41:00,ACC00078,ACC00333,938.96,UPI,Hyderabad,Telangana,False,4,1.03
TXN208375,,2025-09-14T00:37:00,ACC00469,ACC00380,7706.53,NEFT,Hyderabad,Telangana,False,28,1.68
TXN208376,,2025-02-12T08:19:00,ACC00006,ACC00050,1013.26,IMPS,Delhi,Delhi,False,24,0.21
TXN208377,,2025-07-17T21:52:00,ACC00234,ACC00320,505.08,UPI,Hyderabad,Telangana,False,22,0.33
TXN208378,,2025-05-04T03:47:00,ACC00193,ACC00355,8584.43,NEFT,Lucknow,Uttar Pradesh,False,34,0.82
TXN208379,,2025-06-05T01:25:00,ACC00014,ACC00238,511.56,NEFT,Mumbai,Maharashtra,False,15,1.71
TXN208380,,2025-07-08T10:34:00,ACC00418,ACC00026,1201.85,IMPS,Patna,Bihar,False,21,1.58
TXN208381,,2025-04-21T00:44:00,ACC00328,ACC00042,1223.11,Card,Hyderabad,Telangana,False,22,1.14
TXN208382,,2025-02-01T19:34:00,ACC00401,ACC00377,11970.04,Wallet,Hyderabad,Telangana,False,18,0.7
TXN208383,,2025-02-05T16:15:00,ACC00081,ACC00340,435.99,NEFT,Kanpur,Uttar Pradesh,False,7,1.72
TXN208384,,2025-01-20T01:39:00,ACC00242,ACC00268,4014.35,Wallet,Kanpur,Uttar Pradesh,False,20,1.26
TXN208385,,2025-07-09T07:54:00,ACC00052,ACC00331,2227.18,NEFT,Delhi,Delhi,False,26,1.21
TXN208386,,2025-02-04T15:10:00,ACC00220,ACC00242,1349.0,UPI,Delhi,Delhi,False,9,1.49
TXN208387,,2025-05-07T15:55:00,ACC00070,ACC00412,4294.4,IMPS,Bengaluru,Karnataka,False,1,1.87
TXN208388,,2025-04-11T12:59:00,ACC00312,ACC00055,1802.14,UPI,Jaipur,Rajasthan,False,9,1.96
TXN208389,,2025-08-08T04:21:00,ACC00092,ACC00408,2657.65,Card,Mumbai,Maharashtra,False,21,0.17
TXN208390,,2025-08-23T06:26:00,ACC00456,ACC00332,1463.6,NEFT,Delhi,Delhi,False,4,1.05
TXN208391,,2025-01-17T01:21:00,ACC00457,ACC00397,10908.82,IMPS,Kanpur,Uttar Pradesh,False,13,0.94
TXN208392,,2025-05-26T01:02:00,ACC00292,ACC00058,772.71,IMPS,Lucknow,Uttar Pradesh,False,5,1.73
TXN208393,,2025-03-26T05:05:00,ACC00156,ACC00178,94.87,NEFT,Kanpur,Uttar Pradesh,False,11,0.79
TXN208394,,2025-05-12T00:04:00,ACC00003,ACC00250,290.51,Card,Bengaluru,Karnataka,False,36,1.02
TXN208395,,2025-09-01T21:54:00,ACC00316,ACC00468,2269.55,RTGS,Jaipur,Rajasthan,False,30,0.86
TXN208396,,2025-04-18T02:21:00,ACC00308,ACC00160,5379.18,UPI,Jaipur,Rajasthan,False,20,0.83
TXN208397,,2025-03-30T17:51:00,ACC00309,ACC00383,2187.65,Card,Mumbai,Maharashtra,False,38,1.4
TXN208398,,2025-06-02T22:57:00,ACC00461,ACC00167,5252.84,RTGS,Bengaluru,Karnataka,False,12,1.07
TXN208399,,2025-06-06T21:22:00,ACC00044,ACC00058,21213.77,UPI,Hyderabad,Telangana,False,1,0.75
TXN208400,,2025-04-14T19:42:00,ACC00114,ACC00436,1422.84,Card,Jaipur,Rajasthan,False,28,0.54
TXN208401,,2025-02-11T00:06:00,ACC00414,ACC00229,1807.76,Wallet,Lucknow,Uttar Pradesh,False,15,0.6
TXN208402,,2025-07-20T18:01:00,ACC00043,ACC00261,793.95,IMPS,Delhi,Delhi,False,12,0.27
TXN208403,,2025-06-14T12:30:00,ACC00293,ACC00117,406.93,IMPS,Mumbai,Maharashtra,False,31,1.86
TXN208404,,2025-01-21T20:32:00,ACC00330,ACC00425,2212.11,NEFT,Bengaluru,Karnataka,False,5,0.48
TXN208405,,2025-03-29T22:02:00,ACC00227,ACC00127,614.33,IMPS,Hyderabad,Telangana,False,10,0.94
TXN208406,,2025-07-28T12:56:00,ACC00091,ACC00445,642.32,IMPS,Hyderabad,Telangana,False,21,0.95
TXN208407,,2025-01-31T16:59:00,ACC00134,ACC00374,9216.71,Card,Mumbai,Maharashtra,False,22,1.65
TXN208408,,2025-06-10T17:01:00,ACC00245,ACC00252,5484.78,Card,Jaipur,Rajasthan,False,20,1.76
TXN208409,,2025-04-06T19:59:00,ACC00314,ACC00196,1012.54,UPI,Delhi,Delhi,False,17,0.35
TXN208410,,2025-09-16T15:12:00,ACC00166,ACC00420,916.76,UPI,Bengaluru,Karnataka,False,13,0.15
TXN208411,,2025-01-01T12:21:00,ACC00378,ACC00457,1155.92,UPI,Hyderabad,Telangana,False,6,0.82
TXN208412,,2025-08-05T09:11:00,ACC00378,ACC00033,3043.62,IMPS,Hyderabad,Telangana,False,12,1.02
TXN208413,,2025-03-10T03:42:00,ACC00376,ACC00488,3038.4,UPI,Patna,Bihar,False,19,1.56
TXN208414,,2025-07-14T12:11:00,ACC00313,ACC00139,713.05,NEFT,Kanpur,Uttar Pradesh,False,36,1.07
TXN208415,,2025-07-19T13:27:00,ACC00277,ACC00418,5002.34,Wallet,Jaipur,Rajasthan,False,27,1.07
TXN208416,,2025-06-16T18:55:00,ACC00362,ACC00305,2413.41,Card,Bengaluru,Karnataka,False,7,1.01
TXN208417,,2025-05-08T03:34:00,ACC00281,ACC00321,2552.75,NEFT,Kanpur,Uttar Pradesh,False,21,0.99
TXN208418,,2025-03-16T20:11:00,ACC00140,ACC00367,903.41,UPI,Mumbai,Maharashtra,False,19,0.81
TXN208419,,2025-08-09T07:08:00,ACC00421,ACC00037,4192.31,Wallet,Mumbai,Maharashtra,False,6,0.96
TXN208420,,2025-06-20T06:55:00,ACC00273,ACC00171,3816.85,UPI,Mumbai,Maharashtra,False,26,1.02
TXN208421,,2025-06-21T21:26:00,ACC00068,ACC00439,1001.15,Wallet,Patna,Bihar,False,5,1.82
TXN208422,,2025-08-06T10:14:00,ACC00321,ACC00399,454.67,UPI,Jaipur,Rajasthan,False,1,1.73
TXN208423,,2025-03-14T03:02:00,ACC00027,ACC00087,2243.76,Wallet,Kanpur,Uttar Pradesh,False,8,1.1
TXN208424,,2025-02-14T09:19:00,ACC00299,ACC00401,809.86,RTGS,Kanpur,Uttar Pradesh,False,23,1.16
TXN208425,,2025-08-11T13:49:00,ACC00189,ACC00374,2674.0,Wallet,Mumbai,Maharashtra,False,17,1.16
TXN208426,,2025-02-07T01:59:00,ACC00454,ACC00030,3076.86,Wallet,Kanpur,Uttar Pradesh,False,19,1.77
TXN208427,,2025-07-28T08:57:00,ACC00329,ACC00052,175.4,UPI,Jaipur,Rajasthan,False,31,1.75
TXN208428,,2025-06-23T04:49:00,ACC00178,ACC00122,742.25,IMPS,Delhi,Delhi,False,23,0.34
TXN208429,,2025-01-04T15:51:00,ACC00442,ACC00212,815.92,RTGS,Mumbai,Maharashtra,False,30,1.59
TXN208430,,2025-02-13T23:03:00,ACC00017,ACC00415,772.0,Wallet,Hyderabad,Telangana,False,23,0.54
TXN208431,,2025-08-24T15:49:00,ACC00146,ACC00005,1790.73,RTGS,Mumbai,Maharashtra,False,16,0.8
TXN208432,,2025-01-29T19:06:00,ACC00207,ACC00481,11584.65,IMPS,Lucknow,Uttar Pradesh,False,37,1.76
TXN208433,,2025-01-08T04:44:00,ACC00206,ACC00044,693.22,Card,Patna,Bihar,False,20,1.18
TXN208434,,2025-08-06T15:43:00,ACC00367,ACC00323,1720.28,NEFT,Mumbai,Maharashtra,False,22,2.0
TXN208435,,2025-03-21T14:19:00,ACC00003,ACC00326,1577.09,RTGS,Hyderabad,Telangana,False,35,0.93
TXN208436,,2025-04-01T12:10:00,ACC00379,ACC00299,1295.5,IMPS,Patna,Bihar,False,23,0.5
TXN208437,,2025-03-08T06:22:00,ACC00083,ACC00377,8493.64,RTGS,Jaipur,Rajasthan,False,27,0.66
TXN208438,,2025-08-02T13:43:00,ACC00195,ACC00341,9244.88,IMPS,Hyderabad,Telangana,False,24,0.68
TXN208439,,2025-07-07T09:57:00,ACC00478,ACC00293,1419.3,UPI,Bengaluru,Karnataka,False,33,0.99
TXN208440,,2025-02-15T01:24:00,ACC00176,ACC00103,1404.32,Wallet,Hyderabad,Telangana,False,25,1.05
TXN208441,,2025-09-12T16:06:00,ACC00329,ACC00387,318.13,IMPS,Kanpur,Uttar Pradesh,False,16,1.92
TXN208442,,2025-08-20T04:46:00,ACC00324,ACC00096,2156.59,UPI,Lucknow,Uttar Pradesh,False,26,1.74
TXN208443,,2025-03-07T19:22:00,ACC00308,ACC00193,2961.99,RTGS,Bengaluru,Karnataka,False,21,1.26
TXN208444,,2025-04-28T09:36:00,ACC00021,ACC00213,4969.89,NEFT,Jaipur,Rajasthan,False,22,1.25
TXN208445,,2025-02-03T07:20:00,ACC00016,ACC00045,5897.19,RTGS,Jaipur,Rajasthan,False,22,1.37
TXN208446,,2025-03-04T06:29:00,ACC00345,ACC00224,16130.06,NEFT,Patna,Bihar,False,3,1.02
TXN208447,,2025-08-04T12:05:00,ACC00188,ACC00198,719.9,RTGS,Mumbai,Maharashtra,False,38,1.06
TXN208448,,2025-02-15T22:38:00,ACC00039,ACC00011,882.01,Card,Hyderabad,Telangana,False,30,0.3
TXN208449,,2025-01-30T23:49:00,ACC00429,ACC00465,5156.64,UPI,Lucknow,Uttar Pradesh,False,9,0.17
TXN208450,,2025-07-28T00:42:00,ACC00230,ACC00269,272.42,IMPS,Jaipur,Rajasthan,False,23,1.16
TXN208451,,2025-06-18T00:49:00,ACC00371,ACC00282,460.95,RTGS,Hyderabad,Telangana,False,18,0.23
TXN208452,,2025-08-16T11:25:00,ACC00211,ACC00131,3871.94,IMPS,Hyderabad,Telangana,False,34,0.86
TXN208453,,2025-02-28T07:14:00,ACC00212,ACC00481,2115.6,RTGS,Mumbai,Maharashtra,False,1,1.71
TXN208454,,2025-02-05T00:00:00,ACC00187,ACC00381,2231.24,NEFT,Hyderabad,Telangana,False,18,0.84
TXN208455,,2025-08-10T09:51:00,ACC00072,ACC00066,1710.02,UPI,Kanpur,Uttar Pradesh,False,12,1.57
TXN208456,,2025-04-13T21:16:00,ACC00463,ACC00183,1591.66,NEFT,Lucknow,Uttar Pradesh,False,22,0.11
TXN208457,,2025-09-16T21:59:00,ACC00490,ACC00472,3820.8,IMPS,Jaipur,Rajasthan,False,34,1.75
TXN208458,,2025-06-18T04:07:00,ACC00275,ACC00272,719.94,NEFT,Patna,Bihar,False,18,1.5
TXN208459,,2025-05-31T20:53:00,ACC00366,ACC00409,545.3,RTGS,Bengaluru,Karnataka,False,13,1.3
TXN208460,,2025-01-08T20:32:00,ACC00396,ACC00007,1831.62,Card,Hyderabad,Telangana,False,5,1.05
TXN208461,,2025-03-15T01:44:00,ACC00432,ACC00119,759.88,NEFT,Delhi,Delhi,False,7,0.68
TXN208462,,2025-09-04T16:02:00,ACC00153,ACC00312,8635.99,Card,Delhi,Delhi,False,18,1.74
TXN208463,,2025-01-11T21:28:00,ACC00284,ACC00003,669.2,Wallet,Patna,Bihar,False,1,0.38
TXN208464,,2025-06-06T17:46:00,ACC00426,ACC00001,604.82,NEFT,Patna,Bihar,False,18,1.33
TXN208465,,2025-03-15T22:16:00,ACC00045,ACC00430,570.74,Card,Bengaluru,Karnataka,False,11,1.05
TXN208466,,2025-08-22T05:44:00,ACC00370,ACC00300,1886.11,NEFT,Patna,Bihar,False,10,0.89
TXN208467,,2025-04-20T10:02:00,ACC00411,ACC00105,4383.79,NEFT,Kanpur,Uttar Pradesh,False,9,1.87
TXN208468,,2025-04-30T17:54:00,ACC00363,ACC00443,820.96,NEFT,Patna,Bihar,False,20,0.39
TXN208469,,2025-02-06T16:07:00,ACC00355,ACC00482,8096.44,IMPS,Bengaluru,Karnataka,False,33,1.29
TXN208470,,2025-02-17T16:44:00,ACC00195,ACC00464,3477.01,IMPS,Delhi,Delhi,False,6,1.79
TXN208471,,2025-07-27T03:30:00,ACC00093,ACC00453,35894.29,IMPS,Kanpur,Uttar Pradesh,False,19,0.75
TXN208472,,2025-08-07T06:02:00,ACC00378,ACC00408,5862.32,NEFT,Jaipur,Rajasthan,False,16,0.84
TXN208473,,2025-08-21T07:26:00,ACC00373,ACC00338,2599.34,RTGS,Hyderabad,Telangana,False,18,1.95
TXN208474,,2025-07-12T13:19:00,ACC00114,ACC00105,6465.01,RTGS,Patna,Bihar,False,23,1.72
TXN208475,,2025-02-04T16:14:00,ACC00056,ACC00182,1828.77,IMPS,Kanpur,Uttar Pradesh,False,16,0.57
TXN208476,,2025-04-06T01:06:00,ACC00081,ACC00260,507.12,Wallet,Kanpur,Uttar Pradesh,False,19,0.91
TXN208477,,2025-03-20T22:46:00,ACC00090,ACC00181,3380.52,Card,Kanpur,Uttar Pradesh,False,29,1.06
TXN208478,,2025-02-28T05:56:00,ACC00116,ACC00349,892.32,Card,Lucknow,Uttar Pradesh,False,34,0.72
TXN208479,,2025-05-14T17:50:00,ACC00425,ACC00384,297.91,Wallet,Jaipur,Rajasthan,False,24,1.46
TXN208480,,2025-08-21T07:47:00,ACC00205,ACC00130,469.96,UPI,Mumbai,Maharashtra,False,15,1.93
TXN208481,,2025-02-23T09:23:00,ACC00083,ACC00467,6311.22,UPI,Bengaluru,Karnataka,False,39,0.51
TXN208482,,2025-07-19T12:40:00,ACC00040,ACC00089,9160.96,IMPS,Lucknow,Uttar Pradesh,False,16,0.76
TXN208483,,2025-02-17T02:53:00,ACC00455,ACC00160,6466.47,IMPS,Hyderabad,Telangana,False,18,0.52
TXN208484,,2025-04-01T08:33:00,ACC00146,ACC00043,638.89,Card,Mumbai,Maharashtra,False,30,0.4
TXN208485,,2025-09-13T04:01:00,ACC00378,ACC00214,9124.87,IMPS,Jaipur,Rajasthan,False,9,1.68
TXN208486,,2025-03-01T00:03:00,ACC00317,ACC00381,10217.88,Wallet,Lucknow,Uttar Pradesh,False,7,1.36
TXN208487,,2025-09-10T08:25:00,ACC00264,ACC00056,1444.83,Wallet,Delhi,Delhi,False,2,0.68
TXN208488,,2025-03-12T23:11:00,ACC00119,ACC00376,1964.72,RTGS,Lucknow,Uttar Pradesh,False,15,0.6
TXN208489,,2025-02-10T00:31:00,ACC00084,ACC00159,2001.95,NEFT,Bengaluru,Karnataka,False,1,1.12
TXN208490,,2025-07-02T15:01:00,ACC00205,ACC00334,1630.76,NEFT,Bengaluru,Karnataka,False,7,1.24
TXN208491,,2025-08-16T13:03:00,ACC00266,ACC00306,552.95,Card,Lucknow,Uttar Pradesh,False,3,0.62
TXN208492,,2025-02-18T06:46:00,ACC00166,ACC00425,2476.73,RTGS,Hyderabad,Telangana,False,7,1.29
TXN208493,,2025-08-25T11:57:00,ACC00351,ACC00184,1918.86,Wallet,Hyderabad,Telangana,False,22,1.61
TXN208494,,2025-07-15T10:54:00,ACC00136,ACC00263,1621.77,Card,Jaipur,Rajasthan,False,14,1.81
TXN208495,,2025-09-11T07:09:00,ACC00411,ACC00320,9767.95,RTGS,Jaipur,Rajasthan,False,23,0.59
TXN208496,,2025-03-31T05:33:00,ACC00336,ACC00456,3293.1,Wallet,Kanpur,Uttar Pradesh,False,12,0.44
TXN208497,,2025-02-07T18:38:00,ACC00280,ACC00091,1240.75,Card,Jaipur,Rajasthan,False,1,0.22
TXN208498,,2025-09-07T11:10:00,ACC00390,ACC00275,485.7,Wallet,Jaipur,Rajasthan,False,22,0.41
TXN208499,,2025-02-08T22:30:00,ACC00099,ACC00288,1196.66,UPI,Jaipur,Rajasthan,False,36,1.16
TXN208500,,2025-02-21T09:10:00,ACC00265,ACC00059,750.55,RTGS,Bengaluru,Karnataka,False,18,0.16
TXN208501,,2025-07-17T22:00:00,ACC00452,ACC00422,4929.58,Card,Mumbai,Maharashtra,False,34,1.34
TXN208502,,2025-04-04T13:36:00,ACC00388,ACC00463,408.6,RTGS,Delhi,Delhi,False,24,0.92
TXN208503,,2025-05-10T04:33:00,ACC00326,ACC00158,1079.76,NEFT,Jaipur,Rajasthan,False,21,1.79
TXN208504,,2025-09-10T22:15:00,ACC00048,ACC00055,5652.65,NEFT,Delhi,Delhi,False,15,1.8
TXN208505,,2025-04-17T19:57:00,ACC00386,ACC00214,873.81,Wallet,Jaipur,Rajasthan,False,18,1.76
TXN208506,,2025-02-12T00:50:00,ACC00082,ACC00182,9329.06,RTGS,Jaipur,Rajasthan,False,33,1.43
TXN208507,,2025-02-18T19:54:00,ACC00167,ACC00478,2417.81,RTGS,Jaipur,Rajasthan,False,35,1.29
TXN208508,,2025-03-04T14:45:00,ACC00173,ACC00014,2703.45,UPI,Hyderabad,Telangana,False,24,0.56
TXN208509,,2025-03-12T17:08:00,ACC00057,ACC00442,575.86,Wallet,Mumbai,Maharashtra,False,26,1.08
TXN208510,,2025-02-05T01:36:00,ACC00496,ACC00488,2504.4,UPI,Patna,Bihar,False,26,0.86
TXN208511,,2025-01-10T19:01:00,ACC00432,ACC00260,2543.13,UPI,Delhi,Delhi,False,1,0.24
TXN208512,,2025-01-05T02:19:00,ACC00412,ACC00422,4626.92,RTGS,Mumbai,Maharashtra,False,2,0.77
TXN208513,,2025-06-10T10:27:00,ACC00147,ACC00253,1572.19,NEFT,Hyderabad,Telangana,False,20,1.73
TXN208514,,2025-07-01T13:11:00,ACC00251,ACC00463,860.96,NEFT,Jaipur,Rajasthan,False,17,0.67
TXN208515,,2025-03-20T18:26:00,ACC00176,ACC00130,5511.41,IMPS,Lucknow,Uttar Pradesh,False,13,0.38
TXN208516,,2025-04-24T00:29:00,ACC00004,ACC00013,825.45,RTGS,Mumbai,Maharashtra,False,23,1.98
TXN208517,,2025-07-29T03:13:00,ACC00342,ACC00422,1961.29,Card,Kanpur,Uttar Pradesh,False,6,0.5
TXN208518,,2025-09-10T17:40:00,ACC00337,ACC00203,2823.37,UPI,Mumbai,Maharashtra,False,11,1.44
TXN208519,,2025-06-23T14:14:00,ACC00253,ACC00086,589.32,UPI,Bengaluru,Karnataka,False,21,1.33
TXN208520,,2025-05-11T09:40:00,ACC00021,ACC00473,673.33,NEFT,Bengaluru,Karnataka,False,39,1.82
TXN208521,,2025-04-06T08:15:00,ACC00188,ACC00470,10118.73,UPI,Mumbai,Maharashtra,False,31,1.98
TXN208522,,2025-04-27T04:36:00,ACC00477,ACC00245,2770.77,NEFT,Lucknow,Uttar Pradesh,False,28,0.72
TXN208523,,2025-02-10T09:17:00,ACC00477,ACC00459,262.52,IMPS,Bengaluru,Karnataka,False,26,0.29
TXN208524,,2025-03-30T01:11:00,ACC00495,ACC00323,1798.72,IMPS,Kanpur,Uttar Pradesh,False,16,1.26
TXN208525,,2025-04-14T21:25:00,ACC00429,ACC00027,17232.48,UPI,Kanpur,Uttar Pradesh,False,20,1.88
TXN208526,,2025-01-18T07:13:00,ACC00146,ACC00190,14177.65,RTGS,Delhi,Delhi,False,28,0.64
TXN208527,,2025-05-05T20:34:00,ACC00021,ACC00382,4942.28,UPI,Jaipur,Rajasthan,False,20,1.07
TXN208528,,2025-04-12T12:30:00,ACC00467,ACC00025,1190.49,RTGS,Mumbai,Maharashtra,False,10,0.94
TXN208529,,2025-01-04T08:09:00,ACC00281,ACC00344,1793.47,Wallet,Jaipur,Rajasthan,False,19,0.58
TXN208530,,2025-04-23T06:37:00,ACC00398,ACC00390,2527.2,UPI,Lucknow,Uttar Pradesh,False,7,1.37
TXN208531,,2025-05-06T09:01:00,ACC00244,ACC00073,1622.85,Card,Kanpur,Uttar Pradesh,False,27,1.79
TXN208532,,2025-03-27T03:21:00,ACC00145,ACC00169,4941.55,RTGS,Bengaluru,Karnataka,False,30,1.74
TXN208533,,2025-06-03T22:16:00,ACC00062,ACC00178,321.3,NEFT,Kanpur,Uttar Pradesh,False,17,0.43
TXN208534,,2025-02-15T20:03:00,ACC00308,ACC00104,8396.96,UPI,Delhi,Delhi,False,23,1.66
TXN208535,,2025-06-17T15:57:00,ACC00088,ACC00094,616.82,UPI,Bengaluru,Karnataka,False,11,0.33
TXN208536,,2025-07-13T01:31:00,ACC00009,ACC00254,2230.36,RTGS,Bengaluru,Karnataka,False,16,1.54
TXN208537,,2025-07-22T10:01:00,ACC00234,ACC00010,3535.33,Wallet,Jaipur,Rajasthan,False,8,1.62
TXN208538,,2025-02-20T21:57:00,ACC00342,ACC00135,4934.69,IMPS,Bengaluru,Karnataka,False,7,1.69
TXN208539,,2025-05-13T13:23:00,ACC00407,ACC00492,6769.98,RTGS,Patna,Bihar,False,19,0.26
TXN208540,,2025-07-17T06:15:00,ACC00454,ACC00190,10962.02,Card,Patna,Bihar,False,9,0.85
TXN208541,,2025-08-10T23:47:00,ACC00379,ACC00312,1939.62,UPI,Mumbai,Maharashtra,False,33,0.89
TXN208542,,2025-06-29T20:50:00,ACC00352,ACC00222,323.72,NEFT,Mumbai,Maharashtra,False,12,0.81
TXN208543,,2025-06-26T11:12:00,ACC00159,ACC00493,3942.17,UPI,Mumbai,Maharashtra,False,5,1.36
TXN208544,,2025-05-07T21:28:00,ACC00113,ACC00495,758.27,IMPS,Delhi,Delhi,False,34,1.38
TXN208545,,2025-07-09T07:04:00,ACC00052,ACC00456,3871.46,RTGS,Bengaluru,Karnataka,False,8,0.54
TXN208546,,2025-05-04T16:37:00,ACC00357,ACC00142,1864.37,IMPS,Lucknow,Uttar Pradesh,False,18,0.11
TXN208547,,2025-06-03T03:43:00,ACC00147,ACC00248,3746.17,Wallet,Kanpur,Uttar Pradesh,False,24,0.73
TXN208548,,2025-04-16T07:27:00,ACC00386,ACC00117,2597.12,IMPS,Lucknow,Uttar Pradesh,False,9,1.4
TXN208549,,2025-01-16T06:10:00,ACC00384,ACC00379,3985.05,RTGS,Delhi,Delhi,False,18,0.53
TXN208550,,2025-03-16T22:12:00,ACC00396,ACC00294,751.73,RTGS,Patna,Bihar,False,16,0.87
TXN208551,,2025-08-05T10:54:00,ACC00254,ACC00014,3737.11,NEFT,Mumbai,Maharashtra,False,4,0.16
TXN208552,,2025-03-21T16:25:00,ACC00196,ACC00159,1678.94,Wallet,Delhi,Delhi,False,27,1.11
TXN208553,,2025-02-20T01:54:00,ACC00446,ACC00394,2731.74,Wallet,Lucknow,Uttar Pradesh,False,31,0.73
TXN208554,,2025-08-07T07:07:00,ACC00362,ACC00178,521.28,UPI,Bengaluru,Karnataka,False,18,0.91
TXN208555,,2025-02-25T09:10:00,ACC00198,ACC00264,736.01,Card,Bengaluru,Karnataka,False,21,0.61
TXN208556,,2025-06-26T18:31:00,ACC00148,ACC00326,1708.01,IMPS,Bengaluru,Karnataka,False,14,1.73
TXN208557,,2025-04-17T15:39:00,ACC00489,ACC00320,1502.41,RTGS,Patna,Bihar,False,32,0.8
TXN208558,,2025-01-10T08:01:00,ACC00350,ACC00127,1476.62,NEFT,Delhi,Delhi,False,15,1.03
TXN208559,,2025-04-15T22:10:00,ACC00066,ACC00347,296.35,UPI,Lucknow,Uttar Pradesh,False,3,1.04
TXN208560,,2025-01-13T07:11:00,ACC00039,ACC00435,1538.56,IMPS,Delhi,Delhi,False,15,0.15
TXN208561,,2025-08-25T21:15:00,ACC00416,ACC00158,3062.06,Wallet,Hyderabad,Telangana,False,20,1.36
TXN208562,,2025-09-05T19:37:00,ACC00248,ACC00118,8424.52,NEFT,Lucknow,Uttar Pradesh,False,31,0.34
TXN208563,,2025-05-18T09:06:00,ACC00157,ACC00222,172.2,RTGS,Bengaluru,Karnataka,False,22,1.11
TXN208564,,2025-05-10T18:54:00,ACC00000,ACC00181,903.37,UPI,Bengaluru,Karnataka,False,16,1.42
TXN208565,,2025-07-11T08:05:00,ACC00239,ACC00087,807.98,NEFT,Jaipur,Rajasthan,False,19,1.18
TXN208566,,2025-07-11T07:55:00,ACC00320,ACC00114,455.49,Card,Delhi,Delhi,False,30,0.32
TXN208567,,2025-07-26T23:26:00,ACC00231,ACC00057,458.92,Wallet,Hyderabad,Telangana,False,1,1.55
TXN208568,,2025-08-30T12:49:00,ACC00494,ACC00300,1685.87,NEFT,Lucknow,Uttar Pradesh,False,3,1.41
TXN208569,,2025-05-23T20:09:00,ACC00023,ACC00466,1522.06,Card,Hyderabad,Telangana,False,17,0.83
TXN208570,,2025-09-01T23:16:00,ACC00277,ACC00484,2016.13,RTGS,Mumbai,Maharashtra,False,7,0.83
TXN208571,,2025-02-21T14:26:00,ACC00283,ACC00462,1797.36,RTGS,Hyderabad,Telangana,False,8,1.29
TXN208572,,2025-05-12T22:33:00,ACC00177,ACC00215,408.03,UPI,Patna,Bihar,False,13,0.38
TXN208573,,2025-04-30T09:31:00,ACC00487,ACC00482,1957.13,IMPS,Delhi,Delhi,False,18,0.41
TXN208574,,2025-02-02T07:04:00,ACC00301,ACC00113,528.47,IMPS,Hyderabad,Telangana,False,23,0.24
TXN208575,,2025-07-13T19:55:00,ACC00091,ACC00428,281.34,Wallet,Delhi,Delhi,False,1,0.74
TXN208576,,2025-08-22T18:37:00,ACC00147,ACC00433,3170.98,RTGS,Lucknow,Uttar Pradesh,False,26,1.68
TXN208577,,2025-06-18T17:42:00,ACC00261,ACC00494,1230.1,RTGS,Hyderabad,Telangana,False,14,0.69
TXN208578,,2025-05-30T15:59:00,ACC00099,ACC00033,414.63,UPI,Bengaluru,Karnataka,False,30,1.05
TXN208579,,2025-06-23T06:01:00,ACC00488,ACC00038,5042.47,Wallet,Patna,Bihar,False,24,0.95
TXN208580,,2025-05-11T23:40:00,ACC00040,ACC00495,2402.83,IMPS,Lucknow,Uttar Pradesh,False,17,0.43
TXN208581,,2025-05-13T10:11:00,ACC00317,ACC00304,397.37,Card,Lucknow,Uttar Pradesh,False,1,0.92
TXN208582,,2025-02-04T22:56:00,ACC00106,ACC00276,1567.37,Wallet,Kanpur,Uttar Pradesh,False,15,1.61
TXN208583,,2025-04-16T22:27:00,ACC00306,ACC00067,5597.13,Wallet,Patna,Bihar,False,21,1.95
TXN208584,,2025-03-05T14:31:00,ACC00303,ACC00451,3018.86,Wallet,Bengaluru,Karnataka,False,17,1.22
TXN208585,,2025-02-22T06:22:00,ACC00040,ACC00466,3268.45,IMPS,Bengaluru,Karnataka,False,30,0.56
TXN208586,,2025-04-06T04:14:00,ACC00211,ACC00453,3043.8,Card,Lucknow,Uttar Pradesh,False,39,0.75
TXN208587,,2025-05-23T06:09:00,ACC00114,ACC00352,3178.94,UPI,Jaipur,Rajasthan,False,4,1.84
TXN208588,,2025-09-09T20:50:00,ACC00367,ACC00019,180.66,UPI,Lucknow,Uttar Pradesh,False,24,1.63
TXN208589,,2025-04-29T05:01:00,ACC00396,ACC00353,1241.5,UPI,Kanpur,Uttar Pradesh,False,23,1.98
TXN208590,,2025-06-14T18:41:00,ACC00435,ACC00124,814.41,Wallet,Patna,Bihar,False,19,1.52
TXN208591,,2025-03-25T23:20:00,ACC00201,ACC00227,1228.91,IMPS,Bengaluru,Karnataka,False,15,1.57
TXN208592,,2025-08-20T00:24:00,ACC00252,ACC00210,10572.45,UPI,Patna,Bihar,False,20,0.53
TXN208593,,2025-05-19T09:59:00,ACC00272,ACC00055,12555.55,Wallet,Hyderabad,Telangana,False,14,0.42
TXN208594,,2025-05-02T19:46:00,ACC00250,ACC00246,780.38,RTGS,Bengaluru,Karnataka,False,17,0.95
TXN208595,,2025-05-13T02:09:00,ACC00419,ACC00048,1546.67,RTGS,Mumbai,Maharashtra,False,19,1.61
TXN208596,,2025-04-20T04:51:00,ACC00224,ACC00339,1022.55,NEFT,Lucknow,Uttar Pradesh,False,7,1.22
TXN208597,,2025-08-03T15:51:00,ACC00030,ACC00395,1133.61,Card,Mumbai,Maharashtra,False,2,0.12
TXN208598,,2025-08-26T17:24:00,ACC00172,ACC00368,1834.31,NEFT,Mumbai,Maharashtra,False,18,1.26
TXN208599,,2025-06-27T11:52:00,ACC00451,ACC00291,578.62,Wallet,Jaipur,Rajasthan,False,18,1.78
TXN208600,,2025-06-10T01:15:00,ACC00480,ACC00240,2059.69,NEFT,Jaipur,Rajasthan,False,11,1.47
TXN208601,,2025-07-24T15:39:00,ACC00045,ACC00157,6382.65,IMPS,Delhi,Delhi,False,10,1.06
TXN208602,,2025-05-19T03:44:00,ACC00057,ACC00394,1617.54,Card,Lucknow,Uttar Pradesh,False,3,1.35
TXN208603,,2025-03-06T11:25:00,ACC00093,ACC00209,3738.16,NEFT,Mumbai,Maharashtra,False,13,1.07
TXN208604,,2025-04-15T08:14:00,ACC00498,ACC00484,4775.04,IMPS,Patna,Bihar,False,37,0.85
TXN208605,,2025-04-04T14:27:00,ACC00353,ACC00377,13357.36,Wallet,Bengaluru,Karnataka,False,1,1.27
TXN208606,,2025-01-21T12:59:00,ACC00380,ACC00463,7806.36,Card,Bengaluru,Karnataka,False,26,1.45
TXN208607,,2025-06-02T05:42:00,ACC00302,ACC00049,911.88,Wallet,Bengaluru,Karnataka,False,28,0.41
TXN208608,,2025-03-07T16:23:00,ACC00174,ACC00087,818.6,IMPS,Lucknow,Uttar Pradesh,False,31,1.14
TXN208609,,2025-08-16T12:53:00,ACC00116,ACC00232,2108.45,RTGS,Bengaluru,Karnataka,False,21,0.22
TXN208610,,2025-05-21T02:44:00,ACC00310,ACC00230,1581.71,Card,Jaipur,Rajasthan,False,21,1.85
TXN208611,,2025-04-12T14:34:00,ACC00365,ACC00259,3531.54,Card,Patna,Bihar,False,34,1.29
TXN208612,,2025-01-18T02:27:00,ACC00060,ACC00009,3798.23,NEFT,Patna,Bihar,False,32,0.64
TXN208613,,2025-02-14T12:59:00,ACC00477,ACC00345,448.32,RTGS,Kanpur,Uttar Pradesh,False,25,0.45
TXN208614,,2025-08-21T22:52:00,ACC00150,ACC00301,1503.28,IMPS,Hyderabad,Telangana,False,31,1.22
TXN208615,,2025-01-21T23:28:00,ACC00492,ACC00145,1816.14,IMPS,Lucknow,Uttar Pradesh,False,31,0.98
TXN208616,,2025-06-13T21:23:00,ACC00304,ACC00216,4469.64,UPI,Hyderabad,Telangana,False,1,0.65
TXN208617,,2025-07-03T09:28:00,ACC00270,ACC00276,5717.15,IMPS,Hyderabad,Telangana,False,51,1.8
TXN208618,,2025-05-09T14:56:00,ACC00346,ACC00304,790.13,UPI,Delhi,Delhi,False,20,1.07
TXN208619,,2025-07-18T15:33:00,ACC00233,ACC00283,1308.28,Wallet,Kanpur,Uttar Pradesh,False,25,1.93
TXN208620,,2025-08-01T21:53:00,ACC00102,ACC00362,715.4,UPI,Delhi,Delhi,False,24,1.1
TXN208621,,2025-07-25T11:18:00,ACC00483,ACC00497,1589.09,NEFT,Kanpur,Uttar Pradesh,False,27,1.34
TXN208622,,2025-05-21T00:56:00,ACC00009,ACC00140,411.35,NEFT,Hyderabad,Telangana,False,1,1.74
TXN208623,,2025-03-15T04:42:00,ACC00191,ACC00378,389.84,UPI,Kanpur,Uttar Pradesh,False,12,0.65
TXN208624,,2025-03-28T23:29:00,ACC00464,ACC00209,2374.54,RTGS,Patna,Bihar,False,17,0.62
TXN208625,,2025-02-20T18:53:00,ACC00056,ACC00135,7331.07,UPI,Patna,Bihar,False,31,0.11
TXN208626,,2025-03-02T07:58:00,ACC00375,ACC00295,349.72,UPI,Delhi,Delhi,False,17,0.27
TXN208627,,2025-02-07T04:46:00,ACC00257,ACC00297,5494.25,UPI,Bengaluru,Karnataka,False,20,0.62
TXN208628,,2025-08-24T04:24:00,ACC00049,ACC00292,377.2,UPI,Delhi,Delhi,False,9,0.96
TXN208629,,2025-02-10T03:43:00,ACC00364,ACC00411,3090.55,IMPS,Patna,Bihar,False,10,1.78
TXN208630,,2025-08-23T22:53:00,ACC00483,ACC00111,6320.56,NEFT,Jaipur,Rajasthan,False,1,0.86
TXN208631,,2025-03-01T18:43:00,ACC00273,ACC00463,2131.56,RTGS,Kanpur,Uttar Pradesh,False,18,1.33
TXN208632,,2025-01-20T02:59:00,ACC00294,ACC00097,8861.18,NEFT,Kanpur,Uttar Pradesh,False,4,1.29
TXN208633,,2025-02-06T21:14:00,ACC00189,ACC00479,2395.19,Card,Bengaluru,Karnataka,False,22,0.36
TXN208634,,2025-03-07T15:45:00,ACC00294,ACC00359,864.04,NEFT,Bengaluru,Karnataka,False,21,1.03
TXN208635,,2025-07-17T16:33:00,ACC00355,ACC00331,884.92,UPI,Kanpur,Uttar Pradesh,False,24,1.23
TXN208636,,2025-06-13T16:39:00,ACC00013,ACC00113,1279.57,IMPS,Kanpur,Uttar Pradesh,False,24,0.53
TXN208637,,2025-05-04T13:17:00,ACC00049,ACC00009,1420.04,RTGS,Kanpur,Uttar Pradesh,False,29,0.31
TXN208638,,2025-08-23T17:31:00,ACC00423,ACC00451,1412.74,NEFT,Kanpur,Uttar Pradesh,False,34,1.14
TXN208639,,2025-04-21T17:45:00,ACC00273,ACC00033,130.59,Wallet,Jaipur,Rajasthan,False,25,1.22
TXN208640,,2025-01-29T12:58:00,ACC00445,ACC00310,640.85,Card,Lucknow,Uttar Pradesh,False,19,1.7
TXN208641,,2025-05-19T19:57:00,ACC00104,ACC00218,3357.12,UPI,Delhi,Delhi,False,3,1.88
TXN208642,,2025-04-28T06:05:00,ACC00147,ACC00407,544.28,Card,Mumbai,Maharashtra,False,14,1.73
TXN208643,,2025-03-25T02:51:00,ACC00177,ACC00354,269.84,IMPS,Bengaluru,Karnataka,False,3,1.25
TXN208644,,2025-01-09T22:28:00,ACC00095,ACC00367,3662.52,Card,Hyderabad,Telangana,False,8,0.78
TXN208645,,2025-03-07T10:26:00,ACC00064,ACC00236,2048.44,RTGS,Mumbai,Maharashtra,False,15,1.17
TXN208646,,2025-08-15T11:00:00,ACC00453,ACC00150,3866.26,RTGS,Hyderabad,Telangana,False,29,0.92
TXN208647,,2025-03-07T20:34:00,ACC00480,ACC00046,1415.17,IMPS,Patna,Bihar,False,20,0.27
TXN208648,,2025-09-17T14:35:00,ACC00008,ACC00371,3333.45,IMPS,Jaipur,Rajasthan,False,35,0.32
TXN208649,,2025-01-01T06:10:00,ACC00436,ACC00002,1105.13,UPI,Jaipur,Rajasthan,False,10,1.22
TXN208650,,2025-03-20T22:52:00,ACC00028,ACC00447,460.14,RTGS,Hyderabad,Telangana,False,17,0.23
TXN208651,,2025-03-06T21:11:00,ACC00110,ACC00004,3398.87,Wallet,Bengaluru,Karnataka,False,20,0.65
TXN208652,,2025-05-04T23:26:00,ACC00232,ACC00115,2404.36,RTGS,Delhi,Delhi,False,21,0.53
TXN208653,,2025-07-16T13:58:00,ACC00308,ACC00449,4105.29,NEFT,Lucknow,Uttar Pradesh,False,18,1.28
TXN208654,,2025-04-14T08:18:00,ACC00378,ACC00158,1485.11,UPI,Bengaluru,Karnataka,False,24,1.45
TXN208655,,2025-04-15T16:14:00,ACC00310,ACC00011,9761.4,RTGS,Kanpur,Uttar Pradesh,False,25,1.41
TXN208656,,2025-01-19T08:58:00,ACC00038,ACC00056,3004.77,UPI,Bengaluru,Karnataka,False,20,0.9
TXN208657,,2025-05-08T13:17:00,ACC00240,ACC00017,6057.74,Wallet,Kanpur,Uttar Pradesh,False,36,0.34
TXN208658,,2025-07-16T15:13:00,ACC00387,ACC00239,14798.46,IMPS,Hyderabad,Telangana,False,11,1.91
TXN208659,,2025-07-01T15:49:00,ACC00016,ACC00337,4496.19,UPI,Lucknow,Uttar Pradesh,False,23,0.67
TXN208660,,2025-03-21T23:31:00,ACC00453,ACC00315,2120.0,IMPS,Hyderabad,Telangana,False,13,0.53
TXN208661,,2025-07-10T01:43:00,ACC00075,ACC00392,576.58,NEFT,Jaipur,Rajasthan,False,4,1.06
TXN208662,,2025-01-12T05:24:00,ACC00048,ACC00463,2012.29,UPI,Kanpur,Uttar Pradesh,False,9,0.54
TXN208663,,2025-03-30T01:08:00,ACC00015,ACC00192,3845.97,Wallet,Jaipur,Rajasthan,False,1,1.29
TXN208664,,2025-07-02T16:22:00,ACC00230,ACC00245,1269.09,Wallet,Patna,Bihar,False,10,0.72
TXN208665,,2025-02-27T17:16:00,ACC00319,ACC00394,6732.8,NEFT,Kanpur,Uttar Pradesh,False,20,1.48
TXN208666,,2025-03-02T20:05:00,ACC00170,ACC00027,5531.55,UPI,Hyderabad,Telangana,False,18,0.43
TXN208667,,2025-01-05T04:28:00,ACC00031,ACC00456,2633.21,RTGS,Jaipur,Rajasthan,False,18,0.89
TXN208668,,2025-02-22T00:27:00,ACC00032,ACC00322,982.98,IMPS,Hyderabad,Telangana,False,15,0.67
TXN208669,,2025-07-17T12:14:00,ACC00275,ACC00186,429.25,Wallet,Lucknow,Uttar Pradesh,False,17,1.56
TXN208670,,2025-05-17T11:15:00,ACC00095,ACC00106,3046.03,UPI,Patna,Bihar,False,20,1.21
TXN208671,,2025-08-28T11:34:00,ACC00095,ACC00076,2653.78,RTGS,Delhi,Delhi,False,15,0.18
TXN208672,,2025-07-08T01:57:00,ACC00431,ACC00328,736.06,IMPS,Kanpur,Uttar Pradesh,False,13,0.79
TXN208673,,2025-01-04T02:31:00,ACC00256,ACC00336,2021.58,Wallet,Kanpur,Uttar Pradesh,False,7,0.72
TXN208674,,2025-01-14T02:10:00,ACC00456,ACC00484,2813.59,NEFT,Mumbai,Maharashtra,False,26,0.91
TXN208675,,2025-03-17T15:55:00,ACC00219,ACC00260,3088.33,RTGS,Delhi,Delhi,False,19,0.85
TXN208676,,2025-04-13T12:02:00,ACC00017,ACC00309,2632.51,RTGS,Bengaluru,Karnataka,False,32,0.15
TXN208677,,2025-06-09T23:15:00,ACC00382,ACC00216,1336.42,IMPS,Patna,Bihar,False,24,0.72
TXN208678,,2025-01-12T03:49:00,ACC00242,ACC00065,928.91,RTGS,Hyderabad,Telangana,False,25,1.06
TXN208679,,2025-09-16T15:43:00,ACC00467,ACC00146,7675.79,RTGS,Lucknow,Uttar Pradesh,False,10,1.48
TXN208680,,2025-05-20T21:53:00,ACC00127,ACC00146,5220.67,Card,Lucknow,Uttar Pradesh,False,9,1.72
TXN208681,,2025-08-09T06:49:00,ACC00338,ACC00384,456.36,UPI,Mumbai,Maharashtra,False,14,1.79
TXN208682,,2025-07-07T20:01:00,ACC00449,ACC00464,2786.37,Wallet,Kanpur,Uttar Pradesh,False,31,0.37
TXN208683,,2025-02-21T10:46:00,ACC00425,ACC00435,1586.07,NEFT,Hyderabad,Telangana,False,18,1.26
TXN208684,,2025-05-02T08:58:00,ACC00307,ACC00087,1538.3,UPI,Bengaluru,Karnataka,False,17,0.72
TXN208685,,2025-02-17T01:39:00,ACC00120,ACC00038,4789.89,NEFT,Kanpur,Uttar Pradesh,False,35,0.33
TXN208686,,2025-02-10T02:42:00,ACC00386,ACC00244,3483.24,UPI,Kanpur,Uttar Pradesh,False,1,1.41
TXN208687,,2025-07-08T10:56:00,ACC00188,ACC00420,2455.89,RTGS,Bengaluru,Karnataka,False,11,0.98
TXN208688,,2025-01-24T01:07:00,ACC00260,ACC00465,1025.12,NEFT,Mumbai,Maharashtra,False,23,1.78
TXN208689,,2025-06-19T07:37:00,ACC00003,ACC00054,590.99,Wallet,Bengaluru,Karnataka,False,18,1.68
TXN208690,,2025-05-01T15:06:00,ACC00427,ACC00209,1202.43,Card,Mumbai,Maharashtra,False,25,1.48
TXN208691,,2025-02-17T23:55:00,ACC00445,ACC00373,698.2,Card,Jaipur,Rajasthan,False,22,1.92
TXN208692,,2025-08-23T01:56:00,ACC00040,ACC00307,861.43,RTGS,Hyderabad,Telangana,False,12,0.34
TXN208693,,2025-08-19T21:00:00,ACC00393,ACC00384,1380.06,UPI,Bengaluru,Karnataka,False,30,1.9
TXN208694,,2025-06-15T23:57:00,ACC00124,ACC00070,1560.02,IMPS,Patna,Bihar,False,15,1.82
TXN208695,,2025-01-02T15:27:00,ACC00053,ACC00266,1624.06,Card,Kanpur,Uttar Pradesh,False,30,1.84
TXN208696,,2025-05-28T02:21:00,ACC00426,ACC00333,1547.55,RTGS,Hyderabad,Telangana,False,13,1.62
TXN208697,,2025-07-31T18:11:00,ACC00149,ACC00023,1788.58,UPI,Jaipur,Rajasthan,False,7,0.97
TXN208698,,2025-02-11T04:00:00,ACC00365,ACC00386,1427.8,IMPS,Delhi,Delhi,False,25,0.8
TXN208699,,2025-01-03T00:13:00,ACC00027,ACC00368,3604.87,Card,Lucknow,Uttar Pradesh,False,29,0.25
TXN208700,,2025-02-17T11:26:00,ACC00445,ACC00055,1660.35,Wallet,Kanpur,Uttar Pradesh,False,28,0.18
TXN208701,,2025-06-10T01:19:00,ACC00137,ACC00077,479.75,RTGS,Lucknow,Uttar Pradesh,False,7,0.59
TXN208702,,2025-05-02T04:58:00,ACC00349,ACC00472,9099.71,Wallet,Delhi,Delhi,False,33,0.17
TXN208703,,2025-07-19T14:13:00,ACC00159,ACC00313,597.26,UPI,Delhi,Delhi,False,36,0.85
TXN208704,,2025-07-16T02:16:00,ACC00253,ACC00077,3564.55,Card,Kanpur,Uttar Pradesh,False,29,1.63
TXN208705,,2025-03-17T10:14:00,ACC00230,ACC00295,199.05,RTGS,Delhi,Delhi,False,25,1.71
TXN208706,,2025-06-18T03:30:00,ACC00095,ACC00152,311.99,Wallet,Bengaluru,Karnataka,False,14,1.58
TXN208707,,2025-09-05T09:51:00,ACC00130,ACC00488,2752.8,Wallet,Hyderabad,Telangana,False,1,1.96
TXN208708,,2025-07-14T15:14:00,ACC00285,ACC00009,1433.22,NEFT,Mumbai,Maharashtra,False,12,1.82
TXN208709,,2025-01-14T18:21:00,ACC00474,ACC00492,14330.12,NEFT,Hyderabad,Telangana,False,26,1.73
TXN208710,,2025-09-10T20:22:00,ACC00208,ACC00091,4011.86,RTGS,Jaipur,Rajasthan,False,27,1.86
TXN208711,,2025-03-17T16:03:00,ACC00096,ACC00463,3192.93,IMPS,Bengaluru,Karnataka,False,21,0.49
TXN208712,,2025-07-23T01:59:00,ACC00354,ACC00469,883.65,RTGS,Hyderabad,Telangana,False,22,0.44
TXN208713,,2025-01-21T02:14:00,ACC00096,ACC00249,857.72,Wallet,Hyderabad,Telangana,False,24,0.6
TXN208714,,2025-01-09T14:46:00,ACC00334,ACC00102,337.96,UPI,Hyderabad,Telangana,False,25,0.88
TXN208715,,2025-03-27T19:51:00,ACC00386,ACC00054,631.44,UPI,Mumbai,Maharashtra,False,27,1.98
TXN208716,,2025-04-03T12:49:00,ACC00274,ACC00224,4136.56,IMPS,Jaipur,Rajasthan,False,29,0.2
TXN208717,,2025-03-12T12:49:00,ACC00076,ACC00148,5890.0,IMPS,Delhi,Delhi,False,33,1.39
TXN208718,,2025-07-27T05:21:00,ACC00484,ACC00432,801.29,RTGS,Lucknow,Uttar Pradesh,False,5,0.67
TXN208719,,2025-07-21T13:43:00,ACC00381,ACC00096,1066.22,IMPS,Mumbai,Maharashtra,False,25,0.82
TXN208720,,2025-01-18T19:14:00,ACC00307,ACC00347,3632.69,Wallet,Lucknow,Uttar Pradesh,False,21,0.44
TXN208721,,2025-07-04T05:51:00,ACC00414,ACC00309,2195.04,RTGS,Patna,Bihar,False,9,1.21
TXN208722,,2025-04-14T22:43:00,ACC00310,ACC00472,4948.31,UPI,Mumbai,Maharashtra,False,13,0.88
TXN208723,,2025-03-30T14:41:00,ACC00377,ACC00320,1312.82,NEFT,Bengaluru,Karnataka,False,34,0.38
TXN208724,,2025-07-19T23:38:00,ACC00381,ACC00210,3432.34,Wallet,Jaipur,Rajasthan,False,10,0.93
TXN208725,,2025-04-25T23:26:00,ACC00335,ACC00132,4196.21,Card,Kanpur,Uttar Pradesh,False,28,1.15
TXN208726,,2025-07-05T18:39:00,ACC00306,ACC00488,316.54,RTGS,Mumbai,Maharashtra,False,15,0.92
TXN208727,,2025-05-17T00:31:00,ACC00099,ACC00155,2407.64,RTGS,Lucknow,Uttar Pradesh,False,21,0.87
TXN208728,,2025-04-14T21:46:00,ACC00024,ACC00107,1731.94,IMPS,Hyderabad,Telangana,False,1,0.93
TXN208729,,2025-06-16T17:44:00,ACC00104,ACC00025,2907.53,RTGS,Lucknow,Uttar Pradesh,False,9,1.6
TXN208730,,2025-03-27T08:20:00,ACC00328,ACC00123,6145.29,IMPS,Hyderabad,Telangana,False,21,0.17
TXN208731,,2025-01-13T20:06:00,ACC00366,ACC00497,541.77,UPI,Patna,Bihar,False,23,1.76
TXN208732,,2025-03-26T06:14:00,ACC00070,ACC00465,1668.56,RTGS,Patna,Bihar,False,16,1.98
TXN208733,,2025-06-09T07:44:00,ACC00484,ACC00013,365.85,Wallet,Bengaluru,Karnataka,False,29,0.83
TXN208734,,2025-07-28T14:14:00,ACC00184,ACC00118,4723.4,Card,Lucknow,Uttar Pradesh,False,26,0.54
TXN208735,,2025-07-10T02:06:00,ACC00392,ACC00093,1354.04,Wallet,Bengaluru,Karnataka,False,30,1.53
TXN208736,,2025-04-26T23:43:00,ACC00239,ACC00358,1730.88,NEFT,Mumbai,Maharashtra,False,18,0.44
TXN208737,,2025-05-18T05:41:00,ACC00444,ACC00455,1151.48,RTGS,Patna,Bihar,False,7,0.42
TXN208738,,2025-06-14T22:55:00,ACC00351,ACC00469,1349.85,NEFT,Hyderabad,Telangana,False,13,1.63
TXN208739,,2025-05-31T23:11:00,ACC00042,ACC00309,2888.41,RTGS,Mumbai,Maharashtra,False,12,0.28
TXN208740,,2025-01-31T07:10:00,ACC00415,ACC00309,440.67,NEFT,Lucknow,Uttar Pradesh,False,1,1.42
TXN208741,,2025-04-23T18:13:00,ACC00036,ACC00343,858.52,NEFT,Kanpur,Uttar Pradesh,False,34,1.98
TXN208742,,2025-04-07T20:39:00,ACC00015,ACC00274,3062.41,Card,Jaipur,Rajasthan,False,20,0.9
TXN208743,,2025-07-03T06:57:00,ACC00326,ACC00168,1981.48,Card,Hyderabad,Telangana,False,20,1.61
TXN208744,,2025-07-11T21:12:00,ACC00302,ACC00284,693.32,RTGS,Kanpur,Uttar Pradesh,False,26,1.18
TXN208745,,2025-07-19T03:41:00,ACC00145,ACC00495,1140.08,Wallet,Mumbai,Maharashtra,False,20,1.76
TXN208746,,2025-01-10T21:58:00,ACC00357,ACC00152,3180.6,Card,Kanpur,Uttar Pradesh,False,7,0.33
TXN208747,,2025-09-15T22:00:00,ACC00355,ACC00344,9748.21,Wallet,Jaipur,Rajasthan,False,26,1.59
TXN208748,,2025-05-29T03:14:00,ACC00101,ACC00039,697.29,UPI,Bengaluru,Karnataka,False,19,1.61
TXN208749,,2025-04-21T19:20:00,ACC00257,ACC00270,758.77,IMPS,Mumbai,Maharashtra,False,17,0.91
TXN208750,,2025-06-01T05:47:00,ACC00131,ACC00195,12406.19,Card,Mumbai,Maharashtra,False,13,0.48
TXN208751,,2025-02-15T22:34:00,ACC00303,ACC00413,2620.81,IMPS,Lucknow,Uttar Pradesh,False,30,0.58
TXN208752,,2025-04-25T13:24:00,ACC00210,ACC00164,427.53,RTGS,Patna,Bihar,False,10,0.37
TXN208753,,2025-07-14T12:34:00,ACC00439,ACC00087,2865.3,NEFT,Jaipur,Rajasthan,False,15,1.65
TXN208754,,2025-08-09T19:10:00,ACC00187,ACC00087,589.3,NEFT,Hyderabad,Telangana,False,22,1.93
TXN208755,,2025-01-05T23:09:00,ACC00214,ACC00223,401.59,UPI,Lucknow,Uttar Pradesh,False,22,0.43
TXN208756,,2025-09-01T05:57:00,ACC00336,ACC00485,3432.82,NEFT,Lucknow,Uttar Pradesh,False,17,0.76
TXN208757,,2025-09-04T13:42:00,ACC00475,ACC00295,550.28,IMPS,Jaipur,Rajasthan,False,28,0.89
TXN208758,,2025-07-08T09:45:00,ACC00144,ACC00321,314.52,Wallet,Jaipur,Rajasthan,False,1,0.54
TXN208759,,2025-09-16T10:35:00,ACC00175,ACC00431,5675.39,IMPS,Kanpur,Uttar Pradesh,False,15,0.93
TXN208760,,2025-01-18T20:29:00,ACC00338,ACC00304,3529.31,RTGS,Hyderabad,Telangana,False,11,1.22
TXN208761,,2025-04-21T16:19:00,ACC00288,ACC00162,519.56,IMPS,Jaipur,Rajasthan,False,33,0.99
TXN208762,,2025-01-19T15:39:00,ACC00462,ACC00385,1097.67,IMPS,Hyderabad,Telangana,False,25,0.95
TXN208763,,2025-07-22T05:15:00,ACC00489,ACC00424,1461.93,Wallet,Lucknow,Uttar Pradesh,False,30,1.34
TXN208764,,2025-06-09T00:57:00,ACC00131,ACC00468,5509.9,NEFT,Bengaluru,Karnataka,False,15,1.21
TXN208765,,2025-06-02T22:14:00,ACC00304,ACC00470,6329.11,Card,Bengaluru,Karnataka,False,14,0.43
TXN208766,,2025-05-11T20:09:00,ACC00199,ACC00169,1302.8,Card,Patna,Bihar,False,18,0.93
TXN208767,,2025-08-20T13:22:00,ACC00218,ACC00211,1425.19,NEFT,Mumbai,Maharashtra,False,16,1.84
TXN208768,,2025-06-14T15:56:00,ACC00176,ACC00372,5878.33,NEFT,Patna,Bihar,False,7,1.52
TXN208769,,2025-06-27T19:39:00,ACC00181,ACC00495,680.62,Wallet,Bengaluru,Karnataka,False,29,0.89
TXN208770,,2025-06-28T08:14:00,ACC00338,ACC00171,1069.41,IMPS,Hyderabad,Telangana,False,12,1.11
TXN208771,,2025-03-10T20:21:00,ACC00445,ACC00190,679.62,IMPS,Jaipur,Rajasthan,False,21,1.32
TXN208772,,2025-03-11T16:18:00,ACC00484,ACC00396,1258.44,IMPS,Delhi,Delhi,False,22,1.47
TXN208773,,2025-07-21T08:48:00,ACC00118,ACC00219,1646.55,IMPS,Hyderabad,Telangana,False,10,0.88
TXN208774,,2025-03-18T14:59:00,ACC00022,ACC00492,5364.64,RTGS,Lucknow,Uttar Pradesh,False,6,0.36
TXN208775,,2025-06-17T01:27:00,ACC00103,ACC00378,1032.6,RTGS,Kanpur,Uttar Pradesh,False,24,1.86
TXN208776,,2025-03-07T12:19:00,ACC00172,ACC00435,1470.34,IMPS,Kanpur,Uttar Pradesh,False,22,1.42
TXN208777,,2025-07-25T11:17:00,ACC00079,ACC00058,20371.2,UPI,Bengaluru,Karnataka,False,22,0.73
TXN208778,,2025-06-06T06:42:00,ACC00480,ACC00328,2067.73,UPI,Kanpur,Uttar Pradesh,False,12,1.55
TXN208779,,2025-04-11T03:22:00,ACC00201,ACC00197,4402.28,IMPS,Bengaluru,Karnataka,False,15,0.25
TXN208780,,2025-03-15T06:08:00,ACC00449,ACC00163,5878.53,RTGS,Bengaluru,Karnataka,False,21,0.24
TXN208781,,2025-07-08T15:54:00,ACC00373,ACC00243,1584.95,NEFT,Patna,Bihar,False,31,0.66
TXN208782,,2025-06-16T08:17:00,ACC00424,ACC00492,1358.67,UPI,Mumbai,Maharashtra,False,29,0.31
TXN208783,,2025-05-20T23:18:00,ACC00284,ACC00430,5478.51,Card,Lucknow,Uttar Pradesh,False,5,1.42
TXN208784,,2025-06-01T18:19:00,ACC00237,ACC00337,2419.2,IMPS,Hyderabad,Telangana,False,18,0.12
TXN208785,,2025-05-01T10:25:00,ACC00151,ACC00403,6675.64,Wallet,Jaipur,Rajasthan,False,24,1.41
TXN208786,,2025-01-12T19:28:00,ACC00485,ACC00078,492.61,RTGS,Delhi,Delhi,False,13,1.65
TXN208787,,2025-07-14T11:17:00,ACC00344,ACC00086,1318.81,Card,Patna,Bihar,False,30,1.86
TXN208788,,2025-01-07T18:32:00,ACC00376,ACC00108,1176.66,RTGS,Patna,Bihar,False,28,1.39
TXN208789,,2025-09-02T22:18:00,ACC00251,ACC00289,1913.07,RTGS,Jaipur,Rajasthan,False,2,1.24
TXN208790,,2025-02-12T13:22:00,ACC00257,ACC00254,2093.7,RTGS,Mumbai,Maharashtra,False,15,0.38
TXN208791,,2025-02-18T12:02:00,ACC00149,ACC00288,626.33,Card,Bengaluru,Karnataka,False,23,1.36
TXN208792,,2025-05-16T11:23:00,ACC00337,ACC00417,11916.24,RTGS,Mumbai,Maharashtra,False,32,0.57
TXN208793,,2025-03-08T16:48:00,ACC00322,ACC00248,6434.81,UPI,Jaipur,Rajasthan,False,10,1.73
TXN208794,,2025-03-27T02:13:00,ACC00205,ACC00465,2286.19,IMPS,Hyderabad,Telangana,False,22,0.67
TXN208795,,2025-04-21T17:20:00,ACC00201,ACC00431,430.25,Wallet,Patna,Bihar,False,15,0.79
TXN208796,,2025-05-22T10:47:00,ACC00367,ACC00371,997.5,NEFT,Bengaluru,Karnataka,False,13,0.18
TXN208797,,2025-07-08T17:31:00,ACC00234,ACC00471,691.09,IMPS,Bengaluru,Karnataka,False,22,1.43
TXN208798,,2025-01-19T11:50:00,ACC00425,ACC00011,2150.71,Wallet,Lucknow,Uttar Pradesh,False,33,0.38
TXN208799,,2025-06-06T03:05:00,ACC00213,ACC00408,538.32,Card,Hyderabad,Telangana,False,15,1.54
TXN208800,,2025-06-10T22:41:00,ACC00067,ACC00069,2577.49,RTGS,Bengaluru,Karnataka,False,24,0.28
TXN208801,,2025-03-29T22:56:00,ACC00446,ACC00208,973.25,UPI,Jaipur,Rajasthan,False,1,1.29
TXN208802,,2025-03-04T15:36:00,ACC00111,ACC00221,1454.13,IMPS,Delhi,Delhi,False,26,1.22
TXN208803,,2025-07-18T06:14:00,ACC00404,ACC00361,1439.97,NEFT,Patna,Bihar,False,24,1.89
TXN208804,,2025-02-05T00:47:00,ACC00093,ACC00276,2341.97,NEFT,Delhi,Delhi,False,30,1.04
TXN208805,,2025-02-14T00:33:00,ACC00448,ACC00450,1556.15,RTGS,Lucknow,Uttar Pradesh,False,28,1.11
TXN208806,,2025-07-17T12:43:00,ACC00165,ACC00269,1359.88,UPI,Patna,Bihar,False,30,0.92
TXN208807,,2025-07-08T04:07:00,ACC00323,ACC00322,1610.88,RTGS,Patna,Bihar,False,41,1.89
TXN208808,,2025-01-16T08:28:00,ACC00426,ACC00443,1867.15,UPI,Patna,Bihar,False,23,1.33
TXN208809,,2025-08-21T17:12:00,ACC00430,ACC00334,744.41,IMPS,Kanpur,Uttar Pradesh,False,25,1.3
TXN208810,,2025-05-27T02:40:00,ACC00353,ACC00313,1053.97,Card,Delhi,Delhi,False,20,1.88
TXN208811,,2025-07-21T13:59:00,ACC00045,ACC00252,2405.93,Wallet,Patna,Bihar,False,24,0.9
TXN208812,,2025-04-06T11:46:00,ACC00226,ACC00172,1651.92,Wallet,Jaipur,Rajasthan,False,12,0.57
TXN208813,,2025-08-29T09:31:00,ACC00470,ACC00415,496.05,UPI,Lucknow,Uttar Pradesh,False,42,1.15
TXN208814,,2025-08-02T21:37:00,ACC00218,ACC00370,6265.89,NEFT,Mumbai,Maharashtra,False,21,0.5
TXN208815,,2025-08-29T21:59:00,ACC00258,ACC00175,5536.38,Card,Patna,Bihar,False,28,0.84
TXN208816,,2025-04-11T01:03:00,ACC00186,ACC00178,2578.73,UPI,Jaipur,Rajasthan,False,31,0.78
TXN208817,,2025-03-22T21:27:00,ACC00280,ACC00389,1087.24,Card,Bengaluru,Karnataka,False,32,1.14
TXN208818,,2025-02-04T00:25:00,ACC00064,ACC00446,2597.82,Card,Kanpur,Uttar Pradesh,False,25,0.21
TXN208819,,2025-08-18T08:32:00,ACC00205,ACC00393,1189.48,RTGS,Patna,Bihar,False,33,0.47
TXN208820,,2025-06-28T00:37:00,ACC00216,ACC00405,1798.85,Wallet,Kanpur,Uttar Pradesh,False,16,0.11
TXN208821,,2025-05-20T19:37:00,ACC00414,ACC00272,834.61,Wallet,Kanpur,Uttar Pradesh,False,20,0.37
TXN208822,,2025-07-24T08:13:00,ACC00103,ACC00202,3976.33,Wallet,Jaipur,Rajasthan,False,20,1.9
TXN208823,,2025-01-07T16:15:00,ACC00264,ACC00003,1316.99,RTGS,Kanpur,Uttar Pradesh,False,12,0.45
TXN208824,,2025-07-16T17:26:00,ACC00312,ACC00285,2352.46,Card,Jaipur,Rajasthan,False,14,0.11
TXN208825,,2025-01-29T12:00:00,ACC00201,ACC00138,2824.91,Card,Lucknow,Uttar Pradesh,False,16,1.22
TXN208826,,2025-04-17T22:38:00,ACC00362,ACC00351,964.59,IMPS,Lucknow,Uttar Pradesh,False,28,0.58
TXN208827,,2025-07-09T00:15:00,ACC00127,ACC00176,524.37,RTGS,Delhi,Delhi,False,33,0.35
TXN208828,,2025-02-04T08:34:00,ACC00108,ACC00439,434.3,IMPS,Hyderabad,Telangana,False,1,0.25
TXN208829,,2025-07-24T13:46:00,ACC00081,ACC00204,10401.93,Card,Patna,Bihar,False,29,1.35
TXN208830,,2025-01-05T19:58:00,ACC00213,ACC00449,10176.25,RTGS,Mumbai,Maharashtra,False,10,1.84
TXN208831,,2025-06-20T08:43:00,ACC00279,ACC00476,1974.29,Card,Hyderabad,Telangana,False,24,0.24
TXN208832,,2025-07-29T19:06:00,ACC00204,ACC00468,3836.11,RTGS,Mumbai,Maharashtra,False,4,0.78
TXN208833,,2025-07-16T12:34:00,ACC00187,ACC00084,1626.89,RTGS,Bengaluru,Karnataka,False,33,1.34
TXN208834,,2025-06-24T18:29:00,ACC00245,ACC00070,600.22,Wallet,Hyderabad,Telangana,False,29,0.4
TXN208835,,2025-01-25T23:03:00,ACC00237,ACC00388,2426.44,IMPS,Delhi,Delhi,False,12,0.49
TXN208836,,2025-02-26T06:13:00,ACC00318,ACC00441,3480.44,Card,Lucknow,Uttar Pradesh,False,23,1.64
TXN208837,,2025-07-22T11:03:00,ACC00008,ACC00149,501.87,Wallet,Delhi,Delhi,False,40,1.7
TXN208838,,2025-06-25T20:18:00,ACC00117,ACC00408,6842.8,UPI,Kanpur,Uttar Pradesh,False,24,0.11
TXN208839,,2025-01-26T05:36:00,ACC00380,ACC00365,1633.09,Card,Patna,Bihar,False,4,1.18
TXN208840,,2025-09-06T13:25:00,ACC00468,ACC00096,3476.01,RTGS,Lucknow,Uttar Pradesh,False,26,1.36
TXN208841,,2025-03-13T17:58:00,ACC00482,ACC00326,1480.41,IMPS,Mumbai,Maharashtra,False,43,0.32
TXN208842,,2025-02-18T07:46:00,ACC00311,ACC00258,5753.47,NEFT,Hyderabad,Telangana,False,24,0.44
TXN208843,,2025-04-27T13:20:00,ACC00496,ACC00493,4709.56,Wallet,Bengaluru,Karnataka,False,39,0.75
TXN208844,,2025-02-24T03:13:00,ACC00440,ACC00340,566.9,Wallet,Jaipur,Rajasthan,False,19,1.89
TXN208845,,2025-07-17T13:20:00,ACC00414,ACC00285,364.34,RTGS,Kanpur,Uttar Pradesh,False,16,1.31
TXN208846,,2025-06-29T05:02:00,ACC00146,ACC00347,585.03,Card,Lucknow,Uttar Pradesh,False,33,1.02
TXN208847,,2025-02-26T23:28:00,ACC00002,ACC00017,2744.95,Wallet,Lucknow,Uttar Pradesh,False,18,1.94
TXN208848,,2025-06-07T14:36:00,ACC00406,ACC00201,1136.41,Card,Delhi,Delhi,False,28,0.28
TXN208849,,2025-06-14T07:26:00,ACC00070,ACC00312,2853.35,NEFT,Jaipur,Rajasthan,False,33,0.1
TXN208850,,2025-07-04T00:56:00,ACC00426,ACC00086,5566.9,Wallet,Delhi,Delhi,False,34,1.08
TXN208851,,2025-07-07T22:48:00,ACC00107,ACC00246,1132.65,NEFT,Hyderabad,Telangana,False,23,1.81
TXN208852,,2025-02-09T00:10:00,ACC00017,ACC00226,1888.02,RTGS,Kanpur,Uttar Pradesh,False,32,0.3
TXN208853,,2025-04-10T18:44:00,ACC00314,ACC00322,879.57,Wallet,Kanpur,Uttar Pradesh,False,14,1.51
TXN208854,,2025-05-15T17:06:00,ACC00230,ACC00068,3085.73,Card,Bengaluru,Karnataka,False,24,0.64
TXN208855,,2025-02-01T05:13:00,ACC00452,ACC00091,3160.8,IMPS,Hyderabad,Telangana,False,18,0.55
TXN208856,,2025-06-11T01:33:00,ACC00493,ACC00381,2217.23,UPI,Jaipur,Rajasthan,False,22,1.15
TXN208857,,2025-04-06T14:32:00,ACC00166,ACC00356,607.74,Wallet,Lucknow,Uttar Pradesh,False,24,0.85
TXN208858,,2025-08-08T05:19:00,ACC00437,ACC00269,3263.97,Card,Patna,Bihar,False,30,0.38
TXN208859,,2025-01-29T05:36:00,ACC00276,ACC00070,2124.66,UPI,Bengaluru,Karnataka,False,43,1.52
TXN208860,,2025-06-03T09:53:00,ACC00326,ACC00377,826.0,NEFT,Hyderabad,Telangana,False,20,1.44
TXN208861,,2025-01-11T21:37:00,ACC00326,ACC00146,994.81,Wallet,Bengaluru,Karnataka,False,14,0.92
TXN208862,,2025-07-14T15:14:00,ACC00327,ACC00240,1094.09,IMPS,Kanpur,Uttar Pradesh,False,10,1.76
TXN208863,,2025-07-10T06:25:00,ACC00281,ACC00122,636.54,Wallet,Patna,Bihar,False,40,0.98
TXN208864,,2025-03-31T20:36:00,ACC00360,ACC00263,2310.74,Wallet,Bengaluru,Karnataka,False,20,0.86
TXN208865,,2025-05-08T20:52:00,ACC00357,ACC00120,2472.33,Card,Mumbai,Maharashtra,False,20,1.46
TXN208866,,2025-05-05T22:40:00,ACC00482,ACC00265,1958.41,UPI,Mumbai,Maharashtra,False,29,0.8
TXN208867,,2025-06-26T16:15:00,ACC00222,ACC00123,6060.07,Wallet,Patna,Bihar,False,40,0.12
TXN208868,,2025-03-26T18:50:00,ACC00243,ACC00301,315.8,Wallet,Mumbai,Maharashtra,False,28,1.5
TXN208869,,2025-02-26T02:42:00,ACC00235,ACC00076,4458.06,IMPS,Kanpur,Uttar Pradesh,False,1,0.69
TXN208870,,2025-03-06T00:32:00,ACC00496,ACC00047,7410.66,IMPS,Jaipur,Rajasthan,False,15,0.33
TXN208871,,2025-05-02T15:42:00,ACC00228,ACC00370,2441.14,Card,Jaipur,Rajasthan,False,10,1.93
TXN208872,,2025-05-28T20:34:00,ACC00190,ACC00157,734.21,IMPS,Delhi,Delhi,False,16,0.63
TXN208873,,2025-04-27T08:38:00,ACC00451,ACC00282,992.66,Card,Lucknow,Uttar Pradesh,False,18,1.74
TXN208874,,2025-08-03T01:38:00,ACC00021,ACC00220,3171.14,Wallet,Hyderabad,Telangana,False,17,1.15
TXN208875,,2025-02-07T06:49:00,ACC00132,ACC00102,5997.97,Wallet,Lucknow,Uttar Pradesh,False,24,1.03
TXN208876,,2025-01-22T13:06:00,ACC00207,ACC00269,3490.49,NEFT,Patna,Bihar,False,13,1.76
TXN208877,,2025-08-03T21:45:00,ACC00418,ACC00248,2044.15,Card,Patna,Bihar,False,24,0.84
TXN208878,,2025-09-13T20:05:00,ACC00100,ACC00063,272.24,NEFT,Lucknow,Uttar Pradesh,False,28,1.64
TXN208879,,2025-06-19T20:01:00,ACC00208,ACC00344,2019.51,Card,Kanpur,Uttar Pradesh,False,9,0.41
TXN208880,,2025-02-13T13:46:00,ACC00325,ACC00241,4314.23,Card,Patna,Bihar,False,11,1.25
TXN208881,,2025-03-05T05:39:00,ACC00476,ACC00067,1771.88,Wallet,Delhi,Delhi,False,10,0.7
TXN208882,,2025-09-09T00:22:00,ACC00436,ACC00479,13601.8,UPI,Patna,Bihar,False,29,0.51
TXN208883,,2025-01-09T21:12:00,ACC00141,ACC00195,2192.79,IMPS,Delhi,Delhi,False,24,1.06
TXN208884,,2025-08-18T20:15:00,ACC00015,ACC00273,457.01,UPI,Bengaluru,Karnataka,False,20,1.09
TXN208885,,2025-05-17T01:23:00,ACC00472,ACC00394,2149.65,RTGS,Patna,Bihar,False,2,1.03
TXN208886,,2025-09-03T22:13:00,ACC00457,ACC00260,903.53,NEFT,Patna,Bihar,False,35,0.74
TXN208887,,2025-08-06T02:38:00,ACC00463,ACC00357,1212.09,RTGS,Delhi,Delhi,False,22,1.03
TXN208888,,2025-05-22T17:13:00,ACC00426,ACC00388,3389.69,RTGS,Lucknow,Uttar Pradesh,False,15,1.36
TXN208889,,2025-03-28T04:52:00,ACC00121,ACC00003,1655.11,NEFT,Delhi,Delhi,False,23,0.35
TXN208890,,2025-01-09T22:04:00,ACC00260,ACC00366,3370.15,Wallet,Bengaluru,Karnataka,False,22,1.82
TXN208891,,2025-01-22T17:07:00,ACC00210,ACC00290,902.69,IMPS,Patna,Bihar,False,34,0.47
TXN208892,,2025-08-12T09:20:00,ACC00465,ACC00466,3136.3,RTGS,Patna,Bihar,False,19,1.2
TXN208893,,2025-05-24T10:28:00,ACC00100,ACC00151,3935.49,IMPS,Jaipur,Rajasthan,False,16,0.1
TXN208894,,2025-03-25T05:40:00,ACC00261,ACC00483,1451.74,UPI,Lucknow,Uttar Pradesh,False,33,1.55
TXN208895,,2025-06-15T15:44:00,ACC00185,ACC00400,1845.35,NEFT,Hyderabad,Telangana,False,2,1.76
TXN208896,,2025-06-05T20:42:00,ACC00198,ACC00004,9080.2,Wallet,Lucknow,Uttar Pradesh,False,16,0.12
TXN208897,,2025-04-07T08:17:00,ACC00154,ACC00048,4305.16,UPI,Delhi,Delhi,False,23,0.54
TXN208898,,2025-09-06T13:50:00,ACC00194,ACC00038,1409.35,NEFT,Jaipur,Rajasthan,False,18,0.81
TXN208899,,2025-03-22T03:02:00,ACC00038,ACC00338,3668.54,UPI,Delhi,Delhi,False,26,1.91
TXN208900,,2025-08-31T23:02:00,ACC00066,ACC00291,4175.26,Wallet,Lucknow,Uttar Pradesh,False,26,0.61
TXN208901,,2025-05-25T03:36:00,ACC00297,ACC00482,3726.44,RTGS,Delhi,Delhi,False,27,1.89
TXN208902,,2025-01-06T10:17:00,ACC00406,ACC00251,312.05,Wallet,Delhi,Delhi,False,15,1.27
TXN208903,,2025-02-19T08:24:00,ACC00197,ACC00067,174.53,Card,Jaipur,Rajasthan,False,19,1.47
TXN208904,,2025-06-28T23:25:00,ACC00118,ACC00049,2951.24,NEFT,Jaipur,Rajasthan,False,15,1.57
TXN208905,,2025-02-17T21:34:00,ACC00161,ACC00394,3455.79,UPI,Bengaluru,Karnataka,False,27,1.41
TXN208906,,2025-06-06T07:25:00,ACC00026,ACC00075,687.25,Wallet,Patna,Bihar,False,31,1.16
TXN208907,,2025-05-15T00:00:00,ACC00372,ACC00324,43369.3,UPI,Patna,Bihar,False,9,0.61
TXN208908,,2025-07-14T20:19:00,ACC00007,ACC00438,1492.36,Card,Delhi,Delhi,False,38,1.65
TXN208909,,2025-01-20T04:47:00,ACC00347,ACC00103,1209.61,Wallet,Lucknow,Uttar Pradesh,False,20,0.19
TXN208910,,2025-02-15T16:58:00,ACC00428,ACC00259,2921.58,Wallet,Mumbai,Maharashtra,False,28,1.03
TXN208911,,2025-07-04T16:34:00,ACC00405,ACC00035,1583.91,IMPS,Mumbai,Maharashtra,False,22,0.28
TXN208912,,2025-02-10T10:52:00,ACC00484,ACC00027,930.72,Wallet,Jaipur,Rajasthan,False,12,1.18
TXN208913,,2025-07-13T21:14:00,ACC00108,ACC00351,1476.15,RTGS,Delhi,Delhi,False,23,0.41
TXN208914,,2025-05-27T14:18:00,ACC00407,ACC00316,2880.0,UPI,Mumbai,Maharashtra,False,32,1.34
TXN208915,,2025-05-04T13:07:00,ACC00092,ACC00402,1972.98,IMPS,Bengaluru,Karnataka,False,26,0.17
TXN208916,,2025-07-31T20:46:00,ACC00016,ACC00171,2246.3,UPI,Bengaluru,Karnataka,False,18,1.1
TXN208917,,2025-01-12T15:37:00,ACC00243,ACC00395,6572.31,NEFT,Mumbai,Maharashtra,False,18,1.48
TXN208918,,2025-05-07T00:52:00,ACC00092,ACC00169,831.75,UPI,Kanpur,Uttar Pradesh,False,1,0.23
TXN208919,,2025-08-01T09:55:00,ACC00121,ACC00440,1106.69,UPI,Bengaluru,Karnataka,False,24,0.3
TXN208920,,2025-09-05T20:52:00,ACC00344,ACC00046,721.74,RTGS,Delhi,Delhi,False,12,0.35
TXN208921,,2025-01-04T01:22:00,ACC00079,ACC00075,31528.6,Card,Hyderabad,Telangana,False,25,2.0
TXN208922,,2025-05-16T13:51:00,ACC00285,ACC00367,1825.52,Wallet,Jaipur,Rajasthan,False,21,0.52
TXN208923,,2025-03-29T14:41:00,ACC00297,ACC00179,2031.2,RTGS,Hyderabad,Telangana,False,31,0.75
TXN208924,,2025-04-19T20:10:00,ACC00230,ACC00376,1606.02,UPI,Patna,Bihar,False,29,1.92
TXN208925,,2025-03-21T00:04:00,ACC00304,ACC00154,1451.94,UPI,Mumbai,Maharashtra,False,15,0.26
TXN208926,,2025-09-02T20:47:00,ACC00063,ACC00312,2381.51,RTGS,Mumbai,Maharashtra,False,37,1.08
TXN208927,,2025-07-10T11:47:00,ACC00469,ACC00116,3710.72,RTGS,Bengaluru,Karnataka,False,33,0.7
TXN208928,,2025-08-20T01:46:00,ACC00069,ACC00130,552.95,Card,Jaipur,Rajasthan,False,39,1.35
TXN208929,,2025-03-24T17:03:00,ACC00082,ACC00137,1576.34,Card,Jaipur,Rajasthan,False,27,0.44
TXN208930,,2025-09-04T04:09:00,ACC00351,ACC00444,4056.28,UPI,Mumbai,Maharashtra,False,8,1.47
TXN208931,,2025-04-15T06:50:00,ACC00156,ACC00160,694.14,Wallet,Patna,Bihar,False,27,0.57
TXN208932,,2025-01-29T13:26:00,ACC00124,ACC00025,5003.97,RTGS,Delhi,Delhi,False,19,0.73
TXN208933,,2025-01-11T07:57:00,ACC00377,ACC00141,2776.61,UPI,Mumbai,Maharashtra,False,19,0.69
TXN208934,,2025-08-24T19:15:00,ACC00042,ACC00442,1465.62,RTGS,Bengaluru,Karnataka,False,8,1.4
TXN208935,,2025-03-31T02:57:00,ACC00047,ACC00447,901.2,Wallet,Bengaluru,Karnataka,False,32,0.29
TXN208936,,2025-01-26T08:02:00,ACC00200,ACC00130,2454.4,IMPS,Jaipur,Rajasthan,False,29,0.33
TXN208937,,2025-01-10T15:31:00,ACC00282,ACC00398,1075.42,RTGS,Hyderabad,Telangana,False,10,0.21
TXN208938,,2025-04-15T15:17:00,ACC00397,ACC00468,138.2,IMPS,Lucknow,Uttar Pradesh,False,26,1.95
TXN208939,,2025-04-03T23:59:00,ACC00319,ACC00003,413.89,IMPS,Bengaluru,Karnataka,False,15,1.91
TXN208940,,2025-07-15T17:26:00,ACC00158,ACC00004,2547.72,NEFT,Jaipur,Rajasthan,False,27,0.42
TXN208941,,2025-09-16T14:50:00,ACC00407,ACC00320,5693.3,Wallet,Delhi,Delhi,False,21,0.89
TXN208942,,2025-04-01T00:30:00,ACC00033,ACC00110,2880.58,Wallet,Patna,Bihar,False,22,1.54
TXN208943,,2025-02-25T13:00:00,ACC00424,ACC00155,717.84,Wallet,Patna,Bihar,False,39,0.89
TXN208944,,2025-03-30T20:42:00,ACC00040,ACC00380,1155.99,UPI,Kanpur,Uttar Pradesh,False,6,0.17
TXN208945,,2025-02-15T12:47:00,ACC00283,ACC00115,1760.83,NEFT,Mumbai,Maharashtra,False,1,0.68
TXN208946,,2025-04-29T06:51:00,ACC00145,ACC00133,1216.04,IMPS,Lucknow,Uttar Pradesh,False,7,1.63
TXN208947,,2025-01-03T00:25:00,ACC00031,ACC00211,2222.4,Card,Lucknow,Uttar Pradesh,False,8,0.9
TXN208948,,2025-06-11T19:31:00,ACC00365,ACC00162,753.96,Card,Kanpur,Uttar Pradesh,False,17,0.22
TXN208949,,2025-04-25T09:29:00,ACC00497,ACC00152,783.27,RTGS,Lucknow,Uttar Pradesh,False,19,1.31
TXN208950,,2025-07-31T22:16:00,ACC00229,ACC00230,753.42,RTGS,Patna,Bihar,False,24,1.16
TXN208951,,2025-07-27T04:42:00,ACC00029,ACC00121,923.68,Wallet,Delhi,Delhi,False,21,1.39
TXN208952,,2025-04-19T10:37:00,ACC00454,ACC00412,2520.34,Card,Delhi,Delhi,False,34,0.25
TXN208953,,2025-09-12T09:34:00,ACC00231,ACC00119,2041.3,Wallet,Bengaluru,Karnataka,False,12,0.93
TXN208954,,2025-07-04T14:57:00,ACC00239,ACC00317,8735.67,Wallet,Jaipur,Rajasthan,False,30,1.56
TXN208955,,2025-06-12T02:10:00,ACC00234,ACC00243,476.78,Wallet,Jaipur,Rajasthan,False,19,0.63
TXN208956,,2025-04-09T05:24:00,ACC00115,ACC00019,1982.1,Card,Lucknow,Uttar Pradesh,False,16,0.37
TXN208957,,2025-07-28T23:11:00,ACC00402,ACC00448,734.97,RTGS,Jaipur,Rajasthan,False,32,1.19
TXN208958,,2025-06-22T20:21:00,ACC00024,ACC00065,3307.46,Wallet,Lucknow,Uttar Pradesh,False,25,1.78
TXN208959,,2025-04-12T11:04:00,ACC00311,ACC00023,16897.64,IMPS,Hyderabad,Telangana,False,28,0.76
TXN208960,,2025-09-10T08:40:00,ACC00234,ACC00274,1534.97,Card,Patna,Bihar,False,18,0.52
TXN208961,,2025-05-22T17:45:00,ACC00404,ACC00385,5262.64,IMPS,Jaipur,Rajasthan,False,17,0.81
TXN208962,,2025-03-03T15:29:00,ACC00392,ACC00434,1486.93,UPI,Hyderabad,Telangana,False,4,0.76
TXN208963,,2025-08-19T19:20:00,ACC00232,ACC00172,1063.32,Wallet,Kanpur,Uttar Pradesh,False,22,1.97
TXN208964,,2025-02-02T03:43:00,ACC00140,ACC00256,1246.69,IMPS,Lucknow,Uttar Pradesh,False,9,0.17
TXN208965,,2025-04-01T06:37:00,ACC00248,ACC00417,1635.36,NEFT,Hyderabad,Telangana,False,10,1.96
TXN208966,,2025-08-17T01:31:00,ACC00076,ACC00040,10411.52,RTGS,Hyderabad,Telangana,False,13,0.74
TXN208967,,2025-02-07T21:28:00,ACC00064,ACC00320,1848.31,IMPS,Jaipur,Rajasthan,False,18,0.44
TXN208968,,2025-05-30T06:45:00,ACC00034,ACC00197,4841.46,RTGS,Kanpur,Uttar Pradesh,False,1,0.62
TXN208969,,2025-01-21T08:29:00,ACC00332,ACC00307,1601.32,Card,Delhi,Delhi,False,22,0.58
TXN208970,,2025-02-06T17:31:00,ACC00049,ACC00407,2289.71,NEFT,Bengaluru,Karnataka,False,16,0.96
TXN208971,,2025-01-23T19:12:00,ACC00122,ACC00149,3464.51,Card,Kanpur,Uttar Pradesh,False,15,1.75
TXN208972,,2025-01-09T03:21:00,ACC00353,ACC00171,4594.32,Wallet,Patna,Bihar,False,28,1.85
TXN208973,,2025-09-13T09:29:00,ACC00163,ACC00340,1324.4,NEFT,Patna,Bihar,False,16,1.58
TXN208974,,2025-07-03T04:58:00,ACC00055,ACC00365,587.75,NEFT,Lucknow,Uttar Pradesh,False,38,0.71
TXN208975,,2025-04-03T09:02:00,ACC00168,ACC00094,3306.23,RTGS,Patna,Bihar,False,20,0.31
TXN208976,,2025-05-18T05:04:00,ACC00166,ACC00411,2108.14,Card,Patna,Bihar,False,3,1.03
TXN208977,,2025-04-27T04:53:00,ACC00143,ACC00161,1263.99,Card,Patna,Bihar,False,36,1.45
TXN208978,,2025-08-24T08:36:00,ACC00170,ACC00493,2709.08,RTGS,Patna,Bihar,False,21,1.82
TXN208979,,2025-03-08T15:40:00,ACC00322,ACC00104,6644.99,IMPS,Kanpur,Uttar Pradesh,False,15,0.6
TXN208980,,2025-05-10T04:32:00,ACC00405,ACC00367,217.84,IMPS,Kanpur,Uttar Pradesh,False,2,1.42
TXN208981,,2025-03-22T10:04:00,ACC00013,ACC00081,15531.87,Card,Patna,Bihar,False,22,1.49
TXN208982,,2025-05-05T13:19:00,ACC00347,ACC00433,127.83,UPI,Delhi,Delhi,False,8,0.65
TXN208983,,2025-07-12T02:39:00,ACC00302,ACC00289,1862.66,Card,Mumbai,Maharashtra,False,24,1.59
TXN208984,,2025-01-26T23:57:00,ACC00029,ACC00354,5090.26,RTGS,Hyderabad,Telangana,False,29,1.27
TXN208985,,2025-01-11T17:12:00,ACC00020,ACC00450,1424.51,NEFT,Lucknow,Uttar Pradesh,False,11,0.37
TXN208986,,2025-06-26T11:09:00,ACC00180,ACC00132,2031.62,NEFT,Hyderabad,Telangana,False,21,0.11
TXN208987,,2025-04-14T16:07:00,ACC00087,ACC00167,1193.32,IMPS,Delhi,Delhi,False,29,0.84
TXN208988,,2025-08-11T22:04:00,ACC00467,ACC00080,1237.97,IMPS,Jaipur,Rajasthan,False,9,1.66
TXN208989,,2025-05-22T17:02:00,ACC00175,ACC00240,1813.59,IMPS,Bengaluru,Karnataka,False,9,0.28
TXN208990,,2025-09-11T07:38:00,ACC00274,ACC00177,1062.4,NEFT,Patna,Bihar,False,4,1.41
TXN208991,,2025-07-30T04:55:00,ACC00025,ACC00117,739.37,UPI,Jaipur,Rajasthan,False,22,1.46
TXN208992,,2025-01-03T11:59:00,ACC00481,ACC00028,2318.9,Wallet,Kanpur,Uttar Pradesh,False,20,0.78
TXN208993,,2025-04-22T05:51:00,ACC00407,ACC00299,2679.04,UPI,Hyderabad,Telangana,False,29,1.71
TXN208994,,2025-08-20T01:23:00,ACC00192,ACC00155,1071.78,NEFT,Lucknow,Uttar Pradesh,False,1,1.07
TXN208995,,2025-04-07T12:46:00,ACC00273,ACC00495,457.7,IMPS,Lucknow,Uttar Pradesh,False,21,0.35
TXN208996,,2025-04-01T05:49:00,ACC00420,ACC00284,5197.84,RTGS,Bengaluru,Karnataka,False,17,1.27
TXN208997,,2025-09-13T12:51:00,ACC00269,ACC00201,7578.15,UPI,Bengaluru,Karnataka,False,20,1.96
TXN208998,,2025-06-01T02:32:00,ACC00468,ACC00160,2860.07,Wallet,Kanpur,Uttar Pradesh,False,20,1.87
TXN208999,,2025-03-21T20:07:00,ACC00290,ACC00070,7438.84,Card,Lucknow,Uttar Pradesh,False,6,0.65
TXN209000,,2025-07-29T18:04:00,ACC00268,ACC00413,2195.5,Wallet,Bengaluru,Karnataka,False,9,0.65
TXN209001,,2025-03-25T20:08:00,ACC00247,ACC00439,2560.91,IMPS,Bengaluru,Karnataka,False,1,0.26
TXN209002,,2025-02-01T12:13:00,ACC00176,ACC00164,7831.73,RTGS,Delhi,Delhi,False,14,1.08
TXN209003,,2025-02-23T09:42:00,ACC00103,ACC00409,1555.39,UPI,Mumbai,Maharashtra,False,19,0.63
TXN209004,,2025-04-14T15:57:00,ACC00071,ACC00049,521.94,Wallet,Kanpur,Uttar Pradesh,False,25,1.16
TXN209005,,2025-05-01T02:43:00,ACC00069,ACC00232,726.62,RTGS,Bengaluru,Karnataka,False,34,0.14
TXN209006,,2025-08-02T18:17:00,ACC00471,ACC00155,8110.07,NEFT,Delhi,Delhi,False,13,1.77
TXN209007,,2025-01-17T09:52:00,ACC00243,ACC00041,347.68,UPI,Hyderabad,Telangana,False,25,0.52
TXN209008,,2025-07-23T14:13:00,ACC00362,ACC00213,5393.97,NEFT,Bengaluru,Karnataka,False,27,1.24
TXN209009,,2025-02-07T06:37:00,ACC00448,ACC00031,574.75,RTGS,Hyderabad,Telangana,False,28,0.44
TXN209010,,2025-03-17T09:14:00,ACC00048,ACC00027,2307.09,Card,Mumbai,Maharashtra,False,22,0.99
TXN209011,,2025-08-28T13:37:00,ACC00452,ACC00047,1368.99,NEFT,Lucknow,Uttar Pradesh,False,9,0.42
TXN209012,,2025-01-31T18:08:00,ACC00487,ACC00176,1491.76,UPI,Delhi,Delhi,False,24,0.85
TXN209013,,2025-08-08T06:34:00,ACC00318,ACC00076,5792.33,Wallet,Mumbai,Maharashtra,False,35,0.7
TXN209014,,2025-01-07T21:46:00,ACC00216,ACC00147,5425.66,IMPS,Hyderabad,Telangana,False,22,1.62
TXN209015,,2025-03-25T07:41:00,ACC00418,ACC00081,2201.78,Wallet,Delhi,Delhi,False,31,1.08
TXN209016,,2025-07-15T02:44:00,ACC00357,ACC00155,6978.96,RTGS,Lucknow,Uttar Pradesh,False,26,1.09
TXN209017,,2025-08-27T18:00:00,ACC00091,ACC00121,1824.65,RTGS,Patna,Bihar,False,28,1.77
TXN209018,,2025-02-26T14:48:00,ACC00177,ACC00041,4718.08,NEFT,Mumbai,Maharashtra,False,26,1.84
TXN209019,,2025-03-09T16:17:00,ACC00098,ACC00309,7654.34,NEFT,Hyderabad,Telangana,False,11,0.76
TXN209020,,2025-07-18T08:35:00,ACC00365,ACC00495,4647.52,Wallet,Patna,Bihar,False,27,1.26
TXN209021,,2025-02-06T19:48:00,ACC00015,ACC00211,4253.7,RTGS,Jaipur,Rajasthan,False,12,1.85
TXN209022,,2025-09-01T23:36:00,ACC00285,ACC00358,578.68,Card,Hyderabad,Telangana,False,20,0.96
TXN209023,,2025-01-10T05:24:00,ACC00097,ACC00244,743.99,NEFT,Mumbai,Maharashtra,False,19,0.97
TXN209024,,2025-03-10T06:24:00,ACC00313,ACC00209,814.08,RTGS,Kanpur,Uttar Pradesh,False,24,1.88
TXN209025,,2025-05-30T21:46:00,ACC00357,ACC00367,2213.72,Wallet,Mumbai,Maharashtra,False,20,1.69
TXN209026,,2025-06-30T03:51:00,ACC00200,ACC00483,2061.53,Card,Mumbai,Maharashtra,False,27,1.89
TXN209027,,2025-01-27T12:21:00,ACC00261,ACC00259,1502.42,NEFT,Mumbai,Maharashtra,False,12,0.1
TXN209028,,2025-04-27T13:20:00,ACC00165,ACC00427,1542.21,NEFT,Bengaluru,Karnataka,False,25,1.72
TXN209029,,2025-01-18T21:55:00,ACC00267,ACC00159,315.57,UPI,Hyderabad,Telangana,False,17,0.96
TXN209030,,2025-05-06T17:50:00,ACC00096,ACC00369,348.48,RTGS,Mumbai,Maharashtra,False,28,1.95
TXN209031,,2025-05-27T01:55:00,ACC00383,ACC00112,2500.36,NEFT,Lucknow,Uttar Pradesh,False,6,0.9
TXN209032,,2025-08-08T05:23:00,ACC00227,ACC00228,5851.97,NEFT,Jaipur,Rajasthan,False,21,0.79
TXN209033,,2025-01-02T05:51:00,ACC00217,ACC00383,4048.57,RTGS,Mumbai,Maharashtra,False,17,1.53
TXN209034,,2025-08-21T16:47:00,ACC00361,ACC00092,2423.43,Card,Mumbai,Maharashtra,False,14,0.91
TXN209035,,2025-06-04T09:59:00,ACC00103,ACC00234,1026.42,Card,Patna,Bihar,False,8,1.23
TXN209036,,2025-08-06T22:04:00,ACC00342,ACC00322,885.28,Card,Patna,Bihar,False,42,1.44
TXN209037,,2025-06-16T21:44:00,ACC00462,ACC00122,10509.43,Wallet,Mumbai,Maharashtra,False,23,1.33
TXN209038,,2025-05-01T23:13:00,ACC00376,ACC00379,2198.22,Card,Kanpur,Uttar Pradesh,False,14,1.15
TXN209039,,2025-06-20T06:06:00,ACC00264,ACC00461,1725.47,RTGS,Hyderabad,Telangana,False,20,0.65
TXN209040,,2025-03-17T23:34:00,ACC00140,ACC00470,1259.02,RTGS,Mumbai,Maharashtra,False,6,1.52
TXN209041,,2025-07-05T06:06:00,ACC00128,ACC00420,700.37,Card,Jaipur,Rajasthan,False,15,0.95
TXN209042,,2025-01-26T10:15:00,ACC00206,ACC00136,916.24,RTGS,Bengaluru,Karnataka,False,18,1.86
TXN209043,,2025-03-19T08:42:00,ACC00466,ACC00066,726.24,Card,Jaipur,Rajasthan,False,39,1.57
TXN209044,,2025-09-10T14:47:00,ACC00409,ACC00197,782.36,UPI,Jaipur,Rajasthan,False,36,0.74
TXN209045,,2025-06-30T08:50:00,ACC00497,ACC00484,783.14,RTGS,Mumbai,Maharashtra,False,23,1.48
TXN209046,,2025-08-25T19:46:00,ACC00302,ACC00165,1879.68,UPI,Lucknow,Uttar Pradesh,False,31,0.17
TXN209047,,2025-05-16T18:19:00,ACC00346,ACC00030,264.4,NEFT,Delhi,Delhi,False,13,1.83
TXN209048,,2025-05-07T09:26:00,ACC00231,ACC00004,3544.47,NEFT,Bengaluru,Karnataka,False,16,1.56
TXN209049,,2025-05-08T17:33:00,ACC00101,ACC00425,3221.42,UPI,Lucknow,Uttar Pradesh,False,34,0.19
TXN209050,,2025-08-06T11:51:00,ACC00012,ACC00298,2274.84,UPI,Kanpur,Uttar Pradesh,False,21,0.94
TXN209051,,2025-02-02T21:47:00,ACC00072,ACC00246,2118.04,NEFT,Mumbai,Maharashtra,False,32,0.63
TXN209052,,2025-03-14T07:18:00,ACC00402,ACC00003,4846.46,Wallet,Patna,Bihar,False,22,1.44
TXN209053,,2025-02-27T08:25:00,ACC00076,ACC00256,1416.58,NEFT,Hyderabad,Telangana,False,24,0.61
TXN209054,,2025-07-13T01:00:00,ACC00259,ACC00238,384.96,IMPS,Bengaluru,Karnataka,False,22,1.77
TXN209055,,2025-06-16T15:06:00,ACC00135,ACC00404,589.94,Wallet,Hyderabad,Telangana,False,1,1.49
TXN209056,,2025-03-25T21:16:00,ACC00149,ACC00015,5563.8,UPI,Jaipur,Rajasthan,False,11,1.72
TXN209057,,2025-08-12T14:36:00,ACC00216,ACC00019,1130.14,IMPS,Kanpur,Uttar Pradesh,False,13,0.69
TXN209058,,2025-02-19T13:05:00,ACC00002,ACC00397,2130.94,Card,Mumbai,Maharashtra,False,36,1.12
TXN209059,,2025-03-09T10:11:00,ACC00418,ACC00321,907.2,Wallet,Hyderabad,Telangana,False,8,1.68
TXN209060,,2025-08-20T18:05:00,ACC00114,ACC00147,1026.79,UPI,Lucknow,Uttar Pradesh,False,26,1.17
TXN209061,,2025-03-20T00:19:00,ACC00482,ACC00205,2304.28,RTGS,Kanpur,Uttar Pradesh,False,23,0.15
TXN209062,,2025-04-20T17:05:00,ACC00215,ACC00250,1898.13,NEFT,Hyderabad,Telangana,False,17,1.61
TXN209063,,2025-05-23T07:53:00,ACC00286,ACC00478,7144.94,RTGS,Jaipur,Rajasthan,False,4,1.41
TXN209064,,2025-06-13T08:11:00,ACC00016,ACC00382,700.09,RTGS,Patna,Bihar,False,27,0.88
TXN209065,,2025-04-24T12:31:00,ACC00420,ACC00135,2842.51,RTGS,Delhi,Delhi,False,15,1.52
TXN209066,,2025-07-30T21:28:00,ACC00028,ACC00077,437.13,Card,Patna,Bihar,False,35,1.33
TXN209067,,2025-02-16T00:42:00,ACC00127,ACC00085,381.64,RTGS,Mumbai,Maharashtra,False,17,0.24
TXN209068,,2025-05-01T05:34:00,ACC00159,ACC00287,1280.58,Wallet,Mumbai,Maharashtra,False,19,1.21
TXN209069,,2025-07-16T07:01:00,ACC00355,ACC00410,2031.66,NEFT,Bengaluru,Karnataka,False,25,1.93
TXN209070,,2025-09-13T19:23:00,ACC00333,ACC00323,415.69,IMPS,Mumbai,Maharashtra,False,13,1.98
TXN209071,,2025-03-05T22:58:00,ACC00351,ACC00062,1484.32,NEFT,Lucknow,Uttar Pradesh,False,22,0.8
TXN209072,,2025-05-11T01:29:00,ACC00087,ACC00070,675.56,IMPS,Bengaluru,Karnataka,False,7,0.96
TXN209073,,2025-02-02T20:45:00,ACC00160,ACC00182,3426.64,IMPS,Mumbai,Maharashtra,False,23,1.29
TXN209074,,2025-07-11T14:20:00,ACC00217,ACC00045,641.38,Wallet,Jaipur,Rajasthan,False,32,0.32
TXN209075,,2025-08-21T09:49:00,ACC00235,ACC00385,2534.39,UPI,Hyderabad,Telangana,False,21,1.28
TXN209076,,2025-08-23T16:25:00,ACC00107,ACC00248,2567.67,Card,Bengaluru,Karnataka,False,17,0.23
TXN209077,,2025-02-11T03:46:00,ACC00451,ACC00160,5722.64,NEFT,Bengaluru,Karnataka,False,16,1.82
TXN209078,,2025-08-23T00:48:00,ACC00008,ACC00302,590.7,Wallet,Hyderabad,Telangana,False,12,1.3
TXN209079,,2025-05-28T11:38:00,ACC00258,ACC00335,1342.29,Card,Hyderabad,Telangana,False,29,0.29
TXN209080,,2025-07-16T14:22:00,ACC00230,ACC00103,748.58,Card,Lucknow,Uttar Pradesh,False,17,0.31
TXN209081,,2025-07-07T01:01:00,ACC00213,ACC00306,2404.69,Card,Patna,Bihar,False,15,0.73
TXN209082,,2025-02-14T07:39:00,ACC00040,ACC00490,1769.11,NEFT,Patna,Bihar,False,25,1.97
TXN209083,,2025-06-23T07:01:00,ACC00106,ACC00101,2837.99,RTGS,Hyderabad,Telangana,False,30,1.45
TXN209084,,2025-03-19T06:19:00,ACC00293,ACC00092,8893.94,RTGS,Mumbai,Maharashtra,False,14,0.74
TXN209085,,2025-07-28T08:51:00,ACC00182,ACC00037,1438.82,Wallet,Mumbai,Maharashtra,False,27,1.44
TXN209086,,2025-01-10T02:32:00,ACC00161,ACC00043,386.37,IMPS,Mumbai,Maharashtra,False,11,0.79
TXN209087,,2025-08-30T01:46:00,ACC00161,ACC00397,487.45,IMPS,Patna,Bihar,False,14,0.98
TXN209088,,2025-06-26T23:21:00,ACC00042,ACC00090,575.64,Wallet,Mumbai,Maharashtra,False,21,1.42
TXN209089,,2025-06-07T19:00:00,ACC00346,ACC00384,1558.36,NEFT,Hyderabad,Telangana,False,13,0.52
TXN209090,,2025-08-21T22:57:00,ACC00168,ACC00318,1435.18,NEFT,Bengaluru,Karnataka,False,1,1.73
TXN209091,,2025-05-01T15:18:00,ACC00406,ACC00205,843.75,IMPS,Lucknow,Uttar Pradesh,False,3,0.92
TXN209092,,2025-07-13T18:52:00,ACC00064,ACC00253,276.09,RTGS,Jaipur,Rajasthan,False,13,1.75
TXN209093,,2025-03-31T10:05:00,ACC00429,ACC00400,1127.07,Card,Mumbai,Maharashtra,False,6,1.43
TXN209094,,2025-05-21T19:41:00,ACC00439,ACC00489,335.24,UPI,Patna,Bihar,False,38,1.36
TXN209095,,2025-05-01T18:13:00,ACC00305,ACC00437,4570.93,Card,Lucknow,Uttar Pradesh,False,33,0.24
TXN209096,,2025-03-20T20:14:00,ACC00054,ACC00239,1883.97,Wallet,Jaipur,Rajasthan,False,4,1.59
TXN209097,,2025-08-12T00:43:00,ACC00218,ACC00148,2979.75,IMPS,Bengaluru,Karnataka,False,19,1.23
TXN209098,,2025-01-27T20:00:00,ACC00229,ACC00434,8160.98,NEFT,Bengaluru,Karnataka,False,34,1.83
TXN209099,,2025-06-08T13:45:00,ACC00274,ACC00366,2474.36,RTGS,Kanpur,Uttar Pradesh,False,38,0.35
TXN209100,,2025-04-29T14:49:00,ACC00396,ACC00049,937.89,Wallet,Delhi,Delhi,False,30,1.8
TXN209101,,2025-01-08T20:27:00,ACC00157,ACC00094,1162.07,Wallet,Kanpur,Uttar Pradesh,False,21,0.3
TXN209102,,2025-06-19T22:52:00,ACC00040,ACC00008,239.62,Card,Jaipur,Rajasthan,False,19,0.68
TXN209103,,2025-03-31T14:24:00,ACC00150,ACC00178,773.03,NEFT,Mumbai,Maharashtra,False,30,1.85
TXN209104,,2025-03-05T06:21:00,ACC00160,ACC00114,11600.23,Card,Bengaluru,Karnataka,False,21,0.93
TXN209105,,2025-05-09T13:01:00,ACC00339,ACC00385,4580.51,RTGS,Delhi,Delhi,False,25,1.68
TXN209106,,2025-06-01T04:42:00,ACC00342,ACC00487,2237.65,RTGS,Lucknow,Uttar Pradesh,False,15,0.14
TXN209107,,2025-04-16T04:30:00,ACC00257,ACC00386,1512.56,RTGS,Bengaluru,Karnataka,False,4,0.87
TXN209108,,2025-06-19T10:24:00,ACC00004,ACC00292,904.07,NEFT,Delhi,Delhi,False,18,1.8
TXN209109,,2025-07-21T11:52:00,ACC00142,ACC00452,861.9,Card,Jaipur,Rajasthan,False,14,1.94
TXN209110,,2025-01-31T05:55:00,ACC00396,ACC00279,706.53,NEFT,Jaipur,Rajasthan,False,7,1.38
TXN209111,,2025-05-04T20:20:00,ACC00393,ACC00077,1722.83,NEFT,Mumbai,Maharashtra,False,40,0.94
TXN209112,,2025-08-19T23:34:00,ACC00137,ACC00418,467.3,IMPS,Hyderabad,Telangana,False,14,1.96
TXN209113,,2025-02-25T10:25:00,ACC00393,ACC00486,1927.13,IMPS,Delhi,Delhi,False,20,1.77
TXN209114,,2025-06-19T06:55:00,ACC00206,ACC00490,1189.28,Card,Bengaluru,Karnataka,False,5,0.7
TXN209115,,2025-04-24T03:47:00,ACC00065,ACC00452,866.57,Card,Jaipur,Rajasthan,False,19,0.48
TXN209116,,2025-07-03T12:08:00,ACC00395,ACC00354,1121.34,IMPS,Hyderabad,Telangana,False,41,1.11
TXN209117,,2025-03-01T04:58:00,ACC00304,ACC00336,495.12,Card,Hyderabad,Telangana,False,32,1.89
TXN209118,,2025-08-27T14:45:00,ACC00343,ACC00349,1491.36,NEFT,Bengaluru,Karnataka,False,12,0.67
TXN209119,,2025-09-10T19:28:00,ACC00284,ACC00003,11196.82,Wallet,Patna,Bihar,False,19,1.65
TXN209120,,2025-08-05T00:36:00,ACC00136,ACC00206,1828.03,NEFT,Delhi,Delhi,False,15,0.33
TXN209121,,2025-08-07T05:40:00,ACC00348,ACC00231,3131.25,Wallet,Delhi,Delhi,False,39,1.56
TXN209122,,2025-08-06T23:37:00,ACC00399,ACC00277,2949.08,IMPS,Lucknow,Uttar Pradesh,False,21,0.26
TXN209123,,2025-04-08T08:00:00,ACC00091,ACC00380,1952.47,RTGS,Kanpur,Uttar Pradesh,False,6,1.39
TXN209124,,2025-02-11T04:37:00,ACC00191,ACC00321,1139.85,Card,Mumbai,Maharashtra,False,34,1.44
TXN209125,,2025-06-11T13:55:00,ACC00198,ACC00202,140.08,Wallet,Lucknow,Uttar Pradesh,False,8,1.94
TXN209126,,2025-07-21T00:12:00,ACC00447,ACC00015,4867.66,Card,Patna,Bihar,False,41,0.83
TXN209127,,2025-07-09T05:55:00,ACC00158,ACC00286,3188.78,UPI,Lucknow,Uttar Pradesh,False,12,0.67
TXN209128,,2025-07-23T22:45:00,ACC00148,ACC00138,812.32,UPI,Bengaluru,Karnataka,False,13,1.23
TXN209129,,2025-05-31T16:45:00,ACC00412,ACC00154,1048.6,NEFT,Kanpur,Uttar Pradesh,False,40,0.11
TXN209130,,2025-02-20T21:37:00,ACC00369,ACC00095,663.21,UPI,Kanpur,Uttar Pradesh,False,1,1.14
TXN209131,,2025-09-10T09:05:00,ACC00244,ACC00193,1479.36,RTGS,Bengaluru,Karnataka,False,15,1.85
TXN209132,,2025-08-31T04:02:00,ACC00311,ACC00097,2243.9,NEFT,Hyderabad,Telangana,False,5,0.95
TXN209133,,2025-05-13T13:08:00,ACC00416,ACC00180,1699.64,UPI,Kanpur,Uttar Pradesh,False,22,1.99
TXN209134,,2025-09-14T12:33:00,ACC00399,ACC00409,2276.56,UPI,Delhi,Delhi,False,9,1.21
TXN209135,,2025-05-17T13:58:00,ACC00101,ACC00042,1590.6,RTGS,Patna,Bihar,False,16,0.55
TXN209136,,2025-05-11T15:54:00,ACC00149,ACC00009,2437.52,Card,Kanpur,Uttar Pradesh,False,13,0.2
TXN209137,,2025-07-06T02:35:00,ACC00022,ACC00335,4707.39,RTGS,Lucknow,Uttar Pradesh,False,8,1.28
TXN209138,,2025-06-12T16:35:00,ACC00259,ACC00029,2184.41,RTGS,Delhi,Delhi,False,29,1.05
TXN209139,,2025-07-01T21:44:00,ACC00275,ACC00063,2192.27,Card,Bengaluru,Karnataka,False,14,1.15
TXN209140,,2025-02-15T08:02:00,ACC00371,ACC00438,905.12,UPI,Patna,Bihar,False,18,1.01
TXN209141,,2025-04-05T13:19:00,ACC00332,ACC00413,337.14,Wallet,Patna,Bihar,False,15,0.91
TXN209142,,2025-09-14T13:21:00,ACC00336,ACC00441,108.68,IMPS,Patna,Bihar,False,2,1.47
TXN209143,,2025-08-27T17:48:00,ACC00331,ACC00192,779.34,UPI,Patna,Bihar,False,7,1.21
TXN209144,,2025-03-07T12:05:00,ACC00160,ACC00123,795.92,IMPS,Bengaluru,Karnataka,False,23,1.76
TXN209145,,2025-05-22T05:38:00,ACC00334,ACC00192,3067.21,Card,Kanpur,Uttar Pradesh,False,28,1.01
TXN209146,,2025-05-14T10:16:00,ACC00214,ACC00445,9355.13,IMPS,Lucknow,Uttar Pradesh,False,24,1.53
TXN209147,,2025-09-01T18:43:00,ACC00286,ACC00360,3841.99,Card,Hyderabad,Telangana,False,20,0.96
TXN209148,,2025-05-23T21:29:00,ACC00181,ACC00058,20127.13,NEFT,Jaipur,Rajasthan,False,16,0.67
TXN209149,,2025-09-16T06:24:00,ACC00417,ACC00340,1293.6,UPI,Jaipur,Rajasthan,False,16,0.49
TXN209150,,2025-04-17T15:10:00,ACC00285,ACC00068,502.72,RTGS,Hyderabad,Telangana,False,12,0.3
TXN209151,,2025-02-23T18:40:00,ACC00416,ACC00200,15004.07,IMPS,Hyderabad,Telangana,False,24,1.0
TXN209152,,2025-04-02T21:32:00,ACC00339,ACC00103,2241.63,UPI,Delhi,Delhi,False,26,0.48
TXN209153,,2025-01-27T10:54:00,ACC00448,ACC00271,577.62,NEFT,Delhi,Delhi,False,33,0.51
TXN209154,,2025-01-12T09:55:00,ACC00026,ACC00094,2455.3,Card,Hyderabad,Telangana,False,16,1.49
TXN209155,,2025-06-03T02:53:00,ACC00205,ACC00420,1611.92,IMPS,Patna,Bihar,False,21,0.8
TXN209156,,2025-03-10T14:17:00,ACC00102,ACC00018,2012.21,Wallet,Patna,Bihar,False,32,1.9
TXN209157,,2025-05-01T17:15:00,ACC00360,ACC00274,2733.04,Card,Patna,Bihar,False,26,0.14
TXN209158,,2025-04-04T10:00:00,ACC00486,ACC00132,5359.73,UPI,Jaipur,Rajasthan,False,10,0.72
TXN209159,,2025-08-08T11:28:00,ACC00444,ACC00409,1921.94,Card,Bengaluru,Karnataka,False,27,0.18
TXN209160,,2025-01-23T02:57:00,ACC00082,ACC00277,1982.39,Wallet,Patna,Bihar,False,26,0.84
TXN209161,,2025-04-30T23:49:00,ACC00095,ACC00345,8003.99,Wallet,Kanpur,Uttar Pradesh,False,18,0.45
TXN209162,,2025-02-16T07:05:00,ACC00024,ACC00208,2059.7,RTGS,Bengaluru,Karnataka,False,1,1.76
TXN209163,,2025-05-08T15:08:00,ACC00037,ACC00310,581.95,NEFT,Kanpur,Uttar Pradesh,False,1,0.9
TXN209164,,2025-06-30T23:06:00,ACC00052,ACC00354,872.22,UPI,Mumbai,Maharashtra,False,12,0.65
TXN209165,,2025-04-20T20:09:00,ACC00295,ACC00202,2650.79,IMPS,Hyderabad,Telangana,False,3,0.93
TXN209166,,2025-01-14T12:18:00,ACC00302,ACC00029,1143.12,Card,Patna,Bihar,False,33,1.57
TXN209167,,2025-06-23T03:14:00,ACC00053,ACC00010,2287.51,NEFT,Patna,Bihar,False,13,1.82
TXN209168,,2025-08-12T02:56:00,ACC00013,ACC00046,24483.26,NEFT,Jaipur,Rajasthan,False,9,1.22
TXN209169,,2025-01-06T07:58:00,ACC00365,ACC00327,807.37,RTGS,Patna,Bihar,False,36,0.85
TXN209170,,2025-04-15T04:41:00,ACC00297,ACC00416,1246.92,NEFT,Kanpur,Uttar Pradesh,False,27,0.86
TXN209171,,2025-02-16T09:35:00,ACC00097,ACC00326,1607.09,RTGS,Delhi,Delhi,False,36,1.98
TXN209172,,2025-09-11T12:08:00,ACC00278,ACC00281,7674.98,RTGS,Bengaluru,Karnataka,False,18,0.1
TXN209173,,2025-05-24T16:00:00,ACC00240,ACC00037,413.51,Card,Kanpur,Uttar Pradesh,False,21,0.26
TXN209174,,2025-03-08T09:07:00,ACC00042,ACC00263,2027.15,RTGS,Lucknow,Uttar Pradesh,False,22,1.51
TXN209175,,2025-06-21T21:06:00,ACC00467,ACC00426,358.49,IMPS,Kanpur,Uttar Pradesh,False,6,0.76
TXN209176,,2025-03-21T02:16:00,ACC00112,ACC00496,1751.75,NEFT,Bengaluru,Karnataka,False,10,0.48
TXN209177,,2025-07-03T11:00:00,ACC00326,ACC00353,282.47,IMPS,Lucknow,Uttar Pradesh,False,22,0.19
TXN209178,,2025-09-02T15:14:00,ACC00386,ACC00471,9084.99,NEFT,Patna,Bihar,False,9,1.11
TXN209179,,2025-03-01T09:46:00,ACC00261,ACC00049,828.26,IMPS,Kanpur,Uttar Pradesh,False,23,0.43
TXN209180,,2025-07-09T01:10:00,ACC00270,ACC00049,2784.88,UPI,Bengaluru,Karnataka,False,33,0.24
TXN209181,,2025-01-07T06:58:00,ACC00325,ACC00012,3725.88,NEFT,Kanpur,Uttar Pradesh,False,21,0.36
TXN209182,,2025-01-29T05:30:00,ACC00383,ACC00043,376.4,UPI,Hyderabad,Telangana,False,31,1.17
TXN209183,,2025-02-09T08:52:00,ACC00368,ACC00103,1856.12,NEFT,Bengaluru,Karnataka,False,24,1.86
TXN209184,,2025-07-19T10:45:00,ACC00372,ACC00210,6682.49,IMPS,Jaipur,Rajasthan,False,36,1.83
TXN209185,,2025-06-19T16:08:00,ACC00073,ACC00306,4119.77,Wallet,Bengaluru,Karnataka,False,21,1.32
TXN209186,,2025-07-23T00:00:00,ACC00195,ACC00469,895.41,Wallet,Delhi,Delhi,False,10,1.79
TXN209187,,2025-03-15T14:54:00,ACC00226,ACC00308,1976.19,Wallet,Patna,Bihar,False,33,0.68
TXN209188,,2025-05-30T12:25:00,ACC00255,ACC00099,872.16,RTGS,Lucknow,Uttar Pradesh,False,13,0.72
TXN209189,,2025-08-22T14:26:00,ACC00456,ACC00070,9979.92,NEFT,Lucknow,Uttar Pradesh,False,19,1.12
TXN209190,,2025-03-14T03:43:00,ACC00343,ACC00213,7417.28,Card,Bengaluru,Karnataka,False,1,1.17
TXN209191,,2025-04-01T16:07:00,ACC00128,ACC00095,453.76,NEFT,Delhi,Delhi,False,1,1.09
TXN209192,,2025-06-09T09:41:00,ACC00280,ACC00100,2615.72,RTGS,Patna,Bihar,False,1,1.56
TXN209193,,2025-02-08T16:47:00,ACC00211,ACC00190,2337.62,RTGS,Kanpur,Uttar Pradesh,False,34,0.81
TXN209194,,2025-04-30T21:22:00,ACC00029,ACC00115,938.66,NEFT,Delhi,Delhi,False,23,0.16
TXN209195,,2025-03-26T17:49:00,ACC00123,ACC00010,343.83,RTGS,Mumbai,Maharashtra,False,20,1.41
TXN209196,,2025-08-06T07:34:00,ACC00308,ACC00284,1285.09,Wallet,Bengaluru,Karnataka,False,24,0.36
TXN209197,,2025-06-20T20:18:00,ACC00045,ACC00372,2372.14,Card,Patna,Bihar,False,27,2.0
TXN209198,,2025-03-31T17:53:00,ACC00205,ACC00203,1806.14,NEFT,Patna,Bihar,False,43,1.81
TXN209199,,2025-09-10T06:01:00,ACC00339,ACC00243,2643.92,RTGS,Patna,Bihar,False,13,0.78
TXN209200,,2025-05-11T01:12:00,ACC00236,ACC00454,5840.77,Card,Patna,Bihar,False,12,1.17
TXN209201,,2025-03-05T10:23:00,ACC00481,ACC00119,2241.09,IMPS,Bengaluru,Karnataka,False,20,1.58
TXN209202,,2025-05-10T18:07:00,ACC00035,ACC00038,1497.25,IMPS,Hyderabad,Telangana,False,24,0.11
TXN209203,,2025-03-24T08:00:00,ACC00200,ACC00020,2389.76,Wallet,Hyderabad,Telangana,False,39,0.1
TXN209204,,2025-02-01T15:46:00,ACC00235,ACC00157,532.97,NEFT,Mumbai,Maharashtra,False,8,0.79
TXN209205,,2025-07-21T13:10:00,ACC00000,ACC00127,4054.25,RTGS,Kanpur,Uttar Pradesh,False,32,1.11
TXN209206,,2025-05-25T03:49:00,ACC00018,ACC00017,1732.6,UPI,Lucknow,Uttar Pradesh,False,12,1.29
TXN209207,,2025-06-01T01:54:00,ACC00049,ACC00145,1854.02,UPI,Mumbai,Maharashtra,False,19,1.48
TXN209208,,2025-07-14T06:44:00,ACC00421,ACC00350,15721.81,Card,Lucknow,Uttar Pradesh,False,1,0.95
TXN209209,,2025-05-19T20:02:00,ACC00347,ACC00011,1640.59,Wallet,Delhi,Delhi,False,25,0.4
TXN209210,,2025-04-09T04:09:00,ACC00449,ACC00047,3074.73,Wallet,Jaipur,Rajasthan,False,26,1.64
TXN209211,,2025-06-17T19:41:00,ACC00158,ACC00300,2042.47,NEFT,Kanpur,Uttar Pradesh,False,17,0.54
TXN209212,,2025-04-13T18:52:00,ACC00403,ACC00051,799.27,Card,Hyderabad,Telangana,False,24,0.87
TXN209213,,2025-07-23T16:00:00,ACC00389,ACC00424,1350.63,Card,Bengaluru,Karnataka,False,19,0.49
TXN209214,,2025-05-19T06:08:00,ACC00365,ACC00200,423.83,IMPS,Lucknow,Uttar Pradesh,False,10,0.33
TXN209215,,2025-01-14T13:33:00,ACC00318,ACC00144,263.38,NEFT,Kanpur,Uttar Pradesh,False,18,0.1
TXN209216,,2025-06-28T11:39:00,ACC00210,ACC00055,1601.86,NEFT,Hyderabad,Telangana,False,11,1.69
TXN209217,,2025-07-28T10:39:00,ACC00041,ACC00435,913.27,NEFT,Kanpur,Uttar Pradesh,False,3,0.62
TXN209218,,2025-05-29T00:54:00,ACC00461,ACC00084,295.22,Card,Bengaluru,Karnataka,False,43,0.57
TXN209219,,2025-02-11T04:38:00,ACC00037,ACC00274,286.76,UPI,Jaipur,Rajasthan,False,19,1.48
TXN209220,,2025-06-02T14:14:00,ACC00442,ACC00487,2221.8,RTGS,Mumbai,Maharashtra,False,42,0.76
TXN209221,,2025-07-17T15:52:00,ACC00309,ACC00116,6128.63,IMPS,Hyderabad,Telangana,False,16,0.95
TXN209222,,2025-09-09T02:21:00,ACC00114,ACC00471,15528.72,Card,Hyderabad,Telangana,False,15,0.24
TXN209223,,2025-02-15T11:07:00,ACC00271,ACC00321,571.89,Card,Lucknow,Uttar Pradesh,False,32,0.75
TXN209224,,2025-03-04T01:23:00,ACC00346,ACC00143,1035.36,RTGS,Delhi,Delhi,False,30,0.18
TXN209225,,2025-08-16T07:19:00,ACC00082,ACC00181,1094.88,Wallet,Mumbai,Maharashtra,False,17,0.65
TXN209226,,2025-01-05T00:15:00,ACC00222,ACC00052,261.85,RTGS,Patna,Bihar,False,14,1.5
TXN209227,,2025-06-04T05:11:00,ACC00072,ACC00148,3204.02,IMPS,Delhi,Delhi,False,32,1.5
TXN209228,,2025-09-04T13:19:00,ACC00165,ACC00196,1331.98,Card,Hyderabad,Telangana,False,19,1.81
TXN209229,,2025-05-11T09:58:00,ACC00229,ACC00286,1080.09,Wallet,Kanpur,Uttar Pradesh,False,24,0.7
TXN209230,,2025-01-22T22:49:00,ACC00091,ACC00444,10092.07,UPI,Bengaluru,Karnataka,False,7,1.79
TXN209231,,2025-06-13T01:02:00,ACC00065,ACC00067,870.54,IMPS,Hyderabad,Telangana,False,10,1.04
TXN209232,,2025-09-10T17:15:00,ACC00310,ACC00078,9912.35,Wallet,Hyderabad,Telangana,False,29,1.87
TXN209233,,2025-01-15T07:37:00,ACC00104,ACC00271,9763.94,RTGS,Lucknow,Uttar Pradesh,False,33,1.12
TXN209234,,2025-06-02T11:11:00,ACC00350,ACC00396,2217.38,UPI,Lucknow,Uttar Pradesh,False,29,1.53
TXN209235,,2025-08-24T14:30:00,ACC00421,ACC00010,2166.48,Card,Jaipur,Rajasthan,False,30,1.17
TXN209236,,2025-07-09T14:53:00,ACC00160,ACC00053,4650.75,UPI,Patna,Bihar,False,22,1.55
TXN209237,,2025-03-22T21:15:00,ACC00236,ACC00120,1335.36,Card,Lucknow,Uttar Pradesh,False,17,0.35
TXN209238,,2025-05-25T10:45:00,ACC00094,ACC00332,1445.14,Wallet,Bengaluru,Karnataka,False,26,1.25
TXN209239,,2025-06-08T05:18:00,ACC00489,ACC00375,867.77,RTGS,Kanpur,Uttar Pradesh,False,29,0.86
TXN209240,,2025-05-27T23:29:00,ACC00325,ACC00371,5782.55,RTGS,Kanpur,Uttar Pradesh,False,43,0.35
TXN209241,,2025-09-16T13:01:00,ACC00362,ACC00096,1448.38,IMPS,Lucknow,Uttar Pradesh,False,20,0.94
TXN209242,,2025-09-02T18:00:00,ACC00216,ACC00230,4111.75,Wallet,Jaipur,Rajasthan,False,14,0.42
TXN209243,,2025-01-18T13:01:00,ACC00336,ACC00209,718.35,Card,Jaipur,Rajasthan,False,36,1.73
TXN209244,,2025-09-13T04:38:00,ACC00437,ACC00245,582.07,RTGS,Lucknow,Uttar Pradesh,False,26,0.78
TXN209245,,2025-07-23T10:12:00,ACC00044,ACC00249,5792.38,NEFT,Mumbai,Maharashtra,False,3,1.5
TXN209246,,2025-04-18T12:59:00,ACC00345,ACC00194,4746.1,Wallet,Lucknow,Uttar Pradesh,False,22,1.92
TXN209247,,2025-04-19T17:23:00,ACC00414,ACC00105,2933.34,IMPS,Delhi,Delhi,False,29,0.94
TXN209248,,2025-08-08T17:28:00,ACC00043,ACC00331,3703.3,Wallet,Bengaluru,Karnataka,False,10,0.4
TXN209249,,2025-07-05T16:49:00,ACC00005,ACC00439,266.14,Card,Kanpur,Uttar Pradesh,False,17,1.93
TXN209250,,2025-02-22T16:08:00,ACC00225,ACC00478,472.9,UPI,Patna,Bihar,False,31,0.5
TXN209251,,2025-05-19T08:37:00,ACC00352,ACC00481,761.51,Wallet,Jaipur,Rajasthan,False,12,0.46
TXN209252,,2025-03-14T22:04:00,ACC00482,ACC00419,2964.47,Wallet,Kanpur,Uttar Pradesh,False,24,1.07
TXN209253,,2025-04-08T05:13:00,ACC00085,ACC00233,3136.99,NEFT,Lucknow,Uttar Pradesh,False,19,0.29
TXN209254,,2025-06-25T17:31:00,ACC00382,ACC00387,2262.5,RTGS,Jaipur,Rajasthan,False,1,0.48
TXN209255,,2025-08-31T23:39:00,ACC00480,ACC00400,668.3,IMPS,Lucknow,Uttar Pradesh,False,34,0.65
TXN209256,,2025-02-19T16:28:00,ACC00202,ACC00195,3445.98,RTGS,Lucknow,Uttar Pradesh,False,22,0.59
TXN209257,,2025-05-11T07:07:00,ACC00336,ACC00420,1393.3,NEFT,Patna,Bihar,False,34,0.87
TXN209258,,2025-08-19T11:24:00,ACC00102,ACC00032,1140.31,RTGS,Jaipur,Rajasthan,False,24,0.71
TXN209259,,2025-01-30T19:07:00,ACC00179,ACC00316,2356.09,Wallet,Lucknow,Uttar Pradesh,False,20,1.16
TXN209260,,2025-08-13T13:18:00,ACC00163,ACC00480,5470.31,NEFT,Mumbai,Maharashtra,False,6,0.38
TXN209261,,2025-08-10T20:49:00,ACC00205,ACC00026,2771.9,RTGS,Lucknow,Uttar Pradesh,False,20,1.63
TXN209262,,2025-07-02T21:42:00,ACC00060,ACC00166,3774.92,Wallet,Patna,Bihar,False,22,0.97
TXN209263,,2025-09-13T10:30:00,ACC00295,ACC00200,19566.41,IMPS,Lucknow,Uttar Pradesh,False,5,0.7
TXN209264,,2025-08-11T21:24:00,ACC00091,ACC00407,4170.15,IMPS,Bengaluru,Karnataka,False,13,0.76
TXN209265,,2025-03-08T01:37:00,ACC00283,ACC00035,1425.15,Card,Jaipur,Rajasthan,False,16,1.54
TXN209266,,2025-04-20T21:33:00,ACC00235,ACC00096,608.78,UPI,Bengaluru,Karnataka,False,25,0.63
TXN209267,,2025-08-11T04:46:00,ACC00115,ACC00325,2465.8,Wallet,Delhi,Delhi,False,19,0.63
TXN209268,,2025-04-16T13:05:00,ACC00011,ACC00280,919.15,NEFT,Lucknow,Uttar Pradesh,False,28,0.97
TXN209269,,2025-04-22T00:54:00,ACC00011,ACC00192,5976.03,RTGS,Hyderabad,Telangana,False,13,0.75
TXN209270,,2025-03-21T23:41:00,ACC00206,ACC00073,1388.12,IMPS,Lucknow,Uttar Pradesh,False,24,1.66
TXN209271,,2025-08-13T07:48:00,ACC00160,ACC00174,2686.22,RTGS,Jaipur,Rajasthan,False,30,0.71
TXN209272,,2025-07-27T00:24:00,ACC00210,ACC00147,1066.54,Wallet,Jaipur,Rajasthan,False,28,1.9
TXN209273,,2025-06-16T02:43:00,ACC00102,ACC00111,428.27,NEFT,Mumbai,Maharashtra,False,43,1.42
TXN209274,,2025-04-27T19:18:00,ACC00202,ACC00140,3643.8,RTGS,Mumbai,Maharashtra,False,26,1.31
TXN209275,,2025-05-11T00:53:00,ACC00458,ACC00119,863.64,RTGS,Patna,Bihar,False,32,0.85
TXN209276,,2025-03-02T10:51:00,ACC00077,ACC00364,1189.85,IMPS,Lucknow,Uttar Pradesh,False,18,0.2
TXN209277,,2025-08-11T16:15:00,ACC00254,ACC00370,4958.1,UPI,Lucknow,Uttar Pradesh,False,17,0.71
TXN209278,,2025-03-30T16:01:00,ACC00390,ACC00221,11137.66,UPI,Jaipur,Rajasthan,False,16,1.57
TXN209279,,2025-03-09T19:26:00,ACC00252,ACC00371,12314.78,NEFT,Hyderabad,Telangana,False,10,0.76
TXN209280,,2025-07-12T22:52:00,ACC00211,ACC00068,2356.33,Wallet,Jaipur,Rajasthan,False,29,0.95
TXN209281,,2025-07-26T23:05:00,ACC00327,ACC00487,2022.31,Card,Hyderabad,Telangana,False,1,0.61
TXN209282,,2025-05-04T21:54:00,ACC00053,ACC00204,338.68,Wallet,Mumbai,Maharashtra,False,21,0.49
TXN209283,,2025-05-20T09:59:00,ACC00238,ACC00025,4551.75,RTGS,Jaipur,Rajasthan,False,19,1.13
TXN209284,,2025-07-21T09:59:00,ACC00426,ACC00448,7429.18,NEFT,Bengaluru,Karnataka,False,36,0.45
TXN209285,,2025-08-10T18:31:00,ACC00369,ACC00024,979.32,UPI,Jaipur,Rajasthan,False,1,0.81
TXN209286,,2025-07-03T10:28:00,ACC00039,ACC00143,5177.14,Wallet,Mumbai,Maharashtra,False,16,1.55
TXN209287,,2025-04-13T18:58:00,ACC00348,ACC00174,3906.4,RTGS,Bengaluru,Karnataka,False,30,0.28
TXN209288,,2025-09-06T18:47:00,ACC00491,ACC00363,878.72,IMPS,Patna,Bihar,False,19,0.43
TXN209289,,2025-07-23T05:44:00,ACC00077,ACC00240,6362.41,IMPS,Jaipur,Rajasthan,False,15,0.75
TXN209290,,2025-08-30T07:12:00,ACC00044,ACC00089,1431.47,UPI,Jaipur,Rajasthan,False,6,0.33
TXN209291,,2025-01-21T23:36:00,ACC00194,ACC00045,728.44,NEFT,Jaipur,Rajasthan,False,14,0.66
TXN209292,,2025-04-18T10:24:00,ACC00431,ACC00339,361.25,RTGS,Patna,Bihar,False,32,1.82
TXN209293,,2025-02-11T07:53:00,ACC00496,ACC00370,5148.97,Wallet,Delhi,Delhi,False,6,0.2
TXN209294,,2025-05-24T18:03:00,ACC00272,ACC00063,6290.52,NEFT,Lucknow,Uttar Pradesh,False,16,1.15
TXN209295,,2025-04-05T05:14:00,ACC00224,ACC00127,3339.41,Wallet,Delhi,Delhi,False,11,1.43
TXN209296,,2025-06-25T14:57:00,ACC00394,ACC00316,196.77,RTGS,Jaipur,Rajasthan,False,16,1.57
TXN209297,,2025-02-19T05:21:00,ACC00032,ACC00255,8872.67,NEFT,Hyderabad,Telangana,False,15,1.44
TXN209298,,2025-01-29T02:56:00,ACC00298,ACC00152,352.77,RTGS,Jaipur,Rajasthan,False,17,0.57
TXN209299,,2025-05-28T17:52:00,ACC00107,ACC00022,1189.62,RTGS,Kanpur,Uttar Pradesh,False,3,0.16
TXN209300,,2025-02-28T00:45:00,ACC00362,ACC00383,6193.81,NEFT,Delhi,Delhi,False,21,0.72
TXN209301,,2025-07-21T09:53:00,ACC00053,ACC00465,7805.11,NEFT,Lucknow,Uttar Pradesh,False,23,1.7
TXN209302,,2025-05-04T17:54:00,ACC00361,ACC00392,1285.7,IMPS,Kanpur,Uttar Pradesh,False,37,0.56
TXN209303,,2025-05-06T10:59:00,ACC00247,ACC00308,1629.97,RTGS,Kanpur,Uttar Pradesh,False,19,1.64
TXN209304,,2025-08-02T20:17:00,ACC00121,ACC00221,520.38,NEFT,Lucknow,Uttar Pradesh,False,15,0.32
TXN209305,,2025-05-31T00:13:00,ACC00327,ACC00077,3519.05,Card,Jaipur,Rajasthan,False,31,1.49
TXN209306,,2025-05-25T20:01:00,ACC00277,ACC00001,1437.17,NEFT,Bengaluru,Karnataka,False,28,1.26
TXN209307,,2025-03-06T13:51:00,ACC00288,ACC00040,4203.47,NEFT,Delhi,Delhi,False,17,1.76
TXN209308,,2025-03-26T15:41:00,ACC00039,ACC00131,4554.27,Wallet,Mumbai,Maharashtra,False,16,1.58
TXN209309,,2025-06-23T19:41:00,ACC00439,ACC00178,7775.14,Card,Hyderabad,Telangana,False,20,1.54
TXN209310,,2025-02-11T11:21:00,ACC00497,ACC00268,7196.01,NEFT,Hyderabad,Telangana,False,12,1.93
TXN209311,,2025-07-19T01:49:00,ACC00493,ACC00028,324.55,Card,Hyderabad,Telangana,False,10,1.54
TXN209312,,2025-06-01T06:07:00,ACC00078,ACC00352,722.91,NEFT,Jaipur,Rajasthan,False,18,1.32
TXN209313,,2025-09-03T22:36:00,ACC00394,ACC00047,4081.6,IMPS,Jaipur,Rajasthan,False,22,0.49
TXN209314,,2025-02-03T11:24:00,ACC00245,ACC00050,1757.97,RTGS,Delhi,Delhi,False,15,0.92
TXN209315,,2025-02-27T04:12:00,ACC00164,ACC00211,2690.95,Wallet,Hyderabad,Telangana,False,21,0.42
TXN209316,,2025-07-03T09:07:00,ACC00175,ACC00035,335.84,NEFT,Bengaluru,Karnataka,False,21,0.95
TXN209317,,2025-06-03T12:25:00,ACC00347,ACC00405,7742.39,Card,Lucknow,Uttar Pradesh,False,17,1.6
TXN209318,,2025-04-18T20:22:00,ACC00108,ACC00352,4687.21,UPI,Kanpur,Uttar Pradesh,False,36,0.95
TXN209319,,2025-04-11T10:53:00,ACC00047,ACC00269,1911.9,NEFT,Kanpur,Uttar Pradesh,False,18,0.17
TXN209320,,2025-01-12T07:22:00,ACC00380,ACC00026,605.01,NEFT,Patna,Bihar,False,19,0.93
TXN209321,,2025-02-08T16:31:00,ACC00336,ACC00058,1259.94,NEFT,Delhi,Delhi,False,11,1.04
TXN209322,,2025-03-25T00:35:00,ACC00323,ACC00318,4070.35,IMPS,Bengaluru,Karnataka,False,36,1.16
TXN209323,,2025-08-24T13:08:00,ACC00447,ACC00388,1445.43,NEFT,Patna,Bihar,False,15,1.91
TXN209324,,2025-08-04T13:16:00,ACC00437,ACC00032,708.32,Card,Delhi,Delhi,False,16,1.14
TXN209325,,2025-01-21T02:08:00,ACC00178,ACC00268,1753.65,NEFT,Bengaluru,Karnataka,False,11,0.46
TXN209326,,2025-05-01T01:30:00,ACC00275,ACC00061,2462.98,UPI,Mumbai,Maharashtra,False,23,0.61
TXN209327,,2025-08-28T18:53:00,ACC00497,ACC00330,2950.32,Card,Hyderabad,Telangana,False,1,1.67
TXN209328,,2025-02-10T00:00:00,ACC00234,ACC00419,1294.43,RTGS,Lucknow,Uttar Pradesh,False,12,1.32
TXN209329,,2025-02-12T03:28:00,ACC00292,ACC00254,7964.15,UPI,Mumbai,Maharashtra,False,18,0.42
TXN209330,,2025-06-10T10:43:00,ACC00066,ACC00497,1085.49,IMPS,Hyderabad,Telangana,False,14,0.34
TXN209331,,2025-06-06T05:53:00,ACC00175,ACC00447,4290.19,Card,Patna,Bihar,False,23,1.23
TXN209332,,2025-05-30T12:27:00,ACC00284,ACC00201,762.84,UPI,Kanpur,Uttar Pradesh,False,29,0.51
TXN209333,,2025-02-02T16:53:00,ACC00018,ACC00288,1938.93,UPI,Bengaluru,Karnataka,False,32,0.32
TXN209334,,2025-05-26T16:16:00,ACC00241,ACC00152,592.02,Card,Lucknow,Uttar Pradesh,False,1,1.93
TXN209335,,2025-03-14T13:48:00,ACC00128,ACC00273,1686.52,NEFT,Jaipur,Rajasthan,False,20,0.96
TXN209336,,2025-03-27T15:15:00,ACC00272,ACC00384,2171.47,IMPS,Kanpur,Uttar Pradesh,False,23,0.18
TXN209337,,2025-02-02T18:07:00,ACC00280,ACC00282,847.19,Wallet,Jaipur,Rajasthan,False,36,0.22
TXN209338,,2025-07-22T21:15:00,ACC00054,ACC00025,4390.68,NEFT,Patna,Bihar,False,15,0.69
TXN209339,,2025-08-04T21:21:00,ACC00010,ACC00195,2248.22,UPI,Patna,Bihar,False,17,1.52
TXN209340,,2025-04-20T06:29:00,ACC00385,ACC00089,1584.74,RTGS,Bengaluru,Karnataka,False,9,1.11
TXN209341,,2025-08-06T20:45:00,ACC00204,ACC00290,1346.88,RTGS,Hyderabad,Telangana,False,16,1.64
TXN209342,,2025-02-14T15:57:00,ACC00458,ACC00096,447.96,Card,Patna,Bihar,False,32,1.63
TXN209343,,2025-07-05T02:43:00,ACC00360,ACC00127,17205.57,Wallet,Jaipur,Rajasthan,False,23,0.57
TXN209344,,2025-09-11T20:42:00,ACC00488,ACC00103,259.15,NEFT,Delhi,Delhi,False,16,0.57
TXN209345,,2025-09-11T03:39:00,ACC00115,ACC00357,401.45,Card,Lucknow,Uttar Pradesh,False,21,1.92
TXN209346,,2025-08-04T21:10:00,ACC00250,ACC00202,1598.04,UPI,Hyderabad,Telangana,False,26,1.79
TXN209347,,2025-06-27T21:05:00,ACC00145,ACC00289,911.11,NEFT,Hyderabad,Telangana,False,35,1.03
TXN209348,,2025-03-12T19:40:00,ACC00386,ACC00264,983.97,IMPS,Delhi,Delhi,False,20,0.64
TXN209349,,2025-08-06T16:34:00,ACC00420,ACC00467,1016.08,Wallet,Hyderabad,Telangana,False,16,1.98
TXN209350,,2025-04-09T01:23:00,ACC00398,ACC00218,729.17,IMPS,Patna,Bihar,False,19,0.18
TXN209351,,2025-08-08T17:01:00,ACC00384,ACC00296,1207.39,UPI,Bengaluru,Karnataka,False,15,0.95
TXN209352,,2025-04-07T06:13:00,ACC00045,ACC00135,568.62,RTGS,Patna,Bihar,False,3,1.99
TXN209353,,2025-04-16T06:42:00,ACC00118,ACC00368,1235.43,Wallet,Jaipur,Rajasthan,False,1,0.77
TXN209354,,2025-02-10T19:59:00,ACC00430,ACC00447,178.3,UPI,Delhi,Delhi,False,13,0.46
TXN209355,,2025-03-15T06:28:00,ACC00117,ACC00288,3235.77,NEFT,Bengaluru,Karnataka,False,37,0.54
TXN209356,,2025-03-24T00:16:00,ACC00405,ACC00140,1618.61,UPI,Delhi,Delhi,False,26,1.55
TXN209357,,2025-05-08T14:59:00,ACC00289,ACC00030,1229.63,IMPS,Mumbai,Maharashtra,False,22,1.91
TXN209358,,2025-05-18T04:03:00,ACC00122,ACC00182,2640.11,Card,Kanpur,Uttar Pradesh,False,26,1.7
TXN209359,,2025-04-09T02:02:00,ACC00124,ACC00116,3327.89,Wallet,Bengaluru,Karnataka,False,24,1.48
TXN209360,,2025-01-31T20:43:00,ACC00451,ACC00447,5120.53,RTGS,Bengaluru,Karnataka,False,28,0.52
TXN209361,,2025-07-06T01:44:00,ACC00462,ACC00211,799.33,Wallet,Patna,Bihar,False,28,0.58
TXN209362,,2025-05-12T09:07:00,ACC00224,ACC00355,814.74,Wallet,Lucknow,Uttar Pradesh,False,38,1.81
TXN209363,,2025-06-04T15:26:00,ACC00194,ACC00065,2891.78,UPI,Bengaluru,Karnataka,False,31,1.08
TXN209364,,2025-03-20T17:40:00,ACC00378,ACC00386,2020.73,RTGS,Hyderabad,Telangana,False,37,0.61
TXN209365,,2025-07-17T19:07:00,ACC00365,ACC00186,788.0,RTGS,Delhi,Delhi,False,32,0.53
TXN209366,,2025-02-01T03:23:00,ACC00386,ACC00372,3736.93,Wallet,Bengaluru,Karnataka,False,29,0.79
TXN209367,,2025-06-17T11:57:00,ACC00370,ACC00252,950.12,NEFT,Hyderabad,Telangana,False,20,0.3
TXN209368,,2025-08-18T18:36:00,ACC00366,ACC00150,660.37,Card,Hyderabad,Telangana,False,5,1.77
TXN209369,,2025-01-09T22:33:00,ACC00321,ACC00306,2540.68,IMPS,Kanpur,Uttar Pradesh,False,24,1.0
TXN209370,,2025-08-05T05:03:00,ACC00050,ACC00031,3503.8,IMPS,Lucknow,Uttar Pradesh,False,24,1.39
TXN209371,,2025-08-06T23:43:00,ACC00378,ACC00219,10105.41,NEFT,Delhi,Delhi,False,36,0.12
TXN209372,,2025-07-08T11:13:00,ACC00195,ACC00250,1360.95,IMPS,Patna,Bihar,False,25,1.7
TXN209373,,2025-03-12T08:48:00,ACC00322,ACC00249,12582.66,Card,Kanpur,Uttar Pradesh,False,22,1.98
TXN209374,,2025-08-12T03:15:00,ACC00176,ACC00472,3229.11,Card,Kanpur,Uttar Pradesh,False,19,0.61
TXN209375,,2025-06-03T21:12:00,ACC00240,ACC00034,4980.01,UPI,Kanpur,Uttar Pradesh,False,9,0.87
TXN209376,,2025-09-15T23:21:00,ACC00337,ACC00431,1724.81,Wallet,Bengaluru,Karnataka,False,24,0.66
TXN209377,,2025-02-08T00:34:00,ACC00492,ACC00450,3533.62,IMPS,Hyderabad,Telangana,False,21,0.13
TXN209378,,2025-05-08T23:55:00,ACC00406,ACC00020,986.52,Card,Patna,Bihar,False,12,0.64
TXN209379,,2025-01-26T21:03:00,ACC00222,ACC00326,7935.15,Wallet,Jaipur,Rajasthan,False,21,0.86
TXN209380,,2025-04-09T17:18:00,ACC00365,ACC00147,3524.33,RTGS,Hyderabad,Telangana,False,20,1.06
TXN209381,,2025-04-06T08:39:00,ACC00327,ACC00022,7724.09,NEFT,Kanpur,Uttar Pradesh,False,10,0.77
TXN209382,,2025-06-22T08:11:00,ACC00412,ACC00390,1687.76,IMPS,Kanpur,Uttar Pradesh,False,31,1.17
TXN209383,,2025-08-13T23:44:00,ACC00298,ACC00369,1969.55,Card,Delhi,Delhi,False,19,0.56
TXN209384,,2025-08-22T14:24:00,ACC00256,ACC00077,1121.24,NEFT,Patna,Bihar,False,27,0.81
TXN209385,,2025-07-05T12:20:00,ACC00017,ACC00412,4721.33,IMPS,Jaipur,Rajasthan,False,38,1.11
TXN209386,,2025-02-23T05:53:00,ACC00227,ACC00147,13259.1,NEFT,Jaipur,Rajasthan,False,18,0.81
TXN209387,,2025-08-29T19:02:00,ACC00013,ACC00323,5722.73,Card,Kanpur,Uttar Pradesh,False,27,1.74
TXN209388,,2025-05-04T04:04:00,ACC00434,ACC00173,556.44,IMPS,Kanpur,Uttar Pradesh,False,37,1.52
TXN209389,,2025-08-25T21:57:00,ACC00105,ACC00082,2063.87,IMPS,Patna,Bihar,False,17,0.67
TXN209390,,2025-01-22T01:03:00,ACC00005,ACC00006,553.98,Wallet,Lucknow,Uttar Pradesh,False,19,1.96
TXN209391,,2025-08-02T05:21:00,ACC00033,ACC00384,2207.5,Wallet,Patna,Bihar,False,23,0.89
TXN209392,,2025-08-02T23:31:00,ACC00237,ACC00492,10000.32,Wallet,Patna,Bihar,False,18,0.12
TXN209393,,2025-04-17T00:00:00,ACC00299,ACC00314,3796.35,RTGS,Delhi,Delhi,False,24,1.69
TXN209394,,2025-02-13T05:09:00,ACC00090,ACC00059,2359.25,UPI,Mumbai,Maharashtra,False,1,0.68
TXN209395,,2025-03-19T04:23:00,ACC00029,ACC00171,2727.5,Wallet,Mumbai,Maharashtra,False,1,0.4
TXN209396,,2025-07-24T19:46:00,ACC00224,ACC00440,492.61,RTGS,Mumbai,Maharashtra,False,2,1.43
TXN209397,,2025-03-07T17:06:00,ACC00236,ACC00296,1269.15,Wallet,Hyderabad,Telangana,False,10,1.68
TXN209398,,2025-07-19T19:53:00,ACC00170,ACC00195,2640.06,UPI,Bengaluru,Karnataka,False,27,1.09
TXN209399,,2025-09-06T23:03:00,ACC00339,ACC00206,881.28,IMPS,Hyderabad,Telangana,False,17,0.1
TXN209400,,2025-07-02T18:25:00,ACC00461,ACC00385,1946.06,NEFT,Lucknow,Uttar Pradesh,False,31,1.73
TXN209401,,2025-08-29T12:47:00,ACC00298,ACC00445,1997.31,RTGS,Delhi,Delhi,False,45,1.1
TXN209402,,2025-07-21T01:36:00,ACC00204,ACC00363,45034.18,Card,Hyderabad,Telangana,False,5,0.96
TXN209403,,2025-05-21T10:56:00,ACC00070,ACC00254,2048.6,RTGS,Jaipur,Rajasthan,False,24,1.5
TXN209404,,2025-04-18T15:08:00,ACC00353,ACC00356,1562.65,IMPS,Lucknow,Uttar Pradesh,False,21,0.52
TXN209405,,2025-03-30T08:20:00,ACC00075,ACC00235,12919.53,NEFT,Jaipur,Rajasthan,False,4,0.81
TXN209406,,2025-03-14T23:00:00,ACC00399,ACC00297,1225.25,RTGS,Jaipur,Rajasthan,False,5,0.67
TXN209407,,2025-07-30T16:42:00,ACC00445,ACC00497,6088.83,Card,Patna,Bihar,False,29,0.72
TXN209408,,2025-02-05T13:52:00,ACC00433,ACC00019,4078.06,RTGS,Jaipur,Rajasthan,False,20,1.63
TXN209409,,2025-08-07T22:51:00,ACC00022,ACC00010,942.94,Card,Patna,Bihar,False,29,1.35
TXN209410,,2025-01-08T10:56:00,ACC00387,ACC00446,354.93,UPI,Lucknow,Uttar Pradesh,False,20,1.48
TXN209411,,2025-06-02T04:33:00,ACC00053,ACC00280,1163.47,NEFT,Delhi,Delhi,False,14,1.18
TXN209412,,2025-03-26T19:26:00,ACC00035,ACC00476,144.63,IMPS,Patna,Bihar,False,13,0.79
TXN209413,,2025-04-16T10:35:00,ACC00426,ACC00483,379.83,Card,Patna,Bihar,False,27,1.34
TXN209414,,2025-08-06T04:42:00,ACC00233,ACC00427,25120.59,NEFT,Kanpur,Uttar Pradesh,False,14,1.73
TXN209415,,2025-06-12T05:21:00,ACC00209,ACC00095,3077.81,Card,Bengaluru,Karnataka,False,5,1.89
TXN209416,,2025-06-15T16:58:00,ACC00184,ACC00339,1746.89,UPI,Jaipur,Rajasthan,False,28,1.25
TXN209417,,2025-08-30T22:51:00,ACC00310,ACC00154,745.88,NEFT,Patna,Bihar,False,19,1.39
TXN209418,,2025-03-17T11:23:00,ACC00281,ACC00198,994.72,NEFT,Kanpur,Uttar Pradesh,False,25,1.84
TXN209419,,2025-08-01T13:54:00,ACC00190,ACC00121,1036.61,UPI,Kanpur,Uttar Pradesh,False,18,1.46
TXN209420,,2025-01-28T07:31:00,ACC00177,ACC00144,2941.62,RTGS,Patna,Bihar,False,32,1.09
TXN209421,,2025-06-08T10:26:00,ACC00326,ACC00228,1087.74,Card,Delhi,Delhi,False,34,1.99
TXN209422,,2025-03-29T07:54:00,ACC00043,ACC00288,2558.39,IMPS,Lucknow,Uttar Pradesh,False,2,1.79
TXN209423,,2025-08-08T10:37:00,ACC00227,ACC00266,5180.7,UPI,Delhi,Delhi,False,1,0.86
TXN209424,,2025-02-06T04:22:00,ACC00392,ACC00097,2528.44,Wallet,Jaipur,Rajasthan,False,19,0.53
TXN209425,,2025-06-30T11:04:00,ACC00443,ACC00083,5524.3,RTGS,Lucknow,Uttar Pradesh,False,25,1.0
TXN209426,,2025-03-02T15:01:00,ACC00011,ACC00274,3409.1,Card,Jaipur,Rajasthan,False,13,1.39
TXN209427,,2025-04-07T08:35:00,ACC00421,ACC00151,1554.36,IMPS,Bengaluru,Karnataka,False,15,1.41
TXN209428,,2025-06-17T15:25:00,ACC00262,ACC00050,6232.84,Wallet,Jaipur,Rajasthan,False,40,1.33
TXN209429,,2025-08-14T22:07:00,ACC00125,ACC00378,4332.56,UPI,Kanpur,Uttar Pradesh,False,20,0.27
TXN209430,,2025-04-18T10:49:00,ACC00196,ACC00067,1334.99,IMPS,Mumbai,Maharashtra,False,22,0.97
TXN209431,,2025-04-26T10:54:00,ACC00463,ACC00388,4020.89,Wallet,Hyderabad,Telangana,False,25,1.7
TXN209432,,2025-07-31T09:48:00,ACC00060,ACC00316,1759.88,Card,Bengaluru,Karnataka,False,29,0.43
TXN209433,,2025-07-06T12:57:00,ACC00195,ACC00037,2174.77,Card,Lucknow,Uttar Pradesh,False,20,1.5
TXN209434,,2025-05-25T11:29:00,ACC00499,ACC00242,3023.29,IMPS,Bengaluru,Karnataka,False,8,1.18
TXN209435,,2025-05-28T00:19:00,ACC00204,ACC00380,3119.4,UPI,Lucknow,Uttar Pradesh,False,20,1.88
TXN209436,,2025-03-28T04:26:00,ACC00305,ACC00120,2977.25,RTGS,Delhi,Delhi,False,18,0.41
TXN209437,,2025-07-13T09:34:00,ACC00477,ACC00021,366.57,Card,Lucknow,Uttar Pradesh,False,16,1.58
TXN209438,,2025-02-04T13:44:00,ACC00119,ACC00286,1893.93,IMPS,Mumbai,Maharashtra,False,9,0.41
TXN209439,,2025-06-29T06:59:00,ACC00408,ACC00141,15126.06,Wallet,Kanpur,Uttar Pradesh,False,32,1.66
TXN209440,,2025-01-06T09:26:00,ACC00278,ACC00335,1125.57,RTGS,Kanpur,Uttar Pradesh,False,26,0.52
TXN209441,,2025-02-11T02:06:00,ACC00397,ACC00025,1667.55,Card,Jaipur,Rajasthan,False,12,0.21
TXN209442,,2025-02-21T15:29:00,ACC00416,ACC00406,2568.11,UPI,Jaipur,Rajasthan,False,36,0.95
TXN209443,,2025-08-10T21:49:00,ACC00033,ACC00167,7648.86,Card,Lucknow,Uttar Pradesh,False,9,0.21
TXN209444,,2025-03-25T14:39:00,ACC00460,ACC00192,3622.16,NEFT,Patna,Bihar,False,33,1.6
TXN209445,,2025-03-01T07:56:00,ACC00148,ACC00090,2867.48,UPI,Kanpur,Uttar Pradesh,False,11,0.29
TXN209446,,2025-07-01T20:41:00,ACC00210,ACC00262,3370.58,Wallet,Bengaluru,Karnataka,False,13,1.64
TXN209447,,2025-07-19T11:37:00,ACC00122,ACC00259,7321.18,UPI,Hyderabad,Telangana,False,15,0.87
TXN209448,,2025-05-15T08:42:00,ACC00345,ACC00474,4110.57,RTGS,Jaipur,Rajasthan,False,15,1.06
TXN209449,,2025-07-16T10:42:00,ACC00163,ACC00213,2874.13,UPI,Patna,Bihar,False,14,1.88
TXN209450,,2025-08-25T22:11:00,ACC00139,ACC00105,1916.14,Wallet,Mumbai,Maharashtra,False,19,0.44
TXN209451,,2025-08-26T08:44:00,ACC00059,ACC00055,2815.64,IMPS,Delhi,Delhi,False,22,0.14
TXN209452,,2025-02-12T13:17:00,ACC00305,ACC00381,2224.03,Wallet,Hyderabad,Telangana,False,34,1.68
TXN209453,,2025-06-15T17:17:00,ACC00247,ACC00273,1488.39,IMPS,Hyderabad,Telangana,False,34,1.85
TXN209454,,2025-07-05T10:32:00,ACC00156,ACC00244,1161.96,Card,Bengaluru,Karnataka,False,17,0.82
TXN209455,,2025-03-24T23:23:00,ACC00094,ACC00027,2441.22,IMPS,Lucknow,Uttar Pradesh,False,16,0.63
TXN209456,,2025-05-24T09:33:00,ACC00245,ACC00225,4548.68,UPI,Mumbai,Maharashtra,False,41,0.52
TXN209457,,2025-02-01T19:52:00,ACC00327,ACC00244,4568.09,IMPS,Delhi,Delhi,False,2,1.49
TXN209458,,2025-02-27T23:08:00,ACC00191,ACC00311,1160.96,Card,Patna,Bihar,False,22,1.62
TXN209459,,2025-02-22T20:34:00,ACC00279,ACC00303,2042.34,UPI,Mumbai,Maharashtra,False,21,1.21
TXN209460,,2025-07-12T05:20:00,ACC00213,ACC00203,3065.95,Card,Delhi,Delhi,False,30,0.76
TXN209461,,2025-04-17T20:38:00,ACC00063,ACC00311,604.05,NEFT,Jaipur,Rajasthan,False,25,0.5
TXN209462,,2025-06-13T03:33:00,ACC00361,ACC00111,3072.0,Card,Mumbai,Maharashtra,False,12,0.72
TXN209463,,2025-07-11T08:07:00,ACC00228,ACC00332,173.12,NEFT,Jaipur,Rajasthan,False,18,0.13
TXN209464,,2025-03-15T19:39:00,ACC00273,ACC00176,5261.15,Card,Hyderabad,Telangana,False,11,1.77
TXN209465,,2025-03-02T17:06:00,ACC00081,ACC00171,6737.79,UPI,Bengaluru,Karnataka,False,34,0.21
TXN209466,,2025-06-02T17:36:00,ACC00307,ACC00422,1002.84,Card,Lucknow,Uttar Pradesh,False,18,1.19
TXN209467,,2025-07-20T05:31:00,ACC00173,ACC00332,361.44,RTGS,Jaipur,Rajasthan,False,13,1.93
TXN209468,,2025-02-28T15:04:00,ACC00157,ACC00103,1133.56,UPI,Jaipur,Rajasthan,False,15,1.2
TXN209469,,2025-07-01T14:36:00,ACC00062,ACC00483,963.79,RTGS,Patna,Bihar,False,35,1.29
TXN209470,,2025-09-02T16:09:00,ACC00381,ACC00349,2854.24,UPI,Patna,Bihar,False,32,1.52
TXN209471,,2025-09-03T14:31:00,ACC00396,ACC00101,2869.0,NEFT,Hyderabad,Telangana,False,26,0.44
TXN209472,,2025-08-31T06:31:00,ACC00089,ACC00138,6060.17,UPI,Mumbai,Maharashtra,False,25,1.94
TXN209473,,2025-07-23T20:46:00,ACC00142,ACC00457,1916.24,Wallet,Delhi,Delhi,False,25,0.72
TXN209474,,2025-04-08T23:39:00,ACC00034,ACC00296,503.52,Card,Bengaluru,Karnataka,False,19,1.04
TXN209475,,2025-05-20T00:06:00,ACC00014,ACC00192,665.58,IMPS,Jaipur,Rajasthan,False,11,0.57
TXN209476,,2025-08-07T00:43:00,ACC00009,ACC00007,1051.03,IMPS,Bengaluru,Karnataka,False,34,1.41
TXN209477,,2025-02-04T20:55:00,ACC00489,ACC00456,2680.89,IMPS,Lucknow,Uttar Pradesh,False,16,0.71
TXN209478,,2025-05-18T09:53:00,ACC00422,ACC00042,4595.59,NEFT,Kanpur,Uttar Pradesh,False,9,0.18
TXN209479,,2025-05-12T21:42:00,ACC00371,ACC00244,1412.82,RTGS,Jaipur,Rajasthan,False,22,1.25
TXN209480,,2025-03-26T00:33:00,ACC00095,ACC00141,428.42,Card,Jaipur,Rajasthan,False,14,1.84
TXN209481,,2025-05-09T04:54:00,ACC00342,ACC00018,12077.25,UPI,Hyderabad,Telangana,False,19,0.83
TXN209482,,2025-06-17T06:09:00,ACC00397,ACC00251,517.28,IMPS,Mumbai,Maharashtra,False,8,1.89
TXN209483,,2025-02-13T04:04:00,ACC00040,ACC00155,3389.93,RTGS,Bengaluru,Karnataka,False,13,1.95
TXN209484,,2025-02-12T08:15:00,ACC00116,ACC00175,1089.09,NEFT,Mumbai,Maharashtra,False,20,1.27
TXN209485,,2025-02-06T13:12:00,ACC00302,ACC00449,2355.78,NEFT,Patna,Bihar,False,19,0.56
TXN209486,,2025-02-07T14:42:00,ACC00483,ACC00370,2495.42,NEFT,Jaipur,Rajasthan,False,31,0.36
TXN209487,,2025-03-31T11:27:00,ACC00478,ACC00156,1920.87,Wallet,Lucknow,Uttar Pradesh,False,11,0.31
TXN209488,,2025-03-27T20:11:00,ACC00173,ACC00469,2454.31,UPI,Kanpur,Uttar Pradesh,False,24,0.38
TXN209489,,2025-02-06T04:02:00,ACC00135,ACC00038,5168.53,RTGS,Delhi,Delhi,False,28,1.36
TXN209490,,2025-07-05T08:40:00,ACC00265,ACC00463,6444.26,NEFT,Lucknow,Uttar Pradesh,False,44,0.1
TXN209491,,2025-06-28T05:33:00,ACC00498,ACC00261,3807.0,UPI,Lucknow,Uttar Pradesh,False,23,0.42
TXN209492,,2025-09-14T08:09:00,ACC00410,ACC00213,2478.17,IMPS,Kanpur,Uttar Pradesh,False,1,0.21
TXN209493,,2025-01-10T13:48:00,ACC00300,ACC00496,141.66,NEFT,Bengaluru,Karnataka,False,22,0.6
TXN209494,,2025-03-15T13:28:00,ACC00214,ACC00313,709.17,IMPS,Bengaluru,Karnataka,False,29,0.13
TXN209495,,2025-06-19T20:49:00,ACC00103,ACC00261,1281.47,Card,Jaipur,Rajasthan,False,26,1.51
TXN209496,,2025-01-06T10:04:00,ACC00458,ACC00254,2685.24,IMPS,Hyderabad,Telangana,False,24,1.92
TXN209497,,2025-07-25T22:24:00,ACC00458,ACC00045,635.51,UPI,Lucknow,Uttar Pradesh,False,31,1.76
TXN209498,,2025-03-31T05:22:00,ACC00395,ACC00019,4871.82,Wallet,Kanpur,Uttar Pradesh,False,19,1.92
TXN209499,,2025-04-17T10:50:00,ACC00161,ACC00307,2653.11,NEFT,Bengaluru,Karnataka,False,17,0.98
TXN209500,,2025-08-18T16:41:00,ACC00330,ACC00075,5853.65,Card,Lucknow,Uttar Pradesh,False,11,1.93
TXN209501,,2025-08-27T05:30:00,ACC00427,ACC00431,10216.43,IMPS,Delhi,Delhi,False,21,1.93
TXN209502,,2025-01-05T04:53:00,ACC00002,ACC00336,1203.54,UPI,Kanpur,Uttar Pradesh,False,25,0.98
TXN209503,,2025-09-12T16:11:00,ACC00325,ACC00131,2754.67,UPI,Mumbai,Maharashtra,False,24,0.61
TXN209504,,2025-03-11T08:48:00,ACC00274,ACC00460,8020.58,RTGS,Mumbai,Maharashtra,False,6,1.25
TXN209505,,2025-04-22T05:36:00,ACC00382,ACC00060,1042.16,RTGS,Bengaluru,Karnataka,False,10,1.76
TXN209506,,2025-09-03T09:20:00,ACC00041,ACC00208,7998.03,RTGS,Hyderabad,Telangana,False,9,1.19
TXN209507,,2025-04-21T01:51:00,ACC00147,ACC00329,1868.99,RTGS,Jaipur,Rajasthan,False,13,0.42
TXN209508,,2025-01-24T17:15:00,ACC00294,ACC00370,4864.92,UPI,Hyderabad,Telangana,False,28,1.62
TXN209509,,2025-08-09T13:15:00,ACC00293,ACC00409,2103.03,Card,Jaipur,Rajasthan,False,31,1.5
TXN209510,,2025-09-12T19:11:00,ACC00118,ACC00281,436.01,Wallet,Delhi,Delhi,False,28,0.81
TXN209511,,2025-01-29T16:11:00,ACC00352,ACC00087,467.17,RTGS,Bengaluru,Karnataka,False,29,0.53
TXN209512,,2025-07-27T02:35:00,ACC00095,ACC00452,1604.89,Wallet,Bengaluru,Karnataka,False,17,1.55
TXN209513,,2025-03-30T14:04:00,ACC00115,ACC00490,275.41,RTGS,Delhi,Delhi,False,22,0.61
TXN209514,,2025-09-03T16:19:00,ACC00129,ACC00451,3841.15,NEFT,Jaipur,Rajasthan,False,19,0.45
TXN209515,,2025-09-16T21:02:00,ACC00056,ACC00022,1439.54,Wallet,Delhi,Delhi,False,11,1.71
TXN209516,,2025-01-04T20:07:00,ACC00496,ACC00293,2096.55,Wallet,Bengaluru,Karnataka,False,22,0.44
TXN209517,,2025-01-01T17:46:00,ACC00226,ACC00467,1179.86,RTGS,Delhi,Delhi,False,10,0.47
TXN209518,,2025-07-22T11:38:00,ACC00349,ACC00401,1079.63,IMPS,Patna,Bihar,False,29,0.42
TXN209519,,2025-05-11T10:26:00,ACC00247,ACC00429,5807.03,Card,Lucknow,Uttar Pradesh,False,24,1.61
TXN209520,,2025-05-07T11:25:00,ACC00365,ACC00408,3148.35,RTGS,Kanpur,Uttar Pradesh,False,15,1.69
TXN209521,,2025-05-23T23:15:00,ACC00470,ACC00253,2533.92,UPI,Patna,Bihar,False,44,1.5
TXN209522,,2025-07-04T17:29:00,ACC00279,ACC00460,3187.55,RTGS,Kanpur,Uttar Pradesh,False,18,1.52
TXN209523,,2025-08-04T13:40:00,ACC00075,ACC00045,2833.91,NEFT,Mumbai,Maharashtra,False,25,1.78
TXN209524,,2025-04-21T02:22:00,ACC00478,ACC00271,2160.87,Wallet,Bengaluru,Karnataka,False,27,1.33
TXN209525,,2025-07-08T00:41:00,ACC00076,ACC00030,5111.7,NEFT,Hyderabad,Telangana,False,14,1.93
TXN209526,,2025-04-19T21:45:00,ACC00110,ACC00439,380.22,Card,Patna,Bihar,False,10,1.51
TXN209527,,2025-03-26T11:48:00,ACC00042,ACC00288,2409.5,UPI,Kanpur,Uttar Pradesh,False,5,0.32
TXN209528,,2025-08-03T19:53:00,ACC00300,ACC00192,2572.16,UPI,Hyderabad,Telangana,False,15,1.24
TXN209529,,2025-06-13T18:49:00,ACC00375,ACC00050,1589.21,RTGS,Jaipur,Rajasthan,False,8,1.6
TXN209530,,2025-01-17T01:20:00,ACC00317,ACC00175,1720.75,RTGS,Mumbai,Maharashtra,False,17,0.57
TXN209531,,2025-07-01T04:18:00,ACC00330,ACC00156,1438.54,Wallet,Mumbai,Maharashtra,False,32,1.42
TXN209532,,2025-02-11T00:33:00,ACC00310,ACC00113,941.99,IMPS,Patna,Bihar,False,20,0.27
TXN209533,,2025-06-07T23:12:00,ACC00003,ACC00478,3026.67,UPI,Delhi,Delhi,False,18,1.57
TXN209534,,2025-08-02T15:57:00,ACC00387,ACC00323,698.58,Wallet,Lucknow,Uttar Pradesh,False,22,0.51
TXN209535,,2025-07-24T15:02:00,ACC00478,ACC00160,6987.28,UPI,Bengaluru,Karnataka,False,26,0.98
TXN209536,,2025-05-02T00:42:00,ACC00323,ACC00029,2718.63,UPI,Delhi,Delhi,False,17,1.23
TXN209537,,2025-05-23T08:17:00,ACC00401,ACC00242,969.16,Wallet,Lucknow,Uttar Pradesh,False,4,0.63
TXN209538,,2025-06-13T15:58:00,ACC00017,ACC00384,791.16,UPI,Hyderabad,Telangana,False,24,1.58
TXN209539,,2025-04-22T07:44:00,ACC00125,ACC00046,555.64,IMPS,Mumbai,Maharashtra,False,42,1.02
TXN209540,,2025-05-26T15:09:00,ACC00355,ACC00453,1339.91,Card,Mumbai,Maharashtra,False,13,1.96
TXN209541,,2025-05-19T05:30:00,ACC00370,ACC00112,4432.72,NEFT,Hyderabad,Telangana,False,16,1.09
TXN209542,,2025-02-05T00:10:00,ACC00338,ACC00021,2126.01,Card,Hyderabad,Telangana,False,17,0.82
TXN209543,,2025-05-29T14:09:00,ACC00001,ACC00125,8376.84,UPI,Kanpur,Uttar Pradesh,False,1,0.27
TXN209544,,2025-07-15T01:05:00,ACC00443,ACC00401,555.53,Card,Mumbai,Maharashtra,False,11,1.7
TXN209545,,2025-01-17T00:04:00,ACC00457,ACC00297,2759.36,Wallet,Mumbai,Maharashtra,False,10,0.66
TXN209546,,2025-03-16T13:29:00,ACC00051,ACC00090,1065.73,UPI,Delhi,Delhi,False,22,0.31
TXN209547,,2025-07-03T22:21:00,ACC00388,ACC00271,456.78,Card,Patna,Bihar,False,22,1.07
TXN209548,,2025-09-16T21:11:00,ACC00256,ACC00322,711.65,UPI,Hyderabad,Telangana,False,28,1.58
TXN209549,,2025-01-24T12:29:00,ACC00330,ACC00203,4095.88,RTGS,Jaipur,Rajasthan,False,17,1.41
TXN209550,,2025-05-22T02:16:00,ACC00092,ACC00404,661.6,NEFT,Patna,Bihar,False,22,1.59
TXN209551,,2025-05-08T21:44:00,ACC00456,ACC00008,457.43,Wallet,Delhi,Delhi,False,22,1.8
TXN209552,,2025-09-14T07:57:00,ACC00403,ACC00018,372.6,IMPS,Mumbai,Maharashtra,False,20,0.24
TXN209553,,2025-09-02T13:48:00,ACC00118,ACC00281,11178.35,UPI,Bengaluru,Karnataka,False,17,1.07
TXN209554,,2025-06-05T20:17:00,ACC00288,ACC00305,3775.21,IMPS,Hyderabad,Telangana,False,25,1.24
TXN209555,,2025-04-23T23:37:00,ACC00008,ACC00244,302.59,RTGS,Mumbai,Maharashtra,False,6,0.2
TXN209556,,2025-08-25T12:56:00,ACC00280,ACC00122,12867.68,UPI,Hyderabad,Telangana,False,14,1.67
TXN209557,,2025-03-29T02:48:00,ACC00282,ACC00154,12477.78,Card,Hyderabad,Telangana,False,24,0.13
TXN209558,,2025-07-03T01:41:00,ACC00482,ACC00236,1904.85,RTGS,Patna,Bihar,False,42,1.33
TXN209559,,2025-06-12T03:27:00,ACC00427,ACC00342,1420.78,IMPS,Jaipur,Rajasthan,False,38,1.85
TXN209560,,2025-04-11T02:56:00,ACC00377,ACC00161,2954.27,Wallet,Mumbai,Maharashtra,False,21,1.41
TXN209561,,2025-02-21T14:57:00,ACC00474,ACC00157,3427.02,Card,Hyderabad,Telangana,False,27,0.91
TXN209562,,2025-07-11T12:12:00,ACC00234,ACC00360,1494.67,Card,Kanpur,Uttar Pradesh,False,12,0.89
TXN209563,,2025-05-21T01:09:00,ACC00355,ACC00330,535.39,Wallet,Bengaluru,Karnataka,False,44,0.78
TXN209564,,2025-07-13T00:19:00,ACC00291,ACC00042,1580.04,Wallet,Jaipur,Rajasthan,False,21,0.66
TXN209565,,2025-05-02T01:55:00,ACC00435,ACC00381,328.08,NEFT,Bengaluru,Karnataka,False,29,1.55
TXN209566,,2025-01-29T12:08:00,ACC00374,ACC00220,3129.01,NEFT,Patna,Bihar,False,13,1.25
TXN209567,,2025-06-13T03:26:00,ACC00409,ACC00396,3828.99,Wallet,Hyderabad,Telangana,False,19,1.76
TXN209568,,2025-06-19T05:53:00,ACC00484,ACC00163,6588.17,IMPS,Jaipur,Rajasthan,False,21,0.83
TXN209569,,2025-03-24T08:26:00,ACC00174,ACC00495,404.44,UPI,Delhi,Delhi,False,21,0.94
TXN209570,,2025-07-29T20:21:00,ACC00413,ACC00202,5218.67,UPI,Patna,Bihar,False,26,0.57
TXN209571,,2025-05-12T02:07:00,ACC00056,ACC00230,5994.54,Card,Delhi,Delhi,False,23,1.19
TXN209572,,2025-09-01T11:28:00,ACC00176,ACC00295,1235.76,Card,Delhi,Delhi,False,12,0.94
TXN209573,,2025-03-03T22:34:00,ACC00395,ACC00145,1772.84,Wallet,Patna,Bihar,False,37,0.76
TXN209574,,2025-08-17T05:42:00,ACC00092,ACC00399,5274.81,Wallet,Bengaluru,Karnataka,False,27,1.79
TXN209575,,2025-04-17T02:29:00,ACC00207,ACC00289,1502.72,IMPS,Lucknow,Uttar Pradesh,False,36,0.2
TXN209576,,2025-04-15T10:01:00,ACC00208,ACC00421,23090.8,UPI,Bengaluru,Karnataka,False,21,1.0
TXN209577,,2025-04-09T05:52:00,ACC00491,ACC00384,1536.65,Card,Bengaluru,Karnataka,False,33,0.7
TXN209578,,2025-02-09T14:13:00,ACC00120,ACC00264,3114.31,RTGS,Patna,Bihar,False,28,0.9
TXN209579,,2025-07-22T11:53:00,ACC00371,ACC00167,10006.28,Wallet,Hyderabad,Telangana,False,26,0.21
TXN209580,,2025-02-09T05:06:00,ACC00291,ACC00218,9884.71,IMPS,Jaipur,Rajasthan,False,21,0.54
TXN209581,,2025-01-13T20:06:00,ACC00031,ACC00269,10317.07,IMPS,Patna,Bihar,False,21,1.33
TXN209582,,2025-03-09T14:09:00,ACC00453,ACC00187,1973.4,UPI,Mumbai,Maharashtra,False,1,1.54
TXN209583,,2025-08-30T05:50:00,ACC00406,ACC00445,20909.61,NEFT,Hyderabad,Telangana,False,24,1.34
TXN209584,,2025-01-10T15:06:00,ACC00229,ACC00345,1747.14,Wallet,Delhi,Delhi,False,12,0.87
TXN209585,,2025-04-07T12:22:00,ACC00158,ACC00195,5458.76,Wallet,Mumbai,Maharashtra,False,12,0.76
TXN209586,,2025-08-25T08:13:00,ACC00306,ACC00402,491.51,RTGS,Bengaluru,Karnataka,False,26,1.81
TXN209587,,2025-07-13T02:40:00,ACC00248,ACC00481,622.47,NEFT,Delhi,Delhi,False,14,1.13
TXN209588,,2025-06-27T21:15:00,ACC00331,ACC00218,1860.59,Wallet,Mumbai,Maharashtra,False,21,1.5
TXN209589,,2025-07-10T19:12:00,ACC00009,ACC00165,602.62,IMPS,Bengaluru,Karnataka,False,26,0.13
TXN209590,,2025-03-09T11:20:00,ACC00142,ACC00325,1278.61,RTGS,Hyderabad,Telangana,False,19,1.42
TXN209591,,2025-05-11T13:24:00,ACC00361,ACC00320,2352.1,NEFT,Lucknow,Uttar Pradesh,False,10,0.54
TXN209592,,2025-01-06T00:10:00,ACC00006,ACC00225,249.31,Wallet,Kanpur,Uttar Pradesh,False,26,0.53
TXN209593,,2025-09-10T15:31:00,ACC00451,ACC00469,1837.76,Card,Jaipur,Rajasthan,False,38,1.67
TXN209594,,2025-01-01T15:33:00,ACC00028,ACC00488,2673.7,RTGS,Lucknow,Uttar Pradesh,False,33,0.91
TXN209595,,2025-01-26T20:59:00,ACC00261,ACC00266,4995.44,Card,Hyderabad,Telangana,False,19,0.43
TXN209596,,2025-01-24T22:56:00,ACC00471,ACC00347,1469.9,Wallet,Delhi,Delhi,False,12,0.64
TXN209597,,2025-03-15T01:30:00,ACC00334,ACC00253,771.93,IMPS,Delhi,Delhi,False,14,1.13
TXN209598,,2025-09-10T18:45:00,ACC00068,ACC00164,7333.67,RTGS,Kanpur,Uttar Pradesh,False,29,0.33
TXN209599,,2025-06-07T23:45:00,ACC00208,ACC00254,6704.34,RTGS,Jaipur,Rajasthan,False,14,1.01
TXN209600,,2025-04-08T07:35:00,ACC00205,ACC00279,781.38,IMPS,Delhi,Delhi,False,31,0.16
TXN209601,,2025-01-18T07:33:00,ACC00135,ACC00453,6314.09,NEFT,Hyderabad,Telangana,False,1,0.64
TXN209602,,2025-08-02T21:11:00,ACC00280,ACC00116,909.59,Wallet,Mumbai,Maharashtra,False,1,0.49
TXN209603,,2025-01-14T14:32:00,ACC00060,ACC00095,1839.82,Card,Mumbai,Maharashtra,False,19,0.49
TXN209604,,2025-06-05T04:06:00,ACC00125,ACC00416,1063.97,NEFT,Lucknow,Uttar Pradesh,False,22,1.34
TXN209605,,2025-06-15T20:45:00,ACC00475,ACC00003,599.02,IMPS,Patna,Bihar,False,20,0.22
TXN209606,,2025-03-05T08:46:00,ACC00402,ACC00459,3375.22,NEFT,Hyderabad,Telangana,False,3,0.21
TXN209607,,2025-04-16T02:53:00,ACC00429,ACC00280,7316.54,Card,Mumbai,Maharashtra,False,17,0.18
TXN209608,,2025-01-29T04:48:00,ACC00051,ACC00413,4881.07,NEFT,Bengaluru,Karnataka,False,34,0.3
TXN209609,,2025-04-13T14:52:00,ACC00202,ACC00395,1633.57,UPI,Patna,Bihar,False,27,1.38
TXN209610,,2025-05-25T11:28:00,ACC00374,ACC00293,8498.3,Card,Lucknow,Uttar Pradesh,False,20,1.0
TXN209611,,2025-05-05T07:39:00,ACC00012,ACC00366,222.99,Wallet,Jaipur,Rajasthan,False,33,0.67
TXN209612,,2025-03-06T20:17:00,ACC00266,ACC00108,1416.48,Card,Kanpur,Uttar Pradesh,False,15,1.48
TXN209613,,2025-01-17T19:28:00,ACC00216,ACC00496,6011.49,Wallet,Kanpur,Uttar Pradesh,False,20,0.58
TXN209614,,2025-07-05T11:05:00,ACC00236,ACC00010,3370.05,UPI,Lucknow,Uttar Pradesh,False,7,0.15
TXN209615,,2025-07-07T21:10:00,ACC00002,ACC00467,1279.6,UPI,Lucknow,Uttar Pradesh,False,4,0.61
TXN209616,,2025-08-02T02:04:00,ACC00253,ACC00174,2778.2,Card,Hyderabad,Telangana,False,35,0.81
TXN209617,,2025-02-16T11:24:00,ACC00233,ACC00418,480.43,IMPS,Jaipur,Rajasthan,False,20,1.15
TXN209618,,2025-02-04T02:25:00,ACC00242,ACC00030,4843.58,Wallet,Mumbai,Maharashtra,False,11,1.86
TXN209619,,2025-08-05T02:19:00,ACC00158,ACC00071,4164.85,UPI,Delhi,Delhi,False,30,0.93
TXN209620,,2025-08-11T04:25:00,ACC00035,ACC00368,2427.37,UPI,Patna,Bihar,False,34,1.94
TXN209621,,2025-08-20T07:41:00,ACC00412,ACC00057,6138.56,Wallet,Delhi,Delhi,False,27,0.89
TXN209622,,2025-03-27T15:05:00,ACC00209,ACC00091,1031.2,IMPS,Bengaluru,Karnataka,False,8,0.95
TXN209623,,2025-08-17T07:52:00,ACC00289,ACC00329,30670.43,NEFT,Bengaluru,Karnataka,False,16,1.18
TXN209624,,2025-07-26T12:20:00,ACC00370,ACC00257,4053.06,Wallet,Delhi,Delhi,False,27,0.4
TXN209625,,2025-02-19T13:37:00,ACC00151,ACC00145,1009.03,NEFT,Hyderabad,Telangana,False,28,0.28
TXN209626,,2025-08-27T13:28:00,ACC00119,ACC00037,3928.96,IMPS,Kanpur,Uttar Pradesh,False,14,0.3
TXN209627,,2025-08-22T23:28:00,ACC00334,ACC00289,4557.54,Card,Lucknow,Uttar Pradesh,False,21,0.35
TXN209628,,2025-08-19T22:19:00,ACC00429,ACC00147,4370.55,Card,Kanpur,Uttar Pradesh,False,29,1.16
TXN209629,,2025-02-15T10:28:00,ACC00030,ACC00077,8559.13,RTGS,Mumbai,Maharashtra,False,6,1.39
TXN209630,,2025-08-25T18:49:00,ACC00296,ACC00195,3001.0,NEFT,Jaipur,Rajasthan,False,35,0.23
TXN209631,,2025-01-27T07:27:00,ACC00065,ACC00265,614.78,NEFT,Patna,Bihar,False,33,1.78
TXN209632,,2025-01-02T15:59:00,ACC00183,ACC00101,1886.52,IMPS,Delhi,Delhi,False,11,0.67
TXN209633,,2025-05-02T11:08:00,ACC00025,ACC00218,2810.37,NEFT,Kanpur,Uttar Pradesh,False,1,1.68
TXN209634,,2025-06-08T15:31:00,ACC00006,ACC00299,1126.27,Wallet,Mumbai,Maharashtra,False,24,1.64
TXN209635,,2025-07-28T07:21:00,ACC00173,ACC00439,17785.5,IMPS,Kanpur,Uttar Pradesh,False,9,1.54
TXN209636,,2025-07-15T15:33:00,ACC00102,ACC00350,1839.56,UPI,Hyderabad,Telangana,False,12,0.26
TXN209637,,2025-06-19T16:17:00,ACC00226,ACC00441,98.46,NEFT,Bengaluru,Karnataka,False,53,0.46
TXN209638,,2025-08-30T13:03:00,ACC00241,ACC00297,1984.8,Card,Lucknow,Uttar Pradesh,False,17,0.63
TXN209639,,2025-07-24T18:47:00,ACC00070,ACC00087,13497.63,Wallet,Jaipur,Rajasthan,False,20,1.88
TXN209640,,2025-07-24T10:26:00,ACC00026,ACC00074,583.64,NEFT,Hyderabad,Telangana,False,18,1.29
TXN209641,,2025-04-17T04:20:00,ACC00450,ACC00125,6905.22,RTGS,Lucknow,Uttar Pradesh,False,26,1.67
TXN209642,,2025-04-13T13:59:00,ACC00313,ACC00125,4016.21,IMPS,Delhi,Delhi,False,13,0.34
TXN209643,,2025-01-12T02:29:00,ACC00126,ACC00326,285.9,Wallet,Jaipur,Rajasthan,False,22,1.68
TXN209644,,2025-03-30T02:42:00,ACC00155,ACC00300,3485.97,IMPS,Jaipur,Rajasthan,False,21,1.89
TXN209645,,2025-08-31T03:21:00,ACC00168,ACC00138,2429.15,NEFT,Delhi,Delhi,False,14,0.31
TXN209646,,2025-08-04T22:07:00,ACC00478,ACC00190,976.06,UPI,Mumbai,Maharashtra,False,1,0.51
TXN209647,,2025-02-16T20:28:00,ACC00184,ACC00249,283.02,RTGS,Delhi,Delhi,False,3,1.09
TXN209648,,2025-05-26T19:01:00,ACC00349,ACC00273,2806.51,Card,Delhi,Delhi,False,22,0.68
TXN209649,,2025-06-15T04:50:00,ACC00296,ACC00363,702.65,UPI,Jaipur,Rajasthan,False,24,0.57
TXN209650,,2025-04-29T19:07:00,ACC00323,ACC00229,2849.2,RTGS,Delhi,Delhi,False,16,0.95
TXN209651,,2025-05-07T00:12:00,ACC00370,ACC00474,425.32,NEFT,Kanpur,Uttar Pradesh,False,17,0.32
TXN209652,,2025-03-28T21:19:00,ACC00162,ACC00198,4716.03,IMPS,Bengaluru,Karnataka,False,25,0.39
TXN209653,,2025-03-14T15:11:00,ACC00322,ACC00300,1102.25,NEFT,Lucknow,Uttar Pradesh,False,12,1.51
TXN209654,,2025-05-15T19:00:00,ACC00171,ACC00365,799.4,NEFT,Delhi,Delhi,False,18,1.15
TXN209655,,2025-03-27T19:22:00,ACC00268,ACC00063,1030.22,Card,Jaipur,Rajasthan,False,17,0.65
TXN209656,,2025-02-20T12:57:00,ACC00382,ACC00159,3629.74,Card,Delhi,Delhi,False,26,0.83
TXN209657,,2025-09-02T05:27:00,ACC00441,ACC00291,2291.17,RTGS,Hyderabad,Telangana,False,27,0.41
TXN209658,,2025-07-12T06:05:00,ACC00380,ACC00187,969.49,Wallet,Lucknow,Uttar Pradesh,False,17,1.82
TXN209659,,2025-06-08T04:35:00,ACC00460,ACC00268,241.53,IMPS,Kanpur,Uttar Pradesh,False,14,1.26
TXN209660,,2025-04-09T14:41:00,ACC00403,ACC00191,2446.92,IMPS,Delhi,Delhi,False,11,1.86
TXN209661,,2025-03-18T14:20:00,ACC00016,ACC00399,2266.58,UPI,Delhi,Delhi,False,9,0.25
TXN209662,,2025-08-18T01:12:00,ACC00433,ACC00244,70.37,IMPS,Kanpur,Uttar Pradesh,False,9,0.37
TXN209663,,2025-09-14T03:32:00,ACC00357,ACC00157,437.38,NEFT,Delhi,Delhi,False,24,0.68
TXN209664,,2025-06-20T07:53:00,ACC00245,ACC00103,3191.55,UPI,Bengaluru,Karnataka,False,31,0.32
TXN209665,,2025-03-14T21:21:00,ACC00017,ACC00362,1489.49,NEFT,Patna,Bihar,False,25,1.31
TXN209666,,2025-08-26T13:41:00,ACC00061,ACC00395,978.88,Wallet,Bengaluru,Karnataka,False,26,1.54
TXN209667,,2025-04-29T17:45:00,ACC00397,ACC00161,3398.93,NEFT,Mumbai,Maharashtra,False,8,1.14
TXN209668,,2025-08-25T09:57:00,ACC00311,ACC00264,1337.37,IMPS,Lucknow,Uttar Pradesh,False,12,0.56
TXN209669,,2025-01-01T10:31:00,ACC00063,ACC00161,816.94,IMPS,Lucknow,Uttar Pradesh,False,25,1.79
TXN209670,,2025-07-24T17:38:00,ACC00155,ACC00330,788.17,NEFT,Lucknow,Uttar Pradesh,False,17,0.74
TXN209671,,2025-02-09T04:49:00,ACC00177,ACC00126,11719.98,Wallet,Kanpur,Uttar Pradesh,False,32,0.15
TXN209672,,2025-09-09T03:12:00,ACC00459,ACC00257,739.1,Card,Patna,Bihar,False,25,0.77
TXN209673,,2025-08-28T02:44:00,ACC00306,ACC00286,914.17,Wallet,Kanpur,Uttar Pradesh,False,11,1.82
TXN209674,,2025-01-15T01:55:00,ACC00378,ACC00137,869.12,RTGS,Mumbai,Maharashtra,False,39,0.23
TXN209675,,2025-02-17T05:13:00,ACC00337,ACC00195,925.72,Wallet,Delhi,Delhi,False,16,0.43
TXN209676,,2025-01-20T00:52:00,ACC00226,ACC00438,2422.11,Card,Hyderabad,Telangana,False,11,0.18
TXN209677,,2025-02-27T19:59:00,ACC00054,ACC00442,2003.33,NEFT,Delhi,Delhi,False,34,1.94
TXN209678,,2025-09-10T17:01:00,ACC00067,ACC00313,1775.72,NEFT,Kanpur,Uttar Pradesh,False,11,1.92
TXN209679,,2025-04-14T11:09:00,ACC00455,ACC00427,633.82,Wallet,Delhi,Delhi,False,23,1.81
TXN209680,,2025-03-02T05:46:00,ACC00065,ACC00094,3943.34,NEFT,Bengaluru,Karnataka,False,2,1.3
TXN209681,,2025-02-13T17:20:00,ACC00007,ACC00176,1851.84,RTGS,Delhi,Delhi,False,15,1.65
TXN209682,,2025-07-05T11:15:00,ACC00386,ACC00435,369.68,UPI,Delhi,Delhi,False,30,1.93
TXN209683,,2025-03-07T23:11:00,ACC00150,ACC00197,582.94,UPI,Jaipur,Rajasthan,False,28,0.2
TXN209684,,2025-05-03T20:10:00,ACC00051,ACC00170,1861.81,IMPS,Delhi,Delhi,False,19,1.9
TXN209685,,2025-06-28T19:58:00,ACC00283,ACC00306,843.41,Wallet,Mumbai,Maharashtra,False,7,0.41
TXN209686,,2025-07-16T06:49:00,ACC00054,ACC00093,2293.98,IMPS,Kanpur,Uttar Pradesh,False,25,0.61
TXN209687,,2025-03-31T12:01:00,ACC00193,ACC00378,2863.79,NEFT,Lucknow,Uttar Pradesh,False,28,1.42
TXN209688,,2025-04-12T12:52:00,ACC00472,ACC00164,3845.87,IMPS,Kanpur,Uttar Pradesh,False,21,0.31
TXN209689,,2025-04-08T09:21:00,ACC00302,ACC00189,2289.49,Card,Hyderabad,Telangana,False,39,0.27
TXN209690,,2025-09-05T15:32:00,ACC00026,ACC00141,1106.95,RTGS,Bengaluru,Karnataka,False,20,1.34
TXN209691,,2025-01-09T21:21:00,ACC00499,ACC00180,8032.24,UPI,Mumbai,Maharashtra,False,19,0.86
TXN209692,,2025-06-23T11:02:00,ACC00260,ACC00226,2258.5,NEFT,Mumbai,Maharashtra,False,21,0.54
TXN209693,,2025-04-28T03:27:00,ACC00223,ACC00374,3388.47,Card,Hyderabad,Telangana,False,18,2.0
TXN209694,,2025-02-14T00:42:00,ACC00009,ACC00120,4507.8,Card,Hyderabad,Telangana,False,33,0.39
TXN209695,,2025-04-05T10:24:00,ACC00297,ACC00115,2092.25,NEFT,Mumbai,Maharashtra,False,1,1.0
TXN209696,,2025-05-17T02:35:00,ACC00416,ACC00070,1821.57,RTGS,Bengaluru,Karnataka,False,26,1.63
TXN209697,,2025-05-19T09:21:00,ACC00433,ACC00424,5449.76,RTGS,Hyderabad,Telangana,False,26,1.4
TXN209698,,2025-04-01T04:39:00,ACC00427,ACC00461,3200.77,Card,Patna,Bihar,False,19,0.75
TXN209699,,2025-03-13T18:57:00,ACC00065,ACC00340,1607.07,NEFT,Lucknow,Uttar Pradesh,False,42,1.38
TXN209700,,2025-07-19T23:14:00,ACC00097,ACC00376,3989.05,RTGS,Hyderabad,Telangana,False,1,1.43
TXN209701,,2025-07-11T22:26:00,ACC00349,ACC00041,5950.65,IMPS,Delhi,Delhi,False,6,0.9
TXN209702,,2025-08-11T17:07:00,ACC00120,ACC00329,2671.3,RTGS,Jaipur,Rajasthan,False,11,0.77
TXN209703,,2025-08-05T13:58:00,ACC00191,ACC00006,1000.69,NEFT,Lucknow,Uttar Pradesh,False,29,1.78
TXN209704,,2025-05-31T04:31:00,ACC00110,ACC00223,293.11,IMPS,Lucknow,Uttar Pradesh,False,32,1.98
TXN209705,,2025-03-19T15:36:00,ACC00051,ACC00005,6239.54,NEFT,Delhi,Delhi,False,16,1.68
TXN209706,,2025-07-04T19:23:00,ACC00109,ACC00452,1277.07,RTGS,Hyderabad,Telangana,False,22,1.38
TXN209707,,2025-07-14T03:17:00,ACC00094,ACC00069,624.67,IMPS,Kanpur,Uttar Pradesh,False,16,0.21
TXN209708,,2025-02-08T04:52:00,ACC00008,ACC00336,1447.14,IMPS,Jaipur,Rajasthan,False,23,1.11
TXN209709,,2025-03-17T07:27:00,ACC00241,ACC00193,603.03,Card,Jaipur,Rajasthan,False,16,1.94
TXN209710,,2025-04-27T02:45:00,ACC00248,ACC00053,6780.79,UPI,Patna,Bihar,False,6,1.7
TXN209711,,2025-06-14T00:05:00,ACC00481,ACC00015,2097.6,RTGS,Bengaluru,Karnataka,False,24,0.29
TXN209712,,2025-01-06T04:56:00,ACC00403,ACC00191,7968.08,Card,Patna,Bihar,False,22,0.55
TXN209713,,2025-05-21T02:04:00,ACC00485,ACC00470,5551.01,RTGS,Bengaluru,Karnataka,False,20,1.35
TXN209714,,2025-06-04T20:12:00,ACC00397,ACC00382,535.48,NEFT,Mumbai,Maharashtra,False,21,1.63
TXN209715,,2025-05-11T04:11:00,ACC00212,ACC00384,1349.18,RTGS,Delhi,Delhi,False,8,0.26
TXN209716,,2025-08-21T03:16:00,ACC00012,ACC00382,3931.01,IMPS,Bengaluru,Karnataka,False,3,1.41
TXN209717,,2025-03-10T12:01:00,ACC00064,ACC00295,1071.32,RTGS,Bengaluru,Karnataka,False,28,1.87
TXN209718,,2025-08-16T13:41:00,ACC00096,ACC00443,6129.3,RTGS,Mumbai,Maharashtra,False,20,0.46
TXN209719,,2025-03-23T18:40:00,ACC00497,ACC00027,2748.7,Card,Patna,Bihar,False,1,0.98
TXN209720,,2025-05-24T04:24:00,ACC00364,ACC00110,871.07,Card,Lucknow,Uttar Pradesh,False,9,1.19
TXN209721,,2025-06-01T19:40:00,ACC00240,ACC00192,3369.42,RTGS,Bengaluru,Karnataka,False,22,0.56
TXN209722,,2025-06-25T19:18:00,ACC00280,ACC00062,950.15,Card,Bengaluru,Karnataka,False,15,1.3
TXN209723,,2025-01-10T17:35:00,ACC00140,ACC00366,3627.03,Wallet,Jaipur,Rajasthan,False,26,0.83
TXN209724,,2025-04-12T21:14:00,ACC00396,ACC00220,3084.73,UPI,Delhi,Delhi,False,14,0.89
TXN209725,,2025-04-06T12:47:00,ACC00471,ACC00318,3819.44,RTGS,Mumbai,Maharashtra,False,12,0.72
TXN209726,,2025-01-13T04:14:00,ACC00445,ACC00141,1094.92,RTGS,Bengaluru,Karnataka,False,11,0.64
TXN209727,,2025-08-02T14:51:00,ACC00263,ACC00227,1413.01,NEFT,Hyderabad,Telangana,False,2,1.17
TXN209728,,2025-09-01T05:33:00,ACC00468,ACC00129,2663.25,NEFT,Lucknow,Uttar Pradesh,False,17,1.37
TXN209729,,2025-09-14T15:01:00,ACC00017,ACC00340,2695.43,RTGS,Lucknow,Uttar Pradesh,False,10,1.48
TXN209730,,2025-08-12T06:36:00,ACC00353,ACC00345,894.74,NEFT,Lucknow,Uttar Pradesh,False,2,1.84
TXN209731,,2025-09-11T09:16:00,ACC00470,ACC00385,5420.32,Wallet,Kanpur,Uttar Pradesh,False,36,0.7
TXN209732,,2025-09-09T01:40:00,ACC00389,ACC00244,2911.43,RTGS,Patna,Bihar,False,33,0.9
TXN209733,,2025-01-14T08:10:00,ACC00201,ACC00000,1719.88,NEFT,Hyderabad,Telangana,False,10,0.86
TXN209734,,2025-03-06T02:46:00,ACC00293,ACC00358,5154.63,Card,Patna,Bihar,False,13,1.99
TXN209735,,2025-01-20T03:04:00,ACC00164,ACC00493,1738.06,UPI,Bengaluru,Karnataka,False,23,0.5
TXN209736,,2025-07-21T00:28:00,ACC00379,ACC00078,9222.22,UPI,Jaipur,Rajasthan,False,5,0.6
TXN209737,,2025-01-14T12:16:00,ACC00066,ACC00396,264.97,NEFT,Delhi,Delhi,False,25,0.64
TXN209738,,2025-01-22T20:48:00,ACC00412,ACC00499,643.78,NEFT,Kanpur,Uttar Pradesh,False,24,1.81
TXN209739,,2025-09-14T19:50:00,ACC00478,ACC00283,1637.78,NEFT,Mumbai,Maharashtra,False,35,0.34
TXN209740,,2025-01-21T21:26:00,ACC00183,ACC00060,3212.49,NEFT,Jaipur,Rajasthan,False,20,1.72
TXN209741,,2025-03-26T12:09:00,ACC00272,ACC00151,3833.48,IMPS,Bengaluru,Karnataka,False,1,1.49
TXN209742,,2025-01-21T10:44:00,ACC00462,ACC00117,651.02,RTGS,Jaipur,Rajasthan,False,12,0.85
TXN209743,,2025-01-02T11:37:00,ACC00413,ACC00134,12354.57,NEFT,Kanpur,Uttar Pradesh,False,31,1.57
TXN209744,,2025-01-12T08:23:00,ACC00149,ACC00397,1402.97,Card,Bengaluru,Karnataka,False,18,1.22
TXN209745,,2025-09-02T00:34:00,ACC00437,ACC00452,212.15,NEFT,Delhi,Delhi,False,15,0.25
TXN209746,,2025-05-03T00:52:00,ACC00071,ACC00482,528.04,RTGS,Delhi,Delhi,False,11,1.78
TXN209747,,2025-03-08T00:36:00,ACC00113,ACC00405,4439.64,Card,Hyderabad,Telangana,False,26,0.86
TXN209748,,2025-05-23T22:58:00,ACC00258,ACC00275,444.49,UPI,Bengaluru,Karnataka,False,22,1.61
TXN209749,,2025-01-28T07:45:00,ACC00040,ACC00013,1124.25,Card,Bengaluru,Karnataka,False,39,1.15
TXN209750,,2025-07-30T19:54:00,ACC00305,ACC00487,1731.66,NEFT,Lucknow,Uttar Pradesh,False,23,0.21
TXN209751,,2025-07-16T12:28:00,ACC00082,ACC00036,2019.02,NEFT,Lucknow,Uttar Pradesh,False,22,2.0
TXN209752,,2025-02-02T09:00:00,ACC00228,ACC00133,8358.32,Card,Bengaluru,Karnataka,False,10,0.22
TXN209753,,2025-01-02T07:44:00,ACC00354,ACC00052,1927.58,IMPS,Mumbai,Maharashtra,False,6,0.54
TXN209754,,2025-06-13T16:19:00,ACC00221,ACC00233,499.81,IMPS,Patna,Bihar,False,30,0.34
TXN209755,,2025-02-08T23:12:00,ACC00043,ACC00459,1756.12,Card,Hyderabad,Telangana,False,1,0.14
TXN209756,,2025-04-19T22:34:00,ACC00044,ACC00091,1363.32,UPI,Bengaluru,Karnataka,False,23,0.75
TXN209757,,2025-02-18T02:10:00,ACC00052,ACC00089,308.06,RTGS,Mumbai,Maharashtra,False,33,1.56
TXN209758,,2025-04-25T05:59:00,ACC00210,ACC00424,3601.21,Wallet,Delhi,Delhi,False,18,0.91
TXN209759,,2025-03-19T17:08:00,ACC00171,ACC00364,1338.14,UPI,Hyderabad,Telangana,False,11,0.2
TXN209760,,2025-05-24T05:52:00,ACC00132,ACC00054,707.64,Wallet,Bengaluru,Karnataka,False,14,0.35
TXN209761,,2025-05-17T00:52:00,ACC00280,ACC00083,378.07,NEFT,Hyderabad,Telangana,False,25,0.69
TXN209762,,2025-04-29T10:52:00,ACC00479,ACC00449,7490.18,RTGS,Jaipur,Rajasthan,False,9,0.8
TXN209763,,2025-08-14T11:15:00,ACC00049,ACC00171,336.75,UPI,Delhi,Delhi,False,17,1.37
TXN209764,,2025-08-07T23:49:00,ACC00062,ACC00182,6810.18,Card,Jaipur,Rajasthan,False,32,1.06
TXN209765,,2025-06-18T14:43:00,ACC00085,ACC00397,1207.52,Card,Bengaluru,Karnataka,False,32,1.78
TXN209766,,2025-02-23T16:31:00,ACC00487,ACC00038,7099.36,Card,Bengaluru,Karnataka,False,28,1.83
TXN209767,,2025-03-30T01:01:00,ACC00136,ACC00144,2132.68,NEFT,Bengaluru,Karnataka,False,21,0.95
TXN209768,,2025-09-04T00:28:00,ACC00222,ACC00153,459.99,UPI,Patna,Bihar,False,8,0.55
TXN209769,,2025-06-19T10:15:00,ACC00182,ACC00098,3174.76,IMPS,Lucknow,Uttar Pradesh,False,28,1.31
TXN209770,,2025-01-07T04:35:00,ACC00018,ACC00321,1557.0,RTGS,Jaipur,Rajasthan,False,12,1.68
TXN209771,,2025-02-01T07:28:00,ACC00000,ACC00097,3265.42,Wallet,Kanpur,Uttar Pradesh,False,28,1.02
TXN209772,,2025-03-26T01:10:00,ACC00444,ACC00025,1884.95,UPI,Lucknow,Uttar Pradesh,False,15,1.76
TXN209773,,2025-05-01T11:48:00,ACC00220,ACC00016,723.14,Wallet,Delhi,Delhi,False,11,0.14
TXN209774,,2025-03-26T23:24:00,ACC00360,ACC00010,1903.24,UPI,Bengaluru,Karnataka,False,20,0.63
TXN209775,,2025-02-22T17:19:00,ACC00460,ACC00313,7100.09,NEFT,Jaipur,Rajasthan,False,15,1.15
TXN209776,,2025-03-28T17:37:00,ACC00466,ACC00147,1870.78,RTGS,Lucknow,Uttar Pradesh,False,15,1.61
TXN209777,,2025-07-28T09:26:00,ACC00069,ACC00122,1088.88,IMPS,Delhi,Delhi,False,19,0.32
TXN209778,,2025-01-04T02:48:00,ACC00356,ACC00178,473.86,NEFT,Delhi,Delhi,False,29,1.82
TXN209779,,2025-03-13T08:02:00,ACC00461,ACC00229,6412.01,UPI,Delhi,Delhi,False,20,0.55
TXN209780,,2025-09-09T06:31:00,ACC00329,ACC00123,1991.92,IMPS,Kanpur,Uttar Pradesh,False,16,1.28
TXN209781,,2025-06-23T04:03:00,ACC00097,ACC00316,2235.83,UPI,Patna,Bihar,False,15,0.72
TXN209782,,2025-08-28T05:47:00,ACC00424,ACC00381,10152.96,Card,Hyderabad,Telangana,False,29,0.39
TXN209783,,2025-08-09T08:51:00,ACC00428,ACC00005,1183.9,RTGS,Bengaluru,Karnataka,False,15,1.64
TXN209784,,2025-08-10T02:00:00,ACC00194,ACC00488,832.93,UPI,Kanpur,Uttar Pradesh,False,38,1.74
TXN209785,,2025-06-04T13:58:00,ACC00390,ACC00410,4363.96,Wallet,Hyderabad,Telangana,False,24,0.45
TXN209786,,2025-04-15T12:59:00,ACC00041,ACC00068,413.16,UPI,Bengaluru,Karnataka,False,8,0.58
TXN209787,,2025-01-10T22:49:00,ACC00440,ACC00165,1609.26,UPI,Kanpur,Uttar Pradesh,False,50,1.47
TXN209788,,2025-05-13T21:34:00,ACC00196,ACC00429,1612.3,NEFT,Hyderabad,Telangana,False,9,1.57
TXN209789,,2025-01-18T03:32:00,ACC00230,ACC00209,920.01,RTGS,Bengaluru,Karnataka,False,13,1.03
TXN209790,,2025-02-04T22:08:00,ACC00257,ACC00256,662.77,IMPS,Delhi,Delhi,False,7,0.16
TXN209791,,2025-01-03T22:17:00,ACC00122,ACC00310,823.23,NEFT,Delhi,Delhi,False,46,0.7
TXN209792,,2025-06-08T11:02:00,ACC00045,ACC00123,1946.67,UPI,Kanpur,Uttar Pradesh,False,15,1.23
TXN209793,,2025-04-26T17:02:00,ACC00031,ACC00302,14286.72,UPI,Delhi,Delhi,False,1,1.29
TXN209794,,2025-09-16T18:24:00,ACC00106,ACC00422,752.51,NEFT,Delhi,Delhi,False,26,0.49
TXN209795,,2025-06-21T07:27:00,ACC00202,ACC00162,1315.29,IMPS,Jaipur,Rajasthan,False,8,0.79
TXN209796,,2025-05-13T18:22:00,ACC00287,ACC00270,1148.68,RTGS,Hyderabad,Telangana,False,30,1.17
TXN209797,,2025-01-16T04:30:00,ACC00392,ACC00255,10010.79,IMPS,Lucknow,Uttar Pradesh,False,16,0.77
TXN209798,,2025-03-27T01:56:00,ACC00469,ACC00341,3987.85,IMPS,Mumbai,Maharashtra,False,27,1.95
TXN209799,,2025-04-10T01:52:00,ACC00447,ACC00218,3786.4,Wallet,Jaipur,Rajasthan,False,17,0.6
TXN209800,,2025-08-21T12:51:00,ACC00316,ACC00486,2508.58,RTGS,Hyderabad,Telangana,False,27,1.46
TXN209801,,2025-03-04T13:44:00,ACC00166,ACC00436,1669.5,UPI,Hyderabad,Telangana,False,24,0.23
TXN209802,,2025-01-23T12:09:00,ACC00293,ACC00006,1773.22,UPI,Hyderabad,Telangana,False,18,1.24
TXN209803,,2025-05-11T23:41:00,ACC00466,ACC00383,2680.27,Card,Hyderabad,Telangana,False,25,1.56
TXN209804,,2025-05-14T10:25:00,ACC00316,ACC00343,3382.68,RTGS,Hyderabad,Telangana,False,16,0.58
TXN209805,,2025-01-26T06:53:00,ACC00069,ACC00289,1757.96,UPI,Bengaluru,Karnataka,False,11,0.73
TXN209806,,2025-07-26T19:13:00,ACC00356,ACC00345,3092.53,Card,Delhi,Delhi,False,1,1.22
TXN209807,,2025-04-20T02:07:00,ACC00165,ACC00004,789.16,IMPS,Delhi,Delhi,False,17,1.35
TXN209808,,2025-02-22T10:28:00,ACC00372,ACC00097,1889.34,Wallet,Bengaluru,Karnataka,False,14,1.81
TXN209809,,2025-05-29T05:35:00,ACC00414,ACC00333,8236.17,RTGS,Mumbai,Maharashtra,False,18,1.5
TXN209810,,2025-08-05T23:30:00,ACC00121,ACC00242,942.14,Wallet,Hyderabad,Telangana,False,23,1.42
TXN209811,,2025-05-26T23:10:00,ACC00215,ACC00119,472.57,NEFT,Jaipur,Rajasthan,False,30,1.7
TXN209812,,2025-03-22T00:59:00,ACC00159,ACC00400,592.91,NEFT,Jaipur,Rajasthan,False,31,1.68
TXN209813,,2025-04-12T12:26:00,ACC00274,ACC00478,3181.99,Wallet,Patna,Bihar,False,14,1.28
TXN209814,,2025-06-24T18:36:00,ACC00075,ACC00361,5295.16,UPI,Hyderabad,Telangana,False,1,1.63
TXN209815,,2025-01-28T11:56:00,ACC00024,ACC00470,1640.04,IMPS,Kanpur,Uttar Pradesh,False,20,1.43
TXN209816,,2025-03-12T07:37:00,ACC00158,ACC00375,2251.89,Wallet,Lucknow,Uttar Pradesh,False,17,1.91
TXN209817,,2025-01-17T20:00:00,ACC00355,ACC00092,3800.78,Wallet,Patna,Bihar,False,31,1.84
TXN209818,,2025-09-03T21:21:00,ACC00498,ACC00259,2350.87,RTGS,Lucknow,Uttar Pradesh,False,28,1.22
TXN209819,,2025-07-28T05:29:00,ACC00226,ACC00420,4697.86,RTGS,Delhi,Delhi,False,35,0.1
TXN209820,,2025-02-02T12:47:00,ACC00278,ACC00048,1918.38,Card,Jaipur,Rajasthan,False,23,0.7
TXN209821,,2025-08-28T22:27:00,ACC00361,ACC00269,5263.88,Wallet,Bengaluru,Karnataka,False,8,1.64
TXN209822,,2025-02-28T10:01:00,ACC00064,ACC00391,1991.71,UPI,Jaipur,Rajasthan,False,1,1.49
TXN209823,,2025-05-05T17:47:00,ACC00222,ACC00438,9068.94,Card,Mumbai,Maharashtra,False,40,0.17
TXN209824,,2025-06-03T14:50:00,ACC00116,ACC00285,361.85,NEFT,Kanpur,Uttar Pradesh,False,37,0.2
TXN209825,,2025-08-11T18:14:00,ACC00407,ACC00197,14216.71,IMPS,Mumbai,Maharashtra,False,38,0.16
TXN209826,,2025-05-31T16:13:00,ACC00329,ACC00141,3101.23,RTGS,Jaipur,Rajasthan,False,23,0.32
TXN209827,,2025-07-28T00:37:00,ACC00228,ACC00115,544.27,Card,Bengaluru,Karnataka,False,10,0.93
TXN209828,,2025-04-04T03:42:00,ACC00364,ACC00260,1615.03,Card,Hyderabad,Telangana,False,28,1.85
TXN209829,,2025-08-22T14:33:00,ACC00104,ACC00171,2790.89,UPI,Hyderabad,Telangana,False,33,0.11
TXN209830,,2025-03-23T22:15:00,ACC00093,ACC00425,2330.95,UPI,Jaipur,Rajasthan,False,35,1.99
TXN209831,,2025-06-20T13:35:00,ACC00200,ACC00334,21496.61,Wallet,Kanpur,Uttar Pradesh,False,11,0.4
TXN209832,,2025-01-19T03:22:00,ACC00195,ACC00128,943.56,RTGS,Jaipur,Rajasthan,False,9,1.95
TXN209833,,2025-07-05T11:26:00,ACC00283,ACC00449,2108.48,RTGS,Jaipur,Rajasthan,False,19,0.53
TXN209834,,2025-08-26T20:35:00,ACC00468,ACC00272,1654.98,IMPS,Jaipur,Rajasthan,False,29,1.8
TXN209835,,2025-09-16T17:09:00,ACC00236,ACC00244,6291.34,UPI,Hyderabad,Telangana,False,28,1.6
TXN209836,,2025-05-24T23:15:00,ACC00488,ACC00080,7840.0,Wallet,Patna,Bihar,False,2,1.88
TXN209837,,2025-05-13T17:54:00,ACC00333,ACC00339,1102.09,RTGS,Mumbai,Maharashtra,False,1,0.86
TXN209838,,2025-04-22T22:58:00,ACC00429,ACC00466,2549.72,RTGS,Mumbai,Maharashtra,False,14,0.51
TXN209839,,2025-07-15T00:25:00,ACC00099,ACC00098,1396.15,UPI,Lucknow,Uttar Pradesh,False,35,1.6
TXN209840,,2025-07-23T02:59:00,ACC00479,ACC00119,2917.08,Card,Mumbai,Maharashtra,False,16,0.14
TXN209841,,2025-01-20T10:57:00,ACC00447,ACC00441,588.07,UPI,Kanpur,Uttar Pradesh,False,25,0.64
TXN209842,,2025-07-08T15:47:00,ACC00111,ACC00493,1527.66,Wallet,Kanpur,Uttar Pradesh,False,26,1.34
TXN209843,,2025-08-18T01:48:00,ACC00353,ACC00489,31915.47,UPI,Delhi,Delhi,False,12,0.65
TXN209844,,2025-02-22T10:03:00,ACC00000,ACC00188,2518.95,NEFT,Patna,Bihar,False,24,0.61
TXN209845,,2025-03-28T07:37:00,ACC00154,ACC00452,5753.82,Card,Jaipur,Rajasthan,False,14,1.4
TXN209846,,2025-04-02T10:54:00,ACC00442,ACC00351,808.52,Wallet,Lucknow,Uttar Pradesh,False,20,0.46
TXN209847,,2025-07-19T16:10:00,ACC00056,ACC00083,4307.79,NEFT,Delhi,Delhi,False,6,0.24
TXN209848,,2025-06-01T01:28:00,ACC00082,ACC00054,1951.66,UPI,Kanpur,Uttar Pradesh,False,25,0.41
TXN209849,,2025-08-24T21:31:00,ACC00382,ACC00318,2799.19,Card,Hyderabad,Telangana,False,22,1.82
TXN209850,,2025-07-02T06:26:00,ACC00141,ACC00367,905.6,Card,Kanpur,Uttar Pradesh,False,25,1.99
TXN209851,,2025-08-15T06:56:00,ACC00086,ACC00239,337.59,IMPS,Patna,Bihar,False,28,1.25
TXN209852,,2025-04-16T22:40:00,ACC00164,ACC00494,7530.7,NEFT,Kanpur,Uttar Pradesh,False,26,1.26
TXN209853,,2025-06-20T02:37:00,ACC00021,ACC00084,1003.21,Card,Lucknow,Uttar Pradesh,False,12,0.63
TXN209854,,2025-05-02T23:15:00,ACC00456,ACC00232,716.85,Wallet,Patna,Bihar,False,27,1.89
TXN209855,,2025-09-04T03:25:00,ACC00340,ACC00142,6414.46,UPI,Lucknow,Uttar Pradesh,False,33,0.73
TXN209856,,2025-06-12T19:24:00,ACC00160,ACC00357,2264.21,Card,Hyderabad,Telangana,False,26,0.39
TXN209857,,2025-04-01T10:27:00,ACC00498,ACC00107,825.5,IMPS,Bengaluru,Karnataka,False,26,1.6
TXN209858,,2025-04-16T06:03:00,ACC00180,ACC00267,1271.16,Card,Lucknow,Uttar Pradesh,False,17,1.39
TXN209859,,2025-05-10T09:41:00,ACC00454,ACC00246,2063.63,RTGS,Kanpur,Uttar Pradesh,False,17,0.4
TXN209860,,2025-06-05T04:06:00,ACC00214,ACC00002,1408.57,UPI,Hyderabad,Telangana,False,24,0.21
TXN209861,,2025-01-10T23:10:00,ACC00225,ACC00168,2180.38,NEFT,Patna,Bihar,False,25,1.05
TXN209862,,2025-06-10T18:55:00,ACC00437,ACC00316,6377.39,Wallet,Hyderabad,Telangana,False,23,0.22
TXN209863,,2025-01-15T06:18:00,ACC00436,ACC00056,1658.77,NEFT,Lucknow,Uttar Pradesh,False,20,1.38
TXN209864,,2025-07-05T18:10:00,ACC00486,ACC00209,710.35,RTGS,Lucknow,Uttar Pradesh,False,38,1.17
TXN209865,,2025-02-07T16:19:00,ACC00233,ACC00008,1817.89,IMPS,Delhi,Delhi,False,17,1.85
TXN209866,,2025-05-12T17:25:00,ACC00011,ACC00337,2021.97,Card,Mumbai,Maharashtra,False,12,0.18
TXN209867,,2025-06-03T23:11:00,ACC00233,ACC00306,4674.24,Wallet,Mumbai,Maharashtra,False,18,1.99
TXN209868,,2025-02-16T05:00:00,ACC00245,ACC00339,17783.54,UPI,Kanpur,Uttar Pradesh,False,30,0.92
TXN209869,,2025-02-27T12:51:00,ACC00037,ACC00370,3846.81,UPI,Delhi,Delhi,False,20,1.22
TXN209870,,2025-01-17T08:01:00,ACC00075,ACC00078,6935.62,RTGS,Bengaluru,Karnataka,False,29,1.28
TXN209871,,2025-04-09T22:28:00,ACC00130,ACC00147,2678.51,Wallet,Patna,Bihar,False,33,0.41
TXN209872,,2025-02-09T13:09:00,ACC00493,ACC00247,1552.97,IMPS,Mumbai,Maharashtra,False,6,1.58
TXN209873,,2025-04-28T01:03:00,ACC00226,ACC00142,1737.25,NEFT,Jaipur,Rajasthan,False,33,1.96
TXN209874,,2025-05-13T19:47:00,ACC00452,ACC00294,5348.08,NEFT,Delhi,Delhi,False,24,1.68
TXN209875,,2025-05-28T18:17:00,ACC00361,ACC00003,1000.44,UPI,Mumbai,Maharashtra,False,27,1.85
TXN209876,,2025-07-24T23:40:00,ACC00337,ACC00288,281.57,Wallet,Delhi,Delhi,False,27,1.26
TXN209877,,2025-07-15T22:36:00,ACC00059,ACC00018,2912.43,Card,Lucknow,Uttar Pradesh,False,29,0.54
TXN209878,,2025-08-05T09:33:00,ACC00111,ACC00225,25718.07,NEFT,Bengaluru,Karnataka,False,28,0.37
TXN209879,,2025-08-04T18:12:00,ACC00062,ACC00488,8559.12,Card,Kanpur,Uttar Pradesh,False,24,1.8
TXN209880,,2025-05-02T00:29:00,ACC00201,ACC00473,4395.92,IMPS,Jaipur,Rajasthan,False,18,0.68
TXN209881,,2025-07-16T12:23:00,ACC00054,ACC00295,1967.34,RTGS,Hyderabad,Telangana,False,31,1.75
TXN209882,,2025-02-14T04:08:00,ACC00251,ACC00114,3260.38,RTGS,Jaipur,Rajasthan,False,26,0.5
TXN209883,,2025-07-21T08:45:00,ACC00207,ACC00294,1368.33,IMPS,Jaipur,Rajasthan,False,26,1.85
TXN209884,,2025-04-24T15:38:00,ACC00146,ACC00048,5811.39,RTGS,Mumbai,Maharashtra,False,13,1.23
TXN209885,,2025-08-19T14:12:00,ACC00205,ACC00163,3647.33,UPI,Jaipur,Rajasthan,False,8,1.63
TXN209886,,2025-09-01T14:55:00,ACC00232,ACC00155,358.33,RTGS,Delhi,Delhi,False,18,0.7
TXN209887,,2025-08-09T06:02:00,ACC00158,ACC00403,805.8,UPI,Mumbai,Maharashtra,False,32,1.73
TXN209888,,2025-07-22T13:02:00,ACC00114,ACC00294,2791.07,UPI,Hyderabad,Telangana,False,23,1.31
TXN209889,,2025-02-24T22:16:00,ACC00152,ACC00226,349.92,RTGS,Patna,Bihar,False,4,1.39
TXN209890,,2025-04-17T18:43:00,ACC00432,ACC00398,2695.73,IMPS,Lucknow,Uttar Pradesh,False,16,0.55
TXN209891,,2025-07-26T21:11:00,ACC00001,ACC00116,853.65,NEFT,Mumbai,Maharashtra,False,13,0.89
TXN209892,,2025-05-13T00:29:00,ACC00190,ACC00138,5526.33,RTGS,Kanpur,Uttar Pradesh,False,14,1.45
TXN209893,,2025-04-04T11:36:00,ACC00235,ACC00183,2421.95,RTGS,Patna,Bihar,False,25,1.57
TXN209894,,2025-02-26T08:33:00,ACC00001,ACC00074,4112.88,Card,Bengaluru,Karnataka,False,33,0.57
TXN209895,,2025-01-05T17:33:00,ACC00483,ACC00486,6633.11,NEFT,Bengaluru,Karnataka,False,24,0.54
TXN209896,,2025-07-27T09:47:00,ACC00386,ACC00235,2808.4,RTGS,Mumbai,Maharashtra,False,30,0.76
TXN209897,,2025-03-06T22:21:00,ACC00261,ACC00496,136.68,Card,Delhi,Delhi,False,26,1.06
TXN209898,,2025-04-12T05:23:00,ACC00163,ACC00026,1765.65,Card,Delhi,Delhi,False,29,1.5
TXN209899,,2025-05-01T08:07:00,ACC00093,ACC00450,1516.17,NEFT,Kanpur,Uttar Pradesh,False,15,1.94
TXN209900,,2025-05-08T02:43:00,ACC00238,ACC00476,3046.75,IMPS,Patna,Bihar,False,18,0.3
TXN209901,,2025-02-04T18:46:00,ACC00005,ACC00459,1302.39,UPI,Kanpur,Uttar Pradesh,False,32,1.79
TXN209902,,2025-08-09T03:21:00,ACC00035,ACC00023,1477.47,NEFT,Jaipur,Rajasthan,False,25,0.82
TXN209903,,2025-04-11T16:01:00,ACC00207,ACC00324,647.82,NEFT,Mumbai,Maharashtra,False,23,1.76
TXN209904,,2025-04-17T05:07:00,ACC00305,ACC00371,1679.73,IMPS,Jaipur,Rajasthan,False,10,1.11
TXN209905,,2025-01-07T17:51:00,ACC00130,ACC00373,1392.18,UPI,Kanpur,Uttar Pradesh,False,12,1.87
TXN209906,,2025-07-12T20:48:00,ACC00035,ACC00413,1638.94,Wallet,Kanpur,Uttar Pradesh,False,13,0.71
TXN209907,,2025-08-25T10:01:00,ACC00095,ACC00116,576.11,IMPS,Bengaluru,Karnataka,False,18,1.34
TXN209908,,2025-03-01T01:30:00,ACC00168,ACC00199,1244.37,NEFT,Jaipur,Rajasthan,False,34,0.33
TXN209909,,2025-03-23T10:04:00,ACC00403,ACC00217,227.52,NEFT,Lucknow,Uttar Pradesh,False,22,1.54
TXN209910,,2025-01-05T03:05:00,ACC00455,ACC00205,1532.1,RTGS,Jaipur,Rajasthan,False,35,0.22
TXN209911,,2025-08-25T19:03:00,ACC00048,ACC00430,517.33,IMPS,Lucknow,Uttar Pradesh,False,34,0.58
TXN209912,,2025-01-24T10:15:00,ACC00272,ACC00114,5864.07,Card,Jaipur,Rajasthan,False,19,0.69
TXN209913,,2025-03-17T03:58:00,ACC00123,ACC00046,226.24,Card,Delhi,Delhi,False,25,0.6
TXN209914,,2025-08-24T10:25:00,ACC00399,ACC00451,931.39,RTGS,Hyderabad,Telangana,False,4,1.66
TXN209915,,2025-05-07T19:41:00,ACC00013,ACC00208,217.18,NEFT,Kanpur,Uttar Pradesh,False,24,1.88
TXN209916,,2025-06-17T20:08:00,ACC00003,ACC00004,2469.45,NEFT,Mumbai,Maharashtra,False,27,1.16
TXN209917,,2025-07-14T05:37:00,ACC00283,ACC00192,4853.14,NEFT,Hyderabad,Telangana,False,17,0.39
TXN209918,,2025-07-18T03:30:00,ACC00352,ACC00350,15631.62,Card,Kanpur,Uttar Pradesh,False,2,1.9
TXN209919,,2025-03-13T21:39:00,ACC00246,ACC00498,3711.35,NEFT,Patna,Bihar,False,27,1.69
TXN209920,,2025-07-06T12:36:00,ACC00235,ACC00006,2894.12,Wallet,Bengaluru,Karnataka,False,18,1.97
TXN209921,,2025-06-01T01:04:00,ACC00117,ACC00256,7523.68,Card,Kanpur,Uttar Pradesh,False,34,1.93
TXN209922,,2025-06-23T01:21:00,ACC00013,ACC00127,544.69,UPI,Patna,Bihar,False,26,0.61
TXN209923,,2025-07-22T13:55:00,ACC00104,ACC00297,2325.48,Wallet,Mumbai,Maharashtra,False,18,0.54
TXN209924,,2025-02-08T00:31:00,ACC00299,ACC00252,3201.96,Wallet,Patna,Bihar,False,13,1.91
TXN209925,,2025-02-06T23:01:00,ACC00164,ACC00091,3540.38,RTGS,Hyderabad,Telangana,False,42,0.56
TXN209926,,2025-01-17T08:15:00,ACC00286,ACC00012,826.92,NEFT,Bengaluru,Karnataka,False,10,1.89
TXN209927,,2025-07-25T20:05:00,ACC00354,ACC00336,7554.76,Wallet,Bengaluru,Karnataka,False,2,0.39
TXN209928,,2025-05-12T11:15:00,ACC00002,ACC00053,5807.03,Wallet,Jaipur,Rajasthan,False,12,1.06
TXN209929,,2025-02-16T13:35:00,ACC00062,ACC00433,1880.19,NEFT,Patna,Bihar,False,11,1.88
TXN209930,,2025-04-05T08:02:00,ACC00110,ACC00398,3979.67,UPI,Mumbai,Maharashtra,False,19,1.56
TXN209931,,2025-01-04T22:29:00,ACC00162,ACC00111,2237.09,NEFT,Lucknow,Uttar Pradesh,False,15,1.53
TXN209932,,2025-06-17T05:35:00,ACC00339,ACC00180,3048.3,NEFT,Kanpur,Uttar Pradesh,False,24,0.12
TXN209933,,2025-09-09T01:48:00,ACC00014,ACC00281,453.83,RTGS,Bengaluru,Karnataka,False,3,1.64
TXN209934,,2025-04-05T00:39:00,ACC00408,ACC00322,4542.8,UPI,Delhi,Delhi,False,36,0.59
TXN209935,,2025-03-13T13:55:00,ACC00486,ACC00322,1005.48,UPI,Bengaluru,Karnataka,False,27,1.49
TXN209936,,2025-05-31T17:18:00,ACC00172,ACC00031,9492.61,RTGS,Kanpur,Uttar Pradesh,False,25,0.74
TXN209937,,2025-06-23T12:28:00,ACC00339,ACC00115,1713.18,Card,Mumbai,Maharashtra,False,22,1.2
TXN209938,,2025-08-06T12:34:00,ACC00303,ACC00087,743.74,IMPS,Jaipur,Rajasthan,False,2,0.44
TXN209939,,2025-04-04T05:24:00,ACC00442,ACC00080,1208.63,UPI,Hyderabad,Telangana,False,25,0.73
TXN209940,,2025-05-08T18:46:00,ACC00251,ACC00203,3590.15,UPI,Patna,Bihar,False,22,1.95
TXN209941,,2025-03-05T22:54:00,ACC00496,ACC00129,1707.8,IMPS,Mumbai,Maharashtra,False,14,1.74
TXN209942,,2025-07-04T04:35:00,ACC00290,ACC00130,585.72,RTGS,Bengaluru,Karnataka,False,1,1.22
TXN209943,,2025-03-20T12:23:00,ACC00483,ACC00448,2456.3,RTGS,Kanpur,Uttar Pradesh,False,25,0.67
TXN209944,,2025-06-01T10:30:00,ACC00226,ACC00445,961.16,RTGS,Kanpur,Uttar Pradesh,False,37,0.44
TXN209945,,2025-05-05T08:56:00,ACC00085,ACC00236,6403.83,IMPS,Hyderabad,Telangana,False,10,1.75
TXN209946,,2025-06-04T05:36:00,ACC00385,ACC00393,7055.87,NEFT,Mumbai,Maharashtra,False,22,0.12
TXN209947,,2025-06-16T19:28:00,ACC00451,ACC00073,2298.27,IMPS,Patna,Bihar,False,23,1.58
TXN209948,,2025-05-11T16:59:00,ACC00146,ACC00002,2455.06,Card,Kanpur,Uttar Pradesh,False,18,0.73
TXN209949,,2025-02-14T03:15:00,ACC00391,ACC00312,1049.03,RTGS,Kanpur,Uttar Pradesh,False,5,0.89
TXN209950,,2025-03-22T02:16:00,ACC00272,ACC00074,5990.64,NEFT,Jaipur,Rajasthan,False,1,0.83
TXN209951,,2025-06-26T06:54:00,ACC00464,ACC00419,909.23,NEFT,Hyderabad,Telangana,False,22,1.46
TXN209952,,2025-04-12T04:18:00,ACC00475,ACC00359,4685.3,UPI,Mumbai,Maharashtra,False,11,1.87
TXN209953,,2025-02-09T01:11:00,ACC00329,ACC00471,4091.81,IMPS,Delhi,Delhi,False,27,0.46
TXN209954,,2025-09-09T07:43:00,ACC00352,ACC00463,7241.86,NEFT,Mumbai,Maharashtra,False,21,1.59
TXN209955,,2025-05-02T20:07:00,ACC00324,ACC00473,658.18,UPI,Bengaluru,Karnataka,False,15,1.43
TXN209956,,2025-08-03T22:57:00,ACC00167,ACC00035,5272.87,IMPS,Kanpur,Uttar Pradesh,False,40,1.79
TXN209957,,2025-01-28T03:57:00,ACC00061,ACC00112,8230.3,IMPS,Bengaluru,Karnataka,False,1,1.97
TXN209958,,2025-03-22T13:21:00,ACC00407,ACC00094,3374.42,IMPS,Patna,Bihar,False,19,0.71
TXN209959,,2025-05-13T10:33:00,ACC00041,ACC00440,1056.56,IMPS,Hyderabad,Telangana,False,49,1.35
TXN209960,,2025-05-01T10:40:00,ACC00298,ACC00152,1829.53,Card,Patna,Bihar,False,1,0.45
TXN209961,,2025-05-02T00:19:00,ACC00070,ACC00017,2104.23,NEFT,Lucknow,Uttar Pradesh,False,15,0.35
TXN209962,,2025-07-13T04:06:00,ACC00492,ACC00441,7916.34,NEFT,Lucknow,Uttar Pradesh,False,30,1.43
TXN209963,,2025-01-23T08:00:00,ACC00242,ACC00472,636.44,Card,Jaipur,Rajasthan,False,6,0.33
TXN209964,,2025-01-20T12:37:00,ACC00439,ACC00287,9017.16,UPI,Delhi,Delhi,False,12,0.15
TXN209965,,2025-07-30T11:47:00,ACC00183,ACC00382,850.82,Card,Bengaluru,Karnataka,False,11,1.89
TXN209966,,2025-06-26T10:34:00,ACC00358,ACC00140,1223.85,UPI,Lucknow,Uttar Pradesh,False,30,1.87
TXN209967,,2025-08-09T12:17:00,ACC00279,ACC00103,24100.4,IMPS,Mumbai,Maharashtra,False,19,1.81
TXN209968,,2025-08-06T05:02:00,ACC00372,ACC00467,1317.57,Wallet,Mumbai,Maharashtra,False,31,0.86
TXN209969,,2025-06-26T10:40:00,ACC00119,ACC00344,739.75,RTGS,Kanpur,Uttar Pradesh,False,2,1.48
TXN209970,,2025-06-17T17:20:00,ACC00447,ACC00425,272.63,NEFT,Jaipur,Rajasthan,False,27,1.71
TXN209971,,2025-05-26T07:23:00,ACC00186,ACC00006,5821.43,Wallet,Mumbai,Maharashtra,False,24,0.6
TXN209972,,2025-06-23T06:12:00,ACC00326,ACC00499,3904.39,Card,Hyderabad,Telangana,False,15,1.94
TXN209973,,2025-04-22T15:54:00,ACC00346,ACC00006,491.87,NEFT,Mumbai,Maharashtra,False,20,1.14
TXN209974,,2025-04-05T06:49:00,ACC00205,ACC00419,11219.67,IMPS,Jaipur,Rajasthan,False,25,1.66
TXN209975,,2025-02-26T20:26:00,ACC00457,ACC00235,2921.93,IMPS,Bengaluru,Karnataka,False,14,1.97
TXN209976,,2025-07-02T12:54:00,ACC00019,ACC00427,2033.85,Card,Bengaluru,Karnataka,False,24,1.45
TXN209977,,2025-05-21T14:27:00,ACC00474,ACC00003,531.52,IMPS,Hyderabad,Telangana,False,1,1.48
TXN209978,,2025-03-22T16:40:00,ACC00366,ACC00093,2928.17,IMPS,Patna,Bihar,False,1,1.36
TXN209979,,2025-06-11T07:29:00,ACC00494,ACC00482,673.62,Wallet,Mumbai,Maharashtra,False,35,1.93
TXN209980,,2025-02-05T14:37:00,ACC00140,ACC00022,9554.99,NEFT,Delhi,Delhi,False,37,0.66
TXN209981,,2025-05-05T19:25:00,ACC00121,ACC00106,187.04,IMPS,Patna,Bihar,False,16,0.29
TXN209982,,2025-08-01T02:50:00,ACC00100,ACC00350,1344.13,Card,Mumbai,Maharashtra,False,9,1.95
TXN209983,,2025-07-10T09:44:00,ACC00134,ACC00231,9645.41,IMPS,Kanpur,Uttar Pradesh,False,19,0.83
TXN209984,,2025-07-12T15:35:00,ACC00088,ACC00456,4552.53,Wallet,Patna,Bihar,False,7,1.35
TXN209985,,2025-08-19T00:35:00,ACC00089,ACC00049,838.44,Wallet,Patna,Bihar,False,12,0.43
TXN209986,,2025-05-26T23:04:00,ACC00097,ACC00004,717.89,NEFT,Bengaluru,Karnataka,False,28,0.98
TXN209987,,2025-04-11T03:24:00,ACC00047,ACC00354,1013.96,UPI,Jaipur,Rajasthan,False,12,1.61
TXN209988,,2025-03-08T09:26:00,ACC00062,ACC00282,2366.1,Card,Bengaluru,Karnataka,False,34,0.85
TXN209989,,2025-04-09T20:33:00,ACC00157,ACC00096,4077.92,UPI,Jaipur,Rajasthan,False,31,1.89
TXN209990,,2025-07-15T18:46:00,ACC00192,ACC00102,13855.9,Wallet,Bengaluru,Karnataka,False,1,0.51
TXN209991,,2025-09-02T02:40:00,ACC00133,ACC00384,745.34,Card,Bengaluru,Karnataka,False,3,1.89
TXN209992,,2025-08-15T01:12:00,ACC00115,ACC00440,3231.38,Wallet,Jaipur,Rajasthan,False,26,0.71
TXN209993,,2025-02-13T22:36:00,ACC00126,ACC00343,3075.94,Wallet,Bengaluru,Karnataka,False,11,0.2
TXN209994,,2025-01-26T21:56:00,ACC00030,ACC00219,1561.07,Card,Hyderabad,Telangana,False,23,1.82
TXN209995,,2025-05-08T18:47:00,ACC00035,ACC00024,1990.55,IMPS,Delhi,Delhi,False,23,0.28
TXN209996,,2025-07-22T08:01:00,ACC00166,ACC00413,153.04,Card,Bengaluru,Karnataka,False,22,1.96
TXN209997,,2025-03-27T15:24:00,ACC00055,ACC00084,10002.95,NEFT,Delhi,Delhi,False,28,1.38
TXN209998,,2025-04-15T19:35:00,ACC00479,ACC00259,10205.55,Wallet,Jaipur,Rajasthan,False,14,0.59
TXN209999,,2025-08-21T14:10:00,ACC00126,ACC00057,17564.42,IMPS,Hyderabad,Telangana,False,29,1.73
TXN210000,,2025-08-15T04:42:00,ACC00442,ACC00067,2086.73,NEFT,Lucknow,Uttar Pradesh,False,22,1.01
